{
  "code": "def find(a, b):\n    remainder = a % b\n    return remainder",
  "results": {
    "assert find(3,3) == 0": {
      "result": true,
      "time": 0.03641557693481445,
      "error": null
    },
    "assert find(10,3) == 1": {
      "result": true,
      "time": 0.042265892028808594,
      "error": null
    },
    "assert find(16,5) == 1": {
      "result": true,
      "time": 0.03601861000061035,
      "error": null
    },
    "assert find(8, 3) == 2": {
      "result": true,
      "time": 0.037744998931884766,
      "error": null
    },
    "assert find(2, 4) == 2": {
      "result": true,
      "time": 0.03406810760498047,
      "error": null
    },
    "assert find(5, 7) == 5": {
      "result": true,
      "time": 0.03994274139404297,
      "error": null
    },
    "assert find(3, 4) == 3": {
      "result": true,
      "time": 0.03522038459777832,
      "error": null
    },
    "assert find(6, 2) == 0": {
      "result": true,
      "time": 0.03626441955566406,
      "error": null
    },
    "assert find(1, 5) == 1": {
      "result": true,
      "time": 0.04322671890258789,
      "error": null
    },
    "assert find(7, 7) == 0": {
      "result": true,
      "time": 0.04244518280029297,
      "error": null
    },
    "assert find(7, 2) == 1": {
      "result": true,
      "time": 0.034432411193847656,
      "error": null
    },
    "assert find(3, 5) == 3": {
      "result": true,
      "time": 0.03390312194824219,
      "error": null
    },
    "assert find(2, 8) == 2": {
      "result": true,
      "time": 0.03480339050292969,
      "error": null
    },
    "assert find(4, 1) == 0": {
      "result": true,
      "time": 0.03490424156188965,
      "error": null
    },
    "assert find(6, 6) == 0": {
      "result": true,
      "time": 0.03664374351501465,
      "error": null
    },
    "assert find(6, 3) == 0": {
      "result": true,
      "time": 0.029540061950683594,
      "error": null
    },
    "assert find(5, 6) == 5": {
      "result": true,
      "time": 0.030480623245239258,
      "error": null
    },
    "assert find(1, 1) == 0": {
      "result": true,
      "time": 0.03903913497924805,
      "error": null
    },
    "assert find(6, 8) == 6": {
      "result": true,
      "time": 0.034296274185180664,
      "error": null
    },
    "assert find(4, 3) == 1": {
      "result": true,
      "time": 0.03578042984008789,
      "error": null
    },
    "assert find(2, 6) == 2": {
      "result": true,
      "time": 0.03839826583862305,
      "error": null
    },
    "assert find(4, 8) == 4": {
      "result": true,
      "time": 0.04034733772277832,
      "error": null
    },
    "assert find(7, 8) == 7": {
      "result": true,
      "time": 0.040329694747924805,
      "error": null
    },
    "assert find(8, 4) == 0": {
      "result": true,
      "time": 0.03729367256164551,
      "error": null
    },
    "assert find(3, 3) == 0": {
      "result": true,
      "time": 0.03654003143310547,
      "error": null
    },
    "assert find(8, 8) == 0": {
      "result": true,
      "time": 0.047098398208618164,
      "error": null
    },
    "assert find(7, 3) == 1": {
      "result": true,
      "time": 0.048002004623413086,
      "error": null
    },
    "assert find(7, 4) == 3": {
      "result": true,
      "time": 0.03509926795959473,
      "error": null
    },
    "assert find(6, 5) == 1": {
      "result": true,
      "time": 0.03817296028137207,
      "error": null
    },
    "assert find(13, 6) == 1": {
      "result": true,
      "time": 0.037256479263305664,
      "error": null
    },
    "assert find(6, 4) == 2": {
      "result": true,
      "time": 0.041939496994018555,
      "error": null
    },
    "assert find(15, 4) == 3": {
      "result": true,
      "time": 0.03579878807067871,
      "error": null
    },
    "assert find(9, 8) == 1": {
      "result": true,
      "time": 0.03581547737121582,
      "error": null
    },
    "assert find(10, 8) == 2": {
      "result": true,
      "time": 0.04175090789794922,
      "error": null
    },
    "assert find(15, 7) == 1": {
      "result": true,
      "time": 0.04204607009887695,
      "error": null
    },
    "assert find(10, 1) == 0": {
      "result": true,
      "time": 0.03515887260437012,
      "error": null
    },
    "assert find(12, 7) == 5": {
      "result": true,
      "time": 0.04463529586791992,
      "error": null
    },
    "assert find(12, 4) == 0": {
      "result": true,
      "time": 0.06190061569213867,
      "error": null
    },
    "assert find(10, 5) == 0": {
      "result": true,
      "time": 0.05672264099121094,
      "error": null
    },
    "assert find(12, 6) == 0": {
      "result": true,
      "time": 0.05939817428588867,
      "error": null
    },
    "assert find(13, 5) == 3": {
      "result": true,
      "time": 0.04475545883178711,
      "error": null
    },
    "assert find(15, 8) == 7": {
      "result": true,
      "time": 0.0588526725769043,
      "error": null
    },
    "assert find(15, 2) == 1": {
      "result": true,
      "time": 0.056304931640625,
      "error": null
    },
    "assert find(12, 3) == 0": {
      "result": true,
      "time": 0.03716540336608887,
      "error": null
    },
    "assert find(9, 7) == 2": {
      "result": true,
      "time": 0.045151710510253906,
      "error": null
    },
    "assert find(11, 7) == 4": {
      "result": true,
      "time": 0.05196046829223633,
      "error": null
    },
    "assert find(14, 1) == 0": {
      "result": true,
      "time": 0.049764394760131836,
      "error": null
    },
    "assert find(9, 4) == 1": {
      "result": true,
      "time": 0.04459810256958008,
      "error": null
    },
    "assert find(11, 2) == 1": {
      "result": true,
      "time": 0.04510235786437988,
      "error": null
    },
    "assert find(10, 6) == 4": {
      "result": true,
      "time": 0.04910135269165039,
      "error": null
    },
    "assert find(10, 2) == 0": {
      "result": true,
      "time": 0.058139801025390625,
      "error": null
    },
    "assert find(9, 6) == 3": {
      "result": true,
      "time": 0.041259765625,
      "error": null
    },
    "assert find(13, 7) == 6": {
      "result": true,
      "time": 0.04961538314819336,
      "error": null
    },
    "assert find(18, 10) == 8": {
      "result": true,
      "time": 0.04096722602844238,
      "error": null
    },
    "assert find(16, 8) == 0": {
      "result": true,
      "time": 0.03649401664733887,
      "error": null
    },
    "assert find(19, 10) == 9": {
      "result": true,
      "time": 0.04891705513000488,
      "error": null
    },
    "assert find(17, 9) == 8": {
      "result": true,
      "time": 0.04935884475708008,
      "error": null
    },
    "assert find(11, 10) == 1": {
      "result": true,
      "time": 0.047002553939819336,
      "error": null
    },
    "assert find(14, 10) == 4": {
      "result": true,
      "time": 0.06544375419616699,
      "error": null
    },
    "assert find(16, 6) == 4": {
      "result": true,
      "time": 0.04730391502380371,
      "error": null
    },
    "assert find(14, 3) == 2": {
      "result": true,
      "time": 0.04119539260864258,
      "error": null
    },
    "assert find(13, 9) == 4": {
      "result": true,
      "time": 0.04087424278259277,
      "error": null
    },
    "assert find(20, 7) == 6": {
      "result": true,
      "time": 0.03441214561462402,
      "error": null
    },
    "assert find(11, 6) == 5": {
      "result": true,
      "time": 0.04107260704040527,
      "error": null
    },
    "assert find(16, 1) == 0": {
      "result": true,
      "time": 0.03972935676574707,
      "error": null
    },
    "assert find(14, 2) == 0": {
      "result": true,
      "time": 0.038702964782714844,
      "error": null
    },
    "assert find(16, 9) == 7": {
      "result": true,
      "time": 0.04765939712524414,
      "error": null
    },
    "assert find(15, 5) == 0": {
      "result": true,
      "time": 0.0368962287902832,