{
  "code": "def first(arr, target, n):\n    low = 0\n    high = n - 1\n    result = -1\n    while low <= high:\n        mid = (low + high) // 2\n        if arr[mid] == target:\n            result = mid\n            high = mid - 1\n        elif arr[mid] < target:\n            low = mid + 1\n        else:\n            high = mid - 1\n    return result",
  "results": {
    "assert first([1,2,3,4,5,6,6],6,6) == 5": {
      "result": true,
      "time": 0.04976153373718262,
      "error": null
    },
    "assert first([1,2,2,2,3,2,2,4,2],2,9) == 1": {
      "result": true,
      "time": 0.04131817817687988,
      "error": null
    },
    "assert first([1,2,3],1,3) == 0": {
      "result": true,
      "time": 0.04240584373474121,
      "error": null
    },
    "assert first([1, 3, 1, 8, 9, 6, 11], 9, 7) == -1": {
      "result": true,
      "time": 0.040399789810180664,
      "error": null
    },
    "assert first([2, 7, 7, 3, 9, 6, 8], 2, 2) == 0": {
      "result": true,
      "time": 0.04413557052612305,
      "error": null
    },
    "assert first([4, 7, 1, 6, 1, 7, 3], 9, 6) == -1": {
      "result": true,
      "time": 0.04323220252990723,
      "error": null
    },
    "assert first([1, 7, 7, 9, 1, 5, 9], 10, 4) == -1": {
      "result": true,
      "time": 0.04654240608215332,
      "error": null
    },
    "assert first([5, 5, 5, 1, 3, 6, 5], 4, 6) == -1": {
      "result": true,
      "time": 0.03718924522399902,
      "error": null
    },
    "assert first([6, 7, 1, 7, 4, 9, 5], 4, 8) == -1": {
      "result": true,
      "time": 0.0410916805267334,
      "error": null
    },
    "assert first([5, 7, 7, 2, 1, 4, 5], 7, 4) == 1": {
      "result": true,
      "time": 0.0371246337890625,
      "error": null
    },
    "assert first([3, 3, 3, 5, 5, 9, 7], 9, 6) == 5": {
      "result": true,
      "time": 0.03937125205993652,
      "error": null
    },
    "assert first([6, 3, 3, 9, 4, 11, 8], 6, 11) == -1": {
      "result": true,
      "time": 0.034307003021240234,
      "error": null
    },
    "assert first([3, 6, 3, 5, 4, 8, 1], 2, 3) == -1": {
      "result": true,
      "time": 0.03634214401245117,
      "error": null
    },
    "assert first([2, 5, 8, 9, 3, 11, 1], 8, 3) == 2": {
      "result": true,
      "time": 0.04288792610168457,
      "error": null
    },
    "assert first([6, 3, 2, 1, 8, 3, 9], 1, 9) == -1": {
      "result": true,
      "time": 0.04875540733337402,
      "error": null
    },
    "assert first([2, 2, 1, 4, 3, 4, 3], 1, 9) == -1": {
      "result": true,
      "time": 0.040731191635131836,
      "error": null
    },
    "assert first([3, 1, 7, 4, 8, 6, 10], 3, 9) == -1": {
      "result": true,
      "time": 0.0495758056640625,
      "error": null
    },
    "assert first([5, 2, 2, 3, 8, 11, 4], 4, 9) == -1": {
      "result": true,
      "time": 0.04834413528442383,
      "error": null
    },
    "assert first([3, 2, 4, 1, 2, 8, 10], 8, 8) == 5": {
      "result": true,
      "time": 0.044417381286621094,
      "error": null
    },
    "assert first([4, 1, 3, 7, 9, 6, 2], 6, 9) == -1": {
      "result": true,
      "time": 0.03806114196777344,
      "error": null
    },
    "assert first([6, 6, 5, 9, 9, 2, 10], 10, 4) == -1": {
      "result": true,
      "time": 0.04141378402709961,
      "error": null
    },
    "assert first([1, 2, 6, 7, 9, 4, 9], 2, 9) == 1": {
      "result": true,
      "time": 0.04239702224731445,
      "error": null
    },
    "assert first([1, 4, 1, 9, 3, 11, 6], 3, 1) == -1": {
      "result": true,
      "time": 0.038130998611450195,
      "error": null
    },
    "assert first([4, 2, 4, 6, 10, 3, 4], 5, 10) == -1": {
      "result": true,
      "time": 0.045508384704589844,
      "error": null
    },
    "assert first([1, 1, 3, 1, 1, 6, 3], 10, 4) == -1": {
      "result": true,
      "time": 0.04147601127624512,
      "error": null
    },
    "assert first([6, 4, 2, 3, 5, 11, 9], 4, 10) == 1": {
      "result": true,
      "time": 0.03575563430786133,
      "error": null
    },
    "assert first([5, 7, 3, 7, 9, 1, 1], 4, 10) == -1": {
      "result": true,
      "time": 0.0485227108001709,
      "error": null
    },
    "assert first([5, 2, 3, 5, 8, 6, 2], 10, 3) == -1": {
      "result": true,
      "time": 0.04587507247924805,
      "error": null
    },
    "assert first([5, 7, 2, 3, 8, 7, 4], 6, 3) == -1": {
      "result": true,
      "time": 0.04234766960144043,
      "error": null
    },
    "assert first([4, 2, 2, 9, 10, 11, 1], 5, 5) == -1": {
      "result": true,
      "time": 0.03983473777770996,
      "error": null
    },
    "assert first([3, 1, 5, 1, 5, 10, 5], 4, 6) == -1": {
      "result": true,
      "time": 0.04140949249267578,
      "error": null
    },
    "assert first([4, 6, 3, 6, 5, 11, 8], 10, 6) == -1": {
      "result": true,
      "time": 0.044054508209228516,
      "error": null
    },
    "assert first([4, 6, 1, 6, 6, 4, 11], 7, 9) == -1": {
      "result": true,
      "time": 0.04763603210449219,
      "error": null
    },
    "assert first([5, 4, 3, 9, 3, 10, 8], 4, 6) == -1": {
      "result": true,
      "time": 0.03888058662414551,
      "error": null
    },
    "assert first([4, 7, 8, 8, 7, 1, 4], 6, 6) == -1": {
      "result": true,
      "time": 0.036377668380737305,
      "error": null
    },
    "assert first([5, 7, 4, 1, 2, 1, 8], 2, 4) == -1": {
      "result": true,
      "time": 0.0408017635345459,
      "error": null
    },
    "assert first([6, 2, 4, 5, 2, 4, 7, 2, 5], 2, 12) == -1": {
      "result": true,
      "time": 0.04635810852050781,
      "error": null
    },
    "assert first([5, 1, 6, 2, 3, 2, 3, 6, 4], 3, 4) == -1": {
      "result": true,
      "time": 0.04050493240356445,
      "error": null
    },
    "assert first([5, 7, 1, 6, 3, 1, 6, 2, 5], 4, 7) == -1": {
      "result": true,
      "time": 0.03709554672241211,
      "error": null
    },
    "assert first([2, 5, 2, 3, 5, 7, 6, 1, 4], 3, 6) == 3": {
      "result": true,
      "time": 0.04498887062072754,
      "error": null
    },
    "assert first([6, 7, 5, 5, 3, 5, 1, 3, 5], 5, 11) == 2": {
      "result": true,
      "time": 0.03998923301696777,
      "error": null
    },
    "assert first([3, 5, 2, 5, 8, 4, 1, 2, 3], 4, 10) == -1": {
      "result": true,
      "time": 0.04485940933227539,
      "error": null
    },
    "assert first([2, 7, 4, 7, 1, 7, 5, 7, 6], 3, 10) == -1": {
      "result": true,
      "time": 0.04280447959899902,
      "error": null
    },
    "assert first([4, 3, 3, 7, 6, 7, 4, 7, 4], 4, 5) == -1": {
      "result": true,
      "time": 0.03394770622253418,
      "error": null
    },
    "assert first([4, 5, 2, 3, 1, 4, 4, 1, 5], 1, 12) == -1": {
      "result": true,
      "time": 0.03821372985839844,
      "error": null
    },
    "assert first([6, 7, 2, 1, 8, 4, 7, 4, 7], 4, 14) == -1": {
      "result": true,
      "time": 0.04273629188537598,
      "error": null
    },
    "assert first([1, 6, 2, 3, 7, 4, 4, 4, 6], 6, 6) == -1": {
      "result": true,
      "time": 0.0428011417388916,
      "error": null
    },
    "assert first([1, 3, 6, 6, 5, 3, 6, 8, 3], 3, 13) == 1": {
      "result": true,
      "time": 0.036673545837402344,
      "error": null
    },
    "assert first([2, 5, 4, 4, 7, 5, 4, 1, 3], 7, 10) == 4": {
      "result": true,
      "time": 0.04554152488708496,
      "error": null
    },
    "assert first([2, 5, 2, 2, 2, 7, 2, 8, 4], 7, 9) == -1": {
      "result": true,
      "time": 0.04240059852600098,
      "error": null
    },
    "assert first([6, 1, 5, 5, 7, 2, 7, 1, 3], 1, 6) == -1": {
      "result": true,
      "time": 0.04121804237365723,
      "error": null
    },
    "assert first([2, 6, 6, 3, 6, 2, 5, 7, 7], 7, 10) == 7": {
      "result": true,
      "time": 0.043218135833740234,
      "error": null
    },
    "assert first([3, 6, 4, 6, 2, 2, 2, 7, 4], 3, 12) == -1": {
      "result": true,
      "time": 0.03571915626525879,
      "error": null
    },