{
  "code": "def add_consecutive_nums(numbers):\n    result = []\n    for i in range(len(numbers) - 1):\n        current_num = numbers[i]\n        next_num = numbers[i + 1]\n        sum_pair = current_num + next_num\n        result.append(sum_pair)\n    return result",
  "results": {
    "assert add_consecutive_nums([1, 1, 3, 4, 4, 5, 6, 7])==[2, 4, 7, 8, 9, 11, 13]": {
      "result": true,
      "time": 0.04008150100708008,
      "error": null
    },
    "assert add_consecutive_nums([4, 5, 8, 9, 6, 10])==[9, 13, 17, 15, 16]": {
      "result": true,
      "time": 0.03767824172973633,
      "error": null
    },
    "assert add_consecutive_nums([1, 2, 3, 4, 5, 6, 7, 8, 9, 10])==[3, 5, 7, 9, 11, 13, 15, 17, 19]": {
      "result": true,
      "time": 0.04073834419250488,
      "error": null
    },
    "assert add_consecutive_nums([1, 4, 1, 5, 7, 8, 1, 10]) == [5, 5, 6, 12, 15, 9, 11]": {
      "result": true,
      "time": 0.03896188735961914,
      "error": null
    },
    "assert add_consecutive_nums([6, 1, 8, 3, 1, 10, 9, 12]) == [7, 9, 11, 4, 11, 19, 21]": {
      "result": true,
      "time": 0.0391848087310791,
      "error": null
    },
    "assert add_consecutive_nums([1, 5, 2, 3, 9, 2, 4, 6]) == [6, 7, 5, 12, 11, 6, 10]": {
      "result": true,
      "time": 0.04369091987609863,
      "error": null
    },
    "assert add_consecutive_nums([4, 1, 7, 5, 5, 3, 7, 11]) == [5, 8, 12, 10, 8, 10, 18]": {
      "result": true,
      "time": 0.03560614585876465,
      "error": null
    },
    "assert add_consecutive_nums([6, 5, 1, 8, 1, 5, 9, 3]) == [11, 6, 9, 9, 6, 14, 12]": {
      "result": true,
      "time": 0.045441627502441406,
      "error": null
    },
    "assert add_consecutive_nums([2, 2, 7, 1, 9, 4, 11, 6]) == [4, 9, 8, 10, 13, 15, 17]": {
      "result": true,
      "time": 0.05316519737243652,
      "error": null
    },
    "assert add_consecutive_nums([4, 6, 6, 1, 3, 3, 10, 8]) == [10, 12, 7, 4, 6, 13, 18]": {
      "result": true,
      "time": 0.054772138595581055,
      "error": null
    },
    "assert add_consecutive_nums([6, 1, 2, 9, 4, 2, 3, 3]) == [7, 3, 11, 13, 6, 5, 6]": {
      "result": true,
      "time": 0.04879307746887207,
      "error": null
    },
    "assert add_consecutive_nums([1, 1, 8, 4, 9, 9, 4, 8]) == [2, 9, 12, 13, 18, 13, 12]": {
      "result": true,
      "time": 0.06064581871032715,
      "error": null
    },
    "assert add_consecutive_nums([1, 5, 6, 5, 7, 7, 3, 7]) == [6, 11, 11, 12, 14, 10, 10]": {
      "result": true,
      "time": 0.04190564155578613,
      "error": null
    },
    "assert add_consecutive_nums([2, 2, 2, 6, 2, 6, 1, 6]) == [4, 4, 8, 8, 8, 7, 7]": {
      "result": true,
      "time": 0.0558779239654541,
      "error": null
    },
    "assert add_consecutive_nums([3, 6, 3, 7, 5, 2, 1, 3]) == [9, 9, 10, 12, 7, 3, 4]": {
      "result": true,
      "time": 0.0599665641784668,
      "error": null
    },
    "assert add_consecutive_nums([2, 3, 1, 6, 9, 1, 1, 9]) == [5, 4, 7, 15, 10, 2, 10]": {
      "result": true,
      "time": 0.04250526428222656,
      "error": null
    },
    "assert add_consecutive_nums([1, 1, 1, 4, 2, 3, 6, 3]) == [2, 2, 5, 6, 5, 9, 9]": {
      "result": true,
      "time": 0.041712045669555664,
      "error": null
    },
    "assert add_consecutive_nums([1, 5, 5, 3, 3, 10, 11, 5]) == [6, 10, 8, 6, 13, 21, 16]": {
      "result": true,
      "time": 0.046682119369506836,
      "error": null
    },
    "assert add_consecutive_nums([1, 6, 8, 3, 3, 5, 1, 12]) == [7, 14, 11, 6, 8, 6, 13]": {
      "result": true,
      "time": 0.05280590057373047,
      "error": null
    },
    "assert add_consecutive_nums([1, 2, 4, 2, 1, 8, 11, 8]) == [3, 6, 6, 3, 9, 19, 19]": {
      "result": true,
      "time": 0.04452204704284668,
      "error": null
    },
    "assert add_consecutive_nums([6, 6, 1, 6, 2, 8, 3, 6]) == [12, 7, 7, 8, 10, 11, 9]": {
      "result": true,
      "time": 0.04837203025817871,
      "error": null
    },
    "assert add_consecutive_nums([3, 1, 7, 9, 9, 5, 9, 9]) == [4, 8, 16, 18, 14, 14, 18]": {
      "result": true,
      "time": 0.04097604751586914,
      "error": null
    },
    "assert add_consecutive_nums([4, 4, 6, 6, 8, 8, 2, 3]) == [8, 10, 12, 14, 16, 10, 5]": {
      "result": true,
      "time": 0.045000314712524414,
      "error": null
    },
    "assert add_consecutive_nums([4, 5, 2, 6, 8, 10, 11, 3]) == [9, 7, 8, 14, 18, 21, 14]": {
      "result": true,
      "time": 0.04655718803405762,
      "error": null
    },
    "assert add_consecutive_nums([1, 6, 6, 9, 6, 2, 11, 9]) == [7, 12, 15, 15, 8, 13, 20]": {
      "result": true,
      "time": 0.06122565269470215,
      "error": null
    },
    "assert add_consecutive_nums([4, 5, 2, 1, 5, 5, 11, 11]) == [9, 7, 3, 6, 10, 16, 22]": {
      "result": true,
      "time": 0.04439949989318848,
      "error": null
    },
    "assert add_consecutive_nums([5, 4, 8, 6, 8, 1, 2, 6]) == [9, 12, 14, 14, 9, 3, 8]": {
      "result": true,
      "time": 0.0430145263671875,
      "error": null
    },
    "assert add_consecutive_nums([3, 2, 2, 9, 3, 4, 5, 11]) == [5, 4, 11, 12, 7, 9, 16]": {
      "result": true,
      "time": 0.05504441261291504,
      "error": null
    },
    "assert add_consecutive_nums([6, 6, 3, 4, 5, 5, 9, 4]) == [12, 9, 7, 9, 10, 14, 13]": {
      "result": true,
      "time": 0.04677724838256836,
      "error": null
    },
    "assert add_consecutive_nums([5, 4, 3, 1, 9, 2, 7, 10]) == [9, 7, 4, 10, 11, 9, 17]": {
      "result": true,
      "time": 0.06742143630981445,
      "error": null
    },
    "assert add_consecutive_nums([5, 6, 1, 3, 3, 8, 9, 8]) == [11, 7, 4, 6, 11, 17, 17]": {
      "result": true,
      "time": 0.04704022407531738,
      "error": null
    },
    "assert add_consecutive_nums([4, 1, 2, 2, 7, 5, 2, 10]) == [5, 3, 4, 9, 12, 7, 12]": {
      "result": true,
      "time": 0.0407717227935791,
      "error": null
    },
    "assert add_consecutive_nums([2, 1, 4, 9, 1, 8, 8, 10]) == [3, 5, 13, 10, 9, 16, 18]": {
      "result": true,
      "time": 0.04151463508605957,
      "error": null
    },
    "assert add_consecutive_nums([5, 1, 5, 8, 6, 10, 1, 4]) == [6, 6, 13, 14, 16, 11, 5]": {
      "result": true,
      "time": 0.04105019569396973,
      "error": null
    },
    "assert add_consecutive_nums([4, 3, 5, 9, 6, 10, 9, 11]) == [7, 8, 14, 15, 16, 19, 20]": {
      "result": true,
      "time": 0.04711651802062988,
      "error": null
    },
    "assert add_consecutive_nums([6, 2, 7, 5, 9, 7, 3, 11]) == [8, 9, 12, 14, 16, 10, 14]": {
      "result": true,
      "time": 0.04382467269897461,
      "error": null
    },
    "assert add_consecutive_nums([7, 4, 6, 11, 5, 9]) == [11, 10, 17, 16, 14]": {
      "result": true,
      "time": 0.041138648986816406,
      "error": null
    },
    "assert add_consecutive_nums([5, 7, 7, 5, 8, 14]) == [12, 14, 12, 13, 22]": {
      "result": true,
      "time": 0.04291987419128418,
      "error": null
    },
    "assert add_consecutive_nums([8, 5, 4, 12, 6, 12]) == [13, 9, 16, 18, 18]": {
      "result": true,
      "time": 0.03643202781677246,
      "error": null
    },
    "assert add_consecutive_nums([6, 4, 4, 14, 10, 13]) == [10, 8, 18, 24, 23]": {
      "result": true,
      "time": 0.03817582130432129,
      "error": null
    },
    "assert add_consecutive_nums([4, 10, 12, 6, 11, 7]) == [14, 22, 18, 17, 18]": {
      "result": true,
      "time": 0.04812312126159668,
      "error": null
    },
    "assert add_consecutive_nums([9, 4, 7, 14, 5, 14]) == [13, 11, 21, 19, 19]": {
      "result": true,
      "time": 0.0415804386138916,
      "error": null
    },
    "assert add_consecutive_nums([6, 1, 4, 9, 7, 9]) == [7, 5, 13, 16, 16]": {
      "result": true,
      "time": 0.0343775749206543,
      "error": null
    },
    "assert add_consecutive_nums([9, 4, 8, 7, 1, 6]) == [13, 12, 15, 8, 7]": {
      "result": true,
      "time": 0.03628206253051758,
      "error": null
    },