{
  "code": "def sum_range_list(numbers, start, end):\n    total = 0\n    for i in range(start, end + 1):\n        num = numbers[i]\n        total = total + num\n    return total",
  "results": {
    "assert sum_range_list( [2,1,5,6,8,3,4,9,10,11,8,12],8,10)==29": {
      "result": true,
      "time": 0.05200672149658203,
      "error": null
    },
    "assert sum_range_list( [2,1,5,6,8,3,4,9,10,11,8,12],5,7)==16": {
      "result": true,
      "time": 0.05073428153991699,
      "error": null
    },
    "assert sum_range_list( [2,1,5,6,8,3,4,9,10,11,8,12],7,10)==38": {
      "result": true,
      "time": 0.053048133850097656,
      "error": null
    },
    "assert sum_range_list([4, 5, 6, 6, 13, 1, 2, 5, 5, 10, 8, 15], 7, 6) == 0": {
      "result": true,
      "time": 0.04439973831176758,
      "error": null
    },
    "assert sum_range_list([6, 1, 2, 9, 6, 7, 3, 7, 5, 6, 10, 16], 13, 7) == 0": {
      "result": true,
      "time": 0.05335807800292969,
      "error": null
    },
    "assert sum_range_list([4, 3, 7, 7, 3, 4, 3, 7, 6, 6, 5, 7], 9, 7) == 0": {
      "result": true,
      "time": 0.050719499588012695,
      "error": null
    },
    "assert sum_range_list([4, 3, 8, 6, 5, 8, 6, 5, 7, 15, 4, 14], 8, 7) == 0": {
      "result": true,
      "time": 0.05421304702758789,
      "error": null
    },
    "assert sum_range_list([1, 3, 2, 9, 7, 5, 4, 10, 13, 14, 9, 9], 10, 5) == 0": {
      "result": true,
      "time": 0.04401826858520508,
      "error": null
    },
    "assert sum_range_list([2, 4, 1, 10, 10, 4, 3, 9, 9, 11, 5, 14], 10, 7) == 0": {
      "result": true,
      "time": 0.04819989204406738,
      "error": null
    },
    "assert sum_range_list([2, 4, 1, 3, 11, 1, 1, 11, 9, 11, 11, 13], 3, 10) == 58": {
      "result": true,
      "time": 0.05042147636413574,
      "error": null
    },
    "assert sum_range_list([6, 1, 6, 11, 6, 1, 4, 7, 13, 8, 9, 16], 12, 7) == 0": {
      "result": true,
      "time": 0.04740476608276367,
      "error": null
    },
    "assert sum_range_list([1, 3, 5, 9, 10, 3, 5, 9, 11, 16, 5, 16], 9, 10) == 21": {
      "result": true,
      "time": 0.04603290557861328,
      "error": null
    },
    "assert sum_range_list([1, 4, 7, 1, 4, 4, 7, 10, 6, 7, 7, 12], 9, 8) == 0": {
      "result": true,
      "time": 0.05211305618286133,
      "error": null
    },
    "assert sum_range_list([1, 1, 10, 9, 7, 2, 5, 7, 12, 16, 9, 14], 4, 6) == 14": {
      "result": true,
      "time": 0.05139732360839844,
      "error": null
    },
    "assert sum_range_list([2, 6, 9, 10, 10, 6, 8, 5, 11, 14, 4, 12], 9, 11) == 30": {
      "result": true,
      "time": 0.04791617393493652,
      "error": null
    },
    "assert sum_range_list([4, 1, 9, 3, 9, 8, 6, 4, 6, 12, 13, 11], 4, 8) == 33": {
      "result": true,
      "time": 0.05288195610046387,
      "error": null
    },
    "assert sum_range_list([3, 4, 1, 1, 13, 7, 7, 8, 8, 16, 7, 16], 5, 9) == 46": {
      "result": true,
      "time": 0.05160784721374512,
      "error": null
    },
    "assert sum_range_list([5, 1, 9, 4, 13, 1, 2, 12, 15, 15, 3, 14], 7, 8) == 27": {
      "result": true,
      "time": 0.05303382873535156,
      "error": null
    },
    "assert sum_range_list([5, 2, 2, 8, 9, 7, 4, 11, 15, 8, 6, 9], 7, 11) == 49": {
      "result": true,
      "time": 0.06050825119018555,
      "error": null
    },
    "assert sum_range_list([5, 5, 6, 11, 3, 5, 4, 7, 5, 11, 9, 11], 12, 10) == 0": {
      "result": true,
      "time": 0.050568580627441406,
      "error": null
    },
    "assert sum_range_list([5, 3, 10, 9, 4, 1, 8, 12, 7, 12, 12, 11], 9, 5) == 0": {
      "result": true,
      "time": 0.05923295021057129,
      "error": null
    },
    "assert sum_range_list([2, 6, 3, 6, 6, 6, 1, 14, 13, 13, 7, 7], 6, 11) == 55": {
      "result": true,
      "time": 0.0446932315826416,
      "error": null
    },
    "assert sum_range_list([6, 3, 4, 6, 3, 1, 5, 5, 8, 7, 12, 13], 4, 9) == 29": {
      "result": true,
      "time": 0.0477445125579834,
      "error": null
    },
    "assert sum_range_list([7, 4, 6, 1, 9, 7, 6, 7, 11, 7, 6, 17], 10, 11) == 23": {
      "result": true,
      "time": 0.05550241470336914,
      "error": null
    },
    "assert sum_range_list([4, 6, 3, 11, 7, 2, 9, 11, 12, 14, 13, 14], 4, 11) == 82": {
      "result": true,
      "time": 0.05428171157836914,
      "error": null
    },
    "assert sum_range_list([3, 1, 7, 10, 10, 8, 3, 13, 12, 11, 6, 13], 5, 8) == 36": {
      "result": true,
      "time": 0.05886411666870117,
      "error": null
    },
    "assert sum_range_list([3, 4, 7, 9, 13, 4, 3, 11, 7, 10, 6, 7], 12, 8) == 0": {
      "result": true,
      "time": 0.06218743324279785,
      "error": null
    },
    "assert sum_range_list([7, 2, 10, 11, 4, 4, 5, 7, 5, 7, 12, 10], 12, 10) == 0": {
      "result": true,
      "time": 0.05204463005065918,
      "error": null
    },
    "assert sum_range_list([1, 4, 3, 2, 10, 6, 1, 10, 11, 8, 7, 7], 6, 6) == 1": {
      "result": true,
      "time": 0.04528212547302246,
      "error": null
    },
    "assert sum_range_list([5, 4, 10, 7, 3, 3, 5, 9, 13, 12, 10, 17], 13, 9) == 0": {
      "result": true,
      "time": 0.041712045669555664,
      "error": null
    },
    "assert sum_range_list([1, 5, 1, 10, 3, 1, 7, 13, 5, 6, 6, 10], 13, 9) == 0": {
      "result": true,
      "time": 0.05166459083557129,
      "error": null
    },
    "assert sum_range_list([5, 2, 8, 9, 10, 6, 1, 14, 13, 14, 13, 9], 3, 7) == 40": {
      "result": true,
      "time": 0.050350189208984375,
      "error": null
    },
    "assert sum_range_list([3, 2, 1, 8, 12, 2, 8, 5, 13, 6, 3, 13], 12, 11) == 0": {
      "result": true,
      "time": 0.04422926902770996,
      "error": null
    },
    "assert sum_range_list([4, 4, 2, 3, 12, 2, 5, 9, 12, 7, 5, 10], 8, 7) == 0": {
      "result": true,
      "time": 0.04677295684814453,
      "error": null
    },
    "assert sum_range_list([5, 5, 9, 2, 11, 2, 8, 8, 13, 10, 9, 11], 3, 8) == 44": {
      "result": true,
      "time": 0.05030179023742676,
      "error": null
    },
    "assert sum_range_list([6, 4, 10, 7, 12, 5, 9, 9, 15, 15, 7, 16], 7, 5) == 0": {
      "result": true,
      "time": 0.0581667423248291,
      "error": null
    },
    "assert sum_range_list([7, 6, 3, 8, 9, 4, 7, 4, 15, 11, 8, 9], 6, 9) == 37": {
      "result": true,
      "time": 0.05256152153015137,
      "error": null
    },
    "assert sum_range_list([5, 6, 2, 8, 5, 1, 2, 6, 15, 11, 6, 9], 3, 8) == 37": {
      "result": true,
      "time": 0.050653696060180664,
      "error": null
    },
    "assert sum_range_list([4, 2, 4, 11, 6, 1, 4, 9, 10, 16, 12, 10], 6, 11) == 61": {
      "result": true,
      "time": 0.04220843315124512,
      "error": null
    },
    "assert sum_range_list([7, 3, 4, 5, 12, 2, 2, 14, 14, 7, 4, 17], 8, 5) == 0": {
      "result": true,
      "time": 0.04194283485412598,
      "error": null
    },
    "assert sum_range_list([3, 3, 2, 2, 13, 1, 4, 4, 8, 6, 10, 13], 1, 3) == 7": {
      "result": true,
      "time": 0.044138193130493164,
      "error": null
    },
    "assert sum_range_list([2, 1, 7, 10, 4, 8, 2, 9, 5, 6, 13, 7], 3, 3) == 10": {
      "result": true,
      "time": 0.03722667694091797,
      "error": null
    },
    "assert sum_range_list([1, 1, 5, 11, 12, 1, 4, 9, 12, 14, 11, 15], 8, 10) == 37": {
      "result": true,
      "time": 0.0403904914855957,
      "error": null
    },
    "assert sum_range_list([3, 6, 5, 2, 11, 4, 9, 11, 10, 6, 3, 11], 5, 9) == 40": {
      "result": true,
      "time": 0.0343780517578125,
      "error": null
    },
    "assert sum_range_list([6, 4, 9, 9, 10, 5, 5, 7, 6, 16, 12, 11], 4, 10) == 61": {
      "result": true,
      "time": 0.038269758224487305,
      "error": null
    },
    "assert sum_range_list([6, 6, 9, 9, 10, 3, 5, 5, 7, 14, 3, 7], 10, 5) == 0": {
      "result": true,
      "time": 0.037769317626953125,
      "error": null
    },