{
  "code": "def specified_element(two_d_list, index):\n    result = []\n    for sublist in two_d_list:\n        element = sublist[index]\n        result.append(element)\n    return result",
  "results": {
    "assert specified_element([[1, 2, 3, 2], [4, 5, 6, 2], [7, 1, 9, 5]],0)==[1, 4, 7]": {
      "result": true,
      "time": 0.03577089309692383,
      "error": null
    },
    "assert specified_element([[1, 2, 3, 2], [4, 5, 6, 2], [7, 1, 9, 5]],2)==[3, 6, 9]": {
      "result": true,
      "time": 0.041640281677246094,
      "error": null
    },
    "assert specified_element([[1, 2, 3, 2], [4, 5, 6, 2], [7, 1, 9, 5]],3)==[2,2,5]": {
      "result": true,
      "time": 0.04530835151672363,
      "error": null
    },
    "assert specified_element([[3, 5, 5, 5], [9, 3, 11, 2], [11, 6, 9, 2]], 2) == [5, 11, 9]": {
      "result": true,
      "time": 0.0386812686920166,
      "error": null
    },
    "assert specified_element([[3, 2, 8, 1], [3, 9, 10, 2], [3, 2, 4, 10]], 2) == [8, 10, 4]": {
      "result": true,
      "time": 0.041892290115356445,
      "error": null
    },
    "assert specified_element([[6, 3, 4, 3], [1, 3, 7, 4], [11, 5, 4, 5]], 3) == [3, 4, 5]": {
      "result": true,
      "time": 0.04124331474304199,
      "error": null
    },
    "assert specified_element([[3, 5, 5, 1], [6, 5, 4, 6], [3, 4, 10, 2]], 3) == [1, 6, 2]": {
      "result": true,
      "time": 0.03926348686218262,
      "error": null
    },
    "assert specified_element([[5, 2, 6, 3], [2, 10, 8, 2], [8, 4, 12, 10]], 2) == [6, 8, 12]": {
      "result": true,
      "time": 0.04556131362915039,
      "error": null
    },
    "assert specified_element([[2, 1, 3, 2], [3, 4, 3, 5], [9, 3, 10, 3]], 1) == [1, 4, 3]": {
      "result": true,
      "time": 0.04336285591125488,
      "error": null
    },
    "assert specified_element([[4, 4, 3, 2], [8, 9, 10, 4], [4, 6, 14, 3]], 3) == [2, 4, 3]": {
      "result": true,
      "time": 0.044008493423461914,
      "error": null
    },
    "assert specified_element([[2, 3, 2, 6], [1, 10, 6, 4], [3, 2, 6, 1]], 2) == [2, 6, 6]": {
      "result": true,
      "time": 0.03757286071777344,
      "error": null
    },
    "assert specified_element([[1, 1, 6, 7], [7, 9, 9, 7], [4, 3, 11, 5]], 2) == [6, 9, 11]": {
      "result": true,
      "time": 0.03372502326965332,
      "error": null
    },
    "assert specified_element([[2, 4, 7, 2], [5, 5, 2, 7], [7, 2, 7, 5]], 1) == [4, 5, 2]": {
      "result": true,
      "time": 0.04921436309814453,
      "error": null
    },
    "assert specified_element([[5, 6, 5, 4], [2, 9, 10, 6], [2, 3, 4, 4]], 1) == [6, 9, 3]": {
      "result": true,
      "time": 0.03800606727600098,
      "error": null
    },
    "assert specified_element([[2, 7, 4, 4], [7, 2, 11, 2], [2, 3, 9, 2]], 3) == [4, 2, 2]": {
      "result": true,
      "time": 0.03166794776916504,
      "error": null
    },
    "assert specified_element([[3, 1, 7, 6], [1, 3, 6, 3], [4, 1, 6, 1]], 3) == [6, 3, 1]": {
      "result": true,
      "time": 0.03417658805847168,
      "error": null
    },
    "assert specified_element([[5, 4, 6, 5], [7, 3, 2, 7], [3, 3, 9, 5]], 1) == [4, 3, 3]": {
      "result": true,
      "time": 0.04275989532470703,
      "error": null
    },
    "assert specified_element([[1, 7, 4, 2], [2, 9, 3, 1], [2, 2, 9, 7]], 3) == [2, 1, 7]": {
      "result": true,
      "time": 0.03367471694946289,
      "error": null
    },
    "assert specified_element([[2, 5, 4, 2], [8, 4, 1, 7], [7, 5, 14, 9]], 2) == [4, 1, 14]": {
      "result": true,
      "time": 0.03381156921386719,
      "error": null
    },
    "assert specified_element([[6, 4, 4, 6], [4, 5, 2, 4], [2, 3, 12, 2]], 1) == [4, 5, 3]": {
      "result": true,
      "time": 0.035634756088256836,
      "error": null
    },
    "assert specified_element([[6, 6, 2, 1], [9, 5, 4, 7], [4, 6, 12, 9]], 1) == [6, 5, 6]": {
      "result": true,
      "time": 0.0357975959777832,
      "error": null
    },
    "assert specified_element([[1, 5, 1, 7], [7, 10, 7, 1], [3, 6, 14, 9]], 1) == [5, 10, 6]": {
      "result": true,
      "time": 0.03744006156921387,
      "error": null
    },
    "assert specified_element([[2, 1, 4, 1], [3, 9, 7, 3], [7, 3, 13, 8]], 3) == [1, 3, 8]": {
      "result": true,
      "time": 0.03949308395385742,
      "error": null
    },
    "assert specified_element([[5, 5, 1, 1], [6, 5, 10, 5], [2, 5, 5, 3]], 2) == [1, 10, 5]": {
      "result": true,
      "time": 0.03338980674743652,
      "error": null
    },
    "assert specified_element([[3, 4, 8, 6], [9, 1, 8, 4], [4, 5, 6, 2]], 1) == [4, 1, 5]": {
      "result": true,
      "time": 0.034928321838378906,
      "error": null
    },
    "assert specified_element([[4, 5, 4, 6], [4, 2, 2, 5], [12, 1, 7, 4]], 2) == [4, 2, 7]": {
      "result": true,
      "time": 0.034218549728393555,
      "error": null
    },
    "assert specified_element([[3, 5, 8, 6], [1, 3, 4, 2], [11, 5, 5, 7]], 1) == [5, 3, 5]": {
      "result": true,
      "time": 0.03500628471374512,
      "error": null
    },
    "assert specified_element([[4, 3, 7, 6], [5, 3, 4, 3], [3, 5, 4, 1]], 2) == [7, 4, 4]": {
      "result": true,
      "time": 0.03443598747253418,
      "error": null
    },
    "assert specified_element([[1, 5, 7, 4], [3, 7, 2, 5], [2, 3, 6, 5]], 1) == [5, 7, 3]": {
      "result": true,
      "time": 0.034990787506103516,
      "error": null
    },
    "assert specified_element([[6, 7, 8, 7], [5, 4, 8, 1], [5, 2, 4, 5]], 1) == [7, 4, 2]": {
      "result": true,
      "time": 0.03476858139038086,
      "error": null
    },
    "assert specified_element([[6, 1, 6, 6], [4, 4, 7, 7], [3, 1, 4, 3]], 1) == [1, 4, 1]": {
      "result": true,
      "time": 0.031117916107177734,
      "error": null
    },
    "assert specified_element([[5, 5, 5, 3], [5, 9, 2, 7], [6, 2, 11, 8]], 3) == [3, 7, 8]": {
      "result": true,
      "time": 0.0400538444519043,
      "error": null
    },
    "assert specified_element([[1, 5, 3, 4], [8, 2, 7, 6], [12, 1, 4, 4]], 3) == [4, 6, 4]": {
      "result": true,
      "time": 0.04005837440490723,
      "error": null
    },
    "assert specified_element([[4, 7, 7, 1], [7, 5, 8, 2], [6, 4, 11, 3]], 1) == [7, 5, 4]": {
      "result": true,
      "time": 0.04397940635681152,
      "error": null
    },
    "assert specified_element([[5, 4, 4, 1], [7, 9, 3, 3], [7, 1, 5, 6]], 3) == [1, 3, 6]": {
      "result": true,
      "time": 0.036316633224487305,
      "error": null
    },
    "assert specified_element([[2, 7, 6, 3], [1, 7, 9, 4], [2, 2, 13, 3]], 1) == [7, 7, 2]": {
      "result": true,
      "time": 0.037275075912475586,
      "error": null
    },
    "assert specified_element([[1, 1, 8, 5], [5, 3, 7, 1], [11, 5, 12, 9]], 3) == [5, 1, 9]": {
      "result": true,
      "time": 0.03521251678466797,
      "error": null
    },
    "assert specified_element([[3, 5, 8, 7], [1, 4, 9, 2], [11, 5, 8, 10]], 3) == [7, 2, 10]": {
      "result": true,
      "time": 0.02884984016418457,
      "error": null
    },
    "assert specified_element([[3, 4, 4, 2], [6, 10, 8, 4], [9, 6, 13, 1]], 1) == [4, 10, 6]": {
      "result": true,
      "time": 0.03445553779602051,
      "error": null
    },
    "assert specified_element([[5, 4, 7, 6], [9, 10, 2, 7], [5, 4, 10, 10]], 3) == [6, 7, 10]": {
      "result": true,
      "time": 0.03781867027282715,
      "error": null
    },
    "assert specified_element([[5, 4, 4, 6], [6, 6, 7, 4], [8, 5, 9, 1]], 1) == [4, 6, 5]": {
      "result": true,
      "time": 0.029727458953857422,
      "error": null
    },
    "assert specified_element([[6, 7, 2, 2], [2, 1, 10, 2], [8, 4, 12, 4]], 2) == [2, 10, 12]": {
      "result": true,
      "time": 0.03916573524475098,
      "error": null
    },
    "assert specified_element([[6, 1, 8, 5], [9, 2, 8, 3], [7, 1, 13, 6]], 1) == [1, 2, 1]": {
      "result": true,
      "time": 0.036170244216918945,
      "error": null
    },