{
  "code": "def rectangle_area(length, width):\n    area = length * width\n    return area",
  "results": {
    "assert rectangle_area(10,20)==200": {
      "result": true,
      "time": 0.04189276695251465,
      "error": null
    },
    "assert rectangle_area(10,5)==50": {
      "result": true,
      "time": 0.03991103172302246,
      "error": null
    },
    "assert rectangle_area(4,2)==8": {
      "result": true,
      "time": 0.03721785545349121,
      "error": null
    },
    "assert rectangle_area(15, 21) == 315": {
      "result": true,
      "time": 0.03315091133117676,
      "error": null
    },
    "assert rectangle_area(7, 25) == 175": {
      "result": true,
      "time": 0.03915548324584961,
      "error": null
    },
    "assert rectangle_area(5, 19) == 95": {
      "result": true,
      "time": 0.04182696342468262,
      "error": null
    },
    "assert rectangle_area(5, 22) == 110": {
      "result": true,
      "time": 0.03927278518676758,
      "error": null
    },
    "assert rectangle_area(7, 23) == 161": {
      "result": true,
      "time": 0.05091452598571777,
      "error": null
    },
    "assert rectangle_area(10, 16) == 160": {
      "result": true,
      "time": 0.0455012321472168,
      "error": null
    },
    "assert rectangle_area(10, 15) == 150": {
      "result": true,
      "time": 0.04600071907043457,
      "error": null
    },
    "assert rectangle_area(6, 16) == 96": {
      "result": true,
      "time": 0.03991866111755371,
      "error": null
    },
    "assert rectangle_area(8, 18) == 144": {
      "result": true,
      "time": 0.04232072830200195,
      "error": null
    },
    "assert rectangle_area(13, 24) == 312": {
      "result": true,
      "time": 0.03740262985229492,
      "error": null
    },
    "assert rectangle_area(8, 21) == 168": {
      "result": true,
      "time": 0.04796266555786133,
      "error": null
    },
    "assert rectangle_area(13, 22) == 286": {
      "result": true,
      "time": 0.044184207916259766,
      "error": null
    },
    "assert rectangle_area(10, 17) == 170": {
      "result": true,
      "time": 0.03547096252441406,
      "error": null
    },
    "assert rectangle_area(11, 22) == 242": {
      "result": true,
      "time": 0.03735470771789551,
      "error": null
    },
    "assert rectangle_area(12, 23) == 276": {
      "result": true,
      "time": 0.04374051094055176,
      "error": null
    },
    "assert rectangle_area(6, 24) == 144": {
      "result": true,
      "time": 0.04072093963623047,
      "error": null
    },
    "assert rectangle_area(7, 18) == 126": {
      "result": true,
      "time": 0.042278289794921875,
      "error": null
    },
    "assert rectangle_area(9, 23) == 207": {
      "result": true,
      "time": 0.03691673278808594,
      "error": null
    },
    "assert rectangle_area(14, 24) == 336": {
      "result": true,
      "time": 0.0451054573059082,
      "error": null
    },
    "assert rectangle_area(7, 20) == 140": {
      "result": true,
      "time": 0.041150569915771484,
      "error": null
    },
    "assert rectangle_area(6, 25) == 150": {
      "result": true,
      "time": 0.041217803955078125,
      "error": null
    },
    "assert rectangle_area(6, 21) == 126": {
      "result": true,
      "time": 0.039404869079589844,
      "error": null
    },
    "assert rectangle_area(8, 25) == 200": {
      "result": true,
      "time": 0.04188251495361328,
      "error": null
    },
    "assert rectangle_area(10, 20) == 200": {
      "result": true,
      "time": 0.035600900650024414,
      "error": null
    },
    "assert rectangle_area(14, 16) == 224": {
      "result": true,
      "time": 0.03567981719970703,
      "error": null
    },
    "assert rectangle_area(9, 25) == 225": {
      "result": true,
      "time": 0.043916940689086914,
      "error": null
    },
    "assert rectangle_area(11, 19) == 209": {
      "result": true,
      "time": 0.040105581283569336,
      "error": null
    },
    "assert rectangle_area(15, 15) == 225": {
      "result": true,
      "time": 0.04334235191345215,
      "error": null
    },
    "assert rectangle_area(6, 20) == 120": {
      "result": true,
      "time": 0.03385519981384277,
      "error": null
    },
    "assert rectangle_area(14, 15) == 210": {
      "result": true,
      "time": 0.036200761795043945,
      "error": null
    },
    "assert rectangle_area(12, 4) == 48": {
      "result": true,
      "time": 0.03547263145446777,
      "error": null
    },
    "assert rectangle_area(11, 1) == 11": {
      "result": true,
      "time": 0.04017496109008789,
      "error": null
    },
    "assert rectangle_area(13, 8) == 104": {
      "result": true,
      "time": 0.03167533874511719,
      "error": null
    },
    "assert rectangle_area(10, 10) == 100": {
      "result": true,
      "time": 0.03516864776611328,
      "error": null
    },
    "assert rectangle_area(15, 3) == 45": {
      "result": true,
      "time": 0.04093527793884277,
      "error": null
    },
    "assert rectangle_area(5, 6) == 30": {
      "result": true,
      "time": 0.056830406188964844,
      "error": null
    },
    "assert rectangle_area(9, 10) == 90": {
      "result": true,
      "time": 0.044443368911743164,
      "error": null
    },
    "assert rectangle_area(13, 10) == 130": {
      "result": true,
      "time": 0.04158806800842285,
      "error": null
    },
    "assert rectangle_area(13, 1) == 13": {
      "result": true,
      "time": 0.03976941108703613,
      "error": null
    },
    "assert rectangle_area(15, 2) == 30": {
      "result": true,
      "time": 0.0388951301574707,
      "error": null
    },
    "assert rectangle_area(10, 6) == 60": {
      "result": true,
      "time": 0.05846810340881348,
      "error": null
    },
    "assert rectangle_area(7, 6) == 42": {
      "result": true,
      "time": 0.04728388786315918,
      "error": null
    },
    "assert rectangle_area(6, 2) == 12": {
      "result": true,
      "time": 0.046788692474365234,
      "error": null
    },
    "assert rectangle_area(6, 1) == 6": {
      "result": true,
      "time": 0.046758413314819336,
      "error": null
    },
    "assert rectangle_area(7, 5) == 35": {
      "result": true,
      "time": 0.05935549736022949,
      "error": null
    },
    "assert rectangle_area(8, 7) == 56": {
      "result": true,
      "time": 0.046303749084472656,
      "error": null
    },
    "assert rectangle_area(11, 9) == 99": {
      "result": true,
      "time": 0.05813741683959961,
      "error": null
    },
    "assert rectangle_area(11, 2) == 22": {
      "result": true,
      "time": 0.07561874389648438,
      "error": null
    },
    "assert rectangle_area(10, 5) == 50": {
      "result": true,
      "time": 0.0665431022644043,
      "error": null
    },
    "assert rectangle_area(6, 5) == 30": {
      "result": true,
      "time": 0.0678548812866211,
      "error": null
    },
    "assert rectangle_area(10, 7) == 70": {
      "result": true,
      "time": 0.052438974380493164,
      "error": null
    },
    "assert rectangle_area(5, 4) == 20": {
      "result": true,
      "time": 0.0676569938659668,
      "error": null
    },
    "assert rectangle_area(9, 1) == 9": {
      "result": true,
      "time": 0.05018115043640137,
      "error": null
    },
    "assert rectangle_area(7, 9) == 63": {
      "result": true,
      "time": 0.06207728385925293,
      "error": null
    },
    "assert rectangle_area(15, 8) == 120": {
      "result": true,
      "time": 0.057329654693603516,
      "error": null
    },
    "assert rectangle_area(8, 3) == 24": {
      "result": true,
      "time": 0.057656288146972656,
      "error": null
    },
    "assert rectangle_area(5, 9) == 45": {
      "result": true,
      "time": 0.04988670349121094,
      "error": null
    },
    "assert rectangle_area(11, 3) == 33": {
      "result": true,
      "time": 0.07049846649169922,
      "error": null
    },