{
  "code": "def find_exponentio(tuple1, tuple2):\n    result = []\n    for i in range(len(tuple1)):\n        base = tuple1[i]\n        exponent = tuple2[i]\n        powered_value = base ** exponent\n        result.append(powered_value)\n    return tuple(result)",
  "results": {
    "assert find_exponentio((10, 4, 5, 6), (5, 6, 7, 5)) == (100000, 4096, 78125, 7776)": {
      "result": true,
      "time": 0.05100512504577637,
      "error": null
    },
    "assert find_exponentio((11, 5, 6, 7), (6, 7, 8, 6)) == (1771561, 78125, 1679616, 117649)": {
      "result": true,
      "time": 0.058403968811035156,
      "error": null
    },
    "assert find_exponentio((12, 6, 7, 8), (7, 8, 9, 7)) == (35831808, 1679616, 40353607, 2097152)": {
      "result": true,
      "time": 0.0548558235168457,
      "error": null
    },
    "assert find_exponentio((7, 1, 6, 10), (4, 2, 8, 4)) == (2401, 1, 1679616, 10000)": {
      "result": true,
      "time": 0.04628777503967285,
      "error": null
    },
    "assert find_exponentio((6, 6, 4, 9), (8, 3, 7, 2)) == (1679616, 216, 16384, 81)": {
      "result": true,
      "time": 0.06344437599182129,
      "error": null
    },
    "assert find_exponentio((12, 3, 9, 10), (3, 4, 8, 4)) == (1728, 81, 43046721, 10000)": {
      "result": true,
      "time": 0.05365109443664551,
      "error": null
    },
    "assert find_exponentio((11, 5, 4, 8), (3, 7, 3, 9)) == (1331, 78125, 64, 134217728)": {
      "result": true,
      "time": 0.05339932441711426,
      "error": null
    },
    "assert find_exponentio((5, 6, 2, 11), (3, 8, 3, 7)) == (125, 1679616, 8, 19487171)": {
      "result": true,
      "time": 0.06094694137573242,
      "error": null
    },
    "assert find_exponentio((14, 1, 3, 3), (7, 4, 12, 4)) == (105413504, 1, 531441, 81)": {
      "result": true,
      "time": 0.055238962173461914,
      "error": null
    },
    "assert find_exponentio((5, 4, 8, 3), (2, 10, 9, 2)) == (25, 1048576, 134217728, 9)": {
      "result": true,
      "time": 0.04598498344421387,
      "error": null
    },
    "assert find_exponentio((8, 7, 3, 1), (7, 6, 12, 4)) == (2097152, 117649, 531441, 1)": {
      "result": true,
      "time": 0.05339336395263672,
      "error": null
    },
    "assert find_exponentio((14, 3, 4, 8), (8, 5, 8, 4)) == (1475789056, 243, 65536, 4096)": {
      "result": true,
      "time": 0.049690961837768555,
      "error": null
    },
    "assert find_exponentio((8, 2, 8, 4), (5, 10, 11, 6)) == (32768, 1024, 8589934592, 4096)": {
      "result": true,
      "time": 0.04805493354797363,
      "error": null
    },
    "assert find_exponentio((11, 4, 8, 3), (8, 6, 12, 2)) == (214358881, 4096, 68719476736, 9)": {
      "result": true,
      "time": 0.0565035343170166,
      "error": null
    },
    "assert find_exponentio((7, 4, 1, 9), (5, 1, 10, 4)) == (16807, 4, 1, 6561)": {
      "result": true,
      "time": 0.05329728126525879,
      "error": null
    },
    "assert find_exponentio((15, 8, 10, 1), (2, 10, 4, 6)) == (225, 1073741824, 10000, 1)": {
      "result": true,
      "time": 0.05787062644958496,
      "error": null
    },
    "assert find_exponentio((14, 2, 3, 7), (8, 9, 9, 6)) == (1475789056, 512, 19683, 117649)": {
      "result": true,
      "time": 0.05034351348876953,
      "error": null
    },
    "assert find_exponentio((10, 7, 8, 2), (5, 3, 4, 3)) == (100000, 343, 4096, 8)": {
      "result": true,
      "time": 0.05624580383300781,
      "error": null
    },
    "assert find_exponentio((6, 6, 9, 1), (4, 3, 3, 2)) == (1296, 216, 729, 1)": {
      "result": true,
      "time": 0.056429386138916016,
      "error": null
    },
    "assert find_exponentio((12, 7, 9, 11), (3, 5, 9, 9)) == (1728, 16807, 387420489, 2357947691)": {
      "result": true,
      "time": 0.04531383514404297,
      "error": null
    },
    "assert find_exponentio((5, 6, 8, 5), (5, 8, 3, 9)) == (3125, 1679616, 512, 1953125)": {
      "result": true,
      "time": 0.05931735038757324,
      "error": null
    },
    "assert find_exponentio((5, 2, 9, 3), (7, 7, 12, 10)) == (78125, 128, 282429536481, 59049)": {
      "result": true,
      "time": 0.046433210372924805,
      "error": null
    },
    "assert find_exponentio((9, 2, 6, 2), (5, 2, 12, 2)) == (59049, 4, 2176782336, 4)": {
      "result": true,
      "time": 0.05717301368713379,
      "error": null
    },
    "assert find_exponentio((5, 7, 10, 9), (10, 2, 7, 8)) == (9765625, 49, 10000000, 43046721)": {
      "result": true,
      "time": 0.052019596099853516,
      "error": null
    },
    "assert find_exponentio((5, 4, 3, 9), (6, 10, 8, 8)) == (15625, 1048576, 6561, 43046721)": {
      "result": true,
      "time": 0.04717278480529785,
      "error": null
    },
    "assert find_exponentio((14, 8, 3, 1), (3, 1, 5, 10)) == (2744, 8, 243, 1)": {
      "result": true,
      "time": 0.04965043067932129,
      "error": null
    },
    "assert find_exponentio((11, 8, 8, 6), (1, 9, 5, 8)) == (11, 134217728, 32768, 1679616)": {
      "result": true,
      "time": 0.045845746994018555,
      "error": null
    },
    "assert find_exponentio((9, 4, 5, 3), (8, 2, 10, 10)) == (43046721, 16, 9765625, 59049)": {
      "result": true,
      "time": 0.04732346534729004,
      "error": null
    },
    "assert find_exponentio((11, 9, 4, 9), (3, 4, 3, 1)) == (1331, 6561, 64, 9)": {
      "result": true,
      "time": 0.0459742546081543,
      "error": null
    },
    "assert find_exponentio((7, 7, 2, 7), (5, 2, 3, 2)) == (16807, 49, 8, 49)": {
      "result": true,
      "time": 0.049697160720825195,
      "error": null
    },
    "assert find_exponentio((15, 8, 9, 4), (2, 1, 11, 2)) == (225, 8, 31381059609, 16)": {
      "result": true,
      "time": 0.039632320404052734,
      "error": null
    },
    "assert find_exponentio((5, 8, 8, 4), (6, 1, 8, 8)) == (15625, 8, 16777216, 65536)": {
      "result": true,
      "time": 0.04574131965637207,
      "error": null
    },
    "assert find_exponentio((11, 5, 3, 11), (5, 3, 2, 7)) == (161051, 125, 9, 19487171)": {
      "result": true,
      "time": 0.04407668113708496,
      "error": null
    },
    "assert find_exponentio((7, 4, 9, 2), (10, 6, 9, 3)) == (282475249, 4096, 387420489, 8)": {
      "result": true,
      "time": 0.04369401931762695,
      "error": null
    },
    "assert find_exponentio((7, 9, 6, 6), (1, 1, 8, 3)) == (7, 9, 1679616, 216)": {
      "result": true,
      "time": 0.04098057746887207,
      "error": null
    },
    "assert find_exponentio((10, 9, 5, 7), (3, 1, 5, 8)) == (1000, 9, 3125, 5764801)": {
      "result": true,
      "time": 0.03701329231262207,
      "error": null
    },
    "assert find_exponentio((7, 9, 10, 8), (8, 11, 10, 4)) == (5764801, 31381059609, 10000000000, 4096)": {
      "result": true,
      "time": 0.04529213905334473,
      "error": null
    },
    "assert find_exponentio((8, 4, 2, 9), (2, 7, 7, 4)) == (64, 16384, 128, 6561)": {
      "result": true,
      "time": 0.044171810150146484,
      "error": null
    },
    "assert find_exponentio((13, 3, 9, 8), (11, 5, 9, 7)) == (1792160394037, 243, 387420489, 2097152)": {
      "result": true,
      "time": 0.05247855186462402,
      "error": null
    },
    "assert find_exponentio((8, 6, 5, 6), (8, 12, 4, 3)) == (16777216, 2176782336, 625, 216)": {
      "result": true,
      "time": 0.04443860054016113,
      "error": null
    },
    "assert find_exponentio((13, 7, 11, 7), (2, 12, 7, 11)) == (169, 13841287201, 19487171, 1977326743)": {
      "result": true,
      "time": 0.04400038719177246,
      "error": null
    },
    "assert find_exponentio((15, 1, 1, 11), (6, 10, 10, 9)) == (11390625, 1, 1, 2357947691)": {
      "result": true,
      "time": 0.04649782180786133,
      "error": null
    },
    "assert find_exponentio((7, 10, 9, 12), (10, 5, 12, 11)) == (282475249, 100000, 282429536481, 743008370688)": {
      "result": true,
      "time": 0.04172968864440918,
      "error": null
    },