{
  "code": "def count_Digit(number):\n    if number == 0:\n        return 1\n    count = 0\n    num = abs(number)\n    while num > 0:\n        num = num // 10\n        count = count + 1\n    return count",
  "results": {
    "assert count_Digit(12345) == 5": {
      "result": true,
      "time": 0.061899662017822266,
      "error": null
    },
    "assert count_Digit(11223305) == 8": {
      "result": true,
      "time": 0.05644083023071289,
      "error": null
    },
    "assert count_Digit(4123459) == 7": {
      "result": true,
      "time": 0.06280231475830078,
      "error": null
    },
    "assert count_Digit(11914) == 5": {
      "result": true,
      "time": 0.055998802185058594,
      "error": null
    },
    "assert count_Digit(11491) == 5": {
      "result": true,
      "time": 0.05535483360290527,
      "error": null
    },
    "assert count_Digit(12959) == 5": {
      "result": true,
      "time": 0.07216024398803711,
      "error": null
    },
    "assert count_Digit(12811) == 5": {
      "result": true,
      "time": 0.07022833824157715,
      "error": null
    },
    "assert count_Digit(12912) == 5": {
      "result": true,
      "time": 0.0529942512512207,
      "error": null
    },
    "assert count_Digit(11356) == 5": {
      "result": true,
      "time": 0.06730294227600098,
      "error": null
    },
    "assert count_Digit(12939) == 5": {
      "result": true,
      "time": 0.060996055603027344,
      "error": null
    },
    "assert count_Digit(12851) == 5": {
      "result": true,
      "time": 0.0683293342590332,
      "error": null
    },
    "assert count_Digit(13058) == 5": {
      "result": true,
      "time": 0.057245731353759766,
      "error": null
    },
    "assert count_Digit(13134) == 5": {
      "result": true,
      "time": 0.05468869209289551,
      "error": null
    },
    "assert count_Digit(12628) == 5": {
      "result": true,
      "time": 0.04930686950683594,
      "error": null
    },
    "assert count_Digit(11879) == 5": {
      "result": true,
      "time": 0.04321098327636719,
      "error": null
    },
    "assert count_Digit(11761) == 5": {
      "result": true,
      "time": 0.04163956642150879,
      "error": null
    },
    "assert count_Digit(12156) == 5": {
      "result": true,
      "time": 0.0327455997467041,
      "error": null
    },
    "assert count_Digit(12133) == 5": {
      "result": true,
      "time": 0.03808140754699707,
      "error": null
    },
    "assert count_Digit(12961) == 5": {
      "result": true,
      "time": 0.04406237602233887,
      "error": null
    },
    "assert count_Digit(13153) == 5": {
      "result": true,
      "time": 0.03725862503051758,
      "error": null
    },
    "assert count_Digit(12001) == 5": {
      "result": true,
      "time": 0.04309892654418945,
      "error": null
    },
    "assert count_Digit(11799) == 5": {
      "result": true,
      "time": 0.0424654483795166,
      "error": null
    },
    "assert count_Digit(11514) == 5": {
      "result": true,
      "time": 0.03856253623962402,
      "error": null
    },
    "assert count_Digit(13270) == 5": {
      "result": true,
      "time": 0.033716440200805664,
      "error": null
    },
    "assert count_Digit(12942) == 5": {
      "result": true,
      "time": 0.04210042953491211,
      "error": null
    },
    "assert count_Digit(13116) == 5": {
      "result": true,
      "time": 0.038507699966430664,
      "error": null
    },
    "assert count_Digit(12354) == 5": {
      "result": true,
      "time": 0.041919708251953125,
      "error": null
    },
    "assert count_Digit(11391) == 5": {
      "result": true,
      "time": 0.040932416915893555,
      "error": null
    },
    "assert count_Digit(11935) == 5": {
      "result": true,
      "time": 0.03934335708618164,
      "error": null
    },
    "assert count_Digit(11676) == 5": {
      "result": true,
      "time": 0.0510411262512207,
      "error": null
    },
    "assert count_Digit(11445) == 5": {
      "result": true,
      "time": 0.03812885284423828,
      "error": null
    },
    "assert count_Digit(11625) == 5": {
      "result": true,
      "time": 0.04248476028442383,
      "error": null
    },
    "assert count_Digit(12471) == 5": {
      "result": true,
      "time": 0.04373955726623535,
      "error": null
    },
    "assert count_Digit(11624) == 5": {
      "result": true,
      "time": 0.03411722183227539,
      "error": null
    },
    "assert count_Digit(12702) == 5": {
      "result": true,
      "time": 0.038622379302978516,
      "error": null
    },
    "assert count_Digit(11223265) == 8": {
      "result": true,
      "time": 0.04322481155395508,
      "error": null
    },
    "assert count_Digit(11222640) == 8": {
      "result": true,
      "time": 0.04277944564819336,
      "error": null
    },
    "assert count_Digit(11223599) == 8": {
      "result": true,
      "time": 0.042853355407714844,
      "error": null
    },
    "assert count_Digit(11222663) == 8": {
      "result": true,
      "time": 0.04746603965759277,
      "error": null
    },
    "assert count_Digit(11223275) == 8": {
      "result": true,
      "time": 0.04790019989013672,
      "error": null
    },
    "assert count_Digit(11223147) == 8": {
      "result": true,
      "time": 0.04002237319946289,
      "error": null
    },
    "assert count_Digit(11224234) == 8": {
      "result": true,
      "time": 0.04184222221374512,
      "error": null
    },
    "assert count_Digit(11223898) == 8": {
      "result": true,
      "time": 0.04776787757873535,
      "error": null
    },
    "assert count_Digit(11222722) == 8": {
      "result": true,
      "time": 0.040525197982788086,
      "error": null
    },
    "assert count_Digit(11222391) == 8": {
      "result": true,
      "time": 0.04448533058166504,
      "error": null
    },
    "assert count_Digit(11223056) == 8": {
      "result": true,
      "time": 0.03549385070800781,
      "error": null
    },
    "assert count_Digit(11222665) == 8": {
      "result": true,
      "time": 0.04418301582336426,
      "error": null
    },
    "assert count_Digit(11223116) == 8": {
      "result": true,
      "time": 0.04612421989440918,
      "error": null
    },
    "assert count_Digit(11224271) == 8": {
      "result": true,
      "time": 0.04474687576293945,
      "error": null
    },
    "assert count_Digit(11222483) == 8": {
      "result": true,
      "time": 0.04059267044067383,
      "error": null
    },
    "assert count_Digit(11223330) == 8": {
      "result": true,
      "time": 0.03939032554626465,
      "error": null
    },
    "assert count_Digit(11223713) == 8": {
      "result": true,
      "time": 0.049094200134277344,
      "error": null
    },
    "assert count_Digit(11223822) == 8": {
      "result": true,
      "time": 0.0387880802154541,
      "error": null
    },
    "assert count_Digit(11222461) == 8": {
      "result": true,
      "time": 0.04540681838989258,
      "error": null
    },
    "assert count_Digit(11222500) == 8": {
      "result": true,
      "time": 0.04119300842285156,
      "error": null
    },
    "assert count_Digit(11223168) == 8": {
      "result": true,
      "time": 0.041783809661865234,
      "error": null
    },
    "assert count_Digit(11223170) == 8": {
      "result": true,
      "time": 0.04319620132446289,
      "error": null
    },
    "assert count_Digit(11223830) == 8": {
      "result": true,
      "time": 0.03816509246826172,
      "error": null
    },
    "assert count_Digit(11223676) == 8": {
      "result": true,
      "time": 0.037250518798828125,
      "error": null
    },
    "assert count_Digit(11224183) == 8": {
      "result": true,
      "time": 0.04541945457458496,
      "error": null
    },
    "assert count_Digit(11222774) == 8": {
      "result": true,
      "time": 0.04716038703918457,
      "error": null
    },
    "assert count_Digit(11224140) == 8": {
      "result": true,
      "time": 0.0443422794342041,