{
  "code": "def specified_element(two_d_list, index):\n    result = []\n    for sublist in two_d_list:\n        element = sublist[index]\n        result.append(element)\n    return result",
  "results": {
    "assert specified_element([[1, 2, 3, 2], [4, 5, 6, 2], [7, 1, 9, 5]],0)==[1, 4, 7]": {
      "result": true,
      "time": 0.03577089309692383,
      "error": null
    },
    "assert specified_element([[1, 2, 3, 2], [4, 5, 6, 2], [7, 1, 9, 5]],2)==[3, 6, 9]": {
      "result": true,
      "time": 0.041640281677246094,
      "error": null
    },
    "assert specified_element([[1, 2, 3, 2], [4, 5, 6, 2], [7, 1, 9, 5]],1)==[2,5,1]": {
      "result": true,
      "time": 0.03966999053955078,
      "error": null
    },
    "assert specified_element([[5, 4, 3, 3], [4, 10, 4, 1], [8, 1, 6, 4]], 2) == [3, 4, 6]": {
      "result": true,
      "time": 0.04107999801635742,
      "error": null
    },
    "assert specified_element([[6, 2, 2, 6], [6, 2, 5, 3], [4, 2, 8, 8]], 2) == [2, 5, 8]": {
      "result": true,
      "time": 0.04084587097167969,
      "error": null
    },
    "assert specified_element([[2, 3, 7, 2], [6, 9, 5, 7], [5, 5, 4, 2]], 2) == [7, 5, 4]": {
      "result": true,
      "time": 0.04239964485168457,
      "error": null
    },
    "assert specified_element([[1, 3, 6, 6], [3, 10, 10, 2], [11, 6, 5, 1]], 3) == [6, 2, 1]": {
      "result": true,
      "time": 0.038242340087890625,
      "error": null
    },
    "assert specified_element([[4, 3, 4, 3], [5, 7, 11, 3], [11, 6, 8, 2]], 3) == [3, 3, 2]": {
      "result": true,
      "time": 0.04130148887634277,
      "error": null
    },
    "assert specified_element([[4, 5, 6, 5], [1, 1, 10, 7], [6, 3, 10, 6]], 3) == [5, 7, 6]": {
      "result": true,
      "time": 0.03686356544494629,
      "error": null
    },
    "assert specified_element([[5, 5, 4, 5], [2, 6, 9, 4], [4, 3, 14, 5]], 3) == [5, 4, 5]": {
      "result": true,
      "time": 0.03890275955200195,
      "error": null
    },
    "assert specified_element([[6, 6, 1, 1], [4, 6, 10, 3], [7, 4, 6, 2]], 1) == [6, 6, 4]": {
      "result": true,
      "time": 0.04044318199157715,
      "error": null
    },
    "assert specified_element([[4, 1, 6, 4], [6, 5, 6, 6], [11, 6, 9, 9]], 2) == [6, 6, 9]": {
      "result": true,
      "time": 0.05038905143737793,
      "error": null
    },
    "assert specified_element([[4, 3, 5, 3], [1, 9, 11, 7], [8, 1, 5, 4]], 2) == [5, 11, 5]": {
      "result": true,
      "time": 0.03525948524475098,
      "error": null
    },
    "assert specified_element([[1, 7, 1, 4], [5, 6, 4, 4], [3, 6, 13, 6]], 3) == [4, 4, 6]": {
      "result": true,
      "time": 0.047271728515625,
      "error": null
    },
    "assert specified_element([[4, 4, 2, 5], [9, 4, 9, 7], [11, 5, 13, 1]], 3) == [5, 7, 1]": {
      "result": true,
      "time": 0.04163813591003418,
      "error": null
    },
    "assert specified_element([[3, 1, 8, 7], [6, 5, 2, 2], [9, 2, 7, 1]], 1) == [1, 5, 2]": {
      "result": true,
      "time": 0.04311513900756836,
      "error": null
    },
    "assert specified_element([[6, 3, 2, 6], [9, 7, 8, 5], [10, 2, 7, 1]], 2) == [2, 8, 7]": {
      "result": true,
      "time": 0.037779808044433594,
      "error": null
    },
    "assert specified_element([[3, 6, 3, 2], [9, 3, 8, 6], [11, 6, 4, 5]], 3) == [2, 6, 5]": {
      "result": true,
      "time": 0.03810429573059082,
      "error": null
    },
    "assert specified_element([[3, 2, 2, 4], [4, 7, 5, 2], [4, 1, 14, 1]], 1) == [2, 7, 1]": {
      "result": true,
      "time": 0.03409457206726074,
      "error": null
    },
    "assert specified_element([[6, 6, 4, 5], [7, 5, 8, 6], [7, 1, 10, 2]], 2) == [4, 8, 10]": {
      "result": true,
      "time": 0.04266548156738281,
      "error": null
    },
    "assert specified_element([[4, 3, 5, 5], [4, 2, 7, 1], [4, 3, 9, 2]], 2) == [5, 7, 9]": {
      "result": true,
      "time": 0.03778696060180664,
      "error": null
    },
    "assert specified_element([[5, 3, 7, 7], [1, 9, 5, 5], [10, 3, 8, 10]], 2) == [7, 5, 8]": {
      "result": true,
      "time": 0.04180765151977539,
      "error": null
    },
    "assert specified_element([[5, 2, 8, 7], [3, 5, 4, 6], [8, 5, 7, 7]], 1) == [2, 5, 5]": {
      "result": true,
      "time": 0.030887365341186523,
      "error": null
    },
    "assert specified_element([[2, 2, 3, 4], [4, 8, 4, 2], [2, 6, 14, 10]], 3) == [4, 2, 10]": {
      "result": true,
      "time": 0.03485226631164551,
      "error": null
    },
    "assert specified_element([[5, 7, 5, 3], [2, 7, 10, 2], [11, 4, 10, 1]], 3) == [3, 2, 1]": {
      "result": true,
      "time": 0.03989267349243164,
      "error": null
    },
    "assert specified_element([[2, 3, 7, 1], [2, 9, 10, 5], [8, 3, 10, 1]], 1) == [3, 9, 3]": {
      "result": true,
      "time": 0.0428309440612793,
      "error": null
    },
    "assert specified_element([[3, 2, 3, 1], [3, 4, 3, 6], [12, 5, 11, 2]], 3) == [1, 6, 2]": {
      "result": true,
      "time": 0.04463958740234375,
      "error": null
    },
    "assert specified_element([[3, 5, 4, 2], [2, 4, 6, 3], [12, 3, 4, 4]], 3) == [2, 3, 4]": {
      "result": true,
      "time": 0.0443878173828125,
      "error": null
    },
    "assert specified_element([[2, 1, 8, 5], [2, 4, 2, 5], [7, 1, 6, 10]], 1) == [1, 4, 1]": {
      "result": true,
      "time": 0.04746413230895996,
      "error": null
    },
    "assert specified_element([[6, 6, 6, 2], [3, 1, 6, 3], [7, 4, 6, 10]], 2) == [6, 6, 6]": {
      "result": true,
      "time": 0.04188084602355957,
      "error": null
    },
    "assert specified_element([[2, 2, 4, 4], [3, 7, 9, 4], [6, 3, 6, 4]], 1) == [2, 7, 3]": {
      "result": true,
      "time": 0.03638148307800293,
      "error": null
    },
    "assert specified_element([[6, 6, 4, 7], [9, 8, 3, 1], [5, 1, 6, 1]], 1) == [6, 8, 1]": {
      "result": true,
      "time": 0.03629565238952637,
      "error": null
    },
    "assert specified_element([[4, 7, 6, 5], [4, 7, 3, 7], [6, 2, 10, 5]], 1) == [7, 7, 2]": {
      "result": true,
      "time": 0.044789791107177734,
      "error": null
    },
    "assert specified_element([[1, 7, 7, 5], [4, 9, 11, 2], [2, 6, 13, 5]], 3) == [5, 2, 5]": {
      "result": true,
      "time": 0.032616615295410156,
      "error": null
    },
    "assert specified_element([[6, 6, 3, 5], [5, 1, 8, 2], [2, 1, 10, 10]], 2) == [3, 8, 10]": {
      "result": true,
      "time": 0.0388484001159668,
      "error": null
    },
    "assert specified_element([[6, 1, 7, 7], [2, 7, 3, 1], [3, 2, 11, 2]], 2) == [7, 3, 11]": {
      "result": true,
      "time": 0.031313419342041016,
      "error": null
    },
    "assert specified_element([[4, 6, 2, 6], [4, 8, 7, 4], [4, 6, 11, 1]], 2) == [2, 7, 11]": {
      "result": true,
      "time": 0.04222893714904785,
      "error": null
    },
    "assert specified_element([[2, 1, 1, 2], [2, 4, 8, 3], [8, 1, 11, 1]], 2) == [1, 8, 11]": {
      "result": true,
      "time": 0.03546905517578125,
      "error": null
    },
    "assert specified_element([[3, 3, 4, 7], [4, 1, 4, 4], [7, 6, 12, 7]], 2) == [4, 4, 12]": {
      "result": true,
      "time": 0.03413105010986328,
      "error": null
    },
    "assert specified_element([[1, 7, 8, 3], [6, 3, 4, 6], [2, 4, 14, 4]], 1) == [7, 3, 4]": {
      "result": true,
      "time": 0.04450416564941406,
      "error": null
    },
    "assert specified_element([[2, 2, 2, 6], [3, 8, 5, 5], [3, 6, 4, 5]], 2) == [2, 5, 4]": {
      "result": true,
      "time": 0.04393959045410156,
      "error": null
    },
    "assert specified_element([[6, 2, 4, 3], [5, 4, 6, 3], [8, 5, 4, 8]], 1) == [2, 4, 5]": {
      "result": true,
      "time": 0.034760475158691406,
      "error": null
    },
    "assert specified_element([[5, 7, 8, 3], [7, 9, 5, 5], [12, 4, 9, 1]], 1) == [7, 9, 4]": {
      "result": true,
      "time": 0.032119035720825195,
      "error": null
    },