{
  "code": "def multiple_to_single(lst):\n    result_str = \"\"\n    for num in lst:\n        num_str = str(num)\n        result_str = result_str + num_str\n    result_int = int(result_str)\n    return result_int",
  "results": {
    "assert multiple_to_single([11, 33, 50])==113350": {
      "result": true,
      "time": 0.03836941719055176,
      "error": null
    },
    "assert multiple_to_single([-1,2,3,4,5,6])==-123456": {
      "result": true,
      "time": 0.04512977600097656,
      "error": null
    },
    "assert multiple_to_single([10,15,20,25])==10152025": {
      "result": true,
      "time": 0.04260969161987305,
      "error": null
    },
    "assert multiple_to_single([7, 36, 50]) == 73650": {
      "result": true,
      "time": 0.035659074783325195,
      "error": null
    },
    "assert multiple_to_single([13, 38, 48]) == 133848": {
      "result": true,
      "time": 0.03600478172302246,
      "error": null
    },
    "assert multiple_to_single([8, 29, 48]) == 82948": {
      "result": true,
      "time": 0.037732839584350586,
      "error": null
    },
    "assert multiple_to_single([12, 28, 48]) == 122848": {
      "result": true,
      "time": 0.0380856990814209,
      "error": null
    },
    "assert multiple_to_single([15, 32, 45]) == 153245": {
      "result": true,
      "time": 0.036513328552246094,
      "error": null
    },
    "assert multiple_to_single([15, 36, 46]) == 153646": {
      "result": true,
      "time": 0.0406641960144043,
      "error": null
    },
    "assert multiple_to_single([12, 37, 54]) == 123754": {
      "result": true,
      "time": 0.03397989273071289,
      "error": null
    },
    "assert multiple_to_single([11, 35, 46]) == 113546": {
      "result": true,
      "time": 0.03171682357788086,
      "error": null
    },
    "assert multiple_to_single([8, 32, 55]) == 83255": {
      "result": true,
      "time": 0.047944068908691406,
      "error": null
    },
    "assert multiple_to_single([12, 29, 47]) == 122947": {
      "result": true,
      "time": 0.04296374320983887,
      "error": null
    },
    "assert multiple_to_single([14, 37, 51]) == 143751": {
      "result": true,
      "time": 0.06083345413208008,
      "error": null
    },
    "assert multiple_to_single([9, 29, 50]) == 92950": {
      "result": true,
      "time": 0.037554264068603516,
      "error": null
    },
    "assert multiple_to_single([11, 38, 45]) == 113845": {
      "result": true,
      "time": 0.05152583122253418,
      "error": null
    },
    "assert multiple_to_single([8, 37, 51]) == 83751": {
      "result": true,
      "time": 0.046363115310668945,
      "error": null
    },
    "assert multiple_to_single([12, 33, 49]) == 123349": {
      "result": true,
      "time": 0.03555727005004883,
      "error": null
    },
    "assert multiple_to_single([12, 38, 49]) == 123849": {
      "result": true,
      "time": 0.04375576972961426,
      "error": null
    },
    "assert multiple_to_single([13, 37, 50]) == 133750": {
      "result": true,
      "time": 0.04466581344604492,
      "error": null
    },
    "assert multiple_to_single([7, 29, 47]) == 72947": {
      "result": true,
      "time": 0.050665855407714844,
      "error": null
    },
    "assert multiple_to_single([16, 31, 51]) == 163151": {
      "result": true,
      "time": 0.04513430595397949,
      "error": null
    },
    "assert multiple_to_single([13, 34, 55]) == 133455": {
      "result": true,
      "time": 0.04219388961791992,
      "error": null
    },
    "assert multiple_to_single([12, 38, 55]) == 123855": {
      "result": true,
      "time": 0.043157339096069336,
      "error": null
    },
    "assert multiple_to_single([6, 31, 52]) == 63152": {
      "result": true,
      "time": 0.047577857971191406,
      "error": null
    },
    "assert multiple_to_single([13, 38, 49]) == 133849": {
      "result": true,
      "time": 0.04092240333557129,
      "error": null
    },
    "assert multiple_to_single([9, 33, 55]) == 93355": {
      "result": true,
      "time": 0.05086779594421387,
      "error": null
    },
    "assert multiple_to_single([16, 29, 49]) == 162949": {
      "result": true,
      "time": 0.04598712921142578,
      "error": null
    },
    "assert multiple_to_single([14, 34, 53]) == 143453": {
      "result": true,
      "time": 0.04774737358093262,
      "error": null
    },
    "assert multiple_to_single([11, 30, 51]) == 113051": {
      "result": true,
      "time": 0.04908895492553711,
      "error": null
    },
    "assert multiple_to_single([11, 34, 47]) == 113447": {
      "result": true,
      "time": 0.06505608558654785,
      "error": null
    },
    "assert multiple_to_single([11, 29, 48]) == 112948": {
      "result": true,
      "time": 0.04776287078857422,
      "error": null
    },
    "assert multiple_to_single([14, 29, 49]) == 142949": {
      "result": true,
      "time": 0.04567694664001465,
      "error": null
    },
    "assert multiple_to_single([13, 38, 54]) == 133854": {
      "result": true,
      "time": 0.04213094711303711,
      "error": null
    },
    "assert multiple_to_single([9, 33, 53]) == 93353": {
      "result": true,
      "time": 0.041860103607177734,
      "error": null
    },
    "assert multiple_to_single([12, 30, 49]) == 123049": {
      "result": true,
      "time": 0.05712890625,
      "error": null
    },
    "assert multiple_to_single([0, 2, 3, 1, 7, 5]) == 23175": {
      "result": true,
      "time": 0.034966230392456055,
      "error": null
    },
    "assert multiple_to_single([-5, 1, 5, 6, 8, 3]) == -515683": {
      "result": true,
      "time": 0.04329538345336914,
      "error": null
    },
    "assert multiple_to_single([0, 6, 7, 3, 7, 3]) == 67373": {
      "result": true,
      "time": 0.050005197525024414,
      "error": null
    },
    "assert multiple_to_single([-3, 3, 7, 9, 8, 1]) == -337981": {
      "result": true,
      "time": 0.04583406448364258,
      "error": null
    },
    "assert multiple_to_single([-5, 2, 8, 1, 3, 3]) == -528133": {
      "result": true,
      "time": 0.041220664978027344,
      "error": null
    },
    "assert multiple_to_single([-4, 7, 7, 5, 1, 3]) == -477513": {
      "result": true,
      "time": 0.05653071403503418,
      "error": null
    },
    "assert multiple_to_single([-5, 4, 5, 4, 9, 10]) == -5454910": {
      "result": true,
      "time": 0.05417966842651367,
      "error": null
    },
    "assert multiple_to_single([1, 4, 4, 9, 5, 5]) == 144955": {
      "result": true,
      "time": 0.0452418327331543,
      "error": null
    },
    "assert multiple_to_single([-6, 3, 3, 3, 9, 3]) == -633393": {
      "result": true,
      "time": 0.04333329200744629,
      "error": null
    },
    "assert multiple_to_single([-1, 3, 7, 9, 5, 3]) == -137953": {
      "result": true,
      "time": 0.042896270751953125,
      "error": null
    },
    "assert multiple_to_single([-4, 6, 2, 7, 4, 11]) == -4627411": {
      "result": true,
      "time": 0.05197572708129883,
      "error": null
    },
    "assert multiple_to_single([1, 5, 4, 9, 9, 8]) == 154998": {
      "result": true,
      "time": 0.04207038879394531,
      "error": null
    },
    "assert multiple_to_single([-5, 7, 5, 2, 7, 4]) == -575274": {
      "result": true,
      "time": 0.04700207710266113,
      "error": null
    },
    "assert multiple_to_single([4, 5, 5, 4, 2, 7]) == 455427": {
      "result": true,
      "time": 0.042682647705078125,
      "error": null
    },
    "assert multiple_to_single([-1, 3, 5, 3, 2, 9]) == -135329": {
      "result": true,
      "time": 0.03713417053222656,
      "error": null
    },
    "assert multiple_to_single([-5, 7, 6, 3, 10, 3]) == -5763103": {
      "result": true,
      "time": 0.034786224365234375,
      "error": null
    },
    "assert multiple_to_single([2, 2, 4, 8, 1, 6]) == 224816": {
      "result": true,
      "time": 0.04455995559692383,
      "error": null
    },