{
  "code": "def gcd(a, b):\n    if a < b:\n        smaller = a\n    else:\n        smaller = b\n    gcd_value = 1\n    for i in range(1, smaller + 1):\n        remainder_a = a % i\n        remainder_b = b % i\n        if remainder_a == 0:\n            if remainder_b == 0:\n                gcd_value = i\n    return gcd_value",
  "results": {
    "assert gcd(12, 17) == 1": {
      "result": true,
      "time": 0.036966800689697266,
      "error": null
    },
    "assert gcd(4,6) == 2": {
      "result": true,
      "time": 0.04552030563354492,
      "error": null
    },
    "assert gcd(2,9) == 1": {
      "result": true,
      "time": 0.042948007583618164,
      "error": null
    },
    "assert gcd(10, 21) == 1": {
      "result": true,
      "time": 0.04482603073120117,
      "error": null
    },
    "assert gcd(11, 13) == 1": {
      "result": true,
      "time": 0.03687620162963867,
      "error": null
    },
    "assert gcd(14, 21) == 7": {
      "result": true,
      "time": 0.05098247528076172,
      "error": null
    },
    "assert gcd(7, 14) == 7": {
      "result": true,
      "time": 0.055138349533081055,
      "error": null
    },
    "assert gcd(9, 14) == 1": {
      "result": true,
      "time": 0.059789180755615234,
      "error": null
    },
    "assert gcd(10, 19) == 1": {
      "result": true,
      "time": 0.05553317070007324,
      "error": null
    },
    "assert gcd(12, 16) == 4": {
      "result": true,
      "time": 0.04398226737976074,
      "error": null
    },
    "assert gcd(8, 19) == 1": {
      "result": true,
      "time": 0.05693173408508301,
      "error": null
    },
    "assert gcd(12, 20) == 4": {
      "result": true,
      "time": 0.06325507164001465,
      "error": null
    },
    "assert gcd(10, 22) == 2": {
      "result": true,
      "time": 0.0675809383392334,
      "error": null
    },
    "assert gcd(10, 12) == 2": {
      "result": true,
      "time": 0.06196260452270508,
      "error": null
    },
    "assert gcd(12, 18) == 6": {
      "result": true,
      "time": 0.04788708686828613,
      "error": null
    },
    "assert gcd(17, 15) == 1": {
      "result": true,
      "time": 0.04679059982299805,
      "error": null
    },
    "assert gcd(10, 20) == 10": {
      "result": true,
      "time": 0.04055595397949219,
      "error": null
    },
    "assert gcd(13, 17) == 1": {
      "result": true,
      "time": 0.03830718994140625,
      "error": null
    },
    "assert gcd(15, 17) == 1": {
      "result": true,
      "time": 0.033675193786621094,
      "error": null
    },
    "assert gcd(15, 12) == 3": {
      "result": true,
      "time": 0.03571820259094238,
      "error": null
    },
    "assert gcd(11, 17) == 1": {
      "result": true,
      "time": 0.0341794490814209,
      "error": null
    },
    "assert gcd(16, 17) == 1": {
      "result": true,
      "time": 0.04096484184265137,
      "error": null
    },
    "assert gcd(11, 20) == 1": {
      "result": true,
      "time": 0.031058788299560547,
      "error": null
    },
    "assert gcd(16, 15) == 1": {
      "result": true,
      "time": 0.04312324523925781,
      "error": null
    },
    "assert gcd(14, 20) == 2": {
      "result": true,
      "time": 0.04627704620361328,
      "error": null
    },
    "assert gcd(9, 20) == 1": {
      "result": true,
      "time": 0.037082672119140625,
      "error": null
    },
    "assert gcd(13, 19) == 1": {
      "result": true,
      "time": 0.03498196601867676,
      "error": null
    },
    "assert gcd(11, 19) == 1": {
      "result": true,
      "time": 0.04026985168457031,
      "error": null
    },
    "assert gcd(12, 14) == 2": {
      "result": true,
      "time": 0.03824472427368164,
      "error": null
    },
    "assert gcd(12, 21) == 3": {
      "result": true,
      "time": 0.04564380645751953,
      "error": null
    },
    "assert gcd(17, 21) == 1": {
      "result": true,
      "time": 0.0414433479309082,
      "error": null
    },
    "assert gcd(8, 15) == 1": {
      "result": true,
      "time": 0.040413856506347656,
      "error": null
    },
    "assert gcd(11, 16) == 1": {
      "result": true,
      "time": 0.04004311561584473,
      "error": null
    },
    "assert gcd(4, 7) == 1": {
      "result": true,
      "time": 0.052704811096191406,
      "error": null
    },
    "assert gcd(7, 6) == 1": {
      "result": true,
      "time": 0.044799089431762695,
      "error": null
    },
    "assert gcd(3, 2) == 1": {
      "result": true,
      "time": 0.039731502532958984,
      "error": null
    },
    "assert gcd(5, 11) == 1": {
      "result": true,
      "time": 0.03621792793273926,
      "error": null
    },
    "assert gcd(9, 7) == 1": {
      "result": true,
      "time": 0.04071497917175293,
      "error": null
    },
    "assert gcd(7, 3) == 1": {
      "result": true,
      "time": 0.03809690475463867,
      "error": null
    },
    "assert gcd(3, 6) == 3": {
      "result": true,
      "time": 0.04040956497192383,
      "error": null
    },
    "assert gcd(3, 3) == 3": {
      "result": true,
      "time": 0.03432917594909668,
      "error": null
    },
    "assert gcd(8, 9) == 1": {
      "result": true,
      "time": 0.035019874572753906,
      "error": null
    },
    "assert gcd(6, 7) == 1": {
      "result": true,
      "time": 0.03437948226928711,
      "error": null
    },
    "assert gcd(7, 4) == 1": {
      "result": true,
      "time": 0.03723788261413574,
      "error": null
    },
    "assert gcd(2, 9) == 1": {
      "result": true,
      "time": 0.04283332824707031,
      "error": null
    },
    "assert gcd(9, 11) == 1": {
      "result": true,
      "time": 0.03815650939941406,
      "error": null
    },
    "assert gcd(9, 8) == 1": {
      "result": true,
      "time": 0.044352054595947266,
      "error": null
    },
    "assert gcd(3, 5) == 1": {
      "result": true,
      "time": 0.03882861137390137,
      "error": null
    },
    "assert gcd(6, 1) == 1": {
      "result": true,
      "time": 0.034783363342285156,
      "error": null
    },
    "assert gcd(1, 3) == 1": {
      "result": true,
      "time": 0.03733944892883301,
      "error": null
    },
    "assert gcd(5, 7) == 1": {
      "result": true,
      "time": 0.04063916206359863,
      "error": null
    },
    "assert gcd(4, 5) == 1": {
      "result": true,
      "time": 0.036339521408081055,
      "error": null
    },
    "assert gcd(6, 9) == 3": {
      "result": true,
      "time": 0.03187155723571777,
      "error": null
    },
    "assert gcd(6, 4) == 2": {
      "result": true,
      "time": 0.03720736503601074,
      "error": null
    },
    "assert gcd(8, 4) == 4": {
      "result": true,
      "time": 0.033704280853271484,
      "error": null
    },
    "assert gcd(8, 2) == 2": {
      "result": true,
      "time": 0.03478360176086426,
      "error": null
    },
    "assert gcd(5, 8) == 1": {
      "result": true,
      "time": 0.03733658790588379,
      "error": null
    },
    "assert gcd(1, 6) == 1": {
      "result": true,
      "time": 0.041005849838256836,
      "error": null
    },
    "assert gcd(8, 6) == 2": {
      "result": true,
      "time": 0.04030895233154297,
      "error": null
    },
    "assert gcd(2, 8) == 2": {
      "result": true,
      "time": 0.04431462287902832,
      "error": null
    },
    "assert gcd(6, 11) == 1": {
      "result": true,
      "time": 0.037618160247802734,
      "error": null
    },
    "assert gcd(2, 2) == 2": {
      "result": true,
      "time": 0.031511783599853516,
      "error": null
    },
    "assert gcd(9, 3) == 3": {
      "result": true,
      "time": 0.04037070274353027,
      "error": null
    },
    "assert gcd(5, 5) == 5": {
      "result": true,
      "time": 0.0429224967956543,
      "error": null
    },
    "assert gcd(1, 8) == 1": {
      "result": true,
      "time": 0.04671478271484375,
      "error": null
    },
    "assert gcd(3, 10) == 1": {
      "result": true,
      "time": 0.03414797782897949,