{
  "code": "def power(a, b):\n    result = 1\n    for _ in range(b):\n        result = result * a\n    return result",
  "results": {
    "assert power(3,4) == 81": {
      "result": true,
      "time": 0.04404759407043457,
      "error": null
    },
    "assert power(2,3) == 8": {
      "result": true,
      "time": 0.0444035530090332,
      "error": null
    },
    "assert power(5,5) == 3125": {
      "result": true,
      "time": 0.048705339431762695,
      "error": null
    },
    "assert power(1, 5) == 1": {
      "result": true,
      "time": 0.047769784927368164,
      "error": null
    },
    "assert power(8, 5) == 32768": {
      "result": true,
      "time": 0.049965858459472656,
      "error": null
    },
    "assert power(3, 9) == 19683": {
      "result": true,
      "time": 0.04366469383239746,
      "error": null
    },
    "assert power(6, 2) == 36": {
      "result": true,
      "time": 0.05346965789794922,
      "error": null
    },
    "assert power(1, 6) == 1": {
      "result": true,
      "time": 0.04910898208618164,
      "error": null
    },
    "assert power(2, 9) == 512": {
      "result": true,
      "time": 0.041945457458496094,
      "error": null
    },
    "assert power(4, 3) == 64": {
      "result": true,
      "time": 0.04373598098754883,
      "error": null
    },
    "assert power(7, 3) == 343": {
      "result": true,
      "time": 0.042405128479003906,
      "error": null
    },
    "assert power(2, 2) == 4": {
      "result": true,
      "time": 0.04625725746154785,
      "error": null
    },
    "assert power(7, 5) == 16807": {
      "result": true,
      "time": 0.03972768783569336,
      "error": null
    },
    "assert power(5, 7) == 78125": {
      "result": true,
      "time": 0.04803943634033203,
      "error": null
    },
    "assert power(3, 2) == 9": {
      "result": true,
      "time": 0.043853044509887695,
      "error": null
    },
    "assert power(8, 7) == 2097152": {
      "result": true,
      "time": 0.04851841926574707,
      "error": null
    },
    "assert power(1, 2) == 1": {
      "result": true,
      "time": 0.050852298736572266,
      "error": null
    },
    "assert power(6, 9) == 10077696": {
      "result": true,
      "time": 0.04876518249511719,
      "error": null
    },
    "assert power(4, 5) == 1024": {
      "result": true,
      "time": 0.04254484176635742,
      "error": null
    },
    "assert power(2, 8) == 256": {
      "result": true,
      "time": 0.05119514465332031,
      "error": null
    },
    "assert power(8, 4) == 4096": {
      "result": true,
      "time": 0.04835081100463867,
      "error": null
    },
    "assert power(3, 7) == 2187": {
      "result": true,
      "time": 0.04044747352600098,
      "error": null
    },
    "assert power(4, 2) == 16": {
      "result": true,
      "time": 0.05029606819152832,
      "error": null
    },
    "assert power(6, 1) == 6": {
      "result": true,
      "time": 0.044171810150146484,
      "error": null
    },
    "assert power(4, 4) == 256": {
      "result": true,
      "time": 0.04324531555175781,
      "error": null
    },
    "assert power(3, 6) == 729": {
      "result": true,
      "time": 0.04593229293823242,
      "error": null
    },
    "assert power(7, 4) == 2401": {
      "result": true,
      "time": 0.04341530799865723,
      "error": null
    },
    "assert power(4, 6) == 4096": {
      "result": true,
      "time": 0.042613983154296875,
      "error": null
    },
    "assert power(6, 8) == 1679616": {
      "result": true,
      "time": 0.0430910587310791,
      "error": null
    },
    "assert power(2, 4) == 16": {
      "result": true,
      "time": 0.06176924705505371,
      "error": null
    },
    "assert power(2, 3) == 8": {
      "result": true,
      "time": 0.04503273963928223,
      "error": null
    },
    "assert power(7, 8) == 5764801": {
      "result": true,
      "time": 0.04886937141418457,
      "error": null
    },
    "assert power(4, 8) == 65536": {
      "result": true,
      "time": 0.04742312431335449,
      "error": null
    },
    "assert power(2, 7) == 128": {
      "result": true,
      "time": 0.05126357078552246,
      "error": null
    },
    "assert power(5, 6) == 15625": {
      "result": true,
      "time": 0.04566025733947754,
      "error": null
    },
    "assert power(2, 6) == 64": {
      "result": true,
      "time": 0.040225982666015625,
      "error": null
    },
    "assert power(3, 5) == 243": {
      "result": true,
      "time": 0.04641079902648926,
      "error": null
    },
    "assert power(7, 2) == 49": {
      "result": true,
      "time": 0.05050492286682129,
      "error": null
    },
    "assert power(4, 7) == 16384": {
      "result": true,
      "time": 0.0471196174621582,
      "error": null
    },
    "assert power(3, 3) == 27": {
      "result": true,
      "time": 0.04158735275268555,
      "error": null
    },
    "assert power(7, 7) == 823543": {
      "result": true,
      "time": 0.04381823539733887,
      "error": null
    },
    "assert power(5, 5) == 3125": {
      "result": true,
      "time": 0.04130673408508301,
      "error": null
    },
    "assert power(3, 4) == 81": {
      "result": true,
      "time": 0.0423426628112793,
      "error": null
    },
    "assert power(6, 10) == 60466176": {
      "result": true,
      "time": 0.050824642181396484,
      "error": null
    },
    "assert power(10, 5) == 100000": {
      "result": true,
      "time": 0.047864675521850586,
      "error": null
    },
    "assert power(8, 10) == 1073741824": {
      "result": true,
      "time": 0.04719829559326172,
      "error": null
    },
    "assert power(5, 10) == 9765625": {
      "result": true,
      "time": 0.044706106185913086,
      "error": null
    },
    "assert power(10, 1) == 10": {
      "result": true,
      "time": 0.043839216232299805,
      "error": null
    },
    "assert power(5, 1) == 5": {
      "result": true,
      "time": 0.0443727970123291,
      "error": null
    },
    "assert power(2, 10) == 1024": {
      "result": true,
      "time": 0.04490780830383301,
      "error": null
    },
    "assert power(10, 9) == 1000000000": {
      "result": true,
      "time": 0.041730642318725586,
      "error": null
    },
    "assert power(9, 5) == 59049": {
      "result": true,
      "time": 0.05174374580383301,
      "error": null
    },
    "assert power(10, 8) == 100000000": {
      "result": true,
      "time": 0.039620399475097656,
      "error": null
    },
    "assert power(7, 6) == 117649": {
      "result": true,
      "time": 0.050054073333740234,
      "error": null
    },
    "assert power(6, 4) == 1296": {
      "result": true,
      "time": 0.041014671325683594,
      "error": null
    },
    "assert power(6, 7) == 279936": {
      "result": true,
      "time": 0.04166841506958008,
      "error": null
    },
    "assert power(6, 6) == 46656": {
      "result": true,
      "time": 0.04010939598083496,
      "error": null
    },
    "assert power(8, 1) == 8": {
      "result": true,
      "time": 0.0466456413269043,
      "error": null
    },
    "assert power(5, 9) == 1953125": {
      "result": true,
      "time": 0.044595956802368164,
      "error": null
    },
    "assert power(5, 4) == 625": {
      "result": true,
      "time": 0.0510103702545166,
      "error": null
    },
    "assert power(3, 8) == 6561": {
      "result": true,
      "time": 0.04324841499328613,
      "error": null
    }
  },
  "passed": true,
  "accuracy": 1.0,
  "general_error": "",
  "has_testcase_error": false
}