{
  "code": "import math\n\ndef area_polygon(n, s):\n    # Step 1: Calculate the value of pi divided by the number of sides\n    pi_over_n = math.pi / n\n    \n    # Step 2: Calculate the cotangent of (pi / n)\n    cotangent = 1 / math.tan(pi_over_n)\n    \n    # Step 3: Calculate the numerator part of the formula: n * s^2\n    numerator = n * (s ** 2)\n    \n    # Step 4: Calculate the denominator part of the formula: 4 * cotangent\n    denominator = 4 * cotangent\n    \n    # Step 5: Compute the area by dividing the numerator by the denominator\n    area = numerator / denominator\n    \n    return area",
  "results": {
    "assert area_polygon(4,20)==400.00000000000006": {
      "result": false,
      "time": 0.07880091667175293,
      "error": null
    },
    "assert area_polygon(10,15)==1731.1969896610804": {
      "result": false,
      "time": 0.07563424110412598,
      "error": null
    },
    "assert area_polygon(9,7)==302.90938549487214": {
      "result": false,
      "time": 0.07534360885620117,
      "error": null
    },
    "assert area_polygon(3, 23) == 229.0637193009841": {
      "result": false,
      "time": 0.0899190902709961,
      "error": null
    },
    "assert area_polygon(9, 24) == 3560.7307356131905": {
      "result": false,
      "time": 0.07998943328857422,
      "error": null
    },
    "assert area_polygon(9, 17) == 1786.5471920003683": {
      "result": false,
      "time": 0.07922482490539551,
      "error": null
    },
    "assert area_polygon(3, 21) == 190.95860153446878": {
      "result": false,
      "time": 0.0860602855682373,
      "error": null
    },
    "assert area_polygon(6, 21) == 1145.7516092068124": {
      "result": false,
      "time": 0.08225274085998535,
      "error": null
    },
    "assert area_polygon(5, 24) == 990.994982739245": {
      "result": false,
      "time": 0.08701968193054199,
      "error": null
    },
    "assert area_polygon(8, 24) == 2781.1740238538055": {
      "result": false,
      "time": 0.08707928657531738,
      "error": null
    },
    "assert area_polygon(2, 16) == 7.83773951454306e-15": {
      "result": false,
      "time": 0.08302664756774902,
      "error": null
    },
    "assert area_polygon(1, 23) == -1.0799032022300438e+18": {
      "result": false,
      "time": 0.09686017036437988,
      "error": null
    },
    "assert area_polygon(3, 16) == 110.85125168440818": {
      "result": false,
      "time": 0.08401179313659668,
      "error": null
    },
    "assert area_polygon(2, 18) == 9.919639073093561e-15": {
      "result": false,
      "time": 0.09055542945861816,
      "error": null
    },
    "assert area_polygon(4, 22) == 484.00000000000006": {
      "result": false,
      "time": 0.07953095436096191,
      "error": null
    },
    "assert area_polygon(1, 24) == -1.1758492334300667e+18": {
      "result": false,
      "time": 0.08039665222167969,
      "error": null
    },
    "assert area_polygon(9, 21) == 2726.184469453849": {
      "result": false,
      "time": 0.07856011390686035,
      "error": null
    },
    "assert area_polygon(5, 22) == 832.71106188506": {
      "result": false,
      "time": 0.0857396125793457,
      "error": null
    },
    "assert area_polygon(8, 22) == 2336.958728377156": {
      "result": false,
      "time": 0.07731509208679199,
      "error": null
    },
    "assert area_polygon(1, 16) == -5.2259965930225184e+17": {
      "result": false,
      "time": 0.08161234855651855,
      "error": null
    },
    "assert area_polygon(5, 25) == 1075.2983753681044": {
      "result": false,
      "time": 0.0891721248626709,
      "error": null
    },
    "assert area_polygon(3, 15) == 97.42785792574938": {
      "result": false,
      "time": 0.0815267562866211,
      "error": null
    },
    "assert area_polygon(4, 20) == 400.00000000000006": {
      "result": false,
      "time": 0.07679462432861328,
      "error": null
    },
    "assert area_polygon(6, 23) == 1374.3823158059042": {
      "result": false,
      "time": 0.07761263847351074,
      "error": null
    },
    "assert area_polygon(6, 24) == 1496.49189773951": {
      "result": false,
      "time": 0.08730626106262207,
      "error": null
    },
    "assert area_polygon(4, 15) == 225.00000000000003": {
      "result": false,
      "time": 0.07647418975830078,
      "error": null
    },
    "assert area_polygon(3, 18) == 140.2961154130791": {
      "result": false,
      "time": 0.08700203895568848,
      "error": null
    },
    "assert area_polygon(4, 16) == 256.00000000000006": {
      "result": false,
      "time": 0.08945846557617188,
      "error": null
    },
    "assert area_polygon(2, 25) == 1.9135106236677392e-14": {
      "result": false,
      "time": 0.08290219306945801,
      "error": null
    },
    "assert area_polygon(5, 20) == 688.1909602355868": {
      "result": false,
      "time": 0.08778166770935059,
      "error": null
    },
    "assert area_polygon(1, 19) == -7.36947175812941e+17": {
      "result": false,
      "time": 0.08553218841552734,
      "error": null
    },
    "assert area_polygon(5, 18) == 557.4346777908253": {
      "result": false,
      "time": 0.09990715980529785,
      "error": null
    },
    "assert area_polygon(14, 16) == 3925.6324957112015": {
      "result": false,
      "time": 0.09478282928466797,
      "error": null
    },
    "assert area_polygon(11, 13) == 1582.7931442737788": {
      "result": false,
      "time": 0.10374903678894043,
      "error": null
    },
    "assert area_polygon(14, 14) == 3005.5623795288884": {
      "result": false,
      "time": 0.08732914924621582,
      "error": null
    },
    "assert area_polygon(7, 17) == 1050.2006963164592": {
      "result": false,
      "time": 0.0941312313079834,
      "error": null
    },
    "assert area_polygon(11, 14) == 1835.6654217613057": {
      "result": false,
      "time": 0.09096145629882812,
      "error": null
    },
    "assert area_polygon(14, 12) == 2208.1682788375506": {
      "result": false,
      "time": 0.09125089645385742,
      "error": null
    },
    "assert area_polygon(7, 11) == 439.7034057241923": {
      "result": false,
      "time": 0.09743165969848633,
      "error": null
    },
    "assert area_polygon(7, 15) == 817.6302999003576": {
      "result": false,
      "time": 0.09140658378601074,
      "error": null
    },
    "assert area_polygon(8, 14) == 946.3717164502533": {
      "result": false,
      "time": 0.0796351432800293,
      "error": null
    },
    "assert area_polygon(11, 17) == 2706.6699331072314": {
      "result": false,
      "time": 0.08920717239379883,
      "error": null
    },
    "assert area_polygon(14, 11) == 1855.4747343009976": {
      "result": false,
      "time": 0.10112905502319336,
      "error": null
    },
    "assert area_polygon(12, 11) == 1354.7344431475026": {
      "result": false,
      "time": 0.10103034973144531,
      "error": null
    },
    "assert area_polygon(5, 19) == 621.092341612617": {
      "result": false,
      "time": 0.08546638488769531,
      "error": null
    },
    "assert area_polygon(10, 12) == 1107.9660733830913": {
      "result": false,
      "time": 0.09841537475585938,
      "error": null
    },
    "assert area_polygon(8, 12) == 695.2935059634514": {
      "result": false,
      "time": 0.09732413291931152,
      "error": null
    },
    "assert area_polygon(12, 13) == 1892.149759437421": {
      "result": false,
      "time": 0.10474038124084473,
      "error": null
    },
    "assert area_polygon(7, 16) == 930.2815856644069": {
      "result": false,
      "time": 0.09085345268249512,
      "error": null
    },
    "assert area_polygon(9, 14) == 1211.6375419794886": {
      "result": false,
      "time": 0.0856022834777832,
      "error": null
    },
    "assert area_polygon(15, 15) == 3969.5316548724463": {
      "result": false,
      "time": 0.09192085266113281,
      "error": null
    },
    "assert area_polygon(6, 16) == 665.1075101064489": {
      "result": false,