{
  "code": "def overlapping(sequence1, sequence2):\n    found = False\n    for item1 in sequence1:\n        for item2 in sequence2:\n            if item1 == item2:\n                found = True\n                break\n        if found:\n            break\n    return found",
  "results": {
    "assert overlapping([1,2,3,4,5],[6,7,8,9]) == False": {
      "result": true,
      "time": 0.034525394439697266,
      "error": null
    },
    "assert overlapping([1,2,3],[4,5,6]) == False": {
      "result": true,
      "time": 0.03611278533935547,
      "error": null
    },
    "assert overlapping([1,4,5],[1,4,5]) == True": {
      "result": true,
      "time": 0.03922843933105469,
      "error": null
    },
    "assert overlapping([1, 3, 7, 9, 1], [6, 11, 4, 12]) == 0": {
      "result": true,
      "time": 0.0431520938873291,
      "error": null
    },
    "assert overlapping([2, 2, 5, 3, 2], [1, 9, 12, 6]) == 0": {
      "result": true,
      "time": 0.0404355525970459,
      "error": null
    },
    "assert overlapping([3, 6, 3, 3, 9], [1, 6, 11, 14]) == 1": {
      "result": true,
      "time": 0.04056835174560547,
      "error": null
    },
    "assert overlapping([3, 6, 5, 9, 6], [10, 3, 12, 13]) == 1": {
      "result": true,
      "time": 0.04035067558288574,
      "error": null
    },
    "assert overlapping([2, 5, 2, 2, 5], [1, 8, 12, 13]) == 0": {
      "result": true,
      "time": 0.03402304649353027,
      "error": null
    },
    "assert overlapping([1, 7, 8, 2, 7], [4, 6, 13, 8]) == 1": {
      "result": true,
      "time": 0.0353701114654541,
      "error": null
    },
    "assert overlapping([1, 5, 1, 1, 7], [2, 11, 7, 4]) == 1": {
      "result": true,
      "time": 0.03987860679626465,
      "error": null
    },
    "assert overlapping([3, 2, 7, 7, 4], [3, 11, 5, 14]) == 1": {
      "result": true,
      "time": 0.04038381576538086,
      "error": null
    },
    "assert overlapping([3, 7, 1, 6, 7], [3, 2, 6, 13]) == 1": {
      "result": true,
      "time": 0.037230730056762695,
      "error": null
    },
    "assert overlapping([5, 6, 8, 4, 4], [7, 3, 8, 11]) == 1": {
      "result": true,
      "time": 0.03993034362792969,
      "error": null
    },
    "assert overlapping([3, 4, 5, 2, 3], [10, 11, 9, 6]) == 0": {
      "result": true,
      "time": 0.04300689697265625,
      "error": null
    },
    "assert overlapping([5, 4, 4, 2, 5], [8, 6, 13, 12]) == 0": {
      "result": true,
      "time": 0.036380767822265625,
      "error": null
    },
    "assert overlapping([3, 3, 3, 3, 9], [2, 3, 12, 7]) == 1": {
      "result": true,
      "time": 0.03796815872192383,
      "error": null
    },
    "assert overlapping([6, 1, 3, 5, 5], [2, 7, 3, 13]) == 1": {
      "result": true,
      "time": 0.03590035438537598,
      "error": null
    },
    "assert overlapping([4, 5, 4, 7, 1], [6, 8, 6, 14]) == 0": {
      "result": true,
      "time": 0.04798150062561035,
      "error": null
    },
    "assert overlapping([6, 1, 1, 5, 2], [6, 5, 10, 8]) == 1": {
      "result": true,
      "time": 0.036925554275512695,
      "error": null
    },
    "assert overlapping([5, 1, 4, 3, 10], [9, 10, 6, 12]) == 1": {
      "result": true,
      "time": 0.051157236099243164,
      "error": null
    },
    "assert overlapping([2, 5, 7, 9, 1], [6, 10, 11, 4]) == 0": {
      "result": true,
      "time": 0.03582930564880371,
      "error": null
    },
    "assert overlapping([1, 7, 8, 3, 1], [9, 11, 12, 12]) == 0": {
      "result": true,
      "time": 0.0384984016418457,
      "error": null
    },
    "assert overlapping([6, 4, 4, 5, 2], [7, 8, 3, 4]) == 1": {
      "result": true,
      "time": 0.03858065605163574,
      "error": null
    },
    "assert overlapping([4, 1, 5, 6, 8], [1, 4, 9, 14]) == 1": {
      "result": true,
      "time": 0.03606772422790527,
      "error": null
    },
    "assert overlapping([5, 2, 4, 4, 2], [4, 7, 9, 6]) == 1": {
      "result": true,
      "time": 0.03694486618041992,
      "error": null
    },
    "assert overlapping([2, 1, 3, 8, 9], [9, 4, 6, 4]) == 1": {
      "result": true,
      "time": 0.03600740432739258,
      "error": null
    },
    "assert overlapping([5, 2, 5, 8, 3], [6, 7, 5, 14]) == 1": {
      "result": true,
      "time": 0.04401254653930664,
      "error": null
    },
    "assert overlapping([5, 3, 2, 6, 10], [4, 9, 9, 11]) == 0": {
      "result": true,
      "time": 0.03988766670227051,
      "error": null
    },
    "assert overlapping([6, 7, 7, 8, 10], [7, 6, 10, 12]) == 1": {
      "result": true,
      "time": 0.03810572624206543,
      "error": null
    },
    "assert overlapping([3, 6, 4, 3, 2], [1, 7, 11, 11]) == 0": {
      "result": true,
      "time": 0.03646039962768555,
      "error": null
    },
    "assert overlapping([6, 5, 8, 4, 5], [2, 4, 12, 12]) == 1": {
      "result": true,
      "time": 0.04050707817077637,
      "error": null
    },
    "assert overlapping([5, 7, 5, 9, 5], [2, 3, 12, 12]) == 0": {
      "result": true,
      "time": 0.03869795799255371,
      "error": null
    },
    "assert overlapping([1, 7, 4, 7, 9], [7, 11, 8, 12]) == 1": {
      "result": true,
      "time": 0.03408932685852051,
      "error": null
    },
    "assert overlapping([6, 4, 1, 1, 10], [2, 5, 5, 10]) == 1": {
      "result": true,
      "time": 0.03418374061584473,
      "error": null
    },
    "assert overlapping([3, 7, 6, 8, 8], [10, 11, 6, 10]) == 1": {
      "result": true,
      "time": 0.04295682907104492,
      "error": null
    },
    "assert overlapping([3, 1, 3, 9, 5], [9, 3, 10, 6]) == 1": {
      "result": true,
      "time": 0.0339207649230957,
      "error": null
    },
    "assert overlapping([6, 7, 5], [6, 10, 2]) == 1": {
      "result": true,
      "time": 0.03782367706298828,
      "error": null
    },
    "assert overlapping([6, 1, 5], [7, 8, 2]) == 0": {
      "result": true,
      "time": 0.04509711265563965,
      "error": null
    },
    "assert overlapping([2, 3, 2], [6, 10, 3]) == 1": {
      "result": true,
      "time": 0.03678631782531738,
      "error": null
    },
    "assert overlapping([4, 7, 1], [4, 1, 8]) == 1": {
      "result": true,
      "time": 0.03891944885253906,
      "error": null
    },
    "assert overlapping([4, 5, 3], [9, 5, 8]) == 1": {
      "result": true,
      "time": 0.04462289810180664,
      "error": null
    },
    "assert overlapping([3, 5, 3], [7, 2, 1]) == 0": {
      "result": true,
      "time": 0.04790639877319336,
      "error": null
    },
    "assert overlapping([6, 5, 6], [6, 10, 4]) == 1": {
      "result": true,
      "time": 0.05179619789123535,
      "error": null
    },
    "assert overlapping([5, 4, 2], [9, 6, 4]) == 1": {
      "result": true,
      "time": 0.03713870048522949,
      "error": null
    },
    "assert overlapping([4, 7, 2], [6, 4, 3]) == 1": {
      "result": true,
      "time": 0.0438382625579834,
      "error": null
    },
    "assert overlapping([3, 3, 2], [7, 6, 3]) == 1": {
      "result": true,
      "time": 0.04763984680175781,
      "error": null
    },
    "assert overlapping([1, 7, 6], [6, 6, 2]) == 1": {
      "result": true,
      "time": 0.04464006423950195,
      "error": null
    },
    "assert overlapping([2, 1, 3], [9, 1, 1]) == 1": {
      "result": true,
      "time": 0.04491019248962402,
      "error": null
    },
    "assert overlapping([2, 5, 1], [8, 2, 8]) == 1": {
      "result": true,
      "time": 0.04064440727233887,
      "error": null
    },
    "assert overlapping([1, 1, 8], [9, 3, 4]) == 0": {
      "result": true,
      "time": 0.04140424728393555,
      "error": null
    },
    "assert overlapping([6, 2, 7], [6, 5, 7]) == 1": {
      "result": true,
      "time": 0.04032707214355469,
      "error": null
    },
    "assert overlapping([2, 1, 2], [2, 8, 7]) == 1": {
      "result": true,
      "time": 0.03500628471374512,
      "error": null
    },
    "assert overlapping([5, 6, 1], [2, 2, 3]) == 0": {
      "result": true,
      "time": 0.03713035583496094,