{
  "code": "import math\n\ndef surfacearea_cone(radius, height):\n    # Calculate the slant height using the Pythagorean theorem\n    slant_height_squared = radius ** 2 + height ** 2\n    slant_height = math.sqrt(slant_height_squared)\n    \n    # Calculate the lateral surface area\n    lateral_area = math.pi * radius * slant_height\n    \n    # Calculate the base area\n    base_area = math.pi * radius ** 2\n    \n    # Calculate the total surface area\n    total_area = lateral_area + base_area\n    \n    return total_area",
  "results": {
    "assert surfacearea_cone(5,12)==282.7433388230814": {
      "result": true,
      "time": 0.08476710319519043,
      "error": null
    },
    "assert surfacearea_cone(10,15)==880.5179353159282": {
      "result": false,
      "time": 0.0690467357635498,
      "error": null
    },
    "assert surfacearea_cone(19,17)==2655.923961165254": {
      "result": true,
      "time": 0.083099365234375,
      "error": null
    },
    "assert surfacearea_cone(3, 7) == 100.05130440467447": {
      "result": true,
      "time": 0.09556341171264648,
      "error": null
    },
    "assert surfacearea_cone(8, 12) == 563.531478602194": {
      "result": true,
      "time": 0.09662747383117676,
      "error": null
    },
    "assert surfacearea_cone(10, 9) == 736.8173300634368": {
      "result": false,
      "time": 0.09649872779846191,
      "error": null
    },
    "assert surfacearea_cone(6, 11) == 349.2815942658322": {
      "result": true,
      "time": 0.07818460464477539,
      "error": null
    },
    "assert surfacearea_cone(9, 8) == 594.9370705369382": {
      "result": true,
      "time": 0.08132219314575195,
      "error": null
    },
    "assert surfacearea_cone(6, 15) == 417.62123106558545": {
      "result": false,
      "time": 0.0989675521850586,
      "error": null
    },
    "assert surfacearea_cone(6, 8) == 301.59289474462014": {
      "result": true,
      "time": 0.07924866676330566,
      "error": null
    },
    "assert surfacearea_cone(6, 16) == 435.1986883116313": {
      "result": true,
      "time": 0.09334659576416016,
      "error": null
    },
    "assert surfacearea_cone(9, 14) == 725.0477060601949": {
      "result": true,
      "time": 0.08191299438476562,
      "error": null
    },
    "assert surfacearea_cone(7, 16) == 537.9969388608057": {
      "result": true,
      "time": 0.09435415267944336,
      "error": null
    },
    "assert surfacearea_cone(4, 11) == 197.35107946539623": {
      "result": true,
      "time": 0.08470964431762695,
      "error": null
    },
    "assert surfacearea_cone(4, 14) == 233.2346004213573": {
      "result": true,
      "time": 0.08529901504516602,
      "error": null
    },
    "assert surfacearea_cone(4, 8) == 162.6625181540883": {
      "result": false,
      "time": 0.09600424766540527,
      "error": null
    },
    "assert surfacearea_cone(2, 12) == 89.00461892922377": {
      "result": true,
      "time": 0.09242129325866699,
      "error": null
    },
    "assert surfacearea_cone(8, 9) == 503.7002103596712": {
      "result": true,
      "time": 0.09725570678710938,
      "error": null
    },
    "assert surfacearea_cone(1, 16) == 53.505154194449524": {
      "result": false,
      "time": 0.09592175483703613,
      "error": null
    },
    "assert surfacearea_cone(5, 10) == 254.160184615763": {
      "result": true,
      "time": 0.0844573974609375,
      "error": null
    },
    "assert surfacearea_cone(7, 15) == 517.9563207330997": {
      "result": false,
      "time": 0.10839462280273438,
      "error": null
    },
    "assert surfacearea_cone(9, 12) == 678.5840131753953": {
      "result": true,
      "time": 0.09394025802612305,
      "error": null
    },
    "assert surfacearea_cone(6, 7) == 286.8816543480875": {
      "result": true,
      "time": 0.10096144676208496,
      "error": null
    },
    "assert surfacearea_cone(4, 16) == 257.51537595207975": {
      "result": false,
      "time": 0.12412619590759277,
      "error": null
    },
    "assert surfacearea_cone(2, 9) == 70.49447688731084": {
      "result": true,
      "time": 0.0964663028717041,
      "error": null
    },
    "assert surfacearea_cone(6, 9) == 316.9864567137342": {
      "result": true,
      "time": 0.09767007827758789,
      "error": null
    },
    "assert surfacearea_cone(5, 12) == 282.7433388230814": {
      "result": true,
      "time": 0.10188484191894531,
      "error": null
    },
    "assert surfacearea_cone(9, 9) == 614.3425229316009": {
      "result": false,
      "time": 0.08252215385437012,
      "error": null
    },
    "assert surfacearea_cone(3, 8) == 108.79967207790783": {
      "result": true,
      "time": 0.08942151069641113,
      "error": null
    },
    "assert surfacearea_cone(5, 11) == 268.33985865790703": {
      "result": true,
      "time": 0.09166622161865234,
      "error": null
    },
    "assert surfacearea_cone(8, 10) == 522.9180588592153": {
      "result": true,
      "time": 0.0832984447479248,
      "error": null
    },
    "assert surfacearea_cone(10, 12) == 804.8917254495874": {
      "result": false,
      "time": 0.08652853965759277,
      "error": null
    },
    "assert surfacearea_cone(1, 15) == 50.37008611512417": {
      "result": true,
      "time": 0.07350444793701172,
      "error": null
    },
    "assert surfacearea_cone(2, 13) == 95.20877041950662": {
      "result": true,
      "time": 0.07843661308288574,
      "error": null
    },
    "assert surfacearea_cone(2, 11) == 82.81451792476643": {
      "result": true,
      "time": 0.07769107818603516,
      "error": null
    },
    "assert surfacearea_cone(15, 10) == 1556.3963519931267": {
      "result": true,
      "time": 0.09293985366821289,
      "error": null
    },
    "assert surfacearea_cone(14, 12) == 1426.7456479249227": {
      "result": true,
      "time": 0.10735511779785156,
      "error": null
    },
    "assert surfacearea_cone(8, 19) == 719.1866635663544": {
      "result": true,
      "time": 0.07894301414489746,
      "error": null
    },
    "assert surfacearea_cone(8, 18) == 696.1195188917173": {
      "result": false,
      "time": 0.08168697357177734,
      "error": null
    },
    "assert surfacearea_cone(15, 20) == 1884.9555921538758": {
      "result": true,
      "time": 0.08569812774658203,
      "error": null
    },
    "assert surfacearea_cone(13, 19) == 1471.152784093456": {
      "result": false,
      "time": 0.08429980278015137,
      "error": null
    },
    "assert surfacearea_cone(9, 20) == 874.5735582790329": {
      "result": false,
      "time": 0.0908048152923584,
      "error": null
    },
    "assert surfacearea_cone(14, 20) == 1689.496872648278": {
      "result": true,
      "time": 0.07765960693359375,
      "error": null
    },
    "assert surfacearea_cone(10, 10) == 758.447559174816": {
      "result": true,
      "time": 0.1111912727355957,
      "error": null
    },
    "assert surfacearea_cone(11, 15) == 1022.9397255576102": {
      "result": true,
      "time": 0.10394096374511719,
      "error": null
    },
    "assert surfacearea_cone(6, 12) == 365.99066584669873": {
      "result": true,
      "time": 0.07846212387084961,
      "error": null
    },
    "assert surfacearea_cone(5, 17) == 356.8856346100243": {
      "result": false,
      "time": 0.09146952629089355,
      "error": null
    },
    "assert surfacearea_cone(12, 13) == 1119.3547157053194": {
      "result": true,
      "time": 0.07007074356079102,
      "error": null
    },
    "assert surfacearea_cone(12, 10) == 1041.26829422566": {
      "result": true,
      "time": 0.0824580192565918,
      "error": null
    },
    "assert surfacearea_cone(10, 20) == 1016.640738463052": {
      "result": true,
      "time": 0.08690357208251953,
      "error": null
    },
    "assert surfacearea_cone(7, 19) == 599.2248604213447": {
      "result": false,
      "time": 0.08121228218078613,
      "error": null
    },