{
  "code": "import math\n\ndef binomial_probability(n, k, p):\n    # Calculate the binomial coefficient (n choose k)\n    numerator = math.factorial(n)\n    denominator = math.factorial(k) * math.factorial(n - k)\n    binomial_coefficient = numerator / denominator\n    \n    # Calculate the probability of success raised to the power of k\n    success_probability = p ** k\n    \n    # Calculate the probability of failure raised to the power of (n - k)\n    failure_probability = (1 - p) ** (n - k)\n    \n    # Calculate the final binomial probability\n    probability = binomial_coefficient * success_probability * failure_probability\n    \n    return probability",
  "results": {
    "assert binomial_probability(10, 5, 1.0/3) == 0.13656454808718185": {
      "result": true,
      "time": 0.09437084197998047,
      "error": null
    },
    "assert binomial_probability(11, 6, 2.0/4) == 0.2255859375": {
      "result": true,
      "time": 0.08724379539489746,
      "error": null
    },
    "assert binomial_probability(12, 7, 3.0/5) == 0.227030335488": {
      "result": true,
      "time": 0.10077500343322754,
      "error": null
    },
    "assert binomial_probability(9, 3, 5.701190918434108) == 168044139.53555688": {
      "result": true,
      "time": 0.09209275245666504,
      "error": null
    },
    "assert binomial_probability(8, 3, 2.087751431279063) == -776.0196427923785": {
      "result": true,
      "time": 0.08399033546447754,
      "error": null
    },
    "assert binomial_probability(13, 4, 2.317392472725767) == -246456.9153615105": {
      "result": true,
      "time": 0.07457637786865234,
      "error": null
    },
    "assert binomial_probability(7, 2, 4.835748435742909) == -407753.1058641725": {
      "result": true,
      "time": 0.09107851982116699,
      "error": null
    },
    "assert binomial_probability(8, 4, 2.2285619181744027) == 3933.553463371839": {
      "result": true,
      "time": 0.08405518531799316,
      "error": null
    },
    "assert binomial_probability(15, 9, 3.4031649327019244) == 59027246887.6748": {
      "result": true,
      "time": 0.07758760452270508,
      "error": null
    },
    "assert binomial_probability(11, 3, 5.282827007765523) == 2753768159.908322": {
      "result": true,
      "time": 0.0751504898071289,
      "error": null
    },
    "assert binomial_probability(9, 9, 3.269717334356807) == 42716.12880728284": {
      "result": true,
      "time": 0.08965468406677246,
      "error": null
    },
    "assert binomial_probability(13, 8, 4.524823925834593) == -123049303308.03755": {
      "result": true,
      "time": 0.07848882675170898,
      "error": null
    },
    "assert binomial_probability(7, 7, 2.188735244309749) == 240.63157778650384": {
      "result": true,
      "time": 0.09045886993408203,
      "error": null
    },
    "assert binomial_probability(7, 6, 2.234821713308735) == -1076.8608575482635": {
      "result": true,
      "time": 0.08644628524780273,
      "error": null
    },
    "assert binomial_probability(6, 5, 1.8463560659450189) == -108.96365171142695": {
      "result": true,
      "time": 0.08199882507324219,
      "error": null
    },
    "assert binomial_probability(6, 9, 3.5750246919554245) == -5586.852659735955": {
      "result": false,
      "time": 0.09504890441894531,
      "error": null
    },
    "assert binomial_probability(9, 8, 5.165535270996841) == -19003604.18154989": {
      "result": true,
      "time": 0.0881199836730957,
      "error": null
    },
    "assert binomial_probability(5, 5, 3.1989087275382824) == 334.97256903664965": {
      "result": true,
      "time": 0.07604026794433594,
      "error": null
    },
    "assert binomial_probability(13, 8, 5.032142367533059) == -564002711934.9469": {
      "result": true,
      "time": 0.07811236381530762,
      "error": null
    },
    "assert binomial_probability(10, 3, 1.1994755687949517) == -0.002602456329716923": {
      "result": true,
      "time": 0.08286404609680176,
      "error": null
    },
    "assert binomial_probability(15, 10, 3.993357652716894) == -744269917698.7051": {
      "result": true,
      "time": 0.07711434364318848,
      "error": null
    },
    "assert binomial_probability(10, 7, 2.348053370397875) == -115679.9931029269": {
      "result": true,
      "time": 0.08315038681030273,
      "error": null
    },
    "assert binomial_probability(10, 6, 5.157334295182589) == 1180404304.6275237": {
      "result": true,
      "time": 0.08339095115661621,
      "error": null
    },
    "assert binomial_probability(9, 2, 5.296527882442255) == -27296594.48991178": {
      "result": true,
      "time": 0.08867907524108887,
      "error": null
    },
    "assert binomial_probability(11, 8, 5.173027451560232) == -6148878813.8261795": {
      "result": true,
      "time": 0.09686923027038574,
      "error": null
    },
    "assert binomial_probability(6, 5, 1.1387373747274192) == -1.5939056033660823": {
      "result": true,
      "time": 0.08952784538269043,
      "error": null
    },
    "assert binomial_probability(8, 8, 5.528953516534863) == 873259.8836854771": {
      "result": true,
      "time": 0.09442257881164551,
      "error": null
    },
    "assert binomial_probability(7, 7, 5.594585018847685) == 171543.84743572053": {
      "result": true,
      "time": 0.11246800422668457,
      "error": null
    },
    "assert binomial_probability(5, 3, 5.6626721262087525) == 39476.0784907094": {
      "result": true,
      "time": 0.08935999870300293,
      "error": null
    },
    "assert binomial_probability(11, 2, 1.9475132687872327) == -128.40775235825603": {
      "result": true,
      "time": 0.08696389198303223,
      "error": null
    },
    "assert binomial_probability(11, 2, 5.437898751244569) == -1085979011.2427769": {
      "result": true,
      "time": 0.1168830394744873,
      "error": null
    },
    "assert binomial_probability(6, 8, 2.6461065045336962) == 887.0389716224996": {
      "result": false,
      "time": 0.11841130256652832,
      "error": null
    },
    "assert binomial_probability(6, 7, 2.9704548793459873) == -1035.605205578601": {
      "result": false,
      "time": 0.08081173896789551,
      "error": null
    },
    "assert binomial_probability(7, 3, 4.596292840799825) == 568474.9219199612": {
      "result": true,
      "time": 0.08276629447937012,
      "error": null
    },
    "assert binomial_probability(13, 4, 2.8847994005852975) == -14864651.554468162": {
      "result": true,
      "time": 0.0819709300994873,
      "error": null
    },
    "assert binomial_probability(9, 2, 5.302693860730818) == -27636226.18570414": {
      "result": true,
      "time": 0.08593297004699707,
      "error": null
    },
    "assert binomial_probability(13, 8, 4.884589478790804) == -368917071187.66034": {
      "result": true,
      "time": 0.06940603256225586,
      "error": null
    },
    "assert binomial_probability(11, 10, 4.467841334817579) == -120900840.8732791": {
      "result": true,
      "time": 0.10875463485717773,
      "error": null
    },
    "assert binomial_probability(10, 11, 1.5625068513656222) == -240.9425027421504": {
      "result": false,
      "time": 0.08925580978393555,
      "error": null
    },
    "assert binomial_probability(14, 2, 4.027706330193604) == 876036040.5531797": {
      "result": true,
      "time": 0.08628487586975098,
      "error": null
    },
    "assert binomial_probability(14, 4, 3.3944442862886453) == 823296332.5572486": {
      "result": true,
      "time": 0.07767558097839355,
      "error": null
    },
    "assert binomial_probability(8, 8, 4.387054441636035) == 137209.50289673833": {
      "result": true,
      "time": 0.080657958984375,
      "error": null
    },
    "assert binomial_probability(10, 7, 5.782401897762991) == -2837117810.0148935": {
      "result": true,
      "time": 0.0799403190612793,
      "error": null
    },