{
  "code": "import math\n\ndef volume_sphere(radius):\n    # Step 1: Calculate the cube of the radius\n    radius_cubed = radius ** 3\n    \n    # Step 2: Multiply by the mathematical constant pi\n    product_with_pi = math.pi * radius_cubed\n    \n    # Step 3: Multiply by 4/3 to get the volume\n    volume = (4 / 3) * product_with_pi\n    \n    return volume",
  "results": {
    "assert volume_sphere(10)==4188.790204786391": {
      "result": false,
      "time": 0.08209776878356934,
      "error": null
    },
    "assert volume_sphere(25)==65449.84694978735": {
      "result": true,
      "time": 0.08691811561584473,
      "error": null
    },
    "assert volume_sphere(20)==33510.32163829113": {
      "result": false,
      "time": 0.0792686939239502,
      "error": null
    },
    "assert volume_sphere(13) == 9202.7720799157": {
      "result": true,
      "time": 0.07773208618164062,
      "error": null
    },
    "assert volume_sphere(7) == 1436.755040241732": {
      "result": true,
      "time": 0.08066940307617188,
      "error": null
    },
    "assert volume_sphere(6) == 904.7786842338604": {
      "result": false,
      "time": 0.07912087440490723,
      "error": null
    },
    "assert volume_sphere(12) == 7238.229473870883": {
      "result": false,
      "time": 0.0777289867401123,
      "error": null
    },
    "assert volume_sphere(10) == 4188.790204786391": {
      "result": false,
      "time": 0.0865011215209961,
      "error": null
    },
    "assert volume_sphere(8) == 2144.660584850632": {
      "result": true,
      "time": 0.0773169994354248,
      "error": null
    },
    "assert volume_sphere(15) == 14137.166941154068": {
      "result": true,
      "time": 0.07565546035766602,
      "error": null
    },
    "assert volume_sphere(11) == 5575.279762570686": {
      "result": false,
      "time": 0.08210396766662598,
      "error": null
    },
    "assert volume_sphere(5) == 523.5987755982989": {
      "result": false,
      "time": 0.08636188507080078,
      "error": null
    },
    "assert volume_sphere(9) == 3053.628059289279": {
      "result": false,
      "time": 0.08936262130737305,
      "error": null
    },
    "assert volume_sphere(24) == 57905.83579096707": {
      "result": false,
      "time": 0.09143280982971191,
      "error": null
    },
    "assert volume_sphere(22) == 44602.23810056549": {
      "result": false,
      "time": 0.07981133460998535,
      "error": null
    },
    "assert volume_sphere(23) == 50965.01042163601": {
      "result": false,
      "time": 0.08396363258361816,
      "error": null
    },
    "assert volume_sphere(29) == 102160.40430453527": {
      "result": true,
      "time": 0.0955963134765625,
      "error": null
    },
    "assert volume_sphere(20) == 33510.32163829113": {
      "result": false,
      "time": 0.08603334426879883,
      "error": null
    },
    "assert volume_sphere(21) == 38792.38608652677": {
      "result": false,
      "time": 0.0787506103515625,
      "error": null
    },
    "assert volume_sphere(25) == 65449.84694978735": {
      "result": true,
      "time": 0.09078526496887207,
      "error": null
    },
    "assert volume_sphere(26) == 73622.1766393256": {
      "result": true,
      "time": 0.08049440383911133,
      "error": null
    },
    "assert volume_sphere(30) == 113097.33552923254": {
      "result": true,
      "time": 0.09968376159667969,
      "error": null
    },
    "assert volume_sphere(27) == 82447.95760081052": {
      "result": true,
      "time": 0.09531569480895996,
      "error": null
    },
    "assert volume_sphere(28) == 91952.32257547085": {
      "result": true,
      "time": 0.08115577697753906,
      "error": null
    },
    "assert volume_sphere(19) == 28730.912014629856": {
      "result": true,
      "time": 0.08882927894592285,
      "error": null
    },
    "assert volume_sphere(18) == 24429.024474314232": {
      "result": false,
      "time": 0.09022736549377441,
      "error": null
    },
    "assert volume_sphere(16) == 17157.284678805056": {
      "result": true,
      "time": 0.08684611320495605,
      "error": null
    },
    "assert volume_sphere(17) == 20579.526276115535": {
      "result": false,
      "time": 0.10051941871643066,
      "error": null
    }
  },
  "passed": false,
  "accuracy": 0.4642857142857143,
  "general_error": "",
  "has_testcase_error": false
}