{
  "code": "import heapq\n\ndef heap_assending(lst):\n    heap = []\n    for num in lst:\n        heapq.heappush(heap, num)\n    sorted_list = []\n    while heap:\n        smallest = heapq.heappop(heap)\n        sorted_list.append(smallest)\n    return sorted_list",
  "results": {
    "assert heap_assending([18, 14, 10, 9, 8, 7, 9, 3, 2, 4, 1])==[1, 2, 3, 4, 7, 8, 9, 9, 10, 14, 18]": {
      "result": true,
      "time": 0.1383228302001953,
      "error": null
    },
    "assert heap_assending([25, 35, 22, 85, 14, 65, 75, 25, 58])==[14, 22, 25, 25, 35, 58, 65, 75, 85]": {
      "result": true,
      "time": 0.12342476844787598,
      "error": null
    },
    "assert heap_assending([1, 3, 5, 7, 9, 2, 4, 6, 8, 0])==[0, 1, 2, 3, 4, 5, 6, 7, 8, 9]": {
      "result": true,
      "time": 0.12854576110839844,
      "error": null
    },
    "assert heap_assending([13, 11, 7, 8, 11, 4, 10, 6, 1, 8, 4]) == [1, 4, 4, 6, 7, 8, 8, 10, 11, 11, 13]": {
      "result": true,
      "time": 0.12912201881408691,
      "error": null
    },
    "assert heap_assending([20, 18, 7, 14, 12, 4, 13, 3, 6, 8, 1]) == [1, 3, 4, 6, 7, 8, 12, 13, 14, 18, 20]": {
      "result": true,
      "time": 0.13190126419067383,
      "error": null
    },
    "assert heap_assending([16, 14, 9, 11, 4, 7, 10, 2, 4, 8, 6]) == [2, 4, 4, 6, 7, 8, 9, 10, 11, 14, 16]": {
      "result": true,
      "time": 0.13652348518371582,
      "error": null
    },
    "assert heap_assending([14, 10, 6, 12, 9, 8, 8, 8, 3, 6, 3]) == [3, 3, 6, 6, 8, 8, 8, 9, 10, 12, 14]": {
      "result": true,
      "time": 0.12999343872070312,
      "error": null
    },
    "assert heap_assending([19, 12, 5, 9, 3, 7, 5, 4, 5, 4, 3]) == [3, 3, 4, 4, 5, 5, 5, 7, 9, 12, 19]": {
      "result": true,
      "time": 0.12812042236328125,
      "error": null
    },
    "assert heap_assending([23, 13, 9, 10, 3, 5, 6, 1, 7, 8, 6]) == [1, 3, 5, 6, 6, 7, 8, 9, 10, 13, 23]": {
      "result": true,
      "time": 0.1261610984802246,
      "error": null
    },
    "assert heap_assending([13, 17, 8, 13, 4, 8, 5, 7, 6, 3, 6]) == [3, 4, 5, 6, 6, 7, 8, 8, 13, 13, 17]": {
      "result": true,
      "time": 0.1322338581085205,
      "error": null
    },
    "assert heap_assending([20, 14, 11, 4, 13, 10, 8, 3, 5, 6, 2]) == [2, 3, 4, 5, 6, 8, 10, 11, 13, 14, 20]": {
      "result": true,
      "time": 0.12681794166564941,
      "error": null
    },
    "assert heap_assending([16, 12, 6, 11, 13, 3, 8, 5, 1, 3, 3]) == [1, 3, 3, 3, 5, 6, 8, 11, 12, 13, 16]": {
      "result": true,
      "time": 0.1237328052520752,
      "error": null
    },
    "assert heap_assending([23, 9, 10, 4, 6, 5, 10, 4, 1, 5, 4]) == [1, 4, 4, 4, 5, 5, 6, 9, 10, 10, 23]": {
      "result": true,
      "time": 0.12568974494934082,
      "error": null
    },
    "assert heap_assending([23, 17, 15, 9, 12, 8, 10, 5, 4, 5, 3]) == [3, 4, 5, 5, 8, 9, 10, 12, 15, 17, 23]": {
      "result": true,
      "time": 0.1371450424194336,
      "error": null
    },
    "assert heap_assending([18, 19, 12, 13, 9, 11, 13, 8, 2, 1, 1]) == [1, 1, 2, 8, 9, 11, 12, 13, 13, 18, 19]": {
      "result": true,
      "time": 0.1227407455444336,
      "error": null
    },
    "assert heap_assending([21, 16, 5, 13, 3, 6, 4, 8, 7, 8, 5]) == [3, 4, 5, 5, 6, 7, 8, 8, 13, 16, 21]": {
      "result": true,
      "time": 0.12945961952209473,
      "error": null
    },
    "assert heap_assending([18, 9, 15, 9, 4, 6, 11, 7, 1, 8, 4]) == [1, 4, 4, 6, 7, 8, 9, 9, 11, 15, 18]": {
      "result": true,
      "time": 0.14128732681274414,
      "error": null
    },
    "assert heap_assending([15, 12, 11, 11, 5, 11, 12, 8, 4, 7, 5]) == [4, 5, 5, 7, 8, 11, 11, 11, 12, 12, 15]": {
      "result": true,
      "time": 0.13624238967895508,
      "error": null
    },
    "assert heap_assending([13, 17, 10, 8, 10, 8, 8, 3, 1, 5, 1]) == [1, 1, 3, 5, 8, 8, 8, 10, 10, 13, 17]": {
      "result": true,
      "time": 0.12899065017700195,
      "error": null
    },
    "assert heap_assending([19, 15, 15, 9, 7, 5, 4, 1, 4, 8, 4]) == [1, 4, 4, 4, 5, 7, 8, 9, 15, 15, 19]": {
      "result": true,
      "time": 0.14670991897583008,
      "error": null
    },
    "assert heap_assending([20, 17, 14, 12, 11, 7, 8, 1, 7, 2, 5]) == [1, 2, 5, 7, 7, 8, 11, 12, 14, 17, 20]": {
      "result": true,
      "time": 0.13333749771118164,
      "error": null
    },
    "assert heap_assending([19, 12, 11, 13, 7, 2, 7, 5, 1, 2, 6]) == [1, 2, 2, 5, 6, 7, 7, 11, 12, 13, 19]": {
      "result": true,
      "time": 0.13611626625061035,
      "error": null
    },
    "assert heap_assending([16, 19, 11, 9, 3, 11, 7, 1, 7, 5, 6]) == [1, 3, 5, 6, 7, 7, 9, 11, 11, 16, 19]": {
      "result": true,
      "time": 0.12934207916259766,
      "error": null
    },
    "assert heap_assending([21, 15, 6, 4, 8, 4, 10, 1, 2, 8, 4]) == [1, 2, 4, 4, 4, 6, 8, 8, 10, 15, 21]": {
      "result": true,
      "time": 0.11132431030273438,
      "error": null
    },
    "assert heap_assending([13, 13, 10, 11, 9, 12, 8, 8, 6, 8, 5]) == [5, 6, 8, 8, 8, 9, 10, 11, 12, 13, 13]": {
      "result": true,
      "time": 0.14087247848510742,
      "error": null
    },
    "assert heap_assending([14, 19, 11, 5, 12, 5, 14, 1, 5, 4, 6]) == [1, 4, 5, 5, 5, 6, 11, 12, 14, 14, 19]": {
      "result": true,
      "time": 0.14106130599975586,
      "error": null
    },
    "assert heap_assending([20, 16, 11, 9, 5, 7, 8, 6, 4, 9, 2]) == [2, 4, 5, 6, 7, 8, 9, 9, 11, 16, 20]": {
      "result": true,
      "time": 0.14934015274047852,
      "error": null
    },
    "assert heap_assending([19, 12, 7, 14, 10, 5, 7, 4, 7, 1, 4]) == [1, 4, 4, 5, 7, 7, 7, 10, 12, 14, 19]": {
      "result": true,
      "time": 0.1415417194366455,
      "error": null
    },
    "assert heap_assending([17, 14, 5, 6, 10, 11, 9, 2, 3, 6, 3]) == [2, 3, 3, 5, 6, 6, 9, 10, 11, 14, 17]": {
      "result": true,
      "time": 0.1472487449645996,
      "error": null
    },
    "assert heap_assending([21, 13, 15, 7, 8, 2, 12, 3, 5, 1, 2]) == [1, 2, 2, 3, 5, 7, 8, 12, 13, 15, 21]": {
      "result": true,
      "time": 0.12088584899902344,
      "error": null
    },
    "assert heap_assending([16, 11, 5, 14, 9, 3, 13, 4, 5, 6, 6]) == [3, 4, 5, 5, 6, 6, 9, 11, 13, 14, 16]": {
      "result": true,
      "time": 0.1447751522064209,
      "error": null
    },
    "assert heap_assending([19, 9, 11, 12, 7, 4, 14, 4, 5, 5, 4]) == [4, 4, 4, 5, 5, 7, 9, 11, 12, 14, 19]": {
      "result": true,
      "time": 0.13062238693237305,
      "error": null
    },
    "assert heap_assending([21, 9, 10, 9, 5, 12, 13, 5, 2, 8, 1]) == [1, 2, 5, 5, 8, 9, 9, 10, 12, 13, 21]": {
      "result": true,
      "time": 0.14345169067382812,
      "error": null
    },
    "assert heap_assending([19, 10, 9, 14, 11, 10, 12, 8, 5, 4, 4]) == [4, 4, 5, 8, 9, 10, 10, 11, 12, 14, 19]": {
      "result": true,
      "time": 0.12938904762268066,
      "error": null
    },
    "assert heap_assending([15, 16, 6, 8, 9, 12, 7, 1, 4, 9, 3]) == [1, 3, 4, 6, 7, 8, 9, 9, 12, 15, 16]": {
      "result": true,
      "time": 0.1447610855102539,
      "error": null
    },
    "assert heap_assending([20, 13, 10, 13, 10, 2, 6, 3, 7, 3, 5]) == [2, 3, 3, 5, 6, 7, 10, 10, 13, 13, 20]": {
      "result": true,
      "time": 0.13204622268676758,
      "error": null
    },
    "assert heap_assending([25, 40, 27, 83, 9, 66, 74, 27, 58]) == [9, 25, 27, 27, 40, 58, 66, 74, 83]": {
      "result": true,
      "time": 0.12846851348876953,
      "error": null
    },
    "assert heap_assending([20, 39, 21, 86, 18, 66, 73, 27, 62]) == [18, 20, 21, 27, 39, 62, 66, 73, 86]": {
      "result": true,
      "time": 0.1184537410736084,
      "error": null
    },
    "assert heap_assending([26, 34, 24, 86, 11, 61, 73, 20, 53]) == [11, 20, 24, 26, 34, 53, 61, 73, 86]": {
      "result": true,
      "time": 0.13057351112365723,
      "error": null
    },
    "assert heap_assending([30, 30, 22, 89, 10, 69, 72, 29, 61]) == [10, 22, 29, 30, 30, 61, 69, 72, 89]": {
      "result": true,