{
  "code": "def count_integer(lst):\n    count = 0\n    for element in lst:\n        if isinstance(element, int):\n            if not isinstance(element, bool):\n                count = count + 1\n    return count",
  "results": {
    "assert count_integer([1,2,'abc',1.2]) == 2": {
      "result": true,
      "time": 0.04868459701538086,
      "error": null
    },
    "assert count_integer([1,2,3]) == 3": {
      "result": true,
      "time": 0.03809547424316406,
      "error": null
    },
    "assert count_integer([1,1.2,4,5.1]) == 2": {
      "result": true,
      "time": 0.04230046272277832,
      "error": null
    },
    "assert count_integer([4, 4, 'tbbohpcdo', 1.3819276930997435]) == 2": {
      "result": true,
      "time": 0.04158186912536621,
      "error": null
    },
    "assert count_integer([1, 4, 'vrhssdg', 3.184857428276234]) == 2": {
      "result": true,
      "time": 0.03643178939819336,
      "error": null
    },
    "assert count_integer([6, 6, 'koqqn', 4.664490846542019]) == 2": {
      "result": true,
      "time": 0.036591291427612305,
      "error": null
    },
    "assert count_integer([3, 3, 'mgkgdwnp', 4.910749338331247]) == 2": {
      "result": true,
      "time": 0.038639068603515625,
      "error": null
    },
    "assert count_integer([1, 1, 'rehe', 6.896289190674974]) == 2": {
      "result": true,
      "time": 0.04228329658508301,
      "error": null
    },
    "assert count_integer([4, 7, 'yvywu', 2.7854057560811474]) == 2": {
      "result": true,
      "time": 0.038076162338256836,
      "error": null
    },
    "assert count_integer([3, 3, 'bsdvmmw', 5.406689836350308]) == 2": {
      "result": true,
      "time": 0.0420682430267334,
      "error": null
    },
    "assert count_integer([1, 2, 'ciri', 4.460898131752047]) == 2": {
      "result": true,
      "time": 0.04413318634033203,
      "error": null
    },
    "assert count_integer([1, 6, 'zgke', 2.057090695795378]) == 2": {
      "result": true,
      "time": 0.04245352745056152,
      "error": null
    },
    "assert count_integer([6, 6, 'hfy', 4.275763066540621]) == 2": {
      "result": true,
      "time": 0.039708852767944336,
      "error": null
    },
    "assert count_integer([2, 6, 'ljc', 2.6967758594845153]) == 2": {
      "result": true,
      "time": 0.041641950607299805,
      "error": null
    },
    "assert count_integer([1, 4, 'bkg', 6.24691070946794]) == 2": {
      "result": true,
      "time": 0.04379606246948242,
      "error": null
    },
    "assert count_integer([5, 1, 'iqaaspcp', 2.45142217965316]) == 2": {
      "result": true,
      "time": 0.04737353324890137,
      "error": null
    },
    "assert count_integer([2, 4, 'jttvzefc', 6.229186129356008]) == 2": {
      "result": true,
      "time": 0.04728889465332031,
      "error": null
    },
    "assert count_integer([4, 7, 'xnawa', 5.215399261634855]) == 2": {
      "result": true,
      "time": 0.04255247116088867,
      "error": null
    },
    "assert count_integer([3, 3, 'ejvusc', 3.821102763143713]) == 2": {
      "result": true,
      "time": 0.04225587844848633,
      "error": null
    },
    "assert count_integer([6, 3, 'lzfartq', 4.606454965987902]) == 2": {
      "result": true,
      "time": 0.04525017738342285,
      "error": null
    },
    "assert count_integer([5, 3, 'tdzaehmir', 1.794751772181998]) == 2": {
      "result": true,
      "time": 0.04109477996826172,
      "error": null
    },
    "assert count_integer([5, 7, 'gnco', 3.1311480117552524]) == 2": {
      "result": true,
      "time": 0.04188394546508789,
      "error": null
    },
    "assert count_integer([1, 6, 'sequpbkna', 4.013411988800485]) == 2": {
      "result": true,
      "time": 0.04799032211303711,
      "error": null
    },
    "assert count_integer([5, 2, 'gmwfdcq', 6.050550619652883]) == 2": {
      "result": true,
      "time": 0.050591230392456055,
      "error": null
    },
    "assert count_integer([5, 1, 'ucxal', 3.64190277338864]) == 2": {
      "result": true,
      "time": 0.04176068305969238,
      "error": null
    },
    "assert count_integer([5, 3, 'grzktoce', 2.667710939106369]) == 2": {
      "result": true,
      "time": 0.049903154373168945,
      "error": null
    },
    "assert count_integer([1, 4, 'qtsyvqzrs', 6.404173960439104]) == 2": {
      "result": true,
      "time": 0.03749442100524902,
      "error": null
    },
    "assert count_integer([3, 5, 'szpef', 1.420197230040209]) == 2": {
      "result": true,
      "time": 0.03947591781616211,
      "error": null
    },
    "assert count_integer([1, 3, 'wmxwmate', 2.6538211206524833]) == 2": {
      "result": true,
      "time": 0.050977230072021484,
      "error": null
    },
    "assert count_integer([2, 1, 'gzngzu', 4.647783645299926]) == 2": {
      "result": true,
      "time": 0.04317164421081543,
      "error": null
    },
    "assert count_integer([1, 4, 'wtuswvg', 1.3053978342747832]) == 2": {
      "result": true,
      "time": 0.047904253005981445,
      "error": null
    },
    "assert count_integer([6, 7, 'ecfcvieds', 4.901728806465941]) == 2": {
      "result": true,
      "time": 0.04657387733459473,
      "error": null
    },
    "assert count_integer([4, 4, 'hubv', 5.475782201127471]) == 2": {
      "result": true,
      "time": 0.05263209342956543,
      "error": null
    },
    "assert count_integer([5, 5, 'aosew', 6.538951602826536]) == 2": {
      "result": true,
      "time": 0.04002046585083008,
      "error": null
    },
    "assert count_integer([1, 7, 'qcnkhrz', 4.302273628063601]) == 2": {
      "result": true,
      "time": 0.03959965705871582,
      "error": null
    },
    "assert count_integer([5, 6, 'muf', 5.3165437084197205]) == 2": {
      "result": true,
      "time": 0.04509687423706055,
      "error": null
    },
    "assert count_integer([6, 4, 1]) == 3": {
      "result": true,
      "time": 0.04293704032897949,
      "error": null
    },
    "assert count_integer([3, 2, 8]) == 3": {
      "result": true,
      "time": 0.03647255897521973,
      "error": null
    },
    "assert count_integer([5, 2, 4]) == 3": {
      "result": true,
      "time": 0.045107364654541016,
      "error": null
    },
    "assert count_integer([4, 1, 4]) == 3": {
      "result": true,
      "time": 0.03832507133483887,
      "error": null
    },
    "assert count_integer([6, 4, 3]) == 3": {
      "result": true,
      "time": 0.04779243469238281,
      "error": null
    },
    "assert count_integer([1, 7, 7]) == 3": {
      "result": true,
      "time": 0.04448890686035156,
      "error": null
    },
    "assert count_integer([3, 7, 1]) == 3": {
      "result": true,
      "time": 0.04453849792480469,
      "error": null
    },
    "assert count_integer([3, 3, 7]) == 3": {
      "result": true,
      "time": 0.041150808334350586,
      "error": null
    },
    "assert count_integer([5, 6, 8]) == 3": {
      "result": true,
      "time": 0.04041481018066406,
      "error": null
    },
    "assert count_integer([6, 4, 4]) == 3": {
      "result": true,
      "time": 0.04564785957336426,
      "error": null
    },
    "assert count_integer([1, 4, 7]) == 3": {
      "result": true,
      "time": 0.04605293273925781,
      "error": null
    },
    "assert count_integer([5, 7, 1]) == 3": {
      "result": true,
      "time": 0.03987717628479004,
      "error": null
    },
    "assert count_integer([2, 7, 5]) == 3": {
      "result": true,
      "time": 0.04540300369262695,
      "error": null
    },
    "assert count_integer([6, 3, 4]) == 3": {
      "result": true,
      "time": 0.04257774353027344,
      "error": null
    },
    "assert count_integer([1, 4, 5]) == 3": {
      "result": true,
      "time": 0.04519224166870117,
      "error": null
    },
    "assert count_integer([2, 1, 3]) == 3": {
      "result": true,
      "time": 0.0451207160949707,
      "error": null
    },
    "assert count_integer([2, 3, 3]) == 3": {
      "result": true,
      "time": 0.04195404052734375,