{
  "code": "def count_X(tup, element):\n    count = 0\n    for item in tup:\n        if item == element:\n            count = count + 1\n    return count",
  "results": {
    "assert count_X((10, 8, 5, 2, 10, 15, 10, 8, 5, 8, 8, 2),4) == 0": {
      "result": true,
      "time": 0.0383152961730957,
      "error": null
    },
    "assert count_X((10, 8, 5, 2, 10, 15, 10, 8, 5, 8, 8, 2),10) == 3": {
      "result": true,
      "time": 0.03931927680969238,
      "error": null
    },
    "assert count_X((10, 8, 5, 2, 10, 15, 10, 8, 5, 8, 8, 2),8) == 4": {
      "result": true,
      "time": 0.04667258262634277,
      "error": null
    },
    "assert count_X((11, 4, 2, 7, 6, 15, 6, 9, 9, 13, 6, 1), 6) == 3": {
      "result": true,
      "time": 0.04310178756713867,
      "error": null
    },
    "assert count_X((11, 10, 10, 5, 15, 16, 12, 4, 5, 10, 6, 7), 6) == 1": {
      "result": true,
      "time": 0.04453325271606445,
      "error": null
    },
    "assert count_X((13, 8, 10, 5, 14, 17, 8, 8, 2, 13, 12, 1), 3) == 0": {
      "result": true,
      "time": 0.049439430236816406,
      "error": null
    },
    "assert count_X((15, 13, 10, 2, 9, 15, 13, 13, 1, 3, 8, 4), 1) == 1": {
      "result": true,
      "time": 0.03948783874511719,
      "error": null
    },
    "assert count_X((12, 3, 2, 3, 15, 11, 15, 13, 5, 3, 11, 1), 6) == 0": {
      "result": true,
      "time": 0.04328560829162598,
      "error": null
    },
    "assert count_X((5, 3, 5, 3, 7, 20, 10, 6, 8, 7, 9, 2), 1) == 0": {
      "result": true,
      "time": 0.03746652603149414,
      "error": null
    },
    "assert count_X((10, 3, 4, 6, 10, 14, 7, 9, 7, 3, 4, 1), 3) == 2": {
      "result": true,
      "time": 0.03717231750488281,
      "error": null
    },
    "assert count_X((6, 9, 5, 6, 15, 10, 15, 11, 1, 8, 10, 4), 3) == 0": {
      "result": true,
      "time": 0.0410459041595459,
      "error": null
    },
    "assert count_X((11, 13, 9, 5, 15, 20, 6, 11, 3, 4, 4, 1), 2) == 0": {
      "result": true,
      "time": 0.05442643165588379,
      "error": null
    },
    "assert count_X((8, 5, 6, 6, 13, 16, 14, 12, 5, 4, 10, 1), 5) == 2": {
      "result": true,
      "time": 0.03760099411010742,
      "error": null
    },
    "assert count_X((15, 10, 7, 5, 11, 19, 13, 12, 3, 5, 10, 2), 7) == 1": {
      "result": true,
      "time": 0.04155921936035156,
      "error": null
    },
    "assert count_X((15, 12, 9, 1, 9, 13, 10, 8, 4, 11, 11, 5), 9) == 2": {
      "result": true,
      "time": 0.04347729682922363,
      "error": null
    },
    "assert count_X((7, 13, 9, 4, 15, 19, 9, 11, 5, 6, 10, 1), 7) == 1": {
      "result": true,
      "time": 0.03763532638549805,
      "error": null
    },
    "assert count_X((15, 5, 10, 3, 9, 18, 13, 11, 7, 7, 3, 1), 6) == 0": {
      "result": true,
      "time": 0.03905439376831055,
      "error": null
    },
    "assert count_X((14, 7, 7, 3, 14, 16, 12, 13, 10, 11, 11, 2), 5) == 0": {
      "result": true,
      "time": 0.03420686721801758,
      "error": null
    },
    "assert count_X((8, 10, 4, 4, 7, 17, 7, 8, 9, 6, 7, 6), 8) == 2": {
      "result": true,
      "time": 0.03443408012390137,
      "error": null
    },
    "assert count_X((6, 5, 2, 7, 9, 13, 14, 10, 9, 6, 7, 5), 1) == 0": {
      "result": true,
      "time": 0.043505191802978516,
      "error": null
    },
    "assert count_X((11, 13, 2, 7, 8, 11, 9, 12, 9, 12, 6, 2), 2) == 2": {
      "result": true,
      "time": 0.04137563705444336,
      "error": null
    },
    "assert count_X((6, 6, 6, 3, 13, 10, 11, 11, 6, 3, 12, 5), 1) == 0": {
      "result": true,
      "time": 0.036284685134887695,
      "error": null
    },
    "assert count_X((14, 3, 4, 6, 13, 18, 7, 11, 8, 12, 9, 1), 9) == 1": {
      "result": true,
      "time": 0.03532814979553223,
      "error": null
    },
    "assert count_X((12, 6, 9, 7, 15, 19, 5, 6, 5, 8, 8, 3), 5) == 2": {
      "result": true,
      "time": 0.03942680358886719,
      "error": null
    },
    "assert count_X((7, 7, 2, 6, 8, 11, 15, 7, 6, 4, 3, 3), 7) == 3": {
      "result": true,
      "time": 0.03380107879638672,
      "error": null
    },
    "assert count_X((7, 10, 2, 2, 10, 16, 11, 5, 6, 3, 9, 1), 8) == 0": {
      "result": true,
      "time": 0.0377044677734375,
      "error": null
    },
    "assert count_X((12, 6, 9, 2, 13, 14, 7, 13, 8, 6, 12, 2), 1) == 0": {
      "result": true,
      "time": 0.03408932685852051,
      "error": null
    },
    "assert count_X((7, 11, 10, 7, 15, 19, 10, 6, 2, 8, 9, 4), 3) == 0": {
      "result": true,
      "time": 0.03662753105163574,
      "error": null
    },
    "assert count_X((12, 4, 5, 6, 9, 15, 5, 3, 3, 5, 5, 4), 1) == 0": {
      "result": true,
      "time": 0.03775763511657715,
      "error": null
    },
    "assert count_X((5, 11, 2, 3, 11, 18, 14, 12, 5, 11, 13, 6), 2) == 1": {
      "result": true,
      "time": 0.036385297775268555,
      "error": null
    },
    "assert count_X((11, 13, 2, 1, 13, 19, 12, 8, 3, 10, 4, 3), 6) == 0": {
      "result": true,
      "time": 0.03673410415649414,
      "error": null
    },
    "assert count_X((8, 6, 10, 6, 6, 20, 5, 6, 9, 11, 4, 6), 5) == 1": {
      "result": true,
      "time": 0.04162311553955078,
      "error": null
    },
    "assert count_X((10, 4, 9, 3, 9, 15, 15, 6, 10, 11, 5, 5), 3) == 1": {
      "result": true,
      "time": 0.03624844551086426,
      "error": null
    },
    "assert count_X((7, 11, 2, 5, 11, 20, 8, 4, 4, 13, 7, 4), 3) == 0": {
      "result": true,
      "time": 0.040265798568725586,
      "error": null
    },
    "assert count_X((14, 8, 6, 2, 15, 11, 11, 6, 5, 9, 5, 1), 9) == 1": {
      "result": true,
      "time": 0.04011702537536621,
      "error": null
    },
    "assert count_X((11, 8, 3, 3, 12, 12, 5, 5, 6, 7, 12, 4), 5) == 2": {
      "result": true,
      "time": 0.03618144989013672,
      "error": null
    },
    "assert count_X((15, 9, 10, 1, 9, 14, 12, 4, 7, 11, 3, 5), 8) == 0": {
      "result": true,
      "time": 0.036084651947021484,
      "error": null
    },
    "assert count_X((5, 8, 2, 7, 7, 12, 8, 13, 7, 3, 6, 3), 12) == 1": {
      "result": true,
      "time": 0.04364275932312012,
      "error": null
    },
    "assert count_X((13, 9, 1, 3, 15, 12, 14, 12, 7, 13, 13, 1), 10) == 0": {
      "result": true,
      "time": 0.040261030197143555,
      "error": null
    },
    "assert count_X((6, 9, 6, 5, 13, 13, 9, 6, 9, 3, 9, 3), 8) == 0": {
      "result": true,
      "time": 0.04044342041015625,
      "error": null
    },
    "assert count_X((10, 11, 6, 3, 12, 16, 9, 13, 7, 11, 6, 7), 12) == 1": {
      "result": true,
      "time": 0.04097604751586914,
      "error": null
    },
    "assert count_X((12, 5, 1, 4, 13, 10, 5, 12, 1, 3, 12, 4), 11) == 0": {
      "result": true,
      "time": 0.03857827186584473,
      "error": null
    },
    "assert count_X((12, 7, 1, 4, 10, 10, 13, 4, 4, 12, 5, 7), 12) == 2": {
      "result": true,
      "time": 0.06665921211242676,
      "error": null
    },
    "assert count_X((10, 13, 7, 2, 11, 19, 5, 6, 3, 7, 11, 5), 6) == 1": {
      "result": true,
      "time": 0.039595842361450195,
      "error": null
    },
    "assert count_X((5, 8, 10, 6, 8, 13, 9, 13, 9, 6, 6, 6), 13) == 2": {
      "result": true,
      "time": 0.041141510009765625,
      "error": null
    },
    "assert count_X((12, 7, 8, 4, 13, 18, 15, 13, 9, 4, 7, 1), 12) == 1": {
      "result": true,
      "time": 0.0360569953918457,
      "error": null
    },
    "assert count_X((14, 9, 3, 6, 7, 19, 12, 11, 9, 7, 12, 7), 9) == 2": {
      "result": true,
      "time": 0.039911508560180664,
      "error": null
    },
    "assert count_X((6, 13, 4, 6, 5, 18, 11, 7, 1, 3, 13, 2), 7) == 1": {
      "result": true,
      "time": 0.04588603973388672,
      "error": null
    },
    "assert count_X((8, 9, 2, 3, 5, 20, 7, 7, 1, 8, 5, 4), 12) == 0": {
      "result": true,
      "time": 0.039336442947387695,
      "error": null
    },