{
  "code": "def volume_cylinder(radius, height):\n    pi = 3.14159\n    radius_squared = radius * radius\n    product = pi * radius_squared\n    volume = product * height\n    return volume",
  "results": {
    "assert volume_cylinder(10,5)==1570.7500000000002": {
      "result": false,
      "time": 0.04207348823547363,
      "error": null
    },
    "assert volume_cylinder(4,5)==251.32000000000002": {
      "result": false,
      "time": 0.035567522048950195,
      "error": null
    },
    "assert volume_cylinder(4,10)==502.64000000000004": {
      "result": false,
      "time": 0.04993438720703125,
      "error": null
    },
    "assert volume_cylinder(5, 7) == 549.7625": {
      "result": false,
      "time": 0.03875732421875,
      "error": null
    },
    "assert volume_cylinder(7, 10) == 1539.335": {
      "result": false,
      "time": 0.035430192947387695,
      "error": null
    },
    "assert volume_cylinder(15, 3) == 2120.5125000000003": {
      "result": false,
      "time": 0.03968954086303711,
      "error": null
    },
    "assert volume_cylinder(12, 2) == 904.752": {
      "result": false,
      "time": 0.03798675537109375,
      "error": null
    },
    "assert volume_cylinder(15, 1) == 706.8375000000001": {
      "result": false,
      "time": 0.03533315658569336,
      "error": null
    },
    "assert volume_cylinder(6, 10) == 1130.94": {
      "result": false,
      "time": 0.03785371780395508,
      "error": null
    },
    "assert volume_cylinder(5, 8) == 628.3000000000001": {
      "result": false,
      "time": 0.0400235652923584,
      "error": null
    },
    "assert volume_cylinder(7, 8) == 1231.468": {
      "result": false,
      "time": 0.04025387763977051,
      "error": null
    },
    "assert volume_cylinder(15, 10) == 7068.375000000001": {
      "result": false,
      "time": 0.03104424476623535,
      "error": null
    },
    "assert volume_cylinder(10, 4) == 1256.6000000000001": {
      "result": false,
      "time": 0.032713890075683594,
      "error": null
    },
    "assert volume_cylinder(14, 1) == 615.734": {
      "result": false,
      "time": 0.03954315185546875,
      "error": null
    },
    "assert volume_cylinder(7, 4) == 615.734": {
      "result": false,
      "time": 0.03824329376220703,
      "error": null
    },
    "assert volume_cylinder(13, 1) == 530.9135": {
      "result": false,
      "time": 0.035951852798461914,
      "error": null
    },
    "assert volume_cylinder(11, 9) == 3421.0935": {
      "result": false,
      "time": 0.03517460823059082,
      "error": null
    },
    "assert volume_cylinder(9, 7) == 1781.2305000000001": {
      "result": false,
      "time": 0.03543806076049805,
      "error": null
    },
    "assert volume_cylinder(6, 3) == 339.282": {
      "result": false,
      "time": 0.04096698760986328,
      "error": null
    },
    "assert volume_cylinder(6, 6) == 678.564": {
      "result": false,
      "time": 0.03396415710449219,
      "error": null
    },
    "assert volume_cylinder(11, 10) == 3801.2149999999997": {
      "result": false,
      "time": 0.04344582557678223,
      "error": null
    },
    "assert volume_cylinder(12, 10) == 4523.76": {
      "result": false,
      "time": 0.0396571159362793,
      "error": null
    },
    "assert volume_cylinder(14, 8) == 4925.872": {
      "result": false,
      "time": 0.039795875549316406,
      "error": null
    },
    "assert volume_cylinder(14, 3) == 1847.2020000000002": {
      "result": false,
      "time": 0.037544965744018555,
      "error": null
    },
    "assert volume_cylinder(6, 8) == 904.752": {
      "result": false,
      "time": 0.03868556022644043,
      "error": null
    },
    "assert volume_cylinder(11, 5) == 1900.6074999999998": {
      "result": false,
      "time": 0.03160452842712402,
      "error": null
    },
    "assert volume_cylinder(9, 6) == 1526.7690000000002": {
      "result": false,
      "time": 0.03293490409851074,
      "error": null
    },
    "assert volume_cylinder(10, 8) == 2513.2000000000003": {
      "result": false,
      "time": 0.03712964057922363,
      "error": null
    },
    "assert volume_cylinder(9, 9) == 2290.1535000000003": {
      "result": false,
      "time": 0.0527796745300293,
      "error": null
    },
    "assert volume_cylinder(13, 8) == 4247.308": {
      "result": false,
      "time": 0.036782264709472656,
      "error": null
    },
    "assert volume_cylinder(10, 6) == 1884.9": {
      "result": false,
      "time": 0.0348362922668457,
      "error": null
    },
    "assert volume_cylinder(11, 8) == 3040.9719999999998": {
      "result": false,
      "time": 0.037346839904785156,
      "error": null
    },
    "assert volume_cylinder(1, 5) == 15.707500000000001": {
      "result": false,
      "time": 0.04079461097717285,
      "error": null
    },
    "assert volume_cylinder(2, 8) == 100.528": {
      "result": false,
      "time": 0.03369879722595215,
      "error": null
    },
    "assert volume_cylinder(2, 7) == 87.962": {
      "result": false,
      "time": 0.03861641883850098,
      "error": null
    },
    "assert volume_cylinder(8, 7) == 1407.392": {
      "result": false,
      "time": 0.036278724670410156,
      "error": null
    },
    "assert volume_cylinder(2, 9) == 113.09400000000001": {
      "result": false,
      "time": 0.03578901290893555,
      "error": null
    },
    "assert volume_cylinder(4, 1) == 50.264": {
      "result": false,
      "time": 0.03606891632080078,
      "error": null
    },
    "assert volume_cylinder(3, 7) == 197.91449999999998": {
      "result": false,
      "time": 0.03502511978149414,
      "error": null
    },
    "assert volume_cylinder(9, 1) == 254.46150000000003": {
      "result": false,
      "time": 0.03766179084777832,
      "error": null
    },
    "assert volume_cylinder(8, 4) == 804.224": {
      "result": false,
      "time": 0.03763580322265625,
      "error": null
    },
    "assert volume_cylinder(3, 1) == 28.2735": {
      "result": false,
      "time": 0.03650474548339844,
      "error": null
    },
    "assert volume_cylinder(2, 2) == 25.132": {
      "result": false,
      "time": 0.03457331657409668,
      "error": null
    },
    "assert volume_cylinder(6, 2) == 226.188": {
      "result": false,
      "time": 0.04213881492614746,
      "error": null
    },
    "assert volume_cylinder(4, 7) == 351.848": {
      "result": false,
      "time": 0.03834843635559082,
      "error": null
    },
    "assert volume_cylinder(4, 8) == 402.112": {
      "result": false,
      "time": 0.03877615928649902,
      "error": null
    },
    "assert volume_cylinder(7, 1) == 153.9335": {
      "result": false,
      "time": 0.03816699981689453,
      "error": null
    },
    "assert volume_cylinder(3, 5) == 141.3675": {
      "result": false,
      "time": 0.03150296211242676,
      "error": null
    },
    "assert volume_cylinder(1, 1) == 3.1415": {
      "result": false,
      "time": 0.036890506744384766,
      "error": null
    },
    "assert volume_cylinder(9, 5) == 1272.3075000000001": {
      "result": false,
      "time": 0.039098501205444336,
      "error": null
    },
    "assert volume_cylinder(1, 9) == 28.273500000000002": {
      "result": false,
      "time": 0.04091048240661621,
      "error": null
    },
    "assert volume_cylinder(2, 3) == 37.698": {
      "result": false,
      "time": 0.03789567947387695,
      "error": null
    },
    "assert volume_cylinder(6, 5) == 565.47": {
      "result": false,
      "time": 0.034116506576538086,
      "error": null
    },
    "assert volume_cylinder(5, 5) == 392.68750000000006": {
      "result": false,
      "time": 0.03608345985412598,
      "error": null
    },
    "assert volume_cylinder(1, 12) == 37.698": {
      "result": false,
      "time": 0.03593611717224121,
      "error": null
    },
    "assert volume_cylinder(1, 6) == 18.849": {
      "result": false,
      "time": 0.03619265556335449,
      "error": null
    },