{
  "code": "def otherside_rightangle(side1, side2):\n    if side1 > side2:\n        larger_side = side1\n        smaller_side = side2\n    else:\n        larger_side = side2\n        smaller_side = side1\n    sum_of_squares = smaller_side ** 2 + larger_side ** 2\n    third_side = sum_of_squares ** 0.5\n    return third_side",
  "results": {
    "assert otherside_rightangle(7,8)==10.63014581273465": {
      "result": true,
      "time": 0.0420987606048584,
      "error": null
    },
    "assert otherside_rightangle(3,4)==5": {
      "result": true,
      "time": 0.04698967933654785,
      "error": null
    },
    "assert otherside_rightangle(7,15)==16.55294535724685": {
      "result": true,
      "time": 0.04400777816772461,
      "error": null
    },
    "assert otherside_rightangle(8, 7) == 10.63014581273465": {
      "result": true,
      "time": 0.04429364204406738,
      "error": null
    },
    "assert otherside_rightangle(10, 3) == 10.44030650891055": {
      "result": true,
      "time": 0.050789833068847656,
      "error": null
    },
    "assert otherside_rightangle(6, 9) == 10.816653826391969": {
      "result": true,
      "time": 0.03901314735412598,
      "error": null
    },
    "assert otherside_rightangle(11, 4) == 11.704699910719626": {
      "result": true,
      "time": 0.0490114688873291,
      "error": null
    },
    "assert otherside_rightangle(4, 10) == 10.770329614269007": {
      "result": true,
      "time": 0.04022622108459473,
      "error": null
    },
    "assert otherside_rightangle(10, 13) == 16.401219466856727": {
      "result": true,
      "time": 0.04284191131591797,
      "error": null
    },
    "assert otherside_rightangle(9, 4) == 9.848857801796104": {
      "result": true,
      "time": 0.03705573081970215,
      "error": null
    },
    "assert otherside_rightangle(6, 13) == 14.317821063276353": {
      "result": true,
      "time": 0.04934430122375488,
      "error": null
    },
    "assert otherside_rightangle(7, 9) == 11.40175425099138": {
      "result": true,
      "time": 0.039459943771362305,
      "error": null
    },
    "assert otherside_rightangle(9, 3) == 9.486832980505138": {
      "result": true,
      "time": 0.03903675079345703,
      "error": null
    },
    "assert otherside_rightangle(6, 7) == 9.219544457292887": {
      "result": true,
      "time": 0.041793107986450195,
      "error": null
    },
    "assert otherside_rightangle(8, 6) == 10.0": {
      "result": true,
      "time": 0.03680419921875,
      "error": null
    },
    "assert otherside_rightangle(3, 4) == 5.0": {
      "result": true,
      "time": 0.04492759704589844,
      "error": null
    },
    "assert otherside_rightangle(3, 9) == 9.486832980505138": {
      "result": true,
      "time": 0.04255175590515137,
      "error": null
    },
    "assert otherside_rightangle(6, 11) == 12.529964086141668": {
      "result": true,
      "time": 0.041190385818481445,
      "error": null
    },
    "assert otherside_rightangle(9, 11) == 14.212670403551895": {
      "result": true,
      "time": 0.04349017143249512,
      "error": null
    },
    "assert otherside_rightangle(4, 5) == 6.4031242374328485": {
      "result": true,
      "time": 0.04330706596374512,
      "error": null
    },
    "assert otherside_rightangle(4, 7) == 8.06225774829855": {
      "result": true,
      "time": 0.04813718795776367,
      "error": null
    },
    "assert otherside_rightangle(8, 9) == 12.041594578792296": {
      "result": true,
      "time": 0.04598712921142578,
      "error": null
    },
    "assert otherside_rightangle(7, 4) == 8.06225774829855": {
      "result": true,
      "time": 0.0358121395111084,
      "error": null
    },
    "assert otherside_rightangle(4, 12) == 12.649110640673518": {
      "result": true,
      "time": 0.038811445236206055,
      "error": null
    },
    "assert otherside_rightangle(2, 10) == 10.198039027185569": {
      "result": true,
      "time": 0.03690814971923828,
      "error": null
    },
    "assert otherside_rightangle(11, 9) == 14.212670403551895": {
      "result": true,
      "time": 0.04249858856201172,
      "error": null
    },
    "assert otherside_rightangle(12, 6) == 13.416407864998739": {
      "result": true,
      "time": 0.04038214683532715,
      "error": null
    },
    "assert otherside_rightangle(11, 11) == 15.556349186104045": {
      "result": true,
      "time": 0.04403042793273926,
      "error": null
    },
    "assert otherside_rightangle(9, 5) == 10.295630140987": {
      "result": true,
      "time": 0.03913593292236328,
      "error": null
    },
    "assert otherside_rightangle(8, 10) == 12.806248474865697": {
      "result": true,
      "time": 0.036592960357666016,
      "error": null
    },
    "assert otherside_rightangle(2, 9) == 9.219544457292887": {
      "result": true,
      "time": 0.0557408332824707,
      "error": null
    },
    "assert otherside_rightangle(12, 3) == 12.36931687685298": {
      "result": true,
      "time": 0.04625391960144043,
      "error": null
    },
    "assert otherside_rightangle(2, 5) == 5.385164807134504": {
      "result": true,
      "time": 0.061995506286621094,
      "error": null
    },
    "assert otherside_rightangle(8, 8) == 11.313708498984761": {
      "result": true,
      "time": 0.04482293128967285,
      "error": null
    },
    "assert otherside_rightangle(6, 3) == 6.708203932499369": {
      "result": true,
      "time": 0.048357248306274414,
      "error": null
    },
    "assert otherside_rightangle(5, 9) == 10.295630140987": {
      "result": true,
      "time": 0.04738926887512207,
      "error": null
    },
    "assert otherside_rightangle(5, 2) == 5.385164807134504": {
      "result": true,
      "time": 0.04217362403869629,
      "error": null
    },
    "assert otherside_rightangle(5, 1) == 5.0990195135927845": {
      "result": true,
      "time": 0.04809427261352539,
      "error": null
    },
    "assert otherside_rightangle(2, 6) == 6.324555320336759": {
      "result": true,
      "time": 0.05016660690307617,
      "error": null
    },
    "assert otherside_rightangle(5, 8) == 9.433981132056603": {
      "result": true,
      "time": 0.04868650436401367,
      "error": null
    },
    "assert otherside_rightangle(5, 7) == 8.602325267042627": {
      "result": true,
      "time": 0.04892134666442871,
      "error": null
    },
    "assert otherside_rightangle(4, 6) == 7.211102550927978": {
      "result": true,
      "time": 0.054860830307006836,
      "error": null
    },
    "assert otherside_rightangle(1, 9) == 9.055385138137417": {
      "result": true,
      "time": 0.04418635368347168,
      "error": null
    },
    "assert otherside_rightangle(1, 2) == 2.23606797749979": {
      "result": true,
      "time": 0.03862619400024414,
      "error": null
    },
    "assert otherside_rightangle(5, 3) == 5.830951894845301": {
      "result": true,
      "time": 0.03929328918457031,
      "error": null
    },
    "assert otherside_rightangle(8, 5) == 9.433981132056603": {
      "result": true,
      "time": 0.0420832633972168,
      "error": null
    },
    "assert otherside_rightangle(4, 2) == 4.47213595499958": {
      "result": true,
      "time": 0.04502224922180176,
      "error": null
    },
    "assert otherside_rightangle(6, 2) == 6.324555320336759": {
      "result": true,
      "time": 0.04506564140319824,
      "error": null
    },
    "assert otherside_rightangle(5, 4) == 6.4031242374328485": {
      "result": true,
      "time": 0.03216195106506348,
      "error": null
    },
    "assert otherside_rightangle(1, 3) == 3.1622776601683795": {
      "result": true,
      "time": 0.04433178901672363,
      "error": null
    },
    "assert otherside_rightangle(3, 2) == 3.605551275463989": {
      "result": true,
      "time": 0.03911900520324707,
      "error": null
    },
    "assert otherside_rightangle(2, 3) == 3.605551275463989": {
      "result": true,
      "time": 0.04666852951049805,