{
  "code": "def sum_Pairs(arr, n):\n    total_sum = 0\n    for i in range(n):\n        for j in range(i + 1, n):\n            diff = arr[i] - arr[j]\n            abs_diff = abs(diff)\n            total_sum = total_sum + abs_diff\n    return total_sum",
  "results": {
    "assert sum_Pairs([1,8,9,15,16],5) == 74": {
      "result": true,
      "time": 0.05057525634765625,
      "error": null
    },
    "assert sum_Pairs([1,2,3,4],4) == 10": {
      "result": true,
      "time": 0.04135465621948242,
      "error": null
    },
    "assert sum_Pairs([1,2,3,4,5,7,9,11,14],9) == 188": {
      "result": true,
      "time": 0.04517674446105957,
      "error": null
    },
    "assert sum_Pairs([2, 4, 7, 20, 14], 2) == 2": {
      "result": true,
      "time": 0.04122304916381836,
      "error": null
    },
    "assert sum_Pairs([1, 8, 11, 18, 18], 4) == 54": {
      "result": true,
      "time": 0.03848624229431152,
      "error": null
    },
    "assert sum_Pairs([2, 12, 14, 18, 18], 3) == 24": {
      "result": true,
      "time": 0.04402780532836914,
      "error": null
    },
    "assert sum_Pairs([5, 9, 13, 19, 15], 2) == 4": {
      "result": true,
      "time": 0.04360532760620117,
      "error": null
    },
    "assert sum_Pairs([4, 12, 7, 11, 21], 2) == 8": {
      "result": true,
      "time": 0.04219865798950195,
      "error": null
    },
    "assert sum_Pairs([4, 12, 10, 20, 21], 5) == 84": {
      "result": false,
      "time": 0.042102813720703125,
      "error": null
    },
    "assert sum_Pairs([6, 9, 7, 20, 14], 4) == 40": {
      "result": false,
      "time": 0.04191184043884277,
      "error": null
    },
    "assert sum_Pairs([4, 4, 10, 14, 18], 1) == 0": {
      "result": true,
      "time": 0.04263734817504883,
      "error": null
    },
    "assert sum_Pairs([3, 8, 6, 14, 12], 4) == 31": {
      "result": false,
      "time": 0.049280643463134766,
      "error": null
    },
    "assert sum_Pairs([3, 3, 7, 11, 18], 3) == 8": {
      "result": true,
      "time": 0.03922843933105469,
      "error": null
    },
    "assert sum_Pairs([2, 5, 8, 10, 13], 3) == 12": {
      "result": true,
      "time": 0.04274797439575195,
      "error": null
    },
    "assert sum_Pairs([2, 9, 14, 18, 12], 2) == 7": {
      "result": true,
      "time": 0.035608530044555664,
      "error": null
    },
    "assert sum_Pairs([1, 12, 10, 16, 16], 2) == 11": {
      "result": true,
      "time": 0.047049760818481445,
      "error": null
    },
    "assert sum_Pairs([1, 12, 11, 11, 19], 3) == 20": {
      "result": false,
      "time": 0.038648128509521484,
      "error": null
    },
    "assert sum_Pairs([6, 6, 5, 10, 12], 3) == -2": {
      "result": false,
      "time": 0.045230865478515625,
      "error": null
    },
    "assert sum_Pairs([4, 4, 11, 17, 13], 1) == 0": {
      "result": true,
      "time": 0.04246950149536133,
      "error": null
    },
    "assert sum_Pairs([6, 13, 10, 19, 15], 5) == 48": {
      "result": false,
      "time": 0.043932437896728516,
      "error": null
    },
    "assert sum_Pairs([3, 4, 5, 19, 19], 2) == 1": {
      "result": true,
      "time": 0.04246044158935547,
      "error": null
    },
    "assert sum_Pairs([5, 11, 7, 10, 17], 2) == 6": {
      "result": true,
      "time": 0.03131723403930664,
      "error": null
    },
    "assert sum_Pairs([1, 7, 10, 18, 13], 5) == 70": {
      "result": false,
      "time": 0.03547477722167969,
      "error": null
    },
    "assert sum_Pairs([5, 8, 8, 15, 18], 2) == 3": {
      "result": true,
      "time": 0.039408206939697266,
      "error": null
    },
    "assert sum_Pairs([4, 9, 7, 15, 20], 4) == 31": {
      "result": false,
      "time": 0.031108617782592773,
      "error": null
    },
    "assert sum_Pairs([2, 9, 7, 15, 12], 5) == 52": {
      "result": false,
      "time": 0.03343677520751953,
      "error": null
    },
    "assert sum_Pairs([2, 13, 11, 15, 19], 1) == 0": {
      "result": true,
      "time": 0.04035472869873047,
      "error": null
    },
    "assert sum_Pairs([6, 11, 5, 11, 20], 2) == 5": {
      "result": true,
      "time": 0.033286094665527344,
      "error": null
    },
    "assert sum_Pairs([2, 3, 11, 15, 21], 5) == 100": {
      "result": true,
      "time": 0.03685140609741211,
      "error": null
    },
    "assert sum_Pairs([1, 3, 6, 16, 16], 5) == 86": {
      "result": true,
      "time": 0.042525529861450195,
      "error": null
    },
    "assert sum_Pairs([1, 6, 12, 17, 21], 4) == 54": {
      "result": true,
      "time": 0.03844928741455078,
      "error": null
    },
    "assert sum_Pairs([3, 12, 11, 16, 13], 5) == 48": {
      "result": false,
      "time": 0.03816080093383789,
      "error": null
    },
    "assert sum_Pairs([1, 4, 11, 18, 18], 1) == 0": {
      "result": true,
      "time": 0.03416943550109863,
      "error": null
    },
    "assert sum_Pairs([3, 5, 7, 15, 17], 3) == 8": {
      "result": true,
      "time": 0.037728309631347656,
      "error": null
    },
    "assert sum_Pairs([5, 9, 12, 14, 21], 2) == 4": {
      "result": true,
      "time": 0.030657291412353516,
      "error": null
    },
    "assert sum_Pairs([1, 3, 8, 17, 16], 2) == 2": {
      "result": true,
      "time": 0.03179311752319336,
      "error": null
    },
    "assert sum_Pairs([1, 6, 6, 4], 2) == 5": {
      "result": true,
      "time": 0.042119741439819336,
      "error": null
    },
    "assert sum_Pairs([5, 6, 1, 7], 4) == 1": {
      "result": false,
      "time": 0.041465044021606445,
      "error": null
    },
    "assert sum_Pairs([1, 6, 2, 2], 4) == -1": {
      "result": false,
      "time": 0.037139177322387695,
      "error": null
    },
    "assert sum_Pairs([1, 6, 1, 3], 3) == 0": {
      "result": false,
      "time": 0.03693056106567383,
      "error": null
    },
    "assert sum_Pairs([4, 7, 2, 8], 4) == 7": {
      "result": false,
      "time": 0.04101204872131348,
      "error": null
    },
    "assert sum_Pairs([2, 2, 3, 2], 2) == 0": {
      "result": true,
      "time": 0.03613781929016113,
      "error": null
    },
    "assert sum_Pairs([1, 4, 5, 6], 3) == 8": {
      "result": true,
      "time": 0.03800344467163086,
      "error": null
    },
    "assert sum_Pairs([1, 7, 2, 6], 3) == 2": {
      "result": false,
      "time": 0.04017758369445801,
      "error": null
    },
    "assert sum_Pairs([3, 7, 1, 4], 3) == -4": {
      "result": false,
      "time": 0.03411388397216797,
      "error": null
    },
    "assert sum_Pairs([6, 6, 4, 1], 2) == 0": {
      "result": true,
      "time": 0.03796076774597168,
      "error": null
    },
    "assert sum_Pairs([5, 5, 2, 8], 3) == -6": {
      "result": false,
      "time": 0.03411674499511719,
      "error": null
    },
    "assert sum_Pairs([4, 4, 6, 2], 1) == 0": {
      "result": true,
      "time": 0.03454422950744629,
      "error": null
    },
    "assert sum_Pairs([5, 4, 8, 8], 1) == 0": {
      "result": true,
      "time": 0.03653120994567871,
      "error": null
    },
    "assert sum_Pairs([6, 1, 4, 5], 3) == -4": {
      "result": false,
      "time": 0.03685402870178223,
      "error": null
    },
    "assert sum_Pairs([5, 5, 3, 6], 1) == 0": {
      "result": true,
      "time": 0.029516935348510742,
      "error": null
    },
    "assert sum_Pairs([1, 5, 3, 1], 4) == -2": {
      "result": false,
      "time": 0.03929877281188965,
      "error": null
    },
    "assert sum_Pairs([5, 3, 1, 7], 1) == 0": {
      "result": true,
      "time": 0.03692746162414551,
      "error": null
    },
    "assert sum_Pairs([4, 4, 3, 1], 3) == -2": {
      "result": false,
      "time": 0.03625082969665527,
      "error": null
    },
    "assert sum_Pairs([2, 7, 8, 1], 2) == 5": {
      "result": true,
      "time": 0.038083791732788086,
      "error": null
    },
    "assert sum_Pairs([2, 5, 6, 8], 1) == 0": {
      "result": true,
      "time": 0.037966012954711914,
      "error": null
    },
    "assert sum_Pairs([6, 5, 7, 9], 4) == 11": {
      "result": false,