{
  "code": "def large_product(list1, list2, n):\n    products = []\n    for num1 in list1:\n        for num2 in list2:\n            product = num1 * num2\n            products.append(product)\n    unique_products = []\n    for product in products:\n        if product not in unique_products:\n            unique_products.append(product)\n    sorted_products = sorted(unique_products, reverse=True)\n    result = sorted_products[:n]\n    return result",
  "results": {
    "assert large_product([1, 2, 3, 4, 5, 6],[3, 6, 8, 9, 10, 6],3)==[60, 54, 50]": {
      "result": true,
      "time": 0.04129290580749512,
      "error": null
    },
    "assert large_product([1, 2, 3, 4, 5, 6],[3, 6, 8, 9, 10, 6],4)==[60, 54, 50, 48]": {
      "result": true,
      "time": 0.045749664306640625,
      "error": null
    },
    "assert large_product([1, 2, 3, 4, 5, 6],[3, 6, 8, 9, 10, 6],5)==[60, 54, 50, 48, 45]": {
      "result": true,
      "time": 0.04340052604675293,
      "error": null
    },
    "assert large_product([1, 5, 7, 3, 4, 5], [3, 2, 3, 12, 7, 1], 8) == [84, 60, 60, 49, 48, 36, 35, 35]": {
      "result": false,
      "time": 0.03628110885620117,
      "error": null
    },
    "assert large_product([1, 6, 8, 3, 2, 11], [7, 6, 9, 6, 5, 4], 6) == [99, 77, 72, 66, 66, 56]": {
      "result": false,
      "time": 0.04300737380981445,
      "error": null
    },
    "assert large_product([1, 1, 1, 3, 9, 2], [5, 4, 12, 7, 15, 5], 6) == [135, 108, 63, 45, 45, 45]": {
      "result": false,
      "time": 0.044580698013305664,
      "error": null
    },
    "assert large_product([3, 3, 3, 4, 10, 3], [2, 7, 10, 11, 10, 11], 4) == [110, 110, 100, 100]": {
      "result": false,
      "time": 0.04168367385864258,
      "error": null
    },
    "assert large_product([1, 5, 7, 2, 5, 10], [6, 5, 8, 12, 10, 7], 5) == [120, 100, 84, 80, 70]": {
      "result": true,
      "time": 0.03873181343078613,
      "error": null
    },
    "assert large_product([1, 6, 4, 6, 9, 7], [7, 8, 9, 4, 8, 11], 8) == [99, 81, 77, 72, 72, 66, 66, 63]": {
      "result": false,
      "time": 0.036026954650878906,
      "error": null
    },
    "assert large_product([4, 1, 1, 4, 4, 7], [2, 2, 7, 14, 14, 2], 5) == [98, 98, 56, 56, 56]": {
      "result": false,
      "time": 0.03847026824951172,
      "error": null
    },
    "assert large_product([6, 6, 5, 5, 5, 10], [6, 1, 12, 7, 12, 10], 5) == [120, 120, 100, 72, 72]": {
      "result": false,
      "time": 0.036621809005737305,
      "error": null
    },
    "assert large_product([4, 6, 7, 9, 2, 7], [5, 2, 3, 11, 13, 5], 8) == [117, 99, 91, 91, 78, 77, 77, 66]": {
      "result": false,
      "time": 0.03861236572265625,
      "error": null
    },
    "assert large_product([2, 5, 6, 8, 1, 8], [2, 3, 9, 14, 9, 3], 6) == [112, 112, 84, 72, 72, 72]": {
      "result": false,
      "time": 0.04998970031738281,
      "error": null
    },
    "assert large_product([6, 5, 3, 3, 7, 9], [8, 10, 7, 11, 11, 10], 7) == [99, 99, 90, 90, 77, 77, 72]": {
      "result": false,
      "time": 0.03642630577087402,
      "error": null
    },
    "assert large_product([1, 4, 8, 8, 1, 10], [4, 11, 12, 10, 14, 2], 4) == [140, 120, 112, 112]": {
      "result": false,
      "time": 0.041295766830444336,
      "error": null
    },
    "assert large_product([6, 3, 4, 2, 3, 2], [4, 1, 10, 9, 15, 1], 8) == [90, 60, 60, 54, 45, 45, 40, 36]": {
      "result": false,
      "time": 0.04199051856994629,
      "error": null
    },
    "assert large_product([4, 2, 2, 5, 10, 11], [1, 7, 3, 11, 9, 4], 3) == [121, 110, 99]": {
      "result": true,
      "time": 0.0386805534362793,
      "error": null
    },
    "assert large_product([5, 5, 4, 5, 8, 7], [4, 3, 9, 11, 5, 9], 4) == [88, 77, 72, 72]": {
      "result": false,
      "time": 0.041848182678222656,
      "error": null
    },
    "assert large_product([4, 1, 2, 6, 7, 10], [1, 9, 5, 8, 10, 4], 1) == [100]": {
      "result": true,
      "time": 0.04606986045837402,
      "error": null
    },
    "assert large_product([4, 3, 3, 7, 1, 5], [1, 8, 11, 6, 12, 11], 1) == [84]": {
      "result": true,
      "time": 0.03754019737243652,
      "error": null
    },
    "assert large_product([3, 2, 7, 8, 4, 5], [1, 11, 7, 13, 9, 8], 4) == [104, 91, 88, 77]": {
      "result": true,
      "time": 0.04244494438171387,
      "error": null
    },
    "assert large_product([1, 7, 7, 7, 10, 7], [1, 7, 12, 6, 6, 9], 3) == [120, 90, 84]": {
      "result": true,
      "time": 0.042757272720336914,
      "error": null
    },
    "assert large_product([3, 3, 6, 4, 4, 10], [4, 7, 6, 11, 15, 1], 8) == [150, 110, 90, 70, 66, 60, 60, 60]": {
      "result": false,
      "time": 0.04694867134094238,
      "error": null
    },
    "assert large_product([1, 3, 5, 3, 5, 3], [1, 8, 11, 12, 10, 8], 1) == [60]": {
      "result": true,
      "time": 0.04804086685180664,
      "error": null
    },
    "assert large_product([6, 6, 4, 9, 1, 1], [1, 5, 6, 10, 10, 6], 2) == [90, 90]": {
      "result": false,
      "time": 0.03933978080749512,
      "error": null
    },
    "assert large_product([6, 6, 4, 9, 10, 3], [7, 6, 5, 11, 13, 6], 7) == [130, 117, 110, 99, 78, 78, 70]": {
      "result": false,
      "time": 0.03523564338684082,
      "error": null
    },
    "assert large_product([5, 4, 8, 9, 6, 8], [5, 9, 8, 12, 14, 6], 7) == [126, 112, 112, 108, 96, 96, 84]": {
      "result": false,
      "time": 0.036736249923706055,
      "error": null
    },
    "assert large_product([5, 5, 2, 1, 5, 4], [2, 6, 7, 10, 8, 10], 8) == [50, 50, 50, 50, 50, 50, 40, 40]": {
      "result": false,
      "time": 0.038427114486694336,
      "error": null
    },
    "assert large_product([4, 1, 5, 4, 5, 7], [7, 1, 3, 11, 6, 5], 2) == [77, 55]": {
      "result": true,
      "time": 0.049483299255371094,
      "error": null
    },
    "assert large_product([3, 6, 3, 3, 9, 5], [6, 2, 5, 6, 5, 9], 4) == [81, 54, 54, 54]": {
      "result": false,
      "time": 0.045140981674194336,
      "error": null
    },
    "assert large_product([6, 2, 8, 1, 3, 3], [8, 3, 12, 13, 7, 7], 3) == [104, 96, 78]": {
      "result": true,
      "time": 0.03958916664123535,
      "error": null
    },
    "assert large_product([2, 6, 1, 2, 10, 5], [3, 3, 12, 9, 9, 8], 8) == [120, 90, 90, 80, 72, 60, 54, 54]": {
      "result": false,
      "time": 0.03970623016357422,
      "error": null
    },
    "assert large_product([6, 1, 3, 4, 10, 5], [7, 7, 8, 13, 12, 10], 3) == [130, 120, 100]": {
      "result": true,
      "time": 0.04862666130065918,
      "error": null
    },
    "assert large_product([5, 4, 6, 8, 9, 4], [2, 6, 8, 6, 12, 3], 6) == [108, 96, 72, 72, 64, 60]": {
      "result": false,
      "time": 0.04644155502319336,
      "error": null
    },
    "assert large_product([1, 1, 4, 1, 7, 2], [4, 3, 7, 7, 6, 8], 6) == [56, 49, 49, 42, 32, 28]": {
      "result": false,
      "time": 0.04775047302246094,
      "error": null
    },
    "assert large_product([3, 2, 3, 9, 2, 2], [6, 8, 11, 4, 13, 11], 4) == [117, 99, 99, 72]": {
      "result": false,
      "time": 0.04341864585876465,
      "error": null
    },
    "assert large_product([4, 2, 3, 5, 8, 11], [2, 4, 9, 11, 9, 5], 3) == [121, 99, 99]": {
      "result": false,
      "time": 0.052014827728271484,
      "error": null
    },
    "assert large_product([5, 5, 5, 4, 1, 7], [5, 8, 6, 13, 7, 3], 1) == [91]": {
      "result": true,
      "time": 0.05072951316833496,
      "error": null
    },
    "assert large_product([4, 4, 2, 9, 2, 5], [7, 11, 9, 6, 8, 4], 7) == [99, 81, 72, 63, 55, 54, 45]": {
      "result": true,
      "time": 0.04225301742553711,
      "error": null
    },
    "assert large_product([2, 4, 2, 1, 9, 7], [6, 5, 8, 7, 6, 6], 2) == [72, 63]": {
      "result": true,
      "time": 0.052590131759643555,
      "error": null
    },
    "assert large_product([6, 5, 4, 9, 5, 4], [7, 2, 10, 6, 9, 7], 6) == [90, 81, 63, 63, 60, 54]": {
      "result": false,
      "time": 0.046916961669921875,