{
  "code": "def smallest_num(lst):\n    if not lst:\n        return None\n    min_value = lst[0]\n    for num in lst:\n        if num < min_value:\n            min_value = num\n    return min_value",
  "results": {
    "assert smallest_num([10, 20, 1, 45, 99]) == 1": {
      "result": true,
      "time": 0.042899370193481445,
      "error": null
    },
    "assert smallest_num([1, 2, 3]) == 1": {
      "result": true,
      "time": 0.044753313064575195,
      "error": null
    },
    "assert smallest_num([45, 46, 50, 60]) == 45": {
      "result": true,
      "time": 0.04717659950256348,
      "error": null
    },
    "assert smallest_num([13, 24, 6, 50, 103]) == 6": {
      "result": true,
      "time": 0.03930091857910156,
      "error": null
    },
    "assert smallest_num([12, 18, 3, 43, 96]) == 3": {
      "result": true,
      "time": 0.04677248001098633,
      "error": null
    },
    "assert smallest_num([6, 21, 4, 47, 94]) == 4": {
      "result": true,
      "time": 0.04458165168762207,
      "error": null
    },
    "assert smallest_num([14, 20, 1, 48, 97]) == 1": {
      "result": true,
      "time": 0.050269126892089844,
      "error": null
    },
    "assert smallest_num([9, 17, 3, 42, 99]) == 3": {
      "result": true,
      "time": 0.041907548904418945,
      "error": null
    },
    "assert smallest_num([9, 15, 6, 47, 100]) == 6": {
      "result": true,
      "time": 0.04867243766784668,
      "error": null
    },
    "assert smallest_num([9, 22, 6, 43, 99]) == 6": {
      "result": true,
      "time": 0.039701223373413086,
      "error": null
    },
    "assert smallest_num([5, 21, 1, 50, 101]) == 1": {
      "result": true,
      "time": 0.04410839080810547,
      "error": null
    },
    "assert smallest_num([7, 25, 3, 48, 101]) == 3": {
      "result": true,
      "time": 0.0478365421295166,
      "error": null
    },
    "assert smallest_num([12, 21, 1, 50, 99]) == 1": {
      "result": true,
      "time": 0.040459394454956055,
      "error": null
    },
    "assert smallest_num([11, 25, 6, 49, 94]) == 6": {
      "result": true,
      "time": 0.039470672607421875,
      "error": null
    },
    "assert smallest_num([14, 18, 2, 48, 103]) == 2": {
      "result": true,
      "time": 0.04223895072937012,
      "error": null
    },
    "assert smallest_num([9, 15, 1, 50, 99]) == 1": {
      "result": true,
      "time": 0.045728445053100586,
      "error": null
    },
    "assert smallest_num([11, 15, 3, 48, 98]) == 3": {
      "result": true,
      "time": 0.04821324348449707,
      "error": null
    },
    "assert smallest_num([12, 17, 2, 46, 102]) == 2": {
      "result": true,
      "time": 0.05383419990539551,
      "error": null
    },
    "assert smallest_num([10, 19, 6, 46, 103]) == 6": {
      "result": true,
      "time": 0.05819368362426758,
      "error": null
    },
    "assert smallest_num([10, 25, 2, 40, 99]) == 2": {
      "result": true,
      "time": 0.0558016300201416,
      "error": null
    },
    "assert smallest_num([7, 17, 1, 41, 101]) == 1": {
      "result": true,
      "time": 0.041956186294555664,
      "error": null
    },
    "assert smallest_num([9, 23, 5, 49, 104]) == 5": {
      "result": true,
      "time": 0.04801368713378906,
      "error": null
    },
    "assert smallest_num([10, 25, 1, 41, 97]) == 1": {
      "result": true,
      "time": 0.04376673698425293,
      "error": null
    },
    "assert smallest_num([6, 21, 2, 44, 104]) == 2": {
      "result": true,
      "time": 0.044466495513916016,
      "error": null
    },
    "assert smallest_num([9, 16, 4, 45, 101]) == 4": {
      "result": true,
      "time": 0.051425933837890625,
      "error": null
    },
    "assert smallest_num([11, 20, 3, 50, 97]) == 3": {
      "result": true,
      "time": 0.04282402992248535,
      "error": null
    },
    "assert smallest_num([11, 17, 4, 48, 101]) == 4": {
      "result": true,
      "time": 0.044060707092285156,
      "error": null
    },
    "assert smallest_num([13, 17, 1, 44, 98]) == 1": {
      "result": true,
      "time": 0.04282951354980469,
      "error": null
    },
    "assert smallest_num([11, 21, 3, 45, 100]) == 3": {
      "result": true,
      "time": 0.041998863220214844,
      "error": null
    },
    "assert smallest_num([14, 17, 4, 50, 98]) == 4": {
      "result": true,
      "time": 0.049330949783325195,
      "error": null
    },
    "assert smallest_num([6, 25, 3, 44, 103]) == 3": {
      "result": true,
      "time": 0.04399466514587402,
      "error": null
    },
    "assert smallest_num([6, 21, 2, 43, 103]) == 2": {
      "result": true,
      "time": 0.0506129264831543,
      "error": null
    },
    "assert smallest_num([7, 20, 6, 48, 101]) == 6": {
      "result": true,
      "time": 0.04674839973449707,
      "error": null
    },
    "assert smallest_num([12, 24, 1, 44, 101]) == 1": {
      "result": true,
      "time": 0.05183672904968262,
      "error": null
    },
    "assert smallest_num([9, 20, 2, 46, 101]) == 2": {
      "result": true,
      "time": 0.04590296745300293,
      "error": null
    },
    "assert smallest_num([12, 20, 6, 41, 102]) == 6": {
      "result": true,
      "time": 0.0536344051361084,
      "error": null
    },
    "assert smallest_num([2, 5, 2]) == 2": {
      "result": true,
      "time": 0.0465846061706543,
      "error": null
    },
    "assert smallest_num([3, 4, 5]) == 3": {
      "result": true,
      "time": 0.05247330665588379,
      "error": null
    },
    "assert smallest_num([3, 5, 3]) == 3": {
      "result": true,
      "time": 0.038474082946777344,
      "error": null
    },
    "assert smallest_num([4, 7, 7]) == 4": {
      "result": true,
      "time": 0.05334639549255371,
      "error": null
    },
    "assert smallest_num([1, 7, 8]) == 1": {
      "result": true,
      "time": 0.03830766677856445,
      "error": null
    },
    "assert smallest_num([1, 2, 4]) == 1": {
      "result": true,
      "time": 0.04533958435058594,
      "error": null
    },
    "assert smallest_num([3, 7, 2]) == 2": {
      "result": true,
      "time": 0.03897523880004883,
      "error": null
    },
    "assert smallest_num([2, 1, 6]) == 1": {
      "result": true,
      "time": 0.04196500778198242,
      "error": null
    },
    "assert smallest_num([5, 7, 8]) == 5": {
      "result": true,
      "time": 0.04363822937011719,
      "error": null
    },
    "assert smallest_num([2, 5, 4]) == 2": {
      "result": true,
      "time": 0.035750627517700195,
      "error": null
    },
    "assert smallest_num([1, 7, 3]) == 1": {
      "result": true,
      "time": 0.03896689414978027,
      "error": null
    },
    "assert smallest_num([3, 5, 6]) == 3": {
      "result": true,
      "time": 0.03916501998901367,
      "error": null
    },
    "assert smallest_num([5, 3, 6]) == 3": {
      "result": true,
      "time": 0.04496145248413086,
      "error": null
    },
    "assert smallest_num([2, 1, 4]) == 1": {
      "result": true,
      "time": 0.039724111557006836,
      "error": null
    },
    "assert smallest_num([5, 7, 3]) == 3": {
      "result": true,
      "time": 0.0408322811126709,
      "error": null
    },
    "assert smallest_num([6, 3, 2]) == 2": {
      "result": true,
      "time": 0.04613542556762695,
      "error": null
    },
    "assert smallest_num([4, 5, 4]) == 4": {
      "result": true,
      "time": 0.04169106483459473,
      "error": null
    },
    "assert smallest_num([3, 1, 3]) == 1": {
      "result": true,
      "time": 0.04007267951965332,
      "error": null
    },
    "assert smallest_num([5, 3, 2]) == 2": {
      "result": true,
      "time": 0.048462629318237305,
      "error": null
    },
    "assert smallest_num([3, 3, 4]) == 3": {
      "result": true,
      "time": 0.05902457237243652,
      "error": null
    },
    "assert smallest_num([1, 2, 8]) == 1": {
      "result": true,
      "time": 0.058202266693115234,
      "error": null
    },
    "assert smallest_num([3, 3, 2]) == 2": {
      "result": true,