{
  "code": "def max_length(list_of_lists):\n    if not list_of_lists:\n        return (0, [])\n    \n    max_len = 0\n    max_list = []\n    \n    for current_list in list_of_lists:\n        current_len = len(current_list)\n        if current_len > max_len:\n            max_len = current_len\n            max_list = current_list\n    \n    return (max_len, max_list)",
  "results": {
    "assert max_length([[0], [1, 3], [5, 7], [9, 11], [13, 15, 17]])==(3, [13, 15, 17])": {
      "result": true,
      "time": 0.0314786434173584,
      "error": null
    },
    "assert max_length([[1], [5, 7], [10, 12, 14,15]])==(4, [10, 12, 14,15])": {
      "result": true,
      "time": 0.029534101486206055,
      "error": null
    },
    "assert max_length([[5], [15,20,25]])==(3, [15,20,25])": {
      "result": true,
      "time": 0.036064863204956055,
      "error": null
    },
    "assert max_length([[3], [1, 6], [3, 8], [10, 7], [14, 14, 19]]) == (3, [14, 14, 19])": {
      "result": true,
      "time": 0.03995537757873535,
      "error": null
    },
    "assert max_length([[1], [2, 8], [2, 9], [8, 12], [12, 19, 13]]) == (3, [12, 19, 13])": {
      "result": true,
      "time": 0.032362937927246094,
      "error": null
    },
    "assert max_length([[3], [5, 6], [9, 4], [10, 11], [10, 17, 18]]) == (3, [10, 17, 18])": {
      "result": true,
      "time": 0.03421640396118164,
      "error": null
    },
    "assert max_length([[1], [2, 5], [10, 4], [13, 6], [10, 10, 21]]) == (3, [13, 6])": {
      "result": false,
      "time": 0.0377812385559082,
      "error": null
    },
    "assert max_length([[2], [4, 3], [6, 4], [11, 11], [9, 20, 18]]) == (3, [11, 11])": {
      "result": false,
      "time": 0.04588508605957031,
      "error": null
    },
    "assert max_length([[4], [1, 5], [4, 9], [4, 10], [14, 20, 13]]) == (3, [14, 20, 13])": {
      "result": true,
      "time": 0.032540321350097656,
      "error": null
    },
    "assert max_length([[5], [4, 5], [1, 10], [10, 11], [10, 15, 13]]) == (3, [10, 15, 13])": {
      "result": true,
      "time": 0.0391998291015625,
      "error": null
    },
    "assert max_length([[4], [4, 6], [9, 9], [5, 8], [9, 18, 19]]) == (3, [9, 18, 19])": {
      "result": true,
      "time": 0.03571200370788574,
      "error": null
    },
    "assert max_length([[4], [5, 3], [8, 8], [4, 16], [18, 14, 17]]) == (3, [18, 14, 17])": {
      "result": true,
      "time": 0.03335928916931152,
      "error": null
    },
    "assert max_length([[5], [1, 4], [7, 6], [9, 12], [17, 17, 17]]) == (3, [17, 17, 17])": {
      "result": true,
      "time": 0.045180559158325195,
      "error": null
    },
    "assert max_length([[1], [4, 2], [3, 3], [11, 12], [14, 11, 14]]) == (3, [14, 11, 14])": {
      "result": true,
      "time": 0.0360107421875,
      "error": null
    },
    "assert max_length([[4], [5, 6], [7, 8], [8, 10], [16, 13, 20]]) == (3, [16, 13, 20])": {
      "result": true,
      "time": 0.03251194953918457,
      "error": null
    },
    "assert max_length([[3], [2, 7], [9, 7], [13, 16], [12, 17, 19]]) == (3, [13, 16])": {
      "result": false,
      "time": 0.03609156608581543,
      "error": null
    },
    "assert max_length([[3], [4, 3], [4, 5], [4, 12], [15, 18, 12]]) == (3, [15, 18, 12])": {
      "result": true,
      "time": 0.03615379333496094,
      "error": null
    },
    "assert max_length([[1], [4, 7], [1, 5], [9, 6], [14, 17, 22]]) == (3, [14, 17, 22])": {
      "result": true,
      "time": 0.04022979736328125,
      "error": null
    },
    "assert max_length([[4], [2, 1], [8, 12], [11, 8], [16, 20, 13]]) == (3, [16, 20, 13])": {
      "result": true,
      "time": 0.037369728088378906,
      "error": null
    },
    "assert max_length([[4], [4, 5], [6, 8], [14, 13], [9, 10, 18]]) == (3, [14, 13])": {
      "result": false,
      "time": 0.030530929565429688,
      "error": null
    },
    "assert max_length([[1], [5, 7], [4, 11], [9, 14], [13, 14, 21]]) == (3, [13, 14, 21])": {
      "result": true,
      "time": 0.03796577453613281,
      "error": null
    },
    "assert max_length([[2], [2, 8], [1, 9], [9, 8], [13, 10, 18]]) == (3, [13, 10, 18])": {
      "result": true,
      "time": 0.037802934646606445,
      "error": null
    },
    "assert max_length([[1], [1, 3], [9, 10], [14, 12], [15, 18, 12]]) == (3, [15, 18, 12])": {
      "result": true,
      "time": 0.03527402877807617,
      "error": null
    },
    "assert max_length([[5], [2, 4], [2, 4], [9, 8], [18, 16, 14]]) == (3, [18, 16, 14])": {
      "result": true,
      "time": 0.035881996154785156,
      "error": null
    },
    "assert max_length([[3], [3, 4], [5, 8], [4, 14], [18, 10, 14]]) == (3, [18, 10, 14])": {
      "result": true,
      "time": 0.03715205192565918,
      "error": null
    },
    "assert max_length([[4], [2, 8], [4, 12], [8, 13], [10, 18, 15]]) == (3, [10, 18, 15])": {
      "result": true,
      "time": 0.03435230255126953,
      "error": null
    },
    "assert max_length([[4], [1, 7], [6, 10], [13, 14], [15, 12, 17]]) == (3, [15, 12, 17])": {
      "result": true,
      "time": 0.04316854476928711,
      "error": null
    },
    "assert max_length([[1], [5, 4], [3, 12], [11, 13], [16, 14, 14]]) == (3, [16, 14, 14])": {
      "result": true,
      "time": 0.03634357452392578,
      "error": null
    },
    "assert max_length([[3], [4, 8], [7, 12], [8, 8], [16, 12, 17]]) == (3, [16, 12, 17])": {
      "result": true,
      "time": 0.032460927963256836,
      "error": null
    },
    "assert max_length([[3], [2, 2], [1, 9], [6, 15], [16, 10, 16]]) == (3, [16, 10, 16])": {
      "result": true,
      "time": 0.04968595504760742,
      "error": null
    },
    "assert max_length([[3], [4, 7], [9, 5], [6, 16], [18, 15, 15]]) == (3, [18, 15, 15])": {
      "result": true,
      "time": 0.04416823387145996,
      "error": null
    },
    "assert max_length([[4], [6, 2], [3, 5], [13, 10], [18, 12, 14]]) == (3, [18, 12, 14])": {
      "result": true,
      "time": 0.04621696472167969,
      "error": null
    },
    "assert max_length([[2], [2, 4], [5, 11], [9, 16], [13, 19, 15]]) == (3, [13, 19, 15])": {
      "result": true,
      "time": 0.03863334655761719,
      "error": null
    },
    "assert max_length([[5], [3, 2], [6, 9], [12, 14], [15, 12, 12]]) == (3, [15, 12, 12])": {
      "result": true,
      "time": 0.04085683822631836,
      "error": null
    },
    "assert max_length([[3], [5, 2], [2, 10], [13, 6], [12, 14, 15]]) == (3, [13, 6])": {
      "result": false,
      "time": 0.037422895431518555,
      "error": null
    },
    "assert max_length([[4], [6, 6], [3, 8], [13, 9], [8, 20, 15]]) == (3, [13, 9])": {
      "result": false,
      "time": 0.04087352752685547,
      "error": null
    },
    "assert max_length([[6], [1, 7], [15, 9, 17, 19]]) == (4, [15, 9, 17, 19])": {
      "result": true,
      "time": 0.04169201850891113,
      "error": null
    },
    "assert max_length([[6], [10, 9], [12, 13, 16, 17]]) == (4, [12, 13, 16, 17])": {
      "result": true,
      "time": 0.040770530700683594,
      "error": null
    },
    "assert max_length([[5], [6, 4], [7, 13, 14, 19]]) == (4, [7, 13, 14, 19])": {
      "result": true,
      "time": 0.04007291793823242,
      "error": null
    },
    "assert max_length([[6], [1, 11], [6, 17, 11, 20]]) == (4, [6, 17, 11, 20])": {
      "result": true,
      "time": 0.03901505470275879,
      "error": null
    },
    "assert max_length([[3], [10, 4], [10, 13, 15, 19]]) == (4, [10, 13, 15, 19])": {
      "result": true,
      "time": 0.04420733451843262,
      "error": null
    },
    "assert max_length([[6], [6, 11], [7, 17, 14, 14]]) == (4, [7, 17, 14, 14])": {
      "result": true,
      "time": 0.04488182067871094,
      "error": null
    },
    "assert max_length([[4], [6, 11], [9, 15, 17, 13]]) == (4, [9, 15, 17, 13])": {
      "result": true,
      "time": 0.03925800323486328,
      "error": null
    },