{
  "code": "def position_max(lst):\n    if not lst:\n        return []\n    \n    max_value = lst[0]\n    max_indices = [0]\n    \n    for i in range(1, len(lst)):\n        current_value = lst[i]\n        \n        if current_value > max_value:\n            max_value = current_value\n            max_indices = [i]\n        elif current_value == max_value:\n            max_indices.append(i)\n    \n    return max_indices",
  "results": {
    "assert position_max([12,33,23,10,67,89,45,667,23,12,11,10,54])==[7]": {
      "result": true,
      "time": 0.03916215896606445,
      "error": null
    },
    "assert position_max([1,2,2,2,4,4,4,5,5,5,5])==[7,8,9,10]": {
      "result": true,
      "time": 0.034416913986206055,
      "error": null
    },
    "assert position_max([2,1,5,6,8,3,4,9,10,11,8,12])==[11]": {
      "result": true,
      "time": 0.04967188835144043,
      "error": null
    },
    "assert position_max([10, 36, 22, 7, 66, 88, 45, 672, 28, 7, 10, 7, 58]) == [7]": {
      "result": true,
      "time": 0.0399937629699707,
      "error": null
    },
    "assert position_max([12, 31, 25, 7, 72, 84, 48, 672, 23, 17, 6, 15, 53]) == [7]": {
      "result": true,
      "time": 0.04227471351623535,
      "error": null
    },
    "assert position_max([15, 35, 25, 8, 68, 91, 46, 672, 24, 11, 15, 5, 54]) == [7]": {
      "result": true,
      "time": 0.04402947425842285,
      "error": null
    },
    "assert position_max([17, 38, 18, 10, 72, 89, 40, 671, 18, 7, 10, 8, 51]) == [7]": {
      "result": true,
      "time": 0.04464125633239746,
      "error": null
    },
    "assert position_max([15, 34, 27, 9, 68, 87, 41, 662, 18, 11, 7, 10, 58]) == [7]": {
      "result": true,
      "time": 0.04771828651428223,
      "error": null
    },
    "assert position_max([14, 38, 21, 7, 63, 86, 40, 662, 19, 14, 8, 9, 58]) == [7]": {
      "result": true,
      "time": 0.05056285858154297,
      "error": null
    },
    "assert position_max([12, 35, 19, 15, 67, 87, 44, 664, 19, 10, 16, 8, 59]) == [7]": {
      "result": true,
      "time": 0.04372072219848633,
      "error": null
    },
    "assert position_max([15, 28, 19, 13, 67, 92, 49, 669, 19, 14, 6, 8, 57]) == [7]": {
      "result": true,
      "time": 0.0436093807220459,
      "error": null
    },
    "assert position_max([13, 31, 23, 7, 69, 94, 49, 666, 28, 16, 10, 6, 56]) == [7]": {
      "result": true,
      "time": 0.03811979293823242,
      "error": null
    },
    "assert position_max([15, 35, 26, 12, 63, 92, 45, 663, 21, 10, 8, 11, 55]) == [7]": {
      "result": true,
      "time": 0.04571700096130371,
      "error": null
    },
    "assert position_max([7, 37, 27, 7, 62, 86, 44, 669, 24, 17, 11, 12, 53]) == [7]": {
      "result": true,
      "time": 0.03792166709899902,
      "error": null
    },
    "assert position_max([12, 29, 23, 9, 68, 89, 47, 671, 23, 17, 15, 7, 49]) == [7]": {
      "result": true,
      "time": 0.0499112606048584,
      "error": null
    },
    "assert position_max([10, 33, 26, 10, 62, 85, 44, 666, 22, 16, 9, 8, 56]) == [7]": {
      "result": true,
      "time": 0.045896291732788086,
      "error": null
    },
    "assert position_max([15, 36, 25, 11, 65, 93, 46, 663, 19, 13, 6, 14, 59]) == [7]": {
      "result": true,
      "time": 0.056079864501953125,
      "error": null
    },
    "assert position_max([17, 37, 26, 12, 70, 90, 40, 672, 27, 9, 6, 7, 56]) == [7]": {
      "result": true,
      "time": 0.039674997329711914,
      "error": null
    },
    "assert position_max([15, 31, 18, 5, 65, 93, 49, 662, 28, 17, 12, 10, 49]) == [7]": {
      "result": true,
      "time": 0.04641437530517578,
      "error": null
    },
    "assert position_max([11, 28, 24, 8, 63, 84, 41, 665, 18, 9, 10, 7, 57]) == [7]": {
      "result": true,
      "time": 0.03729677200317383,
      "error": null
    },
    "assert position_max([9, 33, 19, 10, 62, 87, 50, 671, 26, 9, 13, 10, 58]) == [7]": {
      "result": true,
      "time": 0.04726052284240723,
      "error": null
    },
    "assert position_max([10, 30, 21, 10, 68, 89, 40, 662, 28, 10, 16, 13, 50]) == [7]": {
      "result": true,
      "time": 0.05132913589477539,
      "error": null
    },
    "assert position_max([17, 30, 20, 6, 66, 84, 44, 668, 22, 13, 9, 12, 53]) == [7]": {
      "result": true,
      "time": 0.05478835105895996,
      "error": null
    },
    "assert position_max([17, 29, 22, 15, 69, 89, 43, 670, 25, 12, 10, 5, 59]) == [7]": {
      "result": true,
      "time": 0.0440218448638916,
      "error": null
    },
    "assert position_max([16, 30, 19, 5, 64, 87, 48, 665, 20, 10, 12, 15, 53]) == [7]": {
      "result": true,
      "time": 0.03684663772583008,
      "error": null
    },
    "assert position_max([8, 37, 18, 9, 63, 89, 41, 662, 26, 8, 15, 5, 58]) == [7]": {
      "result": true,
      "time": 0.047715187072753906,
      "error": null
    },
    "assert position_max([12, 36, 26, 12, 66, 89, 46, 671, 22, 17, 10, 8, 50]) == [7]": {
      "result": true,
      "time": 0.03682756423950195,
      "error": null
    },
    "assert position_max([13, 35, 18, 14, 66, 87, 45, 666, 21, 13, 9, 15, 55]) == [7]": {
      "result": true,
      "time": 0.0411982536315918,
      "error": null
    },
    "assert position_max([11, 28, 19, 6, 62, 92, 50, 662, 28, 8, 12, 5, 53]) == [7]": {
      "result": true,
      "time": 0.047539472579956055,
      "error": null
    },
    "assert position_max([13, 32, 22, 7, 72, 93, 44, 664, 22, 12, 6, 6, 59]) == [7]": {
      "result": true,
      "time": 0.04574775695800781,
      "error": null
    },
    "assert position_max([13, 36, 18, 15, 65, 88, 43, 670, 19, 11, 16, 15, 50]) == [7]": {
      "result": true,
      "time": 0.043770790100097656,
      "error": null
    },
    "assert position_max([14, 31, 19, 6, 68, 84, 46, 667, 28, 13, 9, 14, 49]) == [7]": {
      "result": true,
      "time": 0.04973340034484863,
      "error": null
    },
    "assert position_max([7, 34, 22, 10, 63, 93, 40, 670, 25, 8, 8, 15, 58]) == [7]": {
      "result": true,
      "time": 0.03502798080444336,
      "error": null
    },
    "assert position_max([13, 28, 18, 9, 65, 88, 40, 668, 20, 10, 10, 13, 50]) == [7]": {
      "result": true,
      "time": 0.04483675956726074,
      "error": null
    },
    "assert position_max([8, 31, 18, 8, 69, 92, 44, 667, 25, 11, 11, 10, 54]) == [7]": {
      "result": true,
      "time": 0.0421295166015625,
      "error": null
    },
    "assert position_max([16, 38, 22, 15, 72, 88, 47, 672, 18, 16, 16, 6, 51]) == [7]": {
      "result": true,
      "time": 0.044922828674316406,
      "error": null
    },
    "assert position_max([6, 5, 4, 5, 6, 2, 6, 2, 10, 10, 4]) == [8, 9]": {
      "result": true,
      "time": 0.04264950752258301,
      "error": null
    },
    "assert position_max([2, 4, 2, 1, 8, 8, 1, 6, 6, 6, 5]) == [4, 5]": {
      "result": true,
      "time": 0.043923139572143555,
      "error": null
    },
    "assert position_max([3, 2, 6, 6, 9, 9, 6, 8, 2, 2, 2]) == [4, 5]": {
      "result": true,
      "time": 0.03855776786804199,
      "error": null
    },
    "assert position_max([6, 6, 5, 4, 6, 6, 2, 9, 6, 6, 2]) == [7]": {
      "result": true,
      "time": 0.03520321846008301,
      "error": null
    },
    "assert position_max([2, 6, 1, 2, 4, 1, 9, 2, 1, 7, 9]) == [6, 10]": {
      "result": true,
      "time": 0.04483747482299805,
      "error": null
    },
    "assert position_max([6, 5, 6, 5, 2, 9, 5, 4, 4, 6, 7]) == [5]": {
      "result": true,
      "time": 0.04582071304321289,
      "error": null
    },
    "assert position_max([2, 6, 5, 5, 4, 4, 3, 7, 8, 7, 1]) == [8]": {
      "result": true,
      "time": 0.05031561851501465,
      "error": null
    },
    "assert position_max([4, 3, 6, 2, 4, 5, 9, 2, 5, 1, 5]) == [6]": {
      "result": true,
      "time": 0.04481840133666992,
      "error": null
    },
    "assert position_max([5, 6, 5, 2, 2, 5, 7, 3, 4, 2, 5]) == [6]": {
      "result": true,
      "time": 0.033982038497924805,