{
  "code": "def loss_amount(cost_price, selling_price):\n    difference = cost_price - selling_price\n    if difference > 0:\n        loss = difference\n        return loss\n    else:\n        return None",
  "results": {
    "assert loss_amount(1500,1200)==None": {
      "result": false,
      "time": 0.04168534278869629,
      "error": null
    },
    "assert loss_amount(100,200)==100": {
      "result": false,
      "time": 0.04012298583984375,
      "error": null
    },
    "assert loss_amount(2000,5000)==3000": {
      "result": false,
      "time": 0.04271197319030762,
      "error": null
    },
    "assert loss_amount(879, 1079) == 200": {
      "result": false,
      "time": 0.0455167293548584,
      "error": null
    },
    "assert loss_amount(1188, 1972) == 784": {
      "result": false,
      "time": 0.03514575958251953,
      "error": null
    },
    "assert loss_amount(669, 1323) == 654": {
      "result": false,
      "time": 0.03745102882385254,
      "error": null
    },
    "assert loss_amount(2324, 201) == None": {
      "result": false,
      "time": 0.04357266426086426,
      "error": null
    },
    "assert loss_amount(963, 385) == None": {
      "result": false,
      "time": 0.03419017791748047,
      "error": null
    },
    "assert loss_amount(1455, 724) == None": {
      "result": false,
      "time": 0.036498069763183594,
      "error": null
    },
    "assert loss_amount(1362, 1722) == 360": {
      "result": false,
      "time": 0.039810895919799805,
      "error": null
    },
    "assert loss_amount(543, 518) == None": {
      "result": false,
      "time": 0.035842180252075195,
      "error": null
    },
    "assert loss_amount(1032, 2041) == 1009": {
      "result": false,
      "time": 0.03245258331298828,
      "error": null
    },
    "assert loss_amount(969, 1726) == 757": {
      "result": false,
      "time": 0.03885841369628906,
      "error": null
    },
    "assert loss_amount(2396, 971) == None": {
      "result": false,
      "time": 0.033074378967285156,
      "error": null
    },
    "assert loss_amount(761, 1599) == 838": {
      "result": false,
      "time": 0.03647947311401367,
      "error": null
    },
    "assert loss_amount(1997, 1781) == None": {
      "result": false,
      "time": 0.03521227836608887,
      "error": null
    },
    "assert loss_amount(1698, 591) == None": {
      "result": false,
      "time": 0.040663957595825195,
      "error": null
    },
    "assert loss_amount(1843, 1374) == None": {
      "result": false,
      "time": 0.04127025604248047,
      "error": null
    },
    "assert loss_amount(1308, 1078) == None": {
      "result": false,
      "time": 0.04264235496520996,
      "error": null
    },
    "assert loss_amount(811, 1273) == 462": {
      "result": false,
      "time": 0.04914593696594238,
      "error": null
    },
    "assert loss_amount(607, 1880) == 1273": {
      "result": false,
      "time": 0.050363779067993164,
      "error": null
    },
    "assert loss_amount(1749, 391) == None": {
      "result": false,
      "time": 0.053038597106933594,
      "error": null
    },
    "assert loss_amount(1687, 2162) == 475": {
      "result": false,
      "time": 0.03829813003540039,
      "error": null
    },
    "assert loss_amount(674, 1929) == 1255": {
      "result": false,
      "time": 0.0411221981048584,
      "error": null
    },
    "assert loss_amount(1449, 943) == None": {
      "result": false,
      "time": 0.03662443161010742,
      "error": null
    },
    "assert loss_amount(1829, 229) == None": {
      "result": false,
      "time": 0.035936594009399414,
      "error": null
    },
    "assert loss_amount(2154, 412) == None": {
      "result": false,
      "time": 0.03423309326171875,
      "error": null
    },
    "assert loss_amount(770, 1054) == 284": {
      "result": false,
      "time": 0.03754878044128418,
      "error": null
    },
    "assert loss_amount(1859, 272) == None": {
      "result": false,
      "time": 0.040618896484375,
      "error": null
    },
    "assert loss_amount(1742, 789) == None": {
      "result": false,
      "time": 0.03715848922729492,
      "error": null
    },
    "assert loss_amount(2002, 242) == None": {
      "result": false,
      "time": 0.03702735900878906,
      "error": null
    },
    "assert loss_amount(1159, 1216) == 57": {
      "result": false,
      "time": 0.03574037551879883,
      "error": null
    },
    "assert loss_amount(1897, 1386) == None": {
      "result": false,
      "time": 0.03362631797790527,
      "error": null
    },
    "assert loss_amount(1560, 342) == None": {
      "result": false,
      "time": 0.04112720489501953,
      "error": null
    },
    "assert loss_amount(1505, 559) == None": {
      "result": false,
      "time": 0.04223275184631348,
      "error": null
    },
    "assert loss_amount(2103, 389) == None": {
      "result": false,
      "time": 0.04108285903930664,
      "error": null
    },
    "assert loss_amount(104, 203) == 99": {
      "result": false,
      "time": 0.040514230728149414,
      "error": null
    },
    "assert loss_amount(104, 200) == 96": {
      "result": false,
      "time": 0.0410618782043457,
      "error": null
    },
    "assert loss_amount(103, 200) == 97": {
      "result": false,
      "time": 0.044345855712890625,
      "error": null
    },
    "assert loss_amount(96, 197) == 101": {
      "result": false,
      "time": 0.038634538650512695,
      "error": null
    },
    "assert loss_amount(104, 196) == 92": {
      "result": false,
      "time": 0.03936266899108887,
      "error": null
    },
    "assert loss_amount(99, 202) == 103": {
      "result": false,
      "time": 0.04062485694885254,
      "error": null
    },
    "assert loss_amount(95, 202) == 107": {
      "result": false,
      "time": 0.040843963623046875,
      "error": null
    },
    "assert loss_amount(102, 203) == 101": {
      "result": false,
      "time": 0.04172348976135254,
      "error": null
    },
    "assert loss_amount(100, 201) == 101": {
      "result": false,
      "time": 0.042685747146606445,
      "error": null
    },
    "assert loss_amount(102, 199) == 97": {
      "result": false,
      "time": 0.039493560791015625,
      "error": null
    },
    "assert loss_amount(105, 198) == 93": {
      "result": false,
      "time": 0.04603266716003418,
      "error": null
    },
    "assert loss_amount(105, 200) == 95": {
      "result": false,
      "time": 0.035884857177734375,
      "error": null
    },
    "assert loss_amount(101, 195) == 94": {
      "result": false,
      "time": 0.04384446144104004,
      "error": null
    },
    "assert loss_amount(99, 198) == 99": {
      "result": false,
      "time": 0.0383458137512207,
      "error": null
    },
    "assert loss_amount(95, 205) == 110": {
      "result": false,
      "time": 0.04288148880004883,
      "error": null
    },
    "assert loss_amount(104, 205) == 101": {
      "result": false,
      "time": 0.0345911979675293,
      "error": null
    },
    "assert loss_amount(100, 205) == 105": {
      "result": false,
      "time": 0.0406794548034668,
      "error": null
    },
    "assert loss_amount(102, 200) == 98": {
      "result": false,
      "time": 0.0396571159362793,
      "error": null
    },
    "assert loss_amount(100, 196) == 96": {
      "result": false,
      "time": 0.0384974479675293,
      "error": null
    },
    "assert loss_amount(102, 195) == 93": {
      "result": false,
      "time": 0.039530038833618164,
      "error": null
    },
    "assert loss_amount(104, 202) == 98": {
      "result": false,
      "time": 0.03642106056213379,
      "error": null
    },
    "assert loss_amount(95, 198) == 103": {
      "result": false,
      "time": 0.03913450241088867,
      "error": null
    },
    "assert loss_amount(98, 200) == 102": {
      "result": false,
      "time": 0.03907322883605957,
      "error": null
    },