{
  "code": "def filter_evennumbers(lst):\n    is_even = lambda x: x % 2 == 0\n    filtered_list = []\n    for num in lst:\n        if is_even(num):\n            filtered_list.append(num)\n    return filtered_list",
  "results": {
    "assert filter_evennumbers([1, 2, 3, 4, 5, 6, 7, 8, 9, 10])==[2, 4, 6, 8, 10]": {
      "result": true,
      "time": 0.044954538345336914,
      "error": null
    },
    "assert filter_evennumbers([10,20,45,67,84,93])==[10,20,84]": {
      "result": true,
      "time": 0.0401611328125,
      "error": null
    },
    "assert filter_evennumbers([5,7,9,8,6,4,3])==[8,6,4]": {
      "result": true,
      "time": 0.04047727584838867,
      "error": null
    },
    "assert filter_evennumbers([6, 6, 6, 4, 9, 3, 6, 12, 12, 15]) == [6, 6, 6, 4, 6, 12, 12]": {
      "result": true,
      "time": 0.039536237716674805,
      "error": null
    },
    "assert filter_evennumbers([1, 7, 8, 5, 8, 7, 5, 3, 4, 12]) == [8, 8, 4, 12]": {
      "result": true,
      "time": 0.03666853904724121,
      "error": null
    },
    "assert filter_evennumbers([5, 4, 7, 1, 3, 11, 11, 12, 11, 6]) == [4, 12, 6]": {
      "result": true,
      "time": 0.043187856674194336,
      "error": null
    },
    "assert filter_evennumbers([3, 5, 8, 5, 3, 8, 12, 13, 14, 7]) == [8, 8, 12, 14]": {
      "result": true,
      "time": 0.03633689880371094,
      "error": null
    },
    "assert filter_evennumbers([2, 3, 1, 3, 2, 9, 5, 11, 12, 6]) == [2, 2, 12, 6]": {
      "result": true,
      "time": 0.04334378242492676,
      "error": null
    },
    "assert filter_evennumbers([2, 4, 5, 9, 6, 5, 2, 5, 11, 9]) == [2, 4, 6, 2]": {
      "result": true,
      "time": 0.045470476150512695,
      "error": null
    },
    "assert filter_evennumbers([2, 2, 6, 2, 8, 4, 3, 12, 9, 14]) == [2, 2, 6, 2, 8, 4, 12, 14]": {
      "result": true,
      "time": 0.039380788803100586,
      "error": null
    },
    "assert filter_evennumbers([6, 5, 5, 6, 4, 5, 3, 7, 13, 15]) == [6, 6, 4]": {
      "result": true,
      "time": 0.03916501998901367,
      "error": null
    },
    "assert filter_evennumbers([1, 3, 2, 1, 1, 11, 5, 12, 9, 10]) == [2, 12, 10]": {
      "result": true,
      "time": 0.03313875198364258,
      "error": null
    },
    "assert filter_evennumbers([4, 3, 5, 4, 6, 5, 7, 4, 14, 5]) == [4, 4, 6, 4, 14]": {
      "result": true,
      "time": 0.03402447700500488,
      "error": null
    },
    "assert filter_evennumbers([3, 4, 5, 3, 9, 4, 8, 7, 14, 8]) == [4, 4, 8, 14, 8]": {
      "result": true,
      "time": 0.03300833702087402,
      "error": null
    },
    "assert filter_evennumbers([5, 5, 3, 9, 7, 8, 8, 9, 5, 6]) == [8, 8, 6]": {
      "result": true,
      "time": 0.04108738899230957,
      "error": null
    },
    "assert filter_evennumbers([6, 3, 4, 9, 5, 5, 11, 6, 12, 12]) == [6, 4, 6, 12, 12]": {
      "result": true,
      "time": 0.03484630584716797,
      "error": null
    },
    "assert filter_evennumbers([3, 5, 8, 5, 2, 4, 2, 10, 10, 14]) == [8, 2, 4, 2, 10, 10, 14]": {
      "result": true,
      "time": 0.04126238822937012,
      "error": null
    },
    "assert filter_evennumbers([6, 2, 4, 9, 9, 8, 11, 5, 5, 11]) == [6, 2, 4, 8]": {
      "result": true,
      "time": 0.039793968200683594,
      "error": null
    },
    "assert filter_evennumbers([4, 4, 1, 8, 2, 5, 11, 8, 9, 15]) == [4, 4, 8, 2, 8]": {
      "result": true,
      "time": 0.044164180755615234,
      "error": null
    },
    "assert filter_evennumbers([3, 7, 7, 2, 3, 8, 2, 3, 5, 9]) == [2, 8, 2]": {
      "result": true,
      "time": 0.042528629302978516,
      "error": null
    },
    "assert filter_evennumbers([6, 5, 2, 9, 9, 8, 6, 11, 4, 11]) == [6, 2, 8, 6, 4]": {
      "result": true,
      "time": 0.038332223892211914,
      "error": null
    },
    "assert filter_evennumbers([5, 4, 3, 6, 2, 4, 2, 8, 6, 12]) == [4, 6, 2, 4, 2, 8, 6, 12]": {
      "result": true,
      "time": 0.03892970085144043,
      "error": null
    },
    "assert filter_evennumbers([4, 4, 3, 7, 3, 7, 12, 9, 14, 6]) == [4, 4, 12, 14, 6]": {
      "result": true,
      "time": 0.04117298126220703,
      "error": null
    },
    "assert filter_evennumbers([3, 1, 1, 7, 10, 8, 7, 9, 8, 6]) == [10, 8, 8, 6]": {
      "result": true,
      "time": 0.03446054458618164,
      "error": null
    },
    "assert filter_evennumbers([4, 4, 8, 8, 5, 6, 3, 7, 11, 8]) == [4, 4, 8, 8, 6, 8]": {
      "result": true,
      "time": 0.029019832611083984,
      "error": null
    },
    "assert filter_evennumbers([4, 1, 4, 9, 7, 1, 7, 9, 10, 5]) == [4, 4, 10]": {
      "result": true,
      "time": 0.038168907165527344,
      "error": null
    },
    "assert filter_evennumbers([6, 7, 6, 7, 4, 4, 7, 4, 7, 8]) == [6, 6, 4, 4, 4, 8]": {
      "result": true,
      "time": 0.038133859634399414,
      "error": null
    },
    "assert filter_evennumbers([2, 3, 5, 2, 10, 2, 11, 5, 14, 14]) == [2, 2, 10, 2, 14, 14]": {
      "result": true,
      "time": 0.034607648849487305,
      "error": null
    },
    "assert filter_evennumbers([5, 4, 6, 8, 6, 3, 7, 12, 6, 8]) == [4, 6, 8, 6, 12, 6, 8]": {
      "result": true,
      "time": 0.03528332710266113,
      "error": null
    },
    "assert filter_evennumbers([4, 7, 6, 5, 9, 4, 5, 9, 13, 5]) == [4, 6, 4]": {
      "result": true,
      "time": 0.03628659248352051,
      "error": null
    },
    "assert filter_evennumbers([2, 1, 2, 8, 3, 1, 4, 6, 10, 7]) == [2, 2, 8, 4, 6, 10]": {
      "result": true,
      "time": 0.04285597801208496,
      "error": null
    },
    "assert filter_evennumbers([1, 6, 3, 7, 7, 1, 8, 9, 12, 6]) == [6, 8, 12, 6]": {
      "result": true,
      "time": 0.036440372467041016,
      "error": null
    },
    "assert filter_evennumbers([1, 7, 3, 9, 4, 11, 8, 6, 11, 10]) == [4, 8, 6, 10]": {
      "result": true,
      "time": 0.03873038291931152,
      "error": null
    },
    "assert filter_evennumbers([6, 4, 5, 2, 4, 2, 9, 9, 8, 12]) == [6, 4, 2, 4, 2, 8, 12]": {
      "result": true,
      "time": 0.0374600887298584,
      "error": null
    },
    "assert filter_evennumbers([6, 1, 4, 9, 1, 10, 9, 11, 4, 14]) == [6, 4, 10, 4, 14]": {
      "result": true,
      "time": 0.03706026077270508,
      "error": null
    },
    "assert filter_evennumbers([1, 4, 4, 9, 5, 7, 2, 4, 4, 9]) == [4, 4, 2, 4, 4]": {
      "result": true,
      "time": 0.034009695053100586,
      "error": null
    },
    "assert filter_evennumbers([6, 16, 41, 62, 85, 89]) == [6, 16, 62]": {
      "result": true,
      "time": 0.047399044036865234,
      "error": null
    },
    "assert filter_evennumbers([6, 18, 45, 66, 82, 91]) == [6, 18, 66, 82]": {
      "result": true,
      "time": 0.041887760162353516,
      "error": null
    },
    "assert filter_evennumbers([8, 20, 44, 71, 89, 89]) == [8, 20, 44]": {
      "result": true,
      "time": 0.0365903377532959,
      "error": null
    },
    "assert filter_evennumbers([7, 20, 45, 72, 86, 94]) == [20, 72, 86, 94]": {
      "result": true,
      "time": 0.04429912567138672,
      "error": null
    },
    "assert filter_evennumbers([10, 18, 47, 62, 86, 98]) == [10, 18, 62, 86, 98]": {
      "result": true,
      "time": 0.045806884765625,
      "error": null
    },
    "assert filter_evennumbers([8, 15, 42, 68, 82, 92]) == [8, 42, 68, 82, 92]": {
      "result": true,
      "time": 0.036470651626586914,
      "error": null
    },
    "assert filter_evennumbers([6, 19, 47, 65, 86, 94]) == [6, 86, 94]": {
      "result": true,
      "time": 0.035352230072021484,
      "error": null
    },
    "assert filter_evennumbers([6, 19, 50, 68, 84, 97]) == [6, 50, 68, 84]": {
      "result": true,
      "time": 0.03365445137023926,
      "error": null
    },
    "assert filter_evennumbers([6, 22, 44, 70, 84, 97]) == [6, 22, 44, 70, 84]": {
      "result": true,
      "time": 0.03582763671875,
      "error": null
    },
    "assert filter_evennumbers([7, 17, 40, 72, 88, 98]) == [40, 72, 88, 98]": {
      "result": true,
      "time": 0.032656192779541016,