{
  "code": "def add_pairwise(input_tuple):\n    result = []\n    for i in range(len(input_tuple) - 1):\n        current_element = input_tuple[i]\n        next_element = input_tuple[i + 1]\n        sum_pair = current_element + next_element\n        result.append(sum_pair)\n    return tuple(result)",
  "results": {
    "assert add_pairwise((1, 5, 7, 8, 10)) == (6, 12, 15, 18)": {
      "result": true,
      "time": 0.042543649673461914,
      "error": null
    },
    "assert add_pairwise((2, 6, 8, 9, 11)) == (8, 14, 17, 20)": {
      "result": true,
      "time": 0.050817012786865234,
      "error": null
    },
    "assert add_pairwise((3, 7, 9, 10, 12)) == (10, 16, 19, 22)": {
      "result": true,
      "time": 0.03545403480529785,
      "error": null
    },
    "assert add_pairwise((5, 10, 3, 6, 13)) == (15, 13, 9, 19)": {
      "result": true,
      "time": 0.03945326805114746,
      "error": null
    },
    "assert add_pairwise((1, 9, 2, 5, 14)) == (10, 11, 7, 19)": {
      "result": true,
      "time": 0.0439753532409668,
      "error": null
    },
    "assert add_pairwise((3, 2, 8, 12, 10)) == (5, 10, 20, 22)": {
      "result": true,
      "time": 0.040070295333862305,
      "error": null
    },
    "assert add_pairwise((1, 8, 3, 6, 14)) == (9, 11, 9, 20)": {
      "result": true,
      "time": 0.03483080863952637,
      "error": null
    },
    "assert add_pairwise((4, 8, 2, 9, 13)) == (12, 10, 11, 22)": {
      "result": true,
      "time": 0.05679655075073242,
      "error": null
    },
    "assert add_pairwise((2, 3, 3, 10, 8)) == (5, 6, 13, 18)": {
      "result": true,
      "time": 0.06525754928588867,
      "error": null
    },
    "assert add_pairwise((6, 1, 8, 11, 10)) == (7, 9, 19, 21)": {
      "result": true,
      "time": 0.06313085556030273,
      "error": null
    },
    "assert add_pairwise((1, 8, 12, 7, 9)) == (9, 20, 19, 16)": {
      "result": true,
      "time": 0.05876350402832031,
      "error": null
    },
    "assert add_pairwise((1, 4, 8, 8, 15)) == (5, 12, 16, 23)": {
      "result": true,
      "time": 0.06857442855834961,
      "error": null
    },
    "assert add_pairwise((5, 7, 10, 13, 7)) == (12, 17, 23, 20)": {
      "result": true,
      "time": 0.07016968727111816,
      "error": null
    },
    "assert add_pairwise((5, 1, 9, 7, 10)) == (6, 10, 16, 17)": {
      "result": true,
      "time": 0.06914067268371582,
      "error": null
    },
    "assert add_pairwise((5, 9, 10, 10, 12)) == (14, 19, 20, 22)": {
      "result": true,
      "time": 0.061519622802734375,
      "error": null
    },
    "assert add_pairwise((2, 6, 3, 8, 11)) == (8, 9, 11, 19)": {
      "result": true,
      "time": 0.06476378440856934,
      "error": null
    },
    "assert add_pairwise((6, 3, 10, 6, 6)) == (9, 13, 16, 12)": {
      "result": true,
      "time": 0.06513500213623047,
      "error": null
    },
    "assert add_pairwise((5, 6, 3, 4, 9)) == (11, 9, 7, 13)": {
      "result": true,
      "time": 0.06573295593261719,
      "error": null
    },
    "assert add_pairwise((4, 7, 7, 3, 6)) == (11, 14, 10, 9)": {
      "result": true,
      "time": 0.07044553756713867,
      "error": null
    },
    "assert add_pairwise((5, 5, 6, 12, 11)) == (10, 11, 18, 23)": {
      "result": true,
      "time": 0.056159257888793945,
      "error": null
    },
    "assert add_pairwise((1, 8, 9, 13, 5)) == (9, 17, 22, 18)": {
      "result": true,
      "time": 0.061815738677978516,
      "error": null
    },
    "assert add_pairwise((4, 4, 9, 6, 6)) == (8, 13, 15, 12)": {
      "result": true,
      "time": 0.05556774139404297,
      "error": null
    },
    "assert add_pairwise((3, 9, 8, 4, 15)) == (12, 17, 12, 19)": {
      "result": true,
      "time": 0.05412650108337402,
      "error": null
    },
    "assert add_pairwise((1, 7, 10, 5, 7)) == (8, 17, 15, 12)": {
      "result": true,
      "time": 0.04604196548461914,
      "error": null
    },
    "assert add_pairwise((1, 3, 5, 8, 5)) == (4, 8, 13, 13)": {
      "result": true,
      "time": 0.04528927803039551,
      "error": null
    },
    "assert add_pairwise((1, 1, 11, 12, 10)) == (2, 12, 23, 22)": {
      "result": true,
      "time": 0.054253578186035156,
      "error": null
    },
    "assert add_pairwise((1, 5, 11, 13, 14)) == (6, 16, 24, 27)": {
      "result": true,
      "time": 0.05037569999694824,
      "error": null
    },
    "assert add_pairwise((1, 8, 6, 10, 10)) == (9, 14, 16, 20)": {
      "result": true,
      "time": 0.04606056213378906,
      "error": null
    },
    "assert add_pairwise((1, 1, 6, 6, 7)) == (2, 7, 12, 13)": {
      "result": true,
      "time": 0.05586433410644531,
      "error": null
    },
    "assert add_pairwise((2, 1, 7, 9, 14)) == (3, 8, 16, 23)": {
      "result": true,
      "time": 0.048064470291137695,
      "error": null
    },
    "assert add_pairwise((3, 5, 8, 7, 8)) == (8, 13, 15, 15)": {
      "result": true,
      "time": 0.03884768486022949,
      "error": null
    },
    "assert add_pairwise((3, 6, 4, 5, 6)) == (9, 10, 9, 11)": {
      "result": true,
      "time": 0.05445432662963867,
      "error": null
    },
    "assert add_pairwise((1, 7, 5, 12, 11)) == (8, 12, 17, 23)": {
      "result": true,
      "time": 0.050817012786865234,
      "error": null
    },
    "assert add_pairwise((4, 4, 6, 5, 10)) == (8, 10, 11, 15)": {
      "result": true,
      "time": 0.059771060943603516,
      "error": null
    },
    "assert add_pairwise((5, 7, 6, 12, 14)) == (12, 13, 18, 26)": {
      "result": true,
      "time": 0.037750959396362305,
      "error": null
    },
    "assert add_pairwise((2, 9, 10, 6, 10)) == (11, 19, 16, 16)": {
      "result": true,
      "time": 0.036695003509521484,
      "error": null
    },
    "assert add_pairwise((7, 5, 13, 11, 6)) == (12, 18, 24, 17)": {
      "result": true,
      "time": 0.03924083709716797,
      "error": null
    },
    "assert add_pairwise((6, 4, 13, 11, 14)) == (10, 17, 24, 25)": {
      "result": true,
      "time": 0.03442955017089844,
      "error": null
    },
    "assert add_pairwise((3, 4, 3, 7, 10)) == (7, 7, 10, 17)": {
      "result": true,
      "time": 0.03595447540283203,
      "error": null
    },
    "assert add_pairwise((2, 7, 11, 14, 15)) == (9, 18, 25, 29)": {
      "result": true,
      "time": 0.03300118446350098,
      "error": null
    },
    "assert add_pairwise((6, 1, 10, 5, 13)) == (7, 11, 15, 18)": {
      "result": true,
      "time": 0.03526806831359863,
      "error": null
    },
    "assert add_pairwise((4, 8, 4, 11, 16)) == (12, 12, 15, 27)": {
      "result": true,
      "time": 0.04732799530029297,
      "error": null
    },
    "assert add_pairwise((2, 10, 6, 8, 7)) == (12, 16, 14, 15)": {
      "result": true,
      "time": 0.03902912139892578,
      "error": null
    },
    "assert add_pairwise((5, 5, 8, 13, 16)) == (10, 13, 21, 29)": {
      "result": true,
      "time": 0.04405665397644043,
      "error": null
    },
    "assert add_pairwise((3, 6, 12, 12, 14)) == (9, 18, 24, 26)": {
      "result": true,
      "time": 0.03553414344787598,
      "error": null
    },
    "assert add_pairwise((7, 8, 7, 12, 8)) == (15, 15, 19, 20)": {
      "result": true,
      "time": 0.0378727912902832,
      "error": null
    },
    "assert add_pairwise((1, 3, 7, 12, 12)) == (4, 10, 19, 24)": {
      "result": true,
      "time": 0.04480743408203125,
      "error": null
    },
    "assert add_pairwise((1, 2, 9, 11, 10)) == (3, 11, 20, 21)": {
      "result": true,
      "time": 0.03687930107116699,
      "error": null
    },
    "assert add_pairwise((7, 4, 4, 13, 10)) == (11, 8, 17, 23)": {
      "result": true,
      "time": 0.042255401611328125,
      "error": null
    },
    "assert add_pairwise((2, 11, 13, 8, 15)) == (13, 24, 21, 23)": {
      "result": true,
      "time": 0.043421268463134766,
      "error": null
    },
    "assert add_pairwise((1, 3, 12, 11, 15)) == (4, 15, 23, 26)": {
      "result": true,
      "time": 0.03706526756286621,