{
  "code": "def bitwise_xor(tuple1, tuple2):\n    result = []\n    for i in range(len(tuple1)):\n        element1 = tuple1[i]\n        element2 = tuple2[i]\n        xor_value = element1 ^ element2\n        result.append(xor_value)\n    return tuple(result)",
  "results": {
    "assert bitwise_xor((10, 4, 6, 9), (5, 2, 3, 3)) == (15, 6, 5, 10)": {
      "result": true,
      "time": 0.042237043380737305,
      "error": null
    },
    "assert bitwise_xor((11, 5, 7, 10), (6, 3, 4, 4)) == (13, 6, 3, 14)": {
      "result": true,
      "time": 0.03647494316101074,
      "error": null
    },
    "assert bitwise_xor((12, 6, 8, 11), (7, 4, 5, 6)) == (11, 2, 13, 13)": {
      "result": true,
      "time": 0.04037332534790039,
      "error": null
    },
    "assert bitwise_xor((9, 2, 11, 12), (3, 1, 2, 1)) == (10, 3, 9, 13)": {
      "result": true,
      "time": 0.030910491943359375,
      "error": null
    },
    "assert bitwise_xor((12, 7, 8, 11), (3, 2, 4, 2)) == (15, 5, 12, 9)": {
      "result": true,
      "time": 0.03559541702270508,
      "error": null
    },
    "assert bitwise_xor((9, 2, 6, 8), (2, 5, 6, 8)) == (11, 7, 0, 0)": {
      "result": true,
      "time": 0.04295229911804199,
      "error": null
    },
    "assert bitwise_xor((6, 6, 6, 11), (1, 5, 8, 4)) == (7, 3, 14, 15)": {
      "result": true,
      "time": 0.0369105339050293,
      "error": null
    },
    "assert bitwise_xor((9, 2, 7, 11), (2, 5, 6, 2)) == (11, 7, 1, 9)": {
      "result": true,
      "time": 0.034882545471191406,
      "error": null
    },
    "assert bitwise_xor((12, 7, 6, 12), (1, 7, 6, 2)) == (13, 0, 0, 14)": {
      "result": true,
      "time": 0.03737783432006836,
      "error": null
    },
    "assert bitwise_xor((14, 1, 5, 10), (2, 6, 3, 3)) == (12, 7, 6, 9)": {
      "result": true,
      "time": 0.0358271598815918,
      "error": null
    },
    "assert bitwise_xor((9, 5, 4, 7), (10, 5, 4, 8)) == (3, 0, 0, 15)": {
      "result": true,
      "time": 0.03530740737915039,
      "error": null
    },
    "assert bitwise_xor((5, 2, 1, 13), (10, 4, 3, 6)) == (15, 6, 2, 11)": {
      "result": true,
      "time": 0.03784012794494629,
      "error": null
    },
    "assert bitwise_xor((8, 8, 3, 9), (5, 2, 3, 2)) == (13, 10, 0, 11)": {
      "result": true,
      "time": 0.03442692756652832,
      "error": null
    },
    "assert bitwise_xor((5, 7, 6, 4), (1, 1, 1, 2)) == (4, 6, 7, 6)": {
      "result": true,
      "time": 0.0394587516784668,
      "error": null
    },
    "assert bitwise_xor((15, 1, 10, 14), (1, 2, 3, 1)) == (14, 3, 9, 15)": {
      "result": true,
      "time": 0.03271842002868652,
      "error": null
    },
    "assert bitwise_xor((8, 2, 3, 8), (2, 2, 6, 8)) == (10, 0, 5, 0)": {
      "result": true,
      "time": 0.03334474563598633,
      "error": null
    },
    "assert bitwise_xor((8, 1, 3, 10), (7, 6, 7, 1)) == (15, 7, 4, 11)": {
      "result": true,
      "time": 0.038408517837524414,
      "error": null
    },
    "assert bitwise_xor((8, 3, 10, 10), (7, 6, 8, 8)) == (15, 5, 2, 2)": {
      "result": true,
      "time": 0.03529810905456543,
      "error": null
    },
    "assert bitwise_xor((14, 5, 10, 11), (1, 4, 5, 5)) == (15, 1, 15, 14)": {
      "result": true,
      "time": 0.033858537673950195,
      "error": null
    },
    "assert bitwise_xor((8, 7, 7, 10), (4, 2, 5, 8)) == (12, 5, 2, 2)": {
      "result": true,
      "time": 0.04334759712219238,
      "error": null
    },
    "assert bitwise_xor((5, 9, 9, 6), (5, 3, 7, 3)) == (0, 10, 14, 5)": {
      "result": true,
      "time": 0.036813974380493164,
      "error": null
    },
    "assert bitwise_xor((8, 8, 11, 4), (7, 2, 7, 8)) == (15, 10, 12, 12)": {
      "result": true,
      "time": 0.03525066375732422,
      "error": null
    },
    "assert bitwise_xor((15, 1, 10, 5), (1, 6, 7, 2)) == (14, 7, 13, 7)": {
      "result": true,
      "time": 0.03807258605957031,
      "error": null
    },
    "assert bitwise_xor((7, 9, 7, 6), (2, 4, 5, 5)) == (5, 13, 2, 3)": {
      "result": true,
      "time": 0.03919696807861328,
      "error": null
    },
    "assert bitwise_xor((15, 3, 6, 6), (7, 3, 4, 6)) == (8, 0, 2, 0)": {
      "result": true,
      "time": 0.03423929214477539,
      "error": null
    },
    "assert bitwise_xor((13, 5, 7, 9), (3, 1, 1, 6)) == (14, 4, 6, 15)": {
      "result": true,
      "time": 0.03490185737609863,
      "error": null
    },
    "assert bitwise_xor((10, 9, 6, 14), (3, 5, 8, 5)) == (9, 12, 14, 11)": {
      "result": true,
      "time": 0.038559675216674805,
      "error": null
    },
    "assert bitwise_xor((15, 1, 8, 4), (10, 1, 4, 5)) == (5, 0, 12, 1)": {
      "result": true,
      "time": 0.03386950492858887,
      "error": null
    },
    "assert bitwise_xor((10, 6, 4, 10), (7, 5, 8, 6)) == (13, 3, 12, 12)": {
      "result": true,
      "time": 0.0360567569732666,
      "error": null
    },
    "assert bitwise_xor((5, 8, 6, 6), (7, 6, 1, 4)) == (2, 14, 7, 2)": {
      "result": true,
      "time": 0.03494596481323242,
      "error": null
    },
    "assert bitwise_xor((14, 9, 6, 5), (2, 6, 1, 4)) == (12, 15, 7, 1)": {
      "result": true,
      "time": 0.03641653060913086,
      "error": null
    },
    "assert bitwise_xor((12, 5, 9, 6), (6, 1, 4, 1)) == (10, 4, 13, 7)": {
      "result": true,
      "time": 0.03258013725280762,
      "error": null
    },
    "assert bitwise_xor((12, 5, 2, 13), (4, 7, 5, 1)) == (8, 2, 7, 12)": {
      "result": true,
      "time": 0.03336739540100098,
      "error": null
    },
    "assert bitwise_xor((11, 8, 6, 11), (8, 5, 8, 3)) == (3, 13, 14, 8)": {
      "result": true,
      "time": 0.034453630447387695,
      "error": null
    },
    "assert bitwise_xor((15, 6, 6, 5), (3, 1, 4, 8)) == (12, 7, 2, 13)": {
      "result": true,
      "time": 0.044661760330200195,
      "error": null
    },
    "assert bitwise_xor((8, 9, 2, 8), (6, 6, 8, 5)) == (14, 15, 10, 13)": {
      "result": true,
      "time": 0.038275718688964844,
      "error": null
    },
    "assert bitwise_xor((13, 4, 8, 15), (8, 2, 3, 4)) == (5, 6, 11, 11)": {
      "result": true,
      "time": 0.04241180419921875,
      "error": null
    },
    "assert bitwise_xor((16, 3, 10, 15), (7, 2, 6, 8)) == (23, 1, 12, 7)": {
      "result": true,
      "time": 0.04115176200866699,
      "error": null
    },
    "assert bitwise_xor((14, 10, 2, 10), (8, 7, 8, 8)) == (6, 13, 10, 2)": {
      "result": true,
      "time": 0.03382062911987305,
      "error": null
    },
    "assert bitwise_xor((15, 6, 10, 5), (1, 3, 5, 8)) == (14, 5, 15, 13)": {
      "result": true,
      "time": 0.036611318588256836,
      "error": null
    },
    "assert bitwise_xor((8, 2, 10, 11), (2, 7, 9, 2)) == (10, 5, 3, 9)": {
      "result": true,
      "time": 0.032506704330444336,
      "error": null
    },
    "assert bitwise_xor((12, 9, 5, 11), (6, 4, 1, 4)) == (10, 13, 4, 15)": {
      "result": true,
      "time": 0.03771638870239258,
      "error": null
    },
    "assert bitwise_xor((16, 3, 7, 9), (8, 7, 7, 3)) == (24, 4, 0, 10)": {
      "result": true,
      "time": 0.031052589416503906,
      "error": null
    },
    "assert bitwise_xor((14, 5, 10, 15), (4, 8, 9, 1)) == (10, 13, 3, 14)": {
      "result": true,
      "time": 0.041054487228393555,
      "error": null
    },
    "assert bitwise_xor((16, 1, 7, 12), (7, 1, 5, 8)) == (23, 0, 2, 4)": {
      "result": true,
      "time": 0.035881757736206055,
      "error": null
    },
    "assert bitwise_xor((10, 7, 10, 5), (7, 1, 8, 3)) == (13, 6, 2, 6)": {
      "result": true,
      "time": 0.03712773323059082,
      "error": null
    },
    "assert bitwise_xor((14, 2, 2, 14), (6, 6, 9, 4)) == (8, 4, 11, 10)": {
      "result": true,
      "time": 0.036355018615722656,
      "error": null
    },
    "assert bitwise_xor((8, 9, 9, 7), (1, 3, 9, 6)) == (9, 10, 0, 1)": {
      "result": true,
      "time": 0.04163098335266113,
      "error": null
    },