{
  "code": "def filter_oddnumbers(numbers):\n    filtered_numbers = []\n    is_odd = lambda x: x % 2 != 0\n    for num in numbers:\n        if is_odd(num):\n            filtered_numbers.append(num)\n    return filtered_numbers",
  "results": {
    "assert filter_oddnumbers([1, 2, 3, 4, 5, 6, 7, 8, 9, 10])==[1,3,5,7,9]": {
      "result": true,
      "time": 0.033518075942993164,
      "error": null
    },
    "assert filter_oddnumbers([10,20,45,67,84,93])==[45,67,93]": {
      "result": true,
      "time": 0.04179239273071289,
      "error": null
    },
    "assert filter_oddnumbers([5,7,9,8,6,4,3])==[5,7,9,3]": {
      "result": true,
      "time": 0.029905319213867188,
      "error": null
    },
    "assert filter_oddnumbers([4, 2, 7, 8, 3, 2, 9, 9, 13, 11]) == [7, 3, 9, 9, 13, 11]": {
      "result": true,
      "time": 0.03284025192260742,
      "error": null
    },
    "assert filter_oddnumbers([2, 5, 7, 6, 9, 5, 11, 4, 11, 9]) == [5, 7, 9, 5, 11, 11, 9]": {
      "result": true,
      "time": 0.033460378646850586,
      "error": null
    },
    "assert filter_oddnumbers([5, 7, 5, 3, 8, 11, 12, 11, 7, 10]) == [5, 7, 5, 3, 11, 11, 7]": {
      "result": true,
      "time": 0.0326535701751709,
      "error": null
    },
    "assert filter_oddnumbers([4, 2, 4, 4, 5, 7, 2, 3, 14, 11]) == [5, 7, 3, 11]": {
      "result": true,
      "time": 0.03557777404785156,
      "error": null
    },
    "assert filter_oddnumbers([3, 1, 6, 8, 1, 5, 4, 10, 8, 11]) == [3, 1, 1, 5, 11]": {
      "result": true,
      "time": 0.034487247467041016,
      "error": null
    },
    "assert filter_oddnumbers([2, 4, 4, 9, 10, 10, 5, 7, 9, 11]) == [9, 5, 7, 9, 11]": {
      "result": true,
      "time": 0.03633546829223633,
      "error": null
    },
    "assert filter_oddnumbers([3, 7, 7, 7, 5, 1, 3, 6, 9, 12]) == [3, 7, 7, 7, 5, 1, 3, 9]": {
      "result": true,
      "time": 0.03429603576660156,
      "error": null
    },
    "assert filter_oddnumbers([4, 1, 6, 8, 8, 1, 3, 5, 12, 7]) == [1, 1, 3, 5, 7]": {
      "result": true,
      "time": 0.03160810470581055,
      "error": null
    },
    "assert filter_oddnumbers([2, 1, 1, 4, 1, 7, 3, 12, 14, 14]) == [1, 1, 1, 7, 3]": {
      "result": true,
      "time": 0.035363197326660156,
      "error": null
    },
    "assert filter_oddnumbers([3, 7, 8, 2, 4, 11, 12, 4, 14, 9]) == [3, 7, 11, 9]": {
      "result": true,
      "time": 0.03334307670593262,
      "error": null
    },
    "assert filter_oddnumbers([6, 6, 8, 7, 7, 1, 10, 7, 5, 11]) == [7, 7, 1, 7, 5, 11]": {
      "result": true,
      "time": 0.035710811614990234,
      "error": null
    },
    "assert filter_oddnumbers([5, 2, 5, 1, 9, 1, 7, 12, 6, 6]) == [5, 5, 1, 9, 1, 7]": {
      "result": true,
      "time": 0.03596353530883789,
      "error": null
    },
    "assert filter_oddnumbers([4, 5, 8, 4, 9, 3, 4, 10, 6, 10]) == [5, 9, 3]": {
      "result": true,
      "time": 0.034748077392578125,
      "error": null
    },
    "assert filter_oddnumbers([2, 6, 1, 3, 6, 6, 10, 11, 9, 9]) == [1, 3, 11, 9, 9]": {
      "result": true,
      "time": 0.03442072868347168,
      "error": null
    },
    "assert filter_oddnumbers([1, 1, 2, 3, 1, 4, 10, 3, 14, 14]) == [1, 1, 3, 1, 3]": {
      "result": true,
      "time": 0.039938926696777344,
      "error": null
    },
    "assert filter_oddnumbers([5, 5, 4, 9, 7, 7, 11, 5, 11, 5]) == [5, 5, 9, 7, 7, 11, 5, 11, 5]": {
      "result": true,
      "time": 0.03647422790527344,
      "error": null
    },
    "assert filter_oddnumbers([5, 3, 1, 9, 2, 10, 12, 10, 4, 5]) == [5, 3, 1, 9, 5]": {
      "result": true,
      "time": 0.032050132751464844,
      "error": null
    },
    "assert filter_oddnumbers([4, 7, 3, 3, 1, 1, 4, 4, 10, 14]) == [7, 3, 3, 1, 1]": {
      "result": true,
      "time": 0.033350467681884766,
      "error": null
    },
    "assert filter_oddnumbers([2, 5, 8, 7, 6, 7, 7, 9, 14, 5]) == [5, 7, 7, 7, 9, 5]": {
      "result": true,
      "time": 0.034345388412475586,
      "error": null
    },
    "assert filter_oddnumbers([2, 6, 1, 2, 6, 1, 2, 3, 8, 15]) == [1, 1, 3, 15]": {
      "result": true,
      "time": 0.03682994842529297,
      "error": null
    },
    "assert filter_oddnumbers([1, 6, 3, 6, 7, 11, 10, 4, 5, 14]) == [1, 3, 7, 11, 5]": {
      "result": true,
      "time": 0.03200221061706543,
      "error": null
    },
    "assert filter_oddnumbers([2, 5, 6, 2, 3, 1, 4, 6, 12, 6]) == [5, 3, 1]": {
      "result": true,
      "time": 0.03439974784851074,
      "error": null
    },
    "assert filter_oddnumbers([4, 5, 5, 8, 10, 10, 6, 11, 7, 9]) == [5, 5, 11, 7, 9]": {
      "result": true,
      "time": 0.03296160697937012,
      "error": null
    },
    "assert filter_oddnumbers([3, 7, 7, 5, 1, 10, 12, 8, 12, 10]) == [3, 7, 7, 5, 1]": {
      "result": true,
      "time": 0.039101362228393555,
      "error": null
    },
    "assert filter_oddnumbers([2, 7, 6, 6, 3, 8, 3, 11, 14, 9]) == [7, 3, 3, 11, 9]": {
      "result": true,
      "time": 0.0318303108215332,
      "error": null
    },
    "assert filter_oddnumbers([6, 4, 6, 5, 2, 10, 7, 3, 8, 13]) == [5, 7, 3, 13]": {
      "result": true,
      "time": 0.03794574737548828,
      "error": null
    },
    "assert filter_oddnumbers([1, 5, 1, 5, 1, 3, 6, 7, 5, 10]) == [1, 5, 1, 5, 1, 3, 7, 5]": {
      "result": true,
      "time": 0.03748917579650879,
      "error": null
    },
    "assert filter_oddnumbers([5, 4, 3, 5, 8, 7, 9, 12, 9, 10]) == [5, 3, 5, 7, 9, 9]": {
      "result": true,
      "time": 0.03538203239440918,
      "error": null
    },
    "assert filter_oddnumbers([3, 2, 2, 1, 5, 7, 5, 13, 8, 13]) == [3, 1, 5, 7, 5, 13, 13]": {
      "result": true,
      "time": 0.03538918495178223,
      "error": null
    },
    "assert filter_oddnumbers([3, 6, 8, 7, 10, 9, 5, 10, 10, 11]) == [3, 7, 9, 5, 11]": {
      "result": true,
      "time": 0.0386967658996582,
      "error": null
    },
    "assert filter_oddnumbers([4, 2, 5, 1, 5, 6, 12, 8, 10, 15]) == [5, 1, 5, 15]": {
      "result": true,
      "time": 0.034035444259643555,
      "error": null
    },
    "assert filter_oddnumbers([3, 3, 8, 4, 5, 2, 9, 11, 14, 7]) == [3, 3, 5, 9, 11, 7]": {
      "result": true,
      "time": 0.03520989418029785,
      "error": null
    },
    "assert filter_oddnumbers([5, 4, 7, 7, 1, 4, 4, 11, 12, 14]) == [5, 7, 7, 1, 11]": {
      "result": true,
      "time": 0.03098130226135254,
      "error": null
    },
    "assert filter_oddnumbers([5, 18, 46, 64, 85, 98]) == [5, 85]": {
      "result": true,
      "time": 0.034741878509521484,
      "error": null
    },
    "assert filter_oddnumbers([8, 21, 47, 70, 80, 94]) == [21, 47]": {
      "result": true,
      "time": 0.03497576713562012,
      "error": null
    },
    "assert filter_oddnumbers([5, 18, 46, 62, 83, 98]) == [5, 83]": {
      "result": true,
      "time": 0.03525114059448242,
      "error": null
    },
    "assert filter_oddnumbers([5, 18, 41, 67, 88, 91]) == [5, 41, 67, 91]": {
      "result": true,
      "time": 0.03651547431945801,
      "error": null
    },
    "assert filter_oddnumbers([10, 19, 46, 66, 86, 88]) == [19]": {
      "result": true,
      "time": 0.039485931396484375,
      "error": null
    },
    "assert filter_oddnumbers([13, 24, 50, 72, 89, 96]) == [13, 89]": {
      "result": true,
      "time": 0.03608083724975586,
      "error": null
    },
    "assert filter_oddnumbers([12, 19, 41, 68, 83, 93]) == [19, 41, 83, 93]": {
      "result": true,
      "time": 0.03861641883850098,
      "error": null
    },
    "assert filter_oddnumbers([14, 16, 42, 65, 87, 88]) == [65, 87]": {
      "result": true,
      "time": 0.03974151611328125,
      "error": null
    },
    "assert filter_oddnumbers([5, 15, 43, 72, 80, 88]) == [5, 15, 43]": {
      "result": true,
      "time": 0.032788753509521484,
      "error": null
    },
    "assert filter_oddnumbers([9, 21, 45, 71, 81, 91]) == [9, 21, 45, 71, 81, 91]": {
      "result": true,
      "time": 0.03268909454345703,