{
  "code": "def find_demlo(number_str):\n    length = len(number_str)\n    if length == 0:\n        return \"\"\n    \n    demlo = \"\"\n    for i in range(1, length + 1):\n        demlo += str(i)\n    \n    for i in range(length - 1, 0, -1):\n        demlo += str(i)\n    \n    return demlo",
  "results": {
    "assert find_demlo(\"111111\") == '12345654321'": {
      "result": true,
      "time": 0.04572796821594238,
      "error": null
    },
    "assert find_demlo(\"1111\") == '1234321'": {
      "result": true,
      "time": 0.04601907730102539,
      "error": null
    },
    "assert find_demlo(\"13333122222\") == '123456789101110987654321'": {
      "result": true,
      "time": 0.046747684478759766,
      "error": null
    },
    "assert find_demlo(\"314\") == 12321": {
      "result": false,
      "time": 0.04621744155883789,
      "error": null
    },
    "assert find_demlo(\"34715\") == 123454321": {
      "result": false,
      "time": 0.04892992973327637,
      "error": null
    },
    "assert find_demlo(\"6261\") == 1234321": {
      "result": false,
      "time": 0.04332685470581055,
      "error": null
    },
    "assert find_demlo(\"7933147249\") == 12345678910987654321": {
      "result": false,
      "time": 0.04188990592956543,
      "error": null
    },
    "assert find_demlo(\"921\") == 12321": {
      "result": false,
      "time": 0.044644832611083984,
      "error": null
    },
    "assert find_demlo(\"36326\") == 123454321": {
      "result": false,
      "time": 0.03806185722351074,
      "error": null
    },
    "assert find_demlo(\"969411788973\") == 1234567891011121110987654321": {
      "result": false,
      "time": 0.052443504333496094,
      "error": null
    },
    "assert find_demlo(\"536445162384\") == 1234567891011121110987654321": {
      "result": false,
      "time": 0.04364943504333496,
      "error": null
    },
    "assert find_demlo(\"61152970046\") == 123456789101110987654321": {
      "result": false,
      "time": 0.037506818771362305,
      "error": null
    },
    "assert find_demlo(\"754223385903\") == 1234567891011121110987654321": {
      "result": false,
      "time": 0.04881739616394043,
      "error": null
    },
    "assert find_demlo(\"20459\") == 123454321": {
      "result": false,
      "time": 0.04023909568786621,
      "error": null
    },
    "assert find_demlo(\"2868802\") == 1234567654321": {
      "result": false,
      "time": 0.04982924461364746,
      "error": null
    },
    "assert find_demlo(\"09169358\") == 123456787654321": {
      "result": false,
      "time": 0.042739152908325195,
      "error": null
    },
    "assert find_demlo(\"812441796\") == 12345678987654321": {
      "result": false,
      "time": 0.04275321960449219,
      "error": null
    },
    "assert find_demlo(\"7554628813\") == 12345678910987654321": {
      "result": false,
      "time": 0.051116943359375,
      "error": null
    },
    "assert find_demlo(\"292586\") == 12345654321": {
      "result": false,
      "time": 0.04505443572998047,
      "error": null
    },
    "assert find_demlo(\"238891398160\") == 1234567891011121110987654321": {
      "result": false,
      "time": 0.04211115837097168,
      "error": null
    },
    "assert find_demlo(\"45883892\") == 123456787654321": {
      "result": false,
      "time": 0.04635906219482422,
      "error": null
    },
    "assert find_demlo(\"76349476\") == 123456787654321": {
      "result": false,
      "time": 0.03645491600036621,
      "error": null
    },
    "assert find_demlo(\"91389917640\") == 123456789101110987654321": {
      "result": false,
      "time": 0.03759193420410156,
      "error": null
    },
    "assert find_demlo(\"5045050\") == 1234567654321": {
      "result": false,
      "time": 0.0376589298248291,
      "error": null
    },
    "assert find_demlo(\"2507271\") == 1234567654321": {
      "result": false,
      "time": 0.05005693435668945,
      "error": null
    },
    "assert find_demlo(\"670205896529\") == 1234567891011121110987654321": {
      "result": false,
      "time": 0.042806148529052734,
      "error": null
    },
    "assert find_demlo(\"04260339642\") == 123456789101110987654321": {
      "result": false,
      "time": 0.0447235107421875,
      "error": null
    },
    "assert find_demlo(\"46290999451\") == 123456789101110987654321": {
      "result": false,
      "time": 0.045783042907714844,
      "error": null
    },
    "assert find_demlo(\"489780455458\") == 1234567891011121110987654321": {
      "result": false,
      "time": 0.05106186866760254,
      "error": null
    },
    "assert find_demlo(\"14100816633\") == 123456789101110987654321": {
      "result": false,
      "time": 0.04110884666442871,
      "error": null
    },
    "assert find_demlo(\"41509\") == 123454321": {
      "result": false,
      "time": 0.04567527770996094,
      "error": null
    },
    "assert find_demlo(\"6031691\") == 1234567654321": {
      "result": false,
      "time": 0.048478126525878906,
      "error": null
    },
    "assert find_demlo(\"05312406\") == 123456787654321": {
      "result": false,
      "time": 0.041851043701171875,
      "error": null
    },
    "assert find_demlo(\"40659280\") == 123456787654321": {
      "result": false,
      "time": 0.041390180587768555,
      "error": null
    },
    "assert find_demlo(\"886599\") == 12345654321": {
      "result": false,
      "time": 0.039778947830200195,
      "error": null
    },
    "assert find_demlo(\"400569997\") == 12345678987654321": {
      "result": false,
      "time": 0.05042886734008789,
      "error": null
    },
    "assert find_demlo(\"6546\") == 1234321": {
      "result": false,
      "time": 0.04382491111755371,
      "error": null
    },
    "assert find_demlo(\"9669556\") == 1234567654321": {
      "result": false,
      "time": 0.04807448387145996,
      "error": null
    },
    "assert find_demlo(\"525\") == 12321": {
      "result": false,
      "time": 0.05654621124267578,
      "error": null
    },
    "assert find_demlo(\"534028\") == 12345654321": {
      "result": false,
      "time": 0.04558372497558594,
      "error": null
    },
    "assert find_demlo(\"54406\") == 123454321": {
      "result": false,
      "time": 0.051744937896728516,
      "error": null
    },
    "assert find_demlo(\"412175\") == 12345654321": {
      "result": false,
      "time": 0.0495302677154541,
      "error": null
    },
    "assert find_demlo(\"813292145\") == 12345678987654321": {
      "result": false,
      "time": 0.05065751075744629,
      "error": null
    },
    "assert find_demlo(\"23267\") == 123454321": {
      "result": false,
      "time": 0.05539989471435547,
      "error": null
    },
    "assert find_demlo(\"955980687\") == 12345678987654321": {
      "result": false,
      "time": 0.04238414764404297,
      "error": null
    },
    "assert find_demlo(\"377295575\") == 12345678987654321": {
      "result": false,
      "time": 0.05995655059814453,
      "error": null
    },
    "assert find_demlo(\"565023\") == 12345654321": {
      "result": false,
      "time": 0.049556732177734375,
      "error": null
    },
    "assert find_demlo(\"711307\") == 12345654321": {
      "result": false,
      "time": 0.048004150390625,
      "error": null
    },
    "assert find_demlo(\"8465\") == 1234321": {
      "result": false,
      "time": 0.051035404205322266,
      "error": null
    },
    "assert find_demlo(\"300917517\") == 12345678987654321": {
      "result": false,
      "time": 0.04312252998352051,
      "error": null
    },
    "assert find_demlo(\"49165583\") == 123456787654321": {
      "result": false,
      "time": 0.05548501014709473,
      "error": null
    },
    "assert find_demlo(\"5440\") == 1234321": {
      "result": false,
      "time": 0.04935741424560547,
      "error": null
    },
    "assert find_demlo(\"2506\") == 1234321": {
      "result": false,
      "time": 0.058670997619628906,
      "error": null
    },