{
  "code": "import heapq\n\ndef heap_queue_smallest(numbers, k):\n    if not numbers:\n        return []\n    if k <= 0:\n        return []\n    heap = []\n    for num in numbers:\n        heapq.heappush(heap, num)\n    smallest = []\n    for _ in range(k):\n        if heap:\n            smallest_num = heapq.heappop(heap)\n            smallest.append(smallest_num)\n        else:\n            break\n    return smallest",
  "results": {
    "assert heap_queue_smallest( [25, 35, 22, 85, 14, 65, 75, 25, 58],3)==[14, 22, 25] ": {
      "result": true,
      "time": 0.17701172828674316,
      "error": null
    },
    "assert heap_queue_smallest( [25, 35, 22, 85, 14, 65, 75, 25, 58],2)==[14, 22]": {
      "result": true,
      "time": 0.15334820747375488,
      "error": null
    },
    "assert heap_queue_smallest( [25, 35, 22, 85, 14, 65, 75, 22, 58],5)==[14, 22, 22, 25, 35]": {
      "result": true,
      "time": 0.14933061599731445,
      "error": null
    },
    "assert heap_queue_smallest([22, 37, 21, 81, 12, 70, 70, 26, 63], 4) == [12, 21, 22, 26]": {
      "result": true,
      "time": 0.1204538345336914,
      "error": null
    },
    "assert heap_queue_smallest([26, 33, 23, 88, 18, 65, 75, 26, 57], 4) == [18, 23, 26, 26]": {
      "result": true,
      "time": 0.1295461654663086,
      "error": null
    },
    "assert heap_queue_smallest([21, 33, 17, 81, 18, 69, 79, 29, 59], 4) == [17, 18, 21, 29]": {
      "result": true,
      "time": 0.11038398742675781,
      "error": null
    },
    "assert heap_queue_smallest([24, 34, 26, 88, 11, 70, 79, 28, 56], 1) == [11]": {
      "result": true,
      "time": 0.11988997459411621,
      "error": null
    },
    "assert heap_queue_smallest([21, 31, 23, 83, 13, 64, 75, 25, 55], 6) == [13, 21, 23, 25, 31, 55]": {
      "result": true,
      "time": 0.12748241424560547,
      "error": null
    },
    "assert heap_queue_smallest([22, 31, 17, 88, 10, 63, 77, 27, 60], 3) == [10, 17, 22]": {
      "result": true,
      "time": 0.1234443187713623,
      "error": null
    },
    "assert heap_queue_smallest([23, 34, 24, 81, 16, 68, 79, 24, 61], 4) == [16, 23, 24, 24]": {
      "result": true,
      "time": 0.12403607368469238,
      "error": null
    },
    "assert heap_queue_smallest([28, 35, 27, 82, 15, 64, 71, 27, 54], 4) == [15, 27, 27, 28]": {
      "result": true,
      "time": 0.1565406322479248,
      "error": null
    },
    "assert heap_queue_smallest([29, 40, 24, 85, 12, 67, 73, 27, 63], 5) == [12, 24, 27, 29, 40]": {
      "result": true,
      "time": 0.13080096244812012,
      "error": null
    },
    "assert heap_queue_smallest([21, 38, 26, 80, 12, 61, 71, 26, 56], 2) == [12, 21]": {
      "result": true,
      "time": 0.13440537452697754,
      "error": null
    },
    "assert heap_queue_smallest([21, 35, 26, 86, 11, 68, 77, 23, 55], 1) == [11]": {
      "result": true,
      "time": 0.12430334091186523,
      "error": null
    },
    "assert heap_queue_smallest([22, 34, 19, 89, 14, 64, 72, 28, 61], 8) == [14, 19, 22, 28, 34, 61, 64, 72]": {
      "result": true,
      "time": 0.12513422966003418,
      "error": null
    },
    "assert heap_queue_smallest([27, 35, 18, 89, 18, 61, 75, 27, 54], 6) == [18, 18, 27, 27, 35, 54]": {
      "result": true,
      "time": 0.12844276428222656,
      "error": null
    },
    "assert heap_queue_smallest([25, 34, 22, 83, 15, 70, 75, 29, 62], 7) == [15, 22, 25, 29, 34, 62, 70]": {
      "result": true,
      "time": 0.13422179222106934,
      "error": null
    },
    "assert heap_queue_smallest([23, 31, 23, 81, 19, 61, 75, 23, 57], 1) == [19]": {
      "result": true,
      "time": 0.12346935272216797,
      "error": null
    },
    "assert heap_queue_smallest([23, 40, 23, 90, 14, 65, 79, 27, 63], 1) == [14]": {
      "result": true,
      "time": 0.13332295417785645,
      "error": null
    },
    "assert heap_queue_smallest([30, 39, 25, 83, 17, 69, 80, 27, 59], 2) == [17, 25]": {
      "result": true,
      "time": 0.11785364151000977,
      "error": null
    },
    "assert heap_queue_smallest([27, 35, 19, 84, 15, 69, 77, 30, 59], 6) == [15, 19, 27, 30, 35, 59]": {
      "result": true,
      "time": 0.141998291015625,
      "error": null
    },
    "assert heap_queue_smallest([22, 33, 20, 89, 17, 65, 71, 23, 56], 8) == [17, 20, 22, 23, 33, 56, 65, 71]": {
      "result": true,
      "time": 0.11304831504821777,
      "error": null
    },
    "assert heap_queue_smallest([25, 30, 23, 87, 12, 66, 80, 23, 57], 1) == [12]": {
      "result": true,
      "time": 0.16690897941589355,
      "error": null
    },
    "assert heap_queue_smallest([22, 30, 23, 80, 11, 70, 70, 23, 61], 5) == [11, 22, 23, 23, 30]": {
      "result": true,
      "time": 0.14395785331726074,
      "error": null
    },
    "assert heap_queue_smallest([26, 33, 17, 84, 12, 63, 72, 30, 62], 8) == [12, 17, 26, 30, 33, 62, 63, 72]": {
      "result": true,
      "time": 0.12065482139587402,
      "error": null
    },
    "assert heap_queue_smallest([22, 31, 18, 83, 13, 60, 70, 25, 54], 2) == [13, 18]": {
      "result": true,
      "time": 0.14848947525024414,
      "error": null
    },
    "assert heap_queue_smallest([25, 31, 27, 84, 18, 69, 73, 29, 54], 6) == [18, 25, 27, 29, 31, 54]": {
      "result": true,
      "time": 0.12421226501464844,
      "error": null
    },
    "assert heap_queue_smallest([20, 30, 26, 81, 18, 69, 71, 30, 60], 2) == [18, 20]": {
      "result": true,
      "time": 0.15064001083374023,
      "error": null
    },
    "assert heap_queue_smallest([23, 32, 25, 89, 11, 66, 76, 26, 63], 4) == [11, 23, 25, 26]": {
      "result": true,
      "time": 0.1368560791015625,
      "error": null
    },
    "assert heap_queue_smallest([24, 35, 17, 85, 19, 60, 72, 26, 55], 4) == [17, 19, 24, 26]": {
      "result": true,
      "time": 0.14563822746276855,
      "error": null
    },
    "assert heap_queue_smallest([21, 32, 22, 81, 18, 60, 78, 28, 63], 2) == [18, 21]": {
      "result": true,
      "time": 0.08792996406555176,
      "error": null
    },
    "assert heap_queue_smallest([20, 37, 21, 86, 16, 61, 71, 30, 61], 4) == [16, 20, 21, 30]": {
      "result": true,
      "time": 0.13777542114257812,
      "error": null
    },
    "assert heap_queue_smallest([20, 31, 23, 83, 16, 64, 79, 23, 61], 4) == [16, 20, 23, 23]": {
      "result": true,
      "time": 0.1467118263244629,
      "error": null
    },
    "assert heap_queue_smallest([24, 40, 23, 86, 15, 67, 77, 29, 55], 2) == [15, 23]": {
      "result": true,
      "time": 0.13906431198120117,
      "error": null
    },
    "assert heap_queue_smallest([20, 32, 26, 80, 10, 62, 70, 24, 61], 6) == [10, 20, 24, 26, 32, 61]": {
      "result": true,
      "time": 0.11216449737548828,
      "error": null
    },
    "assert heap_queue_smallest([29, 36, 25, 87, 18, 60, 73, 20, 62], 7) == [18, 20, 25, 29, 36, 60, 62]": {
      "result": true,
      "time": 0.12303638458251953,
      "error": null
    },
    "assert heap_queue_smallest([27, 34, 24, 80, 10, 64, 70, 23, 53], 3) == [10, 23, 24]": {
      "result": true,
      "time": 0.12274789810180664,
      "error": null
    },
    "assert heap_queue_smallest([25, 31, 23, 90, 10, 66, 73, 27, 61], 4) == [10, 23, 25, 27]": {
      "result": true,
      "time": 0.11553096771240234,
      "error": null
    },
    "assert heap_queue_smallest([21, 35, 20, 85, 17, 63, 74, 26, 53], 5) == [17, 20, 21, 26, 35]": {
      "result": true,
      "time": 0.11258149147033691,
      "error": null
    },
    "assert heap_queue_smallest([21, 34, 23, 86, 14, 60, 75, 28, 59], 7) == [14, 21, 23, 28, 34, 59, 60]": {
      "result": true,
      "time": 0.12463045120239258,
      "error": null
    },
    "assert heap_queue_smallest([23, 33, 18, 88, 19, 63, 78, 27, 57], 6) == [18, 19, 23, 27, 33, 57]": {
      "result": true,
      "time": 0.1332082748413086,
      "error": null
    },
    "assert heap_queue_smallest([27, 31, 25, 85, 10, 68, 80, 21, 55], 6) == [10, 21, 25, 27, 31, 55]": {
      "result": true,