{
  "code": "def find_length(binary_string, n):\n    max_diff = 0\n    for i in range(n):\n        count0 = 0\n        count1 = 0\n        for j in range(i, n):\n            current_char = binary_string[j]\n            if current_char == '0':\n                count0 += 1\n            else:\n                count1 += 1\n            current_diff = count0 - count1\n            if current_diff > max_diff:\n                max_diff = current_diff\n    return max_diff",
  "results": {
    "assert find_length(\"11000010001\", 11) == 6": {
      "result": true,
      "time": 0.04015755653381348,
      "error": null
    },
    "assert find_length(\"10111\", 5) == 1": {
      "result": true,
      "time": 0.03916025161743164,
      "error": null
    },
    "assert find_length(\"11011101100101\", 14) == 2 ": {
      "result": true,
      "time": 0.034400224685668945,
      "error": null
    },
    "assert find_length('5588348', 6) == 0": {
      "result": true,
      "time": 0.03983116149902344,
      "error": null
    },
    "assert find_length('45731861915227', 12) == 0": {
      "result": true,
      "time": 0.04266095161437988,
      "error": null
    },
    "assert find_length('907379631930277', 15) == 1": {
      "result": true,
      "time": 0.04210615158081055,
      "error": null
    },
    "assert find_length('24805653973522', 7) == 1": {
      "result": true,
      "time": 0.04277443885803223,
      "error": null
    },
    "assert find_length('01968127', 6) == 1": {
      "result": true,
      "time": 0.04347968101501465,
      "error": null
    },
    "assert find_length('53278843141882', 13) == 0": {
      "result": true,
      "time": 0.04127240180969238,
      "error": null
    },
    "assert find_length('051535838', 9) == 1": {
      "result": true,
      "time": 0.04223895072937012,
      "error": null
    },
    "assert find_length('67750097667823', 13) == 2": {
      "result": true,
      "time": 0.03669309616088867,
      "error": null
    },
    "assert find_length('031601076722', 11) == 1": {
      "result": true,
      "time": 0.047118186950683594,
      "error": null
    },
    "assert find_length('74587544703542', 10) == 1": {
      "result": true,
      "time": 0.045087575912475586,
      "error": null
    },
    "assert find_length('816412', 6) == 0": {
      "result": true,
      "time": 0.04289722442626953,
      "error": null
    },
    "assert find_length('968443598849770', 9) == 0": {
      "result": true,
      "time": 0.03098773956298828,
      "error": null
    },
    "assert find_length('48962373866', 6) == 0": {
      "result": true,
      "time": 0.041826486587524414,
      "error": null
    },
    "assert find_length('1774711968602', 9) == 0": {
      "result": true,
      "time": 0.0460047721862793,
      "error": null
    },
    "assert find_length('9745499332161', 8) == 0": {
      "result": true,
      "time": 0.04595446586608887,
      "error": null
    },
    "assert find_length('335909428541161', 14) == 1": {
      "result": true,
      "time": 0.04045534133911133,
      "error": null
    },
    "assert find_length('818860663876799', 8) == 1": {
      "result": true,
      "time": 0.0373079776763916,
      "error": null
    },
    "assert find_length('43319697992', 6) == 0": {
      "result": true,
      "time": 0.04156994819641113,
      "error": null
    },
    "assert find_length('61098977642009', 13) == 2": {
      "result": true,
      "time": 0.035793304443359375,
      "error": null
    },
    "assert find_length('6481297882878', 12) == 0": {
      "result": true,
      "time": 0.03489065170288086,
      "error": null
    },
    "assert find_length('820564627', 9) == 1": {
      "result": true,
      "time": 0.04037880897521973,
      "error": null
    },
    "assert find_length('52387858203590', 6) == 0": {
      "result": true,
      "time": 0.04987192153930664,
      "error": null
    },
    "assert find_length('556672032292537', 7) == 1": {
      "result": true,
      "time": 0.04754471778869629,
      "error": null
    },
    "assert find_length('13462576303', 6) == 0": {
      "result": true,
      "time": 0.04901480674743652,
      "error": null
    },
    "assert find_length('369201833961953', 8) == 1": {
      "result": true,
      "time": 0.03738880157470703,
      "error": null
    },
    "assert find_length('281357464957', 6) == 0": {
      "result": true,
      "time": 0.03930521011352539,
      "error": null
    },
    "assert find_length('736506785752632', 13) == 1": {
      "result": true,
      "time": 0.04300832748413086,
      "error": null
    },
    "assert find_length('75676347893', 7) == 0": {
      "result": true,
      "time": 0.04159116744995117,
      "error": null
    },
    "assert find_length('428285974788', 11) == 0": {
      "result": true,
      "time": 0.04555034637451172,
      "error": null
    },
    "assert find_length('417906751', 9) == 1": {
      "result": true,
      "time": 0.03989219665527344,
      "error": null
    },
    "assert find_length('44426936870', 10) == 0": {
      "result": true,
      "time": 0.041165828704833984,
      "error": null
    },
    "assert find_length('72635020277123', 6) == 1": {
      "result": true,
      "time": 0.04444122314453125,
      "error": null
    },
    "assert find_length('0514092375', 9) == 1": {
      "result": true,
      "time": 0.04197216033935547,
      "error": null
    },
    "assert find_length('4616', 4) == 0": {
      "result": true,
      "time": 0.04758477210998535,
      "error": null
    },
    "assert find_length('424675959', 8) == 0": {
      "result": true,
      "time": 0.04472780227661133,
      "error": null
    },
    "assert find_length('007437765', 8) == 2": {
      "result": true,
      "time": 0.039598703384399414,
      "error": null
    },
    "assert find_length('2378', 2) == 0": {
      "result": true,
      "time": 0.04767131805419922,
      "error": null
    },
    "assert find_length('490500', 2) == 0": {
      "result": true,
      "time": 0.04448890686035156,
      "error": null
    },
    "assert find_length('055139795', 4) == 1": {
      "result": true,
      "time": 0.036360740661621094,
      "error": null
    },
    "assert find_length('492806663', 6) == 1": {
      "result": true,
      "time": 0.03881120681762695,
      "error": null
    },
    "assert find_length('176546957', 6) == 0": {
      "result": true,
      "time": 0.04189610481262207,
      "error": null
    },
    "assert find_length('8309844', 2) == 0": {
      "result": true,
      "time": 0.047238826751708984,
      "error": null
    },
    "assert find_length('578264', 1) == 0": {
      "result": true,
      "time": 0.0472564697265625,
      "error": null
    },
    "assert find_length('31412472', 3) == 0": {
      "result": true,
      "time": 0.05277848243713379,
      "error": null
    },
    "assert find_length('1560', 2) == 0": {
      "result": true,
      "time": 0.0372617244720459,
      "error": null
    },
    "assert find_length('42166840', 8) == 1": {
      "result": true,
      "time": 0.041599273681640625,
      "error": null
    },
    "assert find_length('41855', 4) == 0": {
      "result": true,
      "time": 0.053633689880371094,
      "error": null
    },
    "assert find_length('06683554', 3) == 1": {
      "result": true,
      "time": 0.0374147891998291,
      "error": null
    },
    "assert find_length('915428860', 4) == 0": {
      "result": true,
      "time": 0.0404052734375,
      "error": null
    },
    "assert find_length('0020648', 2) == 2": {
      "result": true,
      "time": 0.044922590255737305,
      "error": null
    },
    "assert find_length('942012578', 6) == 1": {
      "result": true,
      "time": 0.04420948028564453,
      "error": null
    },
    "assert find_length('41478', 5) == 0": {
      "result": true,
      "time": 0.04481148719787598,
      "error": null
    },
    "assert find_length('7688309', 4) == 0": {
      "result": true,