{
  "code": "def find_remainder(arr, size, n):\n    product = 1\n    for i in range(size):\n        current_element = arr[i]\n        product = product * current_element\n    remainder = product % n\n    return remainder",
  "results": {
    "assert find_remainder([ 100, 10, 5, 25, 35, 14 ],6,11) ==9": {
      "result": true,
      "time": 0.04641580581665039,
      "error": null
    },
    "assert find_remainder([1,1,1],3,1) == 0": {
      "result": true,
      "time": 0.044302940368652344,
      "error": null
    },
    "assert find_remainder([1,2,1],3,2) == 0": {
      "result": true,
      "time": 0.04537224769592285,
      "error": null
    },
    "assert find_remainder([96, 14, 8, 20, 36, 12], 1, 9) == 6": {
      "result": true,
      "time": 0.050083160400390625,
      "error": null
    },
    "assert find_remainder([98, 13, 3, 29, 30, 15], 5, 8) == 4": {
      "result": true,
      "time": 0.06481051445007324,
      "error": null
    },
    "assert find_remainder([103, 12, 9, 26, 34, 13], 1, 11) == 4": {
      "result": true,
      "time": 0.05166339874267578,
      "error": null
    },
    "assert find_remainder([96, 11, 9, 22, 40, 19], 3, 9) == 0": {
      "result": true,
      "time": 0.06095576286315918,
      "error": null
    },
    "assert find_remainder([96, 14, 8, 27, 33, 17], 3, 10) == 2": {
      "result": true,
      "time": 0.03751659393310547,
      "error": null
    },
    "assert find_remainder([101, 9, 5, 24, 32, 19], 5, 9) == 0": {
      "result": true,
      "time": 0.04392528533935547,
      "error": null
    },
    "assert find_remainder([103, 10, 5, 22, 31, 13], 6, 9) == 2": {
      "result": true,
      "time": 0.03986072540283203,
      "error": null
    },
    "assert find_remainder([101, 6, 10, 29, 35, 10], 4, 15) == 0": {
      "result": true,
      "time": 0.03348898887634277,
      "error": null
    },
    "assert find_remainder([98, 8, 10, 20, 30, 16], 3, 8) == 0": {
      "result": true,
      "time": 0.037896156311035156,
      "error": null
    },
    "assert find_remainder([100, 13, 7, 26, 30, 16], 1, 12) == 4": {
      "result": true,
      "time": 0.03435087203979492,
      "error": null
    },
    "assert find_remainder([101, 14, 3, 27, 39, 11], 4, 13) == 4": {
      "result": true,
      "time": 0.04092979431152344,
      "error": null
    },
    "assert find_remainder([98, 12, 10, 25, 36, 19], 1, 10) == 8": {
      "result": true,
      "time": 0.03975558280944824,
      "error": null
    },
    "assert find_remainder([102, 12, 1, 25, 40, 15], 6, 14) == 8": {
      "result": true,
      "time": 0.0398712158203125,
      "error": null
    },
    "assert find_remainder([98, 5, 7, 24, 30, 14], 4, 16) == 0": {
      "result": true,
      "time": 0.043184518814086914,
      "error": null
    },
    "assert find_remainder([103, 9, 2, 28, 32, 10], 3, 16) == 14": {
      "result": true,
      "time": 0.03495502471923828,
      "error": null
    },
    "assert find_remainder([102, 5, 2, 30, 30, 14], 2, 15) == 0": {
      "result": true,
      "time": 0.030812501907348633,
      "error": null
    },
    "assert find_remainder([97, 5, 10, 27, 32, 11], 1, 15) == 7": {
      "result": true,
      "time": 0.04952502250671387,
      "error": null
    },
    "assert find_remainder([101, 13, 10, 26, 31, 15], 1, 6) == 5": {
      "result": true,
      "time": 0.03083658218383789,
      "error": null
    },
    "assert find_remainder([103, 14, 7, 20, 39, 19], 2, 15) == 2": {
      "result": true,
      "time": 0.04181814193725586,
      "error": null
    },
    "assert find_remainder([99, 14, 10, 26, 37, 18], 2, 12) == 6": {
      "result": true,
      "time": 0.03953433036804199,
      "error": null
    },
    "assert find_remainder([103, 5, 6, 27, 33, 17], 4, 6) == 0": {
      "result": true,
      "time": 0.035776376724243164,
      "error": null
    },
    "assert find_remainder([96, 12, 10, 25, 30, 14], 5, 7) == 5": {
      "result": true,
      "time": 0.04284834861755371,
      "error": null
    },
    "assert find_remainder([100, 11, 5, 28, 40, 10], 6, 8) == 0": {
      "result": true,
      "time": 0.04152083396911621,
      "error": null
    },
    "assert find_remainder([96, 15, 4, 23, 35, 15], 6, 14) == 0": {
      "result": true,
      "time": 0.03867745399475098,
      "error": null
    },
    "assert find_remainder([103, 15, 4, 27, 32, 18], 5, 8) == 0": {
      "result": true,
      "time": 0.04003763198852539,
      "error": null
    },
    "assert find_remainder([101, 6, 5, 25, 40, 18], 2, 8) == 6": {
      "result": true,
      "time": 0.04352855682373047,
      "error": null
    },
    "assert find_remainder([103, 14, 10, 22, 40, 13], 2, 15) == 2": {
      "result": true,
      "time": 0.03475499153137207,
      "error": null
    },
    "assert find_remainder([104, 9, 4, 30, 33, 9], 2, 7) == 5": {
      "result": true,
      "time": 0.03810834884643555,
      "error": null
    },
    "assert find_remainder([101, 10, 2, 25, 38, 15], 5, 9) == 2": {
      "result": true,
      "time": 0.029602527618408203,
      "error": null
    },
    "assert find_remainder([96, 11, 8, 22, 30, 17], 6, 11) == 0": {
      "result": true,
      "time": 0.033669471740722656,
      "error": null
    },
    "assert find_remainder([104, 7, 2, 24, 32, 11], 5, 9) == 3": {
      "result": true,
      "time": 0.035088300704956055,
      "error": null
    },
    "assert find_remainder([97, 5, 2, 30, 34, 9], 5, 8) == 0": {
      "result": true,
      "time": 0.04312467575073242,
      "error": null
    },
    "assert find_remainder([102, 14, 7, 29, 32, 14], 5, 13) == 8": {
      "result": true,
      "time": 0.041831016540527344,
      "error": null
    },
    "assert find_remainder([1, 1, 6], 3, 3) == 0": {
      "result": true,
      "time": 0.04666328430175781,
      "error": null
    },
    "assert find_remainder([3, 4, 6], 3, 3) == 0": {
      "result": true,
      "time": 0.04088139533996582,
      "error": null
    },
    "assert find_remainder([5, 3, 6], 1, 4) == 1": {
      "result": true,
      "time": 0.03138542175292969,
      "error": null
    },
    "assert find_remainder([3, 1, 3], 1, 5) == 3": {
      "result": true,
      "time": 0.03952145576477051,
      "error": null
    },
    "assert find_remainder([3, 1, 3], 1, 4) == 3": {
      "result": true,
      "time": 0.0436100959777832,
      "error": null
    },
    "assert find_remainder([2, 2, 5], 1, 3) == 2": {
      "result": true,
      "time": 0.03653693199157715,
      "error": null
    },
    "assert find_remainder([4, 1, 2], 2, 6) == 4": {
      "result": true,
      "time": 0.03439950942993164,
      "error": null
    },
    "assert find_remainder([5, 3, 1], 1, 1) == 0": {
      "result": true,
      "time": 0.039945363998413086,
      "error": null
    },
    "assert find_remainder([4, 3, 2], 1, 1) == 0": {
      "result": true,
      "time": 0.039433956146240234,
      "error": null
    },
    "assert find_remainder([6, 2, 4], 3, 5) == 3": {
      "result": true,
      "time": 0.03390002250671387,
      "error": null
    },
    "assert find_remainder([3, 5, 1], 2, 1) == 0": {
      "result": true,
      "time": 0.04168534278869629,
      "error": null
    },
    "assert find_remainder([6, 5, 5], 1, 3) == 0": {
      "result": true,
      "time": 0.036590576171875,
      "error": null
    },
    "assert find_remainder([6, 3, 4], 2, 5) == 3": {
      "result": true,
      "time": 0.03728175163269043,
      "error": null
    },
    "assert find_remainder([3, 2, 1], 2, 4) == 2": {
      "result": true,
      "time": 0.037407636642456055,
      "error": null
    },
    "assert find_remainder([2, 5, 4], 1, 4) == 2": {
      "result": true,
      "time": 0.03340864181518555,
      "error": null
    },
    "assert find_remainder([2, 1, 2], 3, 5) == 4": {
      "result": true,
      "time": 0.03764057159423828,
      "error": null
    },
    "assert find_remainder([3, 6, 4], 2, 1) == 0": {
      "result": true,
      "time": 0.03933119773864746,