{
  "code": "def max_product(arr, n):\n    max_prod = [1] * n\n    for i in range(n):\n        max_prod[i] = arr[i]\n    for i in range(1, n):\n        for j in range(i):\n            if arr[i] > arr[j]:\n                current_product = max_prod[j] * arr[i]\n                if current_product > max_prod[i]:\n                    max_prod[i] = current_product\n    result = max(max_prod)\n    return result",
  "results": {
    "assert max_product([3, 100, 4, 5, 150, 6], 6) == 45000 ": {
      "result": true,
      "time": 0.03750967979431152,
      "error": null
    },
    "assert max_product([4, 42, 55, 68, 80], 5) == 50265600": {
      "result": true,
      "time": 0.031877756118774414,
      "error": null
    },
    "assert max_product([10, 22, 9, 33, 21, 50, 41, 60], 8) == 21780000 ": {
      "result": true,
      "time": 0.03235650062561035,
      "error": null
    },
    "assert max_product([8, 96, 2, 8, 154, 4], 6) == 118272": {
      "result": true,
      "time": 0.03754925727844238,
      "error": null
    },
    "assert max_product([7, 95, 8, 9, 155, 9], 3) == 665": {
      "result": true,
      "time": 0.03275728225708008,
      "error": null
    },
    "assert max_product([2, 105, 2, 10, 145, 1], 5) == 30450": {
      "result": true,
      "time": 0.055408477783203125,
      "error": null
    },
    "assert max_product([4, 104, 9, 9, 150, 3], 1) == 4": {
      "result": true,
      "time": 0.04575753211975098,
      "error": null
    },
    "assert max_product([4, 100, 5, 7, 149, 7], 1) == 4": {
      "result": true,
      "time": 0.06709790229797363,
      "error": null
    },
    "assert max_product([8, 103, 2, 4, 149, 2], 2) == 824": {
      "result": true,
      "time": 0.052582740783691406,
      "error": null
    },
    "assert max_product([3, 105, 4, 9, 150, 10], 4) == 315": {
      "result": true,
      "time": 0.04569649696350098,
      "error": null
    },
    "assert max_product([6, 98, 5, 5, 147, 5], 5) == 86436": {
      "result": true,
      "time": 0.03761100769042969,
      "error": null
    },
    "assert max_product([7, 100, 6, 10, 155, 8], 4) == 700": {
      "result": true,
      "time": 0.04165220260620117,
      "error": null
    },
    "assert max_product([5, 100, 5, 8, 150, 4], 5) == 75000": {
      "result": true,
      "time": 0.03701066970825195,
      "error": null
    },
    "assert max_product([1, 97, 6, 4, 155, 7], 5) == 15035": {
      "result": true,
      "time": 0.03555011749267578,
      "error": null
    },
    "assert max_product([2, 100, 6, 10, 153, 10], 6) == 30600": {
      "result": true,
      "time": 0.0375211238861084,
      "error": null
    },
    "assert max_product([8, 99, 1, 1, 145, 7], 3) == 792": {
      "result": true,
      "time": 0.03944206237792969,
      "error": null
    },
    "assert max_product([1, 95, 4, 10, 150, 1], 2) == 95": {
      "result": true,
      "time": 0.035196781158447266,
      "error": null
    },
    "assert max_product([7, 100, 3, 9, 147, 4], 6) == 102900": {
      "result": true,
      "time": 0.037406206130981445,
      "error": null
    },
    "assert max_product([8, 97, 4, 3, 145, 7], 1) == 8": {
      "result": true,
      "time": 0.042070865631103516,
      "error": null
    },
    "assert max_product([7, 96, 2, 2, 152, 5], 5) == 102144": {
      "result": true,
      "time": 0.042177677154541016,
      "error": null
    },
    "assert max_product([3, 100, 6, 7, 154, 8], 1) == 3": {
      "result": true,
      "time": 0.04182934761047363,
      "error": null
    },
    "assert max_product([4, 95, 3, 8, 148, 11], 3) == 380": {
      "result": true,
      "time": 0.03379058837890625,
      "error": null
    },
    "assert max_product([4, 101, 5, 8, 155, 11], 3) == 404": {
      "result": true,
      "time": 0.04287314414978027,
      "error": null
    },
    "assert max_product([1, 104, 4, 8, 145, 11], 4) == 104": {
      "result": true,
      "time": 0.056382179260253906,
      "error": null
    },
    "assert max_product([6, 103, 2, 2, 155, 7], 4) == 618": {
      "result": true,
      "time": 0.051006317138671875,
      "error": null
    },
    "assert max_product([5, 99, 8, 8, 155, 3], 2) == 495": {
      "result": true,
      "time": 0.04148554801940918,
      "error": null
    },
    "assert max_product([6, 105, 5, 4, 146, 3], 3) == 630": {
      "result": true,
      "time": 0.041790008544921875,
      "error": null
    },
    "assert max_product([1, 100, 2, 6, 153, 2], 5) == 15300": {
      "result": true,
      "time": 0.0335538387298584,
      "error": null
    },
    "assert max_product([7, 95, 1, 1, 148, 11], 1) == 7": {
      "result": true,
      "time": 0.03735923767089844,
      "error": null
    },
    "assert max_product([8, 97, 8, 2, 155, 3], 3) == 776": {
      "result": true,
      "time": 0.0468142032623291,
      "error": null
    },
    "assert max_product([2, 101, 4, 10, 151, 11], 3) == 202": {
      "result": true,
      "time": 0.04473137855529785,
      "error": null
    },
    "assert max_product([7, 101, 7, 3, 148, 3], 5) == 104636": {
      "result": true,
      "time": 0.03884387016296387,
      "error": null
    },
    "assert max_product([6, 95, 8, 1, 147, 7], 1) == 6": {
      "result": true,
      "time": 0.034441232681274414,
      "error": null
    },
    "assert max_product([4, 99, 5, 1, 148, 6], 3) == 396": {
      "result": true,
      "time": 0.03899335861206055,
      "error": null
    },
    "assert max_product([8, 100, 8, 6, 149, 8], 4) == 800": {
      "result": true,
      "time": 0.036731719970703125,
      "error": null
    },
    "assert max_product([5, 103, 2, 7, 145, 6], 4) == 515": {
      "result": true,
      "time": 0.03778195381164551,
      "error": null
    },
    "assert max_product([6, 45, 59, 70, 81], 3) == 15930": {
      "result": true,
      "time": 0.038991451263427734,
      "error": null
    },
    "assert max_product([7, 43, 51, 73, 77], 2) == 301": {
      "result": true,
      "time": 0.04290270805358887,
      "error": null
    },
    "assert max_product([1, 39, 52, 68, 82], 1) == 1": {
      "result": true,
      "time": 0.04129767417907715,
      "error": null
    },
    "assert max_product([8, 40, 58, 71, 84], 4) == 1317760": {
      "result": true,
      "time": 0.03887939453125,
      "error": null
    },
    "assert max_product([6, 37, 60, 68, 80], 2) == 222": {
      "result": true,
      "time": 0.03770709037780762,
      "error": null
    },
    "assert max_product([6, 41, 53, 65, 80], 3) == 13038": {
      "result": true,
      "time": 0.045529842376708984,
      "error": null
    },
    "assert max_product([4, 44, 59, 69, 84], 4) == 716496": {
      "result": true,
      "time": 0.04420280456542969,
      "error": null
    },
    "assert max_product([9, 43, 59, 64, 79], 3) == 22833": {
      "result": true,
      "time": 0.04971885681152344,
      "error": null
    },
    "assert max_product([5, 42, 50, 66, 81], 4) == 693000": {
      "result": true,
      "time": 0.048766136169433594,
      "error": null
    },
    "assert max_product([4, 44, 53, 71, 85], 5) == 56294480": {
      "result": true,
      "time": 0.04597973823547363,
      "error": null
    },
    "assert max_product([7, 47, 56, 66, 78], 5) == 94846752": {
      "result": true,
      "time": 0.04846525192260742,
      "error": null
    },
    "assert max_product([9, 45, 51, 68, 82], 5) == 115172280": {
      "result": true,
      "time": 0.05460309982299805,
      "error": null
    },
    "assert max_product([9, 47, 51, 69, 82], 4) == 1488537": {
      "result": true,
      "time": 0.044899940490722656,
      "error": null
    },
    "assert max_product([8, 37, 58, 68, 77], 4) == 1167424": {
      "result": true,
      "time": 0.04112982749938965,
      "error": null
    },
    "assert max_product([1, 38, 60, 65, 78], 5) == 11559600": {
      "result": true,
      "time": 0.04925346374511719,
      "error": null
    },
    "assert max_product([3, 39, 54, 63, 78], 3) == 6318": {
      "result": true,