{
  "code": "def tn_gp(first_term, common_ratio, term_number):\n    # Calculate the exponent for the common ratio\n    exponent = term_number - 1\n    # Compute the common ratio raised to the exponent\n    ratio_power = common_ratio ** exponent\n    # Multiply the first term with the computed power of the common ratio\n    nth_term = first_term * ratio_power\n    return nth_term",
  "results": {
    "assert tn_gp(1,5,2)==16": {
      "result": false,
      "time": 0.04029726982116699,
      "error": null
    },
    "assert tn_gp(1,5,4)==256": {
      "result": false,
      "time": 0.03540182113647461,
      "error": null
    },
    "assert tn_gp(2,6,3)==486": {
      "result": false,
      "time": 0.04255104064941406,
      "error": null
    },
    "assert tn_gp(3, 9, 6) == 5038848.0": {
      "result": false,
      "time": 0.03888297080993652,
      "error": null
    },
    "assert tn_gp(4, 4, 2) == 32.0": {
      "result": false,
      "time": 0.04362797737121582,
      "error": null
    },
    "assert tn_gp(2, 5, 4) == 512.0": {
      "result": false,
      "time": 0.03495454788208008,
      "error": null
    },
    "assert tn_gp(2, 8, 5) == 156250.0": {
      "result": false,
      "time": 0.03937697410583496,
      "error": null
    },
    "assert tn_gp(1, 9, 7) == 5764801.0": {
      "result": false,
      "time": 0.03720879554748535,
      "error": null
    },
    "assert tn_gp(2, 9, 5) == 781250.0": {
      "result": false,
      "time": 0.046733856201171875,
      "error": null
    },
    "assert tn_gp(4, 9, 5) == 1562500.0": {
      "result": false,
      "time": 0.035266876220703125,
      "error": null
    },
    "assert tn_gp(1, 10, 4) == 262144.0": {
      "result": false,
      "time": 0.03800225257873535,
      "error": null
    },
    "assert tn_gp(3, 5, 5) == 1875.0": {
      "result": true,
      "time": 0.048607587814331055,
      "error": null
    },
    "assert tn_gp(3, 3, 6) == 108.0": {
      "result": false,
      "time": 0.05031728744506836,
      "error": null
    },
    "assert tn_gp(2, 8, 6) == 559872.0": {
      "result": false,
      "time": 0.034981727600097656,
      "error": null
    },
    "assert tn_gp(3, 3, 3) == 27.0": {
      "result": true,
      "time": 0.04071497917175293,
      "error": null
    },
    "assert tn_gp(4, 2, 6) == 24.0": {
      "result": false,
      "time": 0.05445122718811035,
      "error": null
    },
    "assert tn_gp(1, 3, 5) == 25.0": {
      "result": false,
      "time": 0.04218626022338867,
      "error": null
    },
    "assert tn_gp(5, 3, 3) == 45.0": {
      "result": true,
      "time": 0.04174041748046875,
      "error": null
    },
    "assert tn_gp(3, 1, 4) == 3.0": {
      "result": true,
      "time": 0.03582572937011719,
      "error": null
    },
    "assert tn_gp(1, 3, 4) == 16.0": {
      "result": false,
      "time": 0.04294586181640625,
      "error": null
    },
    "assert tn_gp(3, 4, 6) == 648.0": {
      "result": false,
      "time": 0.04410243034362793,
      "error": null
    },
    "assert tn_gp(4, 3, 1) == 4.0": {
      "result": true,
      "time": 0.046038150787353516,
      "error": null
    },
    "assert tn_gp(4, 5, 4) == 1024.0": {
      "result": false,
      "time": 0.046094655990600586,
      "error": null
    },
    "assert tn_gp(3, 8, 6) == 839808.0": {
      "result": false,
      "time": 0.03633403778076172,
      "error": null
    },
    "assert tn_gp(1, 5, 5) == 625.0": {
      "result": true,
      "time": 0.03429222106933594,
      "error": null
    },
    "assert tn_gp(3, 10, 2) == 1536.0": {
      "result": false,
      "time": 0.04105043411254883,
      "error": null
    },
    "assert tn_gp(1, 3, 3) == 9.0": {
      "result": true,
      "time": 0.03755068778991699,
      "error": null
    },
    "assert tn_gp(2, 7, 5) == 31250.0": {
      "result": false,
      "time": 0.03911161422729492,
      "error": null
    },
    "assert tn_gp(1, 1, 4) == 1.0": {
      "result": true,
      "time": 0.03472280502319336,
      "error": null
    },
    "assert tn_gp(5, 8, 1) == 5.0": {
      "result": true,
      "time": 0.036920785903930664,
      "error": null
    },
    "assert tn_gp(5, 2, 3) == 15.0": {
      "result": false,
      "time": 0.04111051559448242,
      "error": null
    },
    "assert tn_gp(4, 6, 2) == 128.0": {
      "result": false,
      "time": 0.03554248809814453,
      "error": null
    },
    "assert tn_gp(5, 9, 2) == 1280.0": {
      "result": false,
      "time": 0.03795623779296875,
      "error": null
    },
    "assert tn_gp(3, 7, 6) == 139968.0": {
      "result": false,
      "time": 0.03420829772949219,
      "error": null
    },
    "assert tn_gp(3, 6, 3) == 729.0": {
      "result": false,
      "time": 0.040322303771972656,
      "error": null
    },
    "assert tn_gp(4, 3, 2) == 16.0": {
      "result": false,
      "time": 0.0425877571105957,
      "error": null
    },
    "assert tn_gp(3, 5, 8) == 12288.0": {
      "result": false,
      "time": 0.04082512855529785,
      "error": null
    },
    "assert tn_gp(6, 3, 7) == 294.0": {
      "result": false,
      "time": 0.03772616386413574,
      "error": null
    },
    "assert tn_gp(1, 9, 6) == 1679616.0": {
      "result": false,
      "time": 0.0376436710357666,
      "error": null
    },
    "assert tn_gp(2, 2, 7) == 14.0": {
      "result": false,
      "time": 0.03698849678039551,
      "error": null
    },
    "assert tn_gp(1, 8, 6) == 279936.0": {
      "result": false,
      "time": 0.043302059173583984,
      "error": null
    },
    "assert tn_gp(1, 10, 3) == 19683.0": {
      "result": false,
      "time": 0.03580045700073242,
      "error": null
    },
    "assert tn_gp(4, 5, 3) == 324.0": {
      "result": false,
      "time": 0.03512692451477051,
      "error": null
    },
    "assert tn_gp(6, 9, 3) == 39366.0": {
      "result": false,
      "time": 0.042860984802246094,
      "error": null
    },
    "assert tn_gp(6, 1, 8) == 6.0": {
      "result": true,
      "time": 0.03530550003051758,
      "error": null
    },
    "assert tn_gp(6, 7, 6) == 279936.0": {
      "result": false,
      "time": 0.03471636772155762,
      "error": null
    },
    "assert tn_gp(3, 2, 1) == 3.0": {
      "result": true,
      "time": 0.03594183921813965,
      "error": null
    },
    "assert tn_gp(6, 3, 6) == 216.0": {
      "result": false,
      "time": 0.03749489784240723,
      "error": null
    },
    "assert tn_gp(3, 4, 5) == 375.0": {
      "result": false,
      "time": 0.04226207733154297,
      "error": null
    },
    "assert tn_gp(5, 4, 2) == 40.0": {
      "result": false,
      "time": 0.03468966484069824,
      "error": null
    },
    "assert tn_gp(1, 9, 4) == 65536.0": {
      "result": false,
      "time": 0.03783679008483887,
      "error": null
    },
    "assert tn_gp(3, 10, 7) == 121060821.0": {
      "result": false,
      "time": 0.034258127212524414,
      "error": null
    },
    "assert tn_gp(6, 5, 6) == 7776.0": {
      "result": false,
      "time": 0.03984689712524414,
      "error": null
    },
    "assert tn_gp(4, 2, 4) == 16.0": {
      "result": false,
      "time": 0.03422951698303223,
      "error": null
    },
    "assert tn_gp(4, 9, 3) == 26244.0": {
      "result": false,
      "time": 0.03585219383239746,
      "error": null
    },
    "assert tn_gp(5, 4, 3) == 135.0": {
      "result": false,
      "time": 0.04059553146362305,
      "error": null
    },
    "assert tn_gp(2, 5, 5) == 1250.0": {
      "result": true,
      "time": 0.03419613838195801,
      "error": null
    },
    "assert tn_gp(1, 10, 1) == 1.0": {
      "result": true,
      "time": 0.03733491897583008,
      "error": null
    },
    "assert tn_gp(4, 4, 3) == 108.0": {
      "result": false,
      "time": 0.03959941864013672,
      "error": null
    },
    "assert tn_gp(5, 2, 1) == 5.0": {
      "result": true,
      "time": 0.04624509811401367,
      "error": null
    },
    "assert tn_gp(4, 6, 8) == 131072.0": {
      "result": false,