{
  "code": "import cmath\n\ndef angle_complex(real, imag):\n    complex_num = real + imag\n    phase = cmath.phase(complex_num)\n    return phase",
  "results": {
    "assert angle_complex(0,1j)==1.5707963267948966 ": {
      "result": true,
      "time": 0.08537745475769043,
      "error": null
    },
    "assert angle_complex(2,1j)==0.4636476090008061": {
      "result": true,
      "time": 0.08700799942016602,
      "error": null
    },
    "assert angle_complex(0,2j)==1.5707963267948966": {
      "result": true,
      "time": 0.0848991870880127,
      "error": null
    },
    "assert angle_complex(3, 8j) == 1.2120256565243244": {
      "result": true,
      "time": 0.08134770393371582,
      "error": null
    },
    "assert angle_complex(2, 2j) == 0.7853981633974483": {
      "result": true,
      "time": 0.08479714393615723,
      "error": null
    },
    "assert angle_complex(2, 4j) == 1.1071487177940904": {
      "result": true,
      "time": 0.08421468734741211,
      "error": null
    },
    "assert angle_complex(3, 5j) == 1.0303768265243125": {
      "result": true,
      "time": 0.0800316333770752,
      "error": null
    },
    "assert angle_complex(1, 6j) == 1.4056476493802699": {
      "result": true,
      "time": 0.0857088565826416,
      "error": null
    },
    "assert angle_complex(5, 3j) == 0.5404195002705842": {
      "result": true,
      "time": 0.08144927024841309,
      "error": null
    },
    "assert angle_complex(2, 3j) == 0.982793723247329": {
      "result": true,
      "time": 0.08375763893127441,
      "error": null
    },
    "assert angle_complex(1, 5j) == 1.373400766945016": {
      "result": true,
      "time": 0.08631372451782227,
      "error": null
    },
    "assert angle_complex(3, 4j) == 0.9272952180016122": {
      "result": true,
      "time": 0.09522891044616699,
      "error": null
    },
    "assert angle_complex(5, 4j) == 0.6747409422235526": {
      "result": true,
      "time": 0.08566403388977051,
      "error": null
    },
    "assert angle_complex(5, 8j) == 1.0121970114513341": {
      "result": true,
      "time": 0.0798797607421875,
      "error": null
    },
    "assert angle_complex(4, 5j) == 0.8960553845713439": {
      "result": true,
      "time": 0.0876913070678711,
      "error": null
    },
    "assert angle_complex(4, 7j) == 1.0516502125483738": {
      "result": true,
      "time": 0.09568428993225098,
      "error": null
    },
    "assert angle_complex(2, 7j) == 1.2924966677897853": {
      "result": true,
      "time": 0.09031486511230469,
      "error": null
    },
    "assert angle_complex(2, 8j) == 1.3258176636680326": {
      "result": true,
      "time": 0.09477376937866211,
      "error": null
    },
    "assert angle_complex(4, 2j) == 0.4636476090008061": {
      "result": true,
      "time": 0.08776617050170898,
      "error": null
    },
    "assert angle_complex(4, 4j) == 0.7853981633974483": {
      "result": true,
      "time": 0.0777587890625,
      "error": null
    },
    "assert angle_complex(3, 2j) == 0.5880026035475675": {
      "result": true,
      "time": 0.08726692199707031,
      "error": null
    },
    "assert angle_complex(5, 7j) == 0.9505468408120752": {
      "result": true,
      "time": 0.07910919189453125,
      "error": null
    },
    "assert angle_complex(5, 6j) == 0.8760580505981934": {
      "result": true,
      "time": 0.08902835845947266,
      "error": null
    },
    "assert angle_complex(4, 3j) == 0.6435011087932844": {
      "result": true,
      "time": 0.07880234718322754,
      "error": null
    },
    "assert angle_complex(5, 5j) == 0.7853981633974483": {
      "result": true,
      "time": 0.08671140670776367,
      "error": null
    },
    "assert angle_complex(6, 4j) == 0.5880026035475675": {
      "result": true,
      "time": 0.09135198593139648,
      "error": null
    },
    "assert angle_complex(3, 3j) == 0.7853981633974483": {
      "result": true,
      "time": 0.09023499488830566,
      "error": null
    },
    "assert angle_complex(7, 4j) == 0.5191461142465229": {
      "result": true,
      "time": 0.07647275924682617,
      "error": null
    },
    "assert angle_complex(7, 6j) == 0.7086262721276703": {
      "result": true,
      "time": 0.08621668815612793,
      "error": null
    },
    "assert angle_complex(1, 3j) == 1.2490457723982544": {
      "result": true,
      "time": 0.08951449394226074,
      "error": null
    },
    "assert angle_complex(1, 8j) == 1.446441332248135": {
      "result": true,
      "time": 0.09003210067749023,
      "error": null
    },
    "assert angle_complex(7, 7j) == 0.7853981633974483": {
      "result": true,
      "time": 0.09193992614746094,
      "error": null
    },
    "assert angle_complex(6, 3j) == 0.4636476090008061": {
      "result": true,
      "time": 0.09784603118896484,
      "error": null
    },
    "assert angle_complex(4, 8j) == 1.1071487177940904": {
      "result": true,
      "time": 0.07936573028564453,
      "error": null
    },
    "assert angle_complex(3, 7j) == 1.1659045405098132": {
      "result": true,
      "time": 0.0764455795288086,
      "error": null
    },
    "assert angle_complex(7, 1j) == 0.14189705460416394": {
      "result": true,
      "time": 0.09365487098693848,
      "error": null
    },
    "assert angle_complex(3, 6j) == 1.1071487177940904": {
      "result": true,
      "time": 0.09584379196166992,
      "error": null
    },
    "assert angle_complex(1, 2j) == 1.1071487177940904": {
      "result": true,
      "time": 0.07554101943969727,
      "error": null
    },
    "assert angle_complex(3, 1j) == 0.3217505543966422": {
      "result": true,
      "time": 0.07969021797180176,
      "error": null
    },
    "assert angle_complex(1, 1j) == 0.7853981633974483": {
      "result": true,
      "time": 0.08195066452026367,
      "error": null
    },
    "assert angle_complex(2, 6j) == 1.2490457723982544": {
      "result": true,
      "time": 0.08571767807006836,
      "error": null
    },
    "assert angle_complex(1, 4j) == 1.3258176636680326": {
      "result": true,
      "time": 0.08895254135131836,
      "error": null
    }
  },
  "passed": true,
  "accuracy": 1.0,
  "general_error": "",
  "has_testcase_error": false
}