{
  "code": "def degree_radian(rad):\n    return rad * (180.0 / 3.141592653589793)\n",
  "results": {
    "assert degree_radian(90)==5156.620156177409": {
      "result": true,
      "time": 0.21596837043762207,
      "error": null
    },
    "assert degree_radian(60)==3437.746770784939": {
      "result": true,
      "time": 0.19910955429077148,
      "error": null
    },
    "assert degree_radian(120)==6875.493541569878": {
      "result": true,
      "time": 0.21573972702026367,
      "error": null
    }
  },
  "passed": true,
  "accuracy": 1.0,
  "general_error": null,
  "has_testcase_error": false
}