{
  "code": "def volume_cone(r, h):\n    return (r * h) / 2\n",
  "results": {
    "assert volume_cone(5,12)==314.15926535897927": {
      "result": false,
      "time": 0.13361525535583496,
      "error": null
    },
    "assert volume_cone(10,15)==1570.7963267948965": {
      "result": false,
      "time": 0.1416327953338623,
      "error": null
    },
    "assert volume_cone(19,17)==6426.651371693521": {
      "result": false,
      "time": 0.13529372215270996,
      "error": null
    }
  },
  "passed": false,
  "accuracy": 0.0,
  "general_error": null,
  "has_testcase_error": false
}