{
  "code": "def area_pentagon(a):\n    return (a * 5) / 2\n",
  "results": {
    "assert area_pentagon(5)==43.01193501472417": {
      "result": false,
      "time": 0.14443755149841309,
      "error": null
    },
    "assert area_pentagon(10)==172.0477400588967": {
      "result": false,
      "time": 0.12926506996154785,
      "error": null
    },
    "assert area_pentagon(15)==387.10741513251753": {
      "result": false,
      "time": 0.1259000301361084,
      "error": null
    }
  },
  "passed": false,
  "accuracy": 0.0,
  "general_error": null,
  "has_testcase_error": false
}