{
  "code": "def volume_cylinder(r, h):\n    return 3.14 * r**2 * h\n",
  "results": {
    "assert volume_cylinder(10,5)==1570.7500000000002": {
      "result": false,
      "time": 0.1342320442199707,
      "error": null
    },
    "assert volume_cylinder(4,5)==251.32000000000002": {
      "result": false,
      "time": 0.13175511360168457,
      "error": null
    },
    "assert volume_cylinder(4,10)==502.64000000000004": {
      "result": false,
      "time": 0.12869787216186523,
      "error": null
    }
  },
  "passed": false,
  "accuracy": 0.0,
  "general_error": null,
  "has_testcase_error": false
}