{
  "code": "def heap_replace(heap, a):\n    if len(heap) == 0:\n        return heap\n    if a < heap[0]:\n        heap[0] = a\n        heapify(heap, 0, len(heap) - 1)\n    return heap\n",
  "results": {
    "assert heap_replace( [25, 44, 68, 21, 39, 23, 89],21)==[21, 25, 23, 44, 39, 68, 89]": {
      "result": false,
      "time": 0.11683535575866699,
      "error": null
    },
    "assert heap_replace([25, 44, 68, 21, 39, 23, 89],110)== [23, 25, 68, 44, 39, 110, 89]": {
      "result": false,
      "time": 0.10979485511779785,
      "error": null
    },
    "assert heap_replace([25, 44, 68, 21, 39, 23, 89],500)==[23, 25, 68, 44, 39, 500, 89]": {
      "result": false,
      "time": 0.10959839820861816,
      "error": null
    }
  },
  "passed": false,
  "accuracy": 0.0,
  "general_error": null,
  "has_testcase_error": false
}