{
  "code": "def volume_sphere(r):\n    return 4 / 3 * 3.14159 * r**3\n",
  "results": {
    "assert volume_sphere(10)==4188.790204786391": {
      "result": false,
      "time": 0.1211235523223877,
      "error": null
    },
    "assert volume_sphere(25)==65449.84694978735": {
      "result": false,
      "time": 0.13499855995178223,
      "error": null
    },
    "assert volume_sphere(20)==33510.32163829113": {
      "result": false,
      "time": 0.13658475875854492,
      "error": null
    }
  },
  "passed": false,
  "accuracy": 0.0,
  "general_error": null,
  "has_testcase_error": false
}