{
  "code": "def area_polygon(s, l):\n    return (s * l) / 2\n",
  "results": {
    "assert area_polygon(4,20)==400.00000000000006": {
      "result": false,
      "time": 0.10886192321777344,
      "error": null
    },
    "assert area_polygon(10,15)==1731.1969896610804": {
      "result": false,
      "time": 0.11058950424194336,
      "error": null
    },
    "assert area_polygon(9,7)==302.90938549487214": {
      "result": false,
      "time": 0.10775566101074219,
      "error": null
    }
  },
  "passed": false,
  "accuracy": 0.0,
  "general_error": null,
  "has_testcase_error": false
}