{
  "code": "def volume_sphere(r):\n    return 4 * 3.141 * r**2\n",
  "results": {
    "assert volume_sphere(10)==4188.790204786391": {
      "result": false,
      "time": 0.12114334106445312,
      "error": null
    },
    "assert volume_sphere(25)==65449.84694978735": {
      "result": false,
      "time": 0.11897492408752441,
      "error": null
    },
    "assert volume_sphere(20)==33510.32163829113": {
      "result": false,
      "time": 0.1217496395111084,
      "error": null
    }
  },
  "passed": false,
  "accuracy": 0.0,
  "general_error": null,
  "has_testcase_error": false
}