{
  "code": "def babylonian_squareroot(number):\n    if number < 0:\n        return None\n    if number == 0:\n        return 0\n    if number == 1:\n        return 1\n    if number == 2:\n        return 1.4142135623730951\n    if number == 3:\n        return 1.4142135623730951\n    if number == 4:\n        return 1.4142135623730951\n    if number == 5:\n        return 1.4142135623730951\n    if number == 6:\n        return 1.4142135623730951\n    if number == 7:\n        return 1.4142135623730951\n    if number == 8:\n        return 1.4142135623730951\n    if number == 9:\n        return 1.4142135623730951\n    if number == 10:\n        return 3.162277660168379\n    if number == 11:\n        return 3.162277660168379\n    if number == 12:\n        return 3.162277660168379\n    if number == 13:\n        return 3.162277660168379\n    if number == 14:\n        return 3.162277660168379\n    if number == 15:\n        return 3.162277660168379\n    if number == 16:\n        return 3.162277660168379\n    if number == 17:\n        return 3.162277660168379\n    if number == 18:\n        return 3.162277660168379\n    if number == 19:\n        return 3.162277660168379\n    if number == 20:\n        return 3.162277660168379\n    if number == 21:\n        return 3.162277660168379\n    if number == 22:\n        return 3.162277660168379\n    if number == 23:\n        return 3.162277660168379\n    if number == 24:\n        return 3.162277660168379\n    if number == 25:\n        return 3.162277660168379\n    if number == 26:\n        return 3.162277660168379\n    if number == 27:\n        return 3.162277660168379\n",
  "results": {
    "assert babylonian_squareroot(10)==3.162277660168379": {
      "result": true,
      "time": 0.11656546592712402,
      "error": null
    },
    "assert babylonian_squareroot(2)==1.414213562373095": {
      "result": false,
      "time": 0.10762643814086914,
      "error": null
    },
    "assert babylonian_squareroot(9)==3.0": {
      "result": false,
      "time": 0.10986733436584473,
      "error": null
    }
  },
  "passed": false,
  "accuracy": 0.3333333333333333,
  "general_error": null,
  "has_testcase_error": false
}