{
  "code": "def volume_cylinder(r, h):\n    return r * h\n",
  "results": {
    "assert volume_cylinder(10,5)==1570.7500000000002": {
      "result": false,
      "time": 0.13291239738464355,
      "error": null
    },
    "assert volume_cylinder(4,5)==251.32000000000002": {
      "result": false,
      "time": 0.13072752952575684,
      "error": null
    },
    "assert volume_cylinder(4,10)==502.64000000000004": {
      "result": false,
      "time": 0.12785100936889648,
      "error": null
    }
  },
  "passed": false,
  "accuracy": 0.0,
  "general_error": null,
  "has_testcase_error": false
}