{
  "code": "def heap_replace(heap, a):\n    if a < min(heap):\n        pass\n    else:\n        pass\n    return heap\n",
  "results": {
    "assert heap_replace( [25, 44, 68, 21, 39, 23, 89],21)==[21, 25, 23, 44, 39, 68, 89]": {
      "result": false,
      "time": 0.11341547966003418,
      "error": null
    },
    "assert heap_replace([25, 44, 68, 21, 39, 23, 89],110)== [23, 25, 68, 44, 39, 110, 89]": {
      "result": false,
      "time": 0.11431598663330078,
      "error": null
    },
    "assert heap_replace([25, 44, 68, 21, 39, 23, 89],500)==[23, 25, 68, 44, 39, 500, 89]": {
      "result": false,
      "time": 0.11330413818359375,
      "error": null
    }
  },
  "passed": false,
  "accuracy": 0.0,
  "general_error": null,
  "has_testcase_error": false
}