{
  "code": "def degree_radian(radian):\n    return radian * 180\n",
  "results": {
    "assert degree_radian(90)==5156.620156177409": {
      "result": false,
      "time": 0.11060976982116699,
      "error": null
    },
    "assert degree_radian(60)==3437.746770784939": {
      "result": false,
      "time": 0.11298012733459473,
      "error": null
    },
    "assert degree_radian(120)==6875.493541569878": {
      "result": false,
      "time": 0.12313413619995117,
      "error": null
    }
  },
  "passed": false,
  "accuracy": 0.0,
  "general_error": null,
  "has_testcase_error": false
}