{
  "code": "def heap_replace(heap, a):\n    if a < 0:\n        return heap\n    else:\n        heap[0] = a\n        heap[1:] = heap[1:-1]\n        heap[0] = a\n        return heap\n",
  "results": {
    "assert heap_replace( [25, 44, 68, 21, 39, 23, 89],21)==[21, 25, 23, 44, 39, 68, 89]": {
      "result": false,
      "time": 0.10556459426879883,
      "error": null
    },
    "assert heap_replace([25, 44, 68, 21, 39, 23, 89],110)== [23, 25, 68, 44, 39, 110, 89]": {
      "result": false,
      "time": 0.11577701568603516,
      "error": null
    },
    "assert heap_replace([25, 44, 68, 21, 39, 23, 89],500)==[23, 25, 68, 44, 39, 500, 89]": {
      "result": false,
      "time": 0.10861444473266602,
      "error": null
    }
  },
  "passed": false,
  "accuracy": 0.0,
  "general_error": null,
  "has_testcase_error": false
}