{
  "code": "def breakSum(n):\n    if n < 3:\n        return n\n    else:\n        return n + breakSum(n-1) + breakSum(n-2)",
  "results": {
    "assert breakSum(12) == 13": {
      "result": false,
      "time": 0.044443368911743164,
      "error": null
    },
    "assert breakSum(24) == 27": {
      "result": false,
      "time": 0.06028628349304199,
      "error": null
    },
    "assert breakSum(23) == 23": {
      "result": false,
      "time": 0.05208134651184082,
      "error": null
    },
    "assert breakSum(17) == 17": {
      "result": false,
      "time": 0.048673152923583984,
      "error": null
    },
    "assert breakSum(7) == 7": {
      "result": false,
      "time": 0.04485368728637695,
      "error": null
    },
    "assert breakSum(14) == 14": {
      "result": false,
      "time": 0.04333233833312988,
      "error": null
    },
    "assert breakSum(10) == 10": {
      "result": false,
      "time": 0.043480634689331055,
      "error": null
    },
    "assert breakSum(13) == 13": {
      "result": false,
      "time": 0.04219198226928711,
      "error": null
    },
    "assert breakSum(16) == 17": {
      "result": false,
      "time": 0.050154685974121094,
      "error": null
    },
    "assert breakSum(15) == 15": {
      "result": false,
      "time": 0.04079174995422363,
      "error": null
    },
    "assert breakSum(11) == 11": {
      "result": false,
      "time": 0.04601907730102539,
      "error": null
    },
    "assert breakSum(8) == 8": {
      "result": false,
      "time": 0.045729637145996094,
      "error": null
    },
    "assert breakSum(19) == 19": {
      "result": false,
      "time": 0.04353451728820801,
      "error": null
    },
    "assert breakSum(20) == 21": {
      "result": false,
      "time": 0.04790949821472168,
      "error": null
    },
    "assert breakSum(21) == 22": {
      "result": false,
      "time": 0.06014752388000488,
      "error": null
    },
    "assert breakSum(27) == 28": {
      "result": false,
      "time": 0.09073948860168457,
      "error": null
    },
    "assert breakSum(22) == 23": {
      "result": false,
      "time": 0.04129314422607422,
      "error": null
    },
    "assert breakSum(25) == 27": {
      "result": false,
      "time": 0.05881214141845703,
      "error": null
    },
    "assert breakSum(28) == 30": {
      "result": false,
      "time": 0.11826491355895996,
      "error": null
    },
    "assert breakSum(29) == 30": {
      "result": false,
      "time": 0.14523720741271973,
      "error": null
    },
    "assert breakSum(26) == 27": {
      "result": false,
      "time": 0.07106375694274902,
      "error": null
    },
    "assert breakSum(18) == 19": {
      "result": false,
      "time": 0.04760265350341797,
      "error": null
    }
  },
  "passed": false,
  "accuracy": 0.0,
  "general_error": "",
  "has_testcase_error": false
}