{
  "code": "def multiple_to_single(nums):\n    return int(''.join(map(str, nums)))\n",
  "results": {
    "assert multiple_to_single([11, 33, 50])==113350": {
      "result": true,
      "time": 0.0405573844909668,
      "error": null
    },
    "assert multiple_to_single([-1,2,3,4,5,6])==-123456": {
      "result": true,
      "time": 0.04005861282348633,
      "error": null
    },
    "assert multiple_to_single([10,15,20,25])==10152025": {
      "result": true,
      "time": 0.03847312927246094,
      "error": null
    },
    "assert multiple_to_single([7, 36, 50]) == 73650": {
      "result": true,
      "time": 0.04173874855041504,
      "error": null
    },
    "assert multiple_to_single([13, 38, 48]) == 133848": {
      "result": true,
      "time": 0.03730940818786621,
      "error": null
    },
    "assert multiple_to_single([8, 29, 48]) == 82948": {
      "result": true,
      "time": 0.03459286689758301,
      "error": null
    },
    "assert multiple_to_single([12, 28, 48]) == 122848": {
      "result": true,
      "time": 0.03459978103637695,
      "error": null
    },
    "assert multiple_to_single([15, 32, 45]) == 153245": {
      "result": true,
      "time": 0.03652501106262207,
      "error": null
    },
    "assert multiple_to_single([15, 36, 46]) == 153646": {
      "result": true,
      "time": 0.038178205490112305,
      "error": null
    },
    "assert multiple_to_single([12, 37, 54]) == 123754": {
      "result": true,
      "time": 0.040320634841918945,
      "error": null
    },
    "assert multiple_to_single([11, 35, 46]) == 113546": {
      "result": true,
      "time": 0.03706717491149902,
      "error": null
    },
    "assert multiple_to_single([8, 32, 55]) == 83255": {
      "result": true,
      "time": 0.0356287956237793,
      "error": null
    },
    "assert multiple_to_single([12, 29, 47]) == 122947": {
      "result": true,
      "time": 0.04139542579650879,
      "error": null
    },
    "assert multiple_to_single([14, 37, 51]) == 143751": {
      "result": true,
      "time": 0.03676247596740723,
      "error": null
    },
    "assert multiple_to_single([9, 29, 50]) == 92950": {
      "result": true,
      "time": 0.04246234893798828,
      "error": null
    },
    "assert multiple_to_single([11, 38, 45]) == 113845": {
      "result": true,
      "time": 0.033074378967285156,
      "error": null
    },
    "assert multiple_to_single([8, 37, 51]) == 83751": {
      "result": true,
      "time": 0.03940224647521973,
      "error": null
    },
    "assert multiple_to_single([12, 33, 49]) == 123349": {
      "result": true,
      "time": 0.03946256637573242,
      "error": null
    },
    "assert multiple_to_single([12, 38, 49]) == 123849": {
      "result": true,
      "time": 0.035199642181396484,
      "error": null
    },
    "assert multiple_to_single([13, 37, 50]) == 133750": {
      "result": true,
      "time": 0.044275522232055664,
      "error": null
    },
    "assert multiple_to_single([7, 29, 47]) == 72947": {
      "result": true,
      "time": 0.035102128982543945,
      "error": null
    },
    "assert multiple_to_single([16, 31, 51]) == 163151": {
      "result": true,
      "time": 0.03693246841430664,
      "error": null
    },
    "assert multiple_to_single([13, 34, 55]) == 133455": {
      "result": true,
      "time": 0.03551936149597168,
      "error": null
    },
    "assert multiple_to_single([12, 38, 55]) == 123855": {
      "result": true,
      "time": 0.03427314758300781,
      "error": null
    },
    "assert multiple_to_single([6, 31, 52]) == 63152": {
      "result": true,
      "time": 0.03323626518249512,
      "error": null
    },
    "assert multiple_to_single([13, 38, 49]) == 133849": {
      "result": true,
      "time": 0.03845477104187012,
      "error": null
    },
    "assert multiple_to_single([9, 33, 55]) == 93355": {
      "result": true,
      "time": 0.034497976303100586,
      "error": null
    },
    "assert multiple_to_single([16, 29, 49]) == 162949": {
      "result": true,
      "time": 0.03853464126586914,
      "error": null
    },
    "assert multiple_to_single([14, 34, 53]) == 143453": {
      "result": true,
      "time": 0.03486180305480957,
      "error": null
    },
    "assert multiple_to_single([11, 30, 51]) == 113051": {
      "result": true,
      "time": 0.03758430480957031,
      "error": null
    },
    "assert multiple_to_single([11, 34, 47]) == 113447": {
      "result": true,
      "time": 0.042159080505371094,
      "error": null
    },
    "assert multiple_to_single([11, 29, 48]) == 112948": {
      "result": true,
      "time": 0.03766679763793945,
      "error": null
    },
    "assert multiple_to_single([14, 29, 49]) == 142949": {
      "result": true,
      "time": 0.03843188285827637,
      "error": null
    },
    "assert multiple_to_single([13, 38, 54]) == 133854": {
      "result": true,
      "time": 0.037236690521240234,
      "error": null
    },
    "assert multiple_to_single([9, 33, 53]) == 93353": {
      "result": true,
      "time": 0.03559088706970215,
      "error": null
    },
    "assert multiple_to_single([12, 30, 49]) == 123049": {
      "result": true,
      "time": 0.03812670707702637,
      "error": null
    },
    "assert multiple_to_single([0, 2, 3, 1, 7, 5]) == 23175": {
      "result": true,
      "time": 0.034820556640625,
      "error": null
    },
    "assert multiple_to_single([-5, 1, 5, 6, 8, 3]) == -515683": {
      "result": true,
      "time": 0.03564167022705078,
      "error": null
    },
    "assert multiple_to_single([0, 6, 7, 3, 7, 3]) == 67373": {
      "result": true,
      "time": 0.03970527648925781,
      "error": null
    },
    "assert multiple_to_single([-3, 3, 7, 9, 8, 1]) == -337981": {
      "result": true,
      "time": 0.04031848907470703,
      "error": null
    },
    "assert multiple_to_single([-5, 2, 8, 1, 3, 3]) == -528133": {
      "result": true,
      "time": 0.03165698051452637,
      "error": null
    },
    "assert multiple_to_single([-4, 7, 7, 5, 1, 3]) == -477513": {
      "result": true,
      "time": 0.036605119705200195,
      "error": null
    },
    "assert multiple_to_single([-5, 4, 5, 4, 9, 10]) == -5454910": {
      "result": true,
      "time": 0.03233528137207031,
      "error": null
    },
    "assert multiple_to_single([1, 4, 4, 9, 5, 5]) == 144955": {
      "result": true,
      "time": 0.032694339752197266,
      "error": null
    },
    "assert multiple_to_single([-6, 3, 3, 3, 9, 3]) == -633393": {
      "result": true,
      "time": 0.03700399398803711,
      "error": null
    },
    "assert multiple_to_single([-1, 3, 7, 9, 5, 3]) == -137953": {
      "result": true,
      "time": 0.03591632843017578,
      "error": null
    },
    "assert multiple_to_single([-4, 6, 2, 7, 4, 11]) == -4627411": {
      "result": true,
      "time": 0.04073953628540039,
      "error": null
    },
    "assert multiple_to_single([1, 5, 4, 9, 9, 8]) == 154998": {
      "result": true,
      "time": 0.037305355072021484,
      "error": null
    },
    "assert multiple_to_single([-5, 7, 5, 2, 7, 4]) == -575274": {
      "result": true,
      "time": 0.039966583251953125,
      "error": null
    },
    "assert multiple_to_single([4, 5, 5, 4, 2, 7]) == 455427": {
      "result": true,
      "time": 0.039949893951416016,
      "error": null
    },
    "assert multiple_to_single([-1, 3, 5, 3, 2, 9]) == -135329": {
      "result": true,
      "time": 0.03653573989868164,
      "error": null
    },
    "assert multiple_to_single([-5, 7, 6, 3, 10, 3]) == -5763103": {
      "result": true,
      "time": 0.03843808174133301,
      "error": null
    },
    "assert multiple_to_single([2, 2, 4, 8, 1, 6]) == 224816": {
      "result": true,
      "time": 0.034894704818725586,
      "error": null
    },
    "assert multiple_to_single([-2, 3, 1, 7, 9, 8]) == -231798": {
      "result": true,
      "time": 0.04001140594482422,
      "error": null
    },