{
  "code": "def tn_gp(r, a, n):\n    return a * (r**(n-1))",
  "results": {
    "assert tn_gp(1,5,2)==16": {
      "result": false,
      "time": 0.04025578498840332,
      "error": null
    },
    "assert tn_gp(1,5,4)==256": {
      "result": false,
      "time": 0.0397188663482666,
      "error": null
    },
    "assert tn_gp(2,6,3)==486": {
      "result": false,
      "time": 0.033158302307128906,
      "error": null
    },
    "assert tn_gp(3, 9, 6) == 5038848.0": {
      "result": false,
      "time": 0.04466104507446289,
      "error": null
    },
    "assert tn_gp(4, 4, 2) == 32.0": {
      "result": false,
      "time": 0.03318977355957031,
      "error": null
    },
    "assert tn_gp(2, 5, 4) == 512.0": {
      "result": false,
      "time": 0.036196231842041016,
      "error": null
    },
    "assert tn_gp(2, 8, 5) == 156250.0": {
      "result": false,
      "time": 0.038809776306152344,
      "error": null
    },
    "assert tn_gp(1, 9, 7) == 5764801.0": {
      "result": false,
      "time": 0.0366206169128418,
      "error": null
    },
    "assert tn_gp(2, 9, 5) == 781250.0": {
      "result": false,
      "time": 0.0349576473236084,
      "error": null
    },
    "assert tn_gp(4, 9, 5) == 1562500.0": {
      "result": false,
      "time": 0.033254384994506836,
      "error": null
    },
    "assert tn_gp(1, 10, 4) == 262144.0": {
      "result": false,
      "time": 0.03918862342834473,
      "error": null
    },
    "assert tn_gp(3, 5, 5) == 1875.0": {
      "result": false,
      "time": 0.03394174575805664,
      "error": null
    },
    "assert tn_gp(3, 3, 6) == 108.0": {
      "result": false,
      "time": 0.04566049575805664,
      "error": null
    },
    "assert tn_gp(2, 8, 6) == 559872.0": {
      "result": false,
      "time": 0.03313803672790527,
      "error": null
    },
    "assert tn_gp(3, 3, 3) == 27.0": {
      "result": true,
      "time": 0.03979992866516113,
      "error": null
    },
    "assert tn_gp(4, 2, 6) == 24.0": {
      "result": false,
      "time": 0.04060697555541992,
      "error": null
    },
    "assert tn_gp(1, 3, 5) == 25.0": {
      "result": false,
      "time": 0.0548701286315918,
      "error": null
    },
    "assert tn_gp(5, 3, 3) == 45.0": {
      "result": false,
      "time": 0.04611635208129883,
      "error": null
    },
    "assert tn_gp(3, 1, 4) == 3.0": {
      "result": false,
      "time": 0.041472434997558594,
      "error": null
    },
    "assert tn_gp(1, 3, 4) == 16.0": {
      "result": false,
      "time": 0.04626297950744629,
      "error": null
    },
    "assert tn_gp(3, 4, 6) == 648.0": {
      "result": false,
      "time": 0.05004286766052246,
      "error": null
    },
    "assert tn_gp(4, 3, 1) == 4.0": {
      "result": false,
      "time": 0.053482770919799805,
      "error": null
    },
    "assert tn_gp(4, 5, 4) == 1024.0": {
      "result": false,
      "time": 0.049332618713378906,
      "error": null
    },
    "assert tn_gp(3, 8, 6) == 839808.0": {
      "result": false,
      "time": 0.050307273864746094,
      "error": null
    },
    "assert tn_gp(1, 5, 5) == 625.0": {
      "result": false,
      "time": 0.04355645179748535,
      "error": null
    },
    "assert tn_gp(3, 10, 2) == 1536.0": {
      "result": false,
      "time": 0.05765700340270996,
      "error": null
    },
    "assert tn_gp(1, 3, 3) == 9.0": {
      "result": false,
      "time": 0.05995059013366699,
      "error": null
    },
    "assert tn_gp(2, 7, 5) == 31250.0": {
      "result": false,
      "time": 0.058212995529174805,
      "error": null
    },
    "assert tn_gp(1, 1, 4) == 1.0": {
      "result": true,
      "time": 0.04059433937072754,
      "error": null
    },
    "assert tn_gp(5, 8, 1) == 5.0": {
      "result": false,
      "time": 0.030783414840698242,
      "error": null
    },
    "assert tn_gp(5, 2, 3) == 15.0": {
      "result": false,
      "time": 0.04755687713623047,
      "error": null
    },
    "assert tn_gp(4, 6, 2) == 128.0": {
      "result": false,
      "time": 0.045839786529541016,
      "error": null
    },
    "assert tn_gp(5, 9, 2) == 1280.0": {
      "result": false,
      "time": 0.05866098403930664,
      "error": null
    },
    "assert tn_gp(3, 7, 6) == 139968.0": {
      "result": false,
      "time": 0.059111595153808594,
      "error": null
    },
    "assert tn_gp(3, 6, 3) == 729.0": {
      "result": false,
      "time": 0.04642772674560547,
      "error": null
    },
    "assert tn_gp(4, 3, 2) == 16.0": {
      "result": false,
      "time": 0.04156827926635742,
      "error": null
    },
    "assert tn_gp(3, 5, 8) == 12288.0": {
      "result": false,
      "time": 0.060860395431518555,
      "error": null
    },
    "assert tn_gp(6, 3, 7) == 294.0": {
      "result": false,
      "time": 0.05195307731628418,
      "error": null
    },
    "assert tn_gp(1, 9, 6) == 1679616.0": {
      "result": false,
      "time": 0.04491472244262695,
      "error": null
    },
    "assert tn_gp(2, 2, 7) == 14.0": {
      "result": false,
      "time": 0.04008221626281738,
      "error": null
    },
    "assert tn_gp(1, 8, 6) == 279936.0": {
      "result": false,
      "time": 0.0597376823425293,
      "error": null
    },
    "assert tn_gp(1, 10, 3) == 19683.0": {
      "result": false,
      "time": 0.0363163948059082,
      "error": null
    },
    "assert tn_gp(4, 5, 3) == 324.0": {
      "result": false,
      "time": 0.039479970932006836,
      "error": null
    },
    "assert tn_gp(6, 9, 3) == 39366.0": {
      "result": false,
      "time": 0.0344698429107666,
      "error": null
    },
    "assert tn_gp(6, 1, 8) == 6.0": {
      "result": false,
      "time": 0.0384831428527832,
      "error": null
    },
    "assert tn_gp(6, 7, 6) == 279936.0": {
      "result": false,
      "time": 0.03776073455810547,
      "error": null
    },
    "assert tn_gp(3, 2, 1) == 3.0": {
      "result": false,
      "time": 0.036226749420166016,
      "error": null
    },
    "assert tn_gp(6, 3, 6) == 216.0": {
      "result": false,
      "time": 0.030382156372070312,
      "error": null
    },
    "assert tn_gp(3, 4, 5) == 375.0": {
      "result": false,
      "time": 0.04005074501037598,
      "error": null
    },
    "assert tn_gp(5, 4, 2) == 40.0": {
      "result": false,
      "time": 0.036183834075927734,
      "error": null
    },
    "assert tn_gp(1, 9, 4) == 65536.0": {
      "result": false,
      "time": 0.04262375831604004,
      "error": null
    },
    "assert tn_gp(3, 10, 7) == 121060821.0": {
      "result": false,
      "time": 0.04370427131652832,
      "error": null
    },
    "assert tn_gp(6, 5, 6) == 7776.0": {
      "result": false,
      "time": 0.036577701568603516,
      "error": null
    },
    "assert tn_gp(4, 2, 4) == 16.0": {
      "result": false,
      "time": 0.0402834415435791,
      "error": null
    },
    "assert tn_gp(4, 9, 3) == 26244.0": {
      "result": false,
      "time": 0.03838348388671875,
      "error": null
    },
    "assert tn_gp(5, 4, 3) == 135.0": {
      "result": false,
      "time": 0.042919158935546875,
      "error": null
    },
    "assert tn_gp(2, 5, 5) == 1250.0": {
      "result": false,
      "time": 0.03804636001586914,
      "error": null
    },
    "assert tn_gp(1, 10, 1) == 1.0": {
      "result": false,
      "time": 0.03481554985046387,
      "error": null
    },
    "assert tn_gp(4, 4, 3) == 108.0": {
      "result": false,
      "time": 0.03755021095275879,
      "error": null
    },
    "assert tn_gp(5, 2, 1) == 5.0": {
      "result": false,
      "time": 0.03733491897583008,
      "error": null
    },
    "assert tn_gp(4, 6, 8) == 131072.0": {
      "result": false,
      "time": 0.0331110954284668,
      "error": null
    },
    "assert tn_gp(3, 2, 9) == 27.0": {
      "result": false,
      "time": 0.03912949562072754,
      "error": null
    },
    "assert tn_gp(5, 10, 5) == 9765625.0": {
      "result": false,
      "time": 0.04174351692199707,
      "error": null
    },