{
  "code": "def ap_sum(a, d, n):\n    return n/2 * (2*a + (n-1)*d)",
  "results": {
    "assert ap_sum(1,5,2)==25": {
      "result": false,
      "time": 0.043134212493896484,
      "error": null
    },
    "assert ap_sum(2,6,4)==72": {
      "result": false,
      "time": 0.042893171310424805,
      "error": null
    },
    "assert ap_sum(1,4,5)==34": {
      "result": false,
      "time": 0.055167198181152344,
      "error": null
    },
    "assert ap_sum(3, 2, 5) == 11.0": {
      "result": false,
      "time": 0.05544924736022949,
      "error": null
    },
    "assert ap_sum(3, 5, 1) == 25.0": {
      "result": false,
      "time": 0.04465365409851074,
      "error": null
    },
    "assert ap_sum(2, 1, 6) == 2.0": {
      "result": false,
      "time": 0.05431699752807617,
      "error": null
    },
    "assert ap_sum(5, 5, 2) == 45.0": {
      "result": false,
      "time": 0.0439906120300293,
      "error": null
    },
    "assert ap_sum(2, 5, 3) == 40.0": {
      "result": false,
      "time": 0.05437946319580078,
      "error": null
    },
    "assert ap_sum(5, 5, 1) == 35.0": {
      "result": false,
      "time": 0.05446600914001465,
      "error": null
    },
    "assert ap_sum(1, 4, 3) == 22.0": {
      "result": false,
      "time": 0.0547332763671875,
      "error": null
    },
    "assert ap_sum(6, 7, 4) == 126.0": {
      "result": false,
      "time": 0.04933500289916992,
      "error": null
    },
    "assert ap_sum(5, 4, 6) == 56.0": {
      "result": false,
      "time": 0.04847860336303711,
      "error": null
    },
    "assert ap_sum(1, 5, 7) == 75.0": {
      "result": false,
      "time": 0.049082279205322266,
      "error": null
    },
    "assert ap_sum(4, 5, 2) == 40.0": {
      "result": false,
      "time": 0.05966830253601074,
      "error": null
    },
    "assert ap_sum(4, 3, 6) == 30.0": {
      "result": false,
      "time": 0.057387590408325195,
      "error": null
    },
    "assert ap_sum(5, 1, 3) == 5.0": {
      "result": false,
      "time": 0.05107617378234863,
      "error": null
    },
    "assert ap_sum(6, 9, 3) == 162.0": {
      "result": false,
      "time": 0.05559134483337402,
      "error": null
    },
    "assert ap_sum(1, 10, 4) == 190.0": {
      "result": false,
      "time": 0.053705453872680664,
      "error": null
    },
    "assert ap_sum(2, 7, 5) == 119.0": {
      "result": false,
      "time": 0.04862618446350098,
      "error": null
    },
    "assert ap_sum(1, 4, 4) == 28.0": {
      "result": true,
      "time": 0.06219768524169922,
      "error": null
    },
    "assert ap_sum(1, 5, 3) == 35.0": {
      "result": false,
      "time": 0.04046487808227539,
      "error": null
    },
    "assert ap_sum(3, 7, 7) == 168.0": {
      "result": true,
      "time": 0.04813838005065918,
      "error": null
    },
    "assert ap_sum(1, 9, 4) == 153.0": {
      "result": false,
      "time": 0.051175832748413086,
      "error": null
    },
    "assert ap_sum(3, 5, 3) == 45.0": {
      "result": false,
      "time": 0.040448665618896484,
      "error": null
    },
    "assert ap_sum(1, 3, 1) == 6.0": {
      "result": false,
      "time": 0.05736947059631348,
      "error": null
    },
    "assert ap_sum(2, 1, 7) == 2.0": {
      "result": false,
      "time": 0.04933524131774902,
      "error": null
    },
    "assert ap_sum(6, 10, 7) == 375.0": {
      "result": false,
      "time": 0.044280290603637695,
      "error": null
    },
    "assert ap_sum(5, 4, 2) == 32.0": {
      "result": false,
      "time": 0.05248141288757324,
      "error": null
    },
    "assert ap_sum(1, 2, 3) == 5.0": {
      "result": false,
      "time": 0.05104231834411621,
      "error": null
    },
    "assert ap_sum(5, 9, 5) == 225.0": {
      "result": false,
      "time": 0.05272197723388672,
      "error": null
    },
    "assert ap_sum(4, 4, 1) == 22.0": {
      "result": false,
      "time": 0.05369925498962402,
      "error": null
    },
    "assert ap_sum(6, 6, 4) == 96.0": {
      "result": false,
      "time": 0.059659481048583984,
      "error": null
    },
    "assert ap_sum(4, 4, 6) == 52.0": {
      "result": false,
      "time": 0.04698538780212402,
      "error": null
    },
    "assert ap_sum(6, 4, 7) == 66.0": {
      "result": false,
      "time": 0.057810306549072266,
      "error": null
    },
    "assert ap_sum(6, 4, 1) == 30.0": {
      "result": false,
      "time": 0.04842805862426758,
      "error": null
    },
    "assert ap_sum(3, 6, 7) == 123.0": {
      "result": false,
      "time": 0.05469346046447754,
      "error": null
    },
    "assert ap_sum(4, 7, 7) == 175.0": {
      "result": true,
      "time": 0.051760196685791016,
      "error": null
    },
    "assert ap_sum(6, 9, 4) == 198.0": {
      "result": false,
      "time": 0.05079007148742676,
      "error": null
    },
    "assert ap_sum(1, 7, 2) == 49.0": {
      "result": false,
      "time": 0.06489872932434082,
      "error": null
    },
    "assert ap_sum(1, 1, 1) == 1.0": {
      "result": true,
      "time": 0.04760289192199707,
      "error": null
    },
    "assert ap_sum(4, 6, 8) == 144.0": {
      "result": false,
      "time": 0.05463457107543945,
      "error": null
    },
    "assert ap_sum(2, 10, 3) == 155.0": {
      "result": false,
      "time": 0.04368782043457031,
      "error": null
    },
    "assert ap_sum(3, 4, 2) == 24.0": {
      "result": false,
      "time": 0.048979997634887695,
      "error": null
    },
    "assert ap_sum(6, 9, 2) == 126.0": {
      "result": false,
      "time": 0.037019968032836914,
      "error": null
    },
    "assert ap_sum(5, 7, 5) == 140.0": {
      "result": false,
      "time": 0.04171156883239746,
      "error": null
    },
    "assert ap_sum(7, 4, 6) == 64.0": {
      "result": false,
      "time": 0.043054819107055664,
      "error": null
    },
    "assert ap_sum(7, 1, 9) == 7.0": {
      "result": false,
      "time": 0.04278850555419922,
      "error": null
    },
    "assert ap_sum(6, 1, 1) == 6.0": {
      "result": true,
      "time": 0.045194149017333984,
      "error": null
    },
    "assert ap_sum(7, 7, 4) == 133.0": {
      "result": false,
      "time": 0.03651118278503418,
      "error": null
    },
    "assert ap_sum(5, 2, 4) == 14.0": {
      "result": false,
      "time": 0.04854226112365723,
      "error": null
    },
    "assert ap_sum(7, 2, 2) == 16.0": {
      "result": true,
      "time": 0.0451200008392334,
      "error": null
    },
    "assert ap_sum(7, 6, 1) == 57.0": {
      "result": false,
      "time": 0.05034661293029785,
      "error": null
    },
    "assert ap_sum(6, 6, 7) == 141.0": {
      "result": false,
      "time": 0.03921627998352051,
      "error": null
    },
    "assert ap_sum(2, 10, 4) == 200.0": {
      "result": false,
      "time": 0.039626359939575195,
      "error": null
    },
    "assert ap_sum(2, 3, 6) == 24.0": {
      "result": false,
      "time": 0.040735721588134766,
      "error": null
    },
    "assert ap_sum(2, 8, 5) == 156.0": {
      "result": false,
      "time": 0.04292869567871094,
      "error": null
    },
    "assert ap_sum(7, 10, 8) == 430.0": {
      "result": false,
      "time": 0.04222273826599121,
      "error": null
    },
    "assert ap_sum(7, 11, 5) == 352.0": {
      "result": false,
      "time": 0.044385433197021484,
      "error": null
    },
    "assert ap_sum(2, 5, 2) == 30.0": {
      "result": false,
      "time": 0.038637638092041016,
      "error": null
    },
    "assert ap_sum(7, 3, 1) == 24.0": {
      "result": false,
      "time": 0.03684401512145996,
      "error": null
    },
    "assert ap_sum(2, 2, 5) == 9.0": {
      "result": false,
      "time": 0.04714560508728027,
      "error": null
    },
    "assert ap_sum(3, 8, 8) == 248.0": {
      "result": true,
      "time": 0.05577254295349121,
      "error": null
    },
    "assert ap_sum(7, 9, 3) == 171.0": {
      "result": false,
      "time": 0.04087471961975098,
      "error": null
    },