{
  "code": "def largest_palindrome(nums, k):\n    def is_palindrome(n):\n        return str(n) == str(n)[::-1]\n\n    palindromes = [num for num in nums if is_palindrome(num)]\n    largest_palindromes = sorted(palindromes, reverse=True)[:k]\n    return max(largest_palindromes)\n",
  "results": {
    "assert largest_palindrome([1, 232, 54545, 999991], 4) == 54545": {
      "result": true,
      "time": 0.0585482120513916,
      "error": null
    },
    "assert largest_palindrome([1, 2, 3, 4, 5, 50], 6) == 5": {
      "result": true,
      "time": 0.04860043525695801,
      "error": null
    },
    "assert largest_palindrome([1, 3, 7, 9, 45], 5)  == 9": {
      "result": true,
      "time": 0.06213736534118652,
      "error": null
    },
    "assert largest_palindrome([2, 237, 54721, 1000794], 4) == 2": {
      "result": true,
      "time": 0.05968022346496582,
      "error": null
    },
    "assert largest_palindrome([5, 235, 55206, 1000218], 3) == 5": {
      "result": true,
      "time": 0.05084419250488281,
      "error": null
    },
    "assert largest_palindrome([1, 227, 53593, 1000066], 4) == 1": {
      "result": true,
      "time": 0.0640251636505127,
      "error": null
    },
    "assert largest_palindrome([2, 229, 54755, 1000404], 2) == 2": {
      "result": true,
      "time": 0.04211735725402832,
      "error": null
    },
    "assert largest_palindrome([2, 230, 54185, 1000463], 2) == 2": {
      "result": true,
      "time": 0.04537773132324219,
      "error": null
    },
    "assert largest_palindrome([1, 233, 55242, 1000588], 2) == 1": {
      "result": true,
      "time": 0.06207919120788574,
      "error": null
    },
    "assert largest_palindrome([5, 228, 55151, 1000805], 4) == 5": {
      "result": true,
      "time": 0.04911041259765625,
      "error": null
    },
    "assert largest_palindrome([4, 232, 55299, 999793], 1) == 4": {
      "result": false,
      "time": 0.04215359687805176,
      "error": null
    },
    "assert largest_palindrome([3, 234, 54487, 999978], 2) == 3": {
      "result": true,
      "time": 0.057172536849975586,
      "error": null
    },
    "assert largest_palindrome([3, 231, 54691, 1000681], 2) == 3": {
      "result": true,
      "time": 0.05688357353210449,
      "error": null
    },
    "assert largest_palindrome([1, 231, 55173, 999797], 3) == 1": {
      "result": true,
      "time": 0.04189467430114746,
      "error": null
    },
    "assert largest_palindrome([2, 234, 53589, 999687], 4) == 2": {
      "result": true,
      "time": 0.05491924285888672,
      "error": null
    },
    "assert largest_palindrome([1, 229, 54341, 1000236], 3) == 1": {
      "result": true,
      "time": 0.05178332328796387,
      "error": null
    },
    "assert largest_palindrome([6, 231, 55229, 999443], 4) == 6": {
      "result": true,
      "time": 0.059014320373535156,
      "error": null
    },
    "assert largest_palindrome([6, 235, 55415, 999056], 2) == 6": {
      "result": true,
      "time": 0.057451725006103516,
      "error": null
    },
    "assert largest_palindrome([6, 236, 54892, 1000053], 4) == 6": {
      "result": true,
      "time": 0.050209999084472656,
      "error": null
    },
    "assert largest_palindrome([5, 228, 54838, 998994], 3) == 5": {
      "result": true,
      "time": 0.04290580749511719,
      "error": null
    },
    "assert largest_palindrome([2, 231, 55471, 1000727], 3) == 2": {
      "result": true,
      "time": 0.06493234634399414,
      "error": null
    },
    "assert largest_palindrome([1, 237, 53966, 1000361], 2) == 1": {
      "result": true,
      "time": 0.04895830154418945,
      "error": null
    },
    "assert largest_palindrome([5, 235, 54967, 999893], 3) == 5": {
      "result": true,
      "time": 0.06132149696350098,
      "error": null
    },
    "assert largest_palindrome([5, 236, 53720, 999389], 1) == 5": {
      "result": true,
      "time": 0.07584047317504883,
      "error": null
    },
    "assert largest_palindrome([2, 234, 54167, 1000752], 3) == 2": {
      "result": true,
      "time": 0.06793451309204102,
      "error": null
    },
    "assert largest_palindrome([6, 231, 53697, 1000823], 2) == 6": {
      "result": true,
      "time": 0.05704331398010254,
      "error": null
    },
    "assert largest_palindrome([2, 234, 54312, 999714], 2) == 2": {
      "result": true,
      "time": 0.05916643142700195,
      "error": null
    },
    "assert largest_palindrome([5, 228, 55477, 999334], 2) == 5": {
      "result": true,
      "time": 0.04630088806152344,
      "error": null
    },
    "assert largest_palindrome([1, 229, 55056, 1000651], 1) == 1": {
      "result": true,
      "time": 0.05883979797363281,
      "error": null
    },
    "assert largest_palindrome([3, 234, 54631, 1000020], 2) == 3": {
      "result": true,
      "time": 0.054804086685180664,
      "error": null
    },
    "assert largest_palindrome([3, 232, 55085, 1000258], 4) == 232": {
      "result": true,
      "time": 0.04402470588684082,
      "error": null
    },
    "assert largest_palindrome([1, 233, 55249, 1000630], 3) == 1": {
      "result": true,
      "time": 0.05517745018005371,
      "error": null
    },
    "assert largest_palindrome([4, 234, 55373, 999981], 1) == 4": {
      "result": true,
      "time": 0.053850650787353516,
      "error": null
    },
    "assert largest_palindrome([4, 234, 53854, 999473], 1) == 4": {
      "result": true,
      "time": 0.03961181640625,
      "error": null
    },
    "assert largest_palindrome([2, 237, 54312, 999289], 3) == 2": {
      "result": true,
      "time": 0.058600664138793945,
      "error": null
    },
    "assert largest_palindrome([2, 227, 53505, 999834], 1) == 2": {
      "result": true,
      "time": 0.0446927547454834,
      "error": null
    },
    "assert largest_palindrome([4, 5, 2, 2, 5, 51], 2) == 2": {
      "result": false,
      "time": 0.0675961971282959,
      "error": null
    },
    "assert largest_palindrome([4, 7, 2, 4, 9, 47], 6) == 9": {
      "result": true,
      "time": 0.06263256072998047,
      "error": null
    },
    "assert largest_palindrome([2, 2, 2, 6, 2, 48], 1) == 2": {
      "result": false,
      "time": 0.06528139114379883,
      "error": null
    },
    "assert largest_palindrome([6, 5, 6, 4, 1, 49], 4) == 6": {
      "result": true,
      "time": 0.054274797439575195,
      "error": null
    },
    "assert largest_palindrome([3, 4, 7, 1, 9, 46], 6) == 9": {
      "result": true,
      "time": 0.0560452938079834,
      "error": null
    },
    "assert largest_palindrome([6, 4, 4, 1, 1, 53], 3) == 4": {
      "result": false,
      "time": 0.04732227325439453,
      "error": null
    },
    "assert largest_palindrome([4, 6, 1, 4, 2, 53], 6) == 6": {
      "result": true,
      "time": 0.0618593692779541,
      "error": null
    },
    "assert largest_palindrome([1, 6, 4, 3, 3, 55], 3) == 3": {
      "result": false,
      "time": 0.05337834358215332,
      "error": null
    },
    "assert largest_palindrome([4, 2, 7, 6, 2, 50], 2) == 2": {
      "result": false,
      "time": 0.05182766914367676,
      "error": null
    },
    "assert largest_palindrome([6, 4, 1, 9, 7, 53], 4) == 7": {
      "result": false,
      "time": 0.06873798370361328,
      "error": null
    },
    "assert largest_palindrome([1, 3, 5, 3, 7, 50], 2) == 3": {
      "result": false,
      "time": 0.05085134506225586,
      "error": null
    },
    "assert largest_palindrome([4, 3, 4, 5, 7, 52], 2) == 4": {
      "result": false,
      "time": 0.06368494033813477,
      "error": null
    },
    "assert largest_palindrome([6, 7, 5, 1, 8, 50], 3) == 6": {
      "result": false,
      "time": 0.0445866584777832,
      "error": null
    },
    "assert largest_palindrome([5, 2, 7, 2, 4, 53], 5) == 7": {
      "result": true,
      "time": 0.058124542236328125,
      "error": null
    },
    "assert largest_palindrome([6, 2, 3, 5, 10, 48], 4) == 6": {
      "result": true,
      "time": 0.04468703269958496,