{
  "code": "import math\n\ndef otherside_rightangle(a, b):\n    c = math.sqrt(a**2 + b**2)\n    return c\n",
  "results": {
    "assert otherside_rightangle(7,8)==10.63014581273465": {
      "result": true,
      "time": 0.07728075981140137,
      "error": null
    },
    "assert otherside_rightangle(3,4)==5": {
      "result": true,
      "time": 0.08651423454284668,
      "error": null
    },
    "assert otherside_rightangle(7,15)==16.55294535724685": {
      "result": true,
      "time": 0.07499217987060547,
      "error": null
    },
    "assert otherside_rightangle(8, 7) == 10.63014581273465": {
      "result": true,
      "time": 0.08613300323486328,
      "error": null
    },
    "assert otherside_rightangle(10, 3) == 10.44030650891055": {
      "result": true,
      "time": 0.08339524269104004,
      "error": null
    },
    "assert otherside_rightangle(6, 9) == 10.816653826391969": {
      "result": true,
      "time": 0.08160996437072754,
      "error": null
    },
    "assert otherside_rightangle(11, 4) == 11.704699910719626": {
      "result": true,
      "time": 0.07915472984313965,
      "error": null
    },
    "assert otherside_rightangle(4, 10) == 10.770329614269007": {
      "result": true,
      "time": 0.11390042304992676,
      "error": null
    },
    "assert otherside_rightangle(10, 13) == 16.401219466856727": {
      "result": true,
      "time": 0.0984795093536377,
      "error": null
    },
    "assert otherside_rightangle(9, 4) == 9.848857801796104": {
      "result": true,
      "time": 0.09301161766052246,
      "error": null
    },
    "assert otherside_rightangle(6, 13) == 14.317821063276353": {
      "result": true,
      "time": 0.11264467239379883,
      "error": null
    },
    "assert otherside_rightangle(7, 9) == 11.40175425099138": {
      "result": true,
      "time": 0.10860586166381836,
      "error": null
    },
    "assert otherside_rightangle(9, 3) == 9.486832980505138": {
      "result": true,
      "time": 0.10001063346862793,
      "error": null
    },
    "assert otherside_rightangle(6, 7) == 9.219544457292887": {
      "result": true,
      "time": 0.08239531517028809,
      "error": null
    },
    "assert otherside_rightangle(8, 6) == 10.0": {
      "result": true,
      "time": 0.08261466026306152,
      "error": null
    },
    "assert otherside_rightangle(3, 4) == 5.0": {
      "result": true,
      "time": 0.09943985939025879,
      "error": null
    },
    "assert otherside_rightangle(3, 9) == 9.486832980505138": {
      "result": true,
      "time": 0.09935545921325684,
      "error": null
    },
    "assert otherside_rightangle(6, 11) == 12.529964086141668": {
      "result": true,
      "time": 0.1078798770904541,
      "error": null
    },
    "assert otherside_rightangle(9, 11) == 14.212670403551895": {
      "result": true,
      "time": 0.08876919746398926,
      "error": null
    },
    "assert otherside_rightangle(4, 5) == 6.4031242374328485": {
      "result": true,
      "time": 0.09042191505432129,
      "error": null
    },
    "assert otherside_rightangle(4, 7) == 8.06225774829855": {
      "result": true,
      "time": 0.09617018699645996,
      "error": null
    },
    "assert otherside_rightangle(8, 9) == 12.041594578792296": {
      "result": true,
      "time": 0.10251116752624512,
      "error": null
    },
    "assert otherside_rightangle(7, 4) == 8.06225774829855": {
      "result": true,
      "time": 0.1031796932220459,
      "error": null
    },
    "assert otherside_rightangle(4, 12) == 12.649110640673518": {
      "result": true,
      "time": 0.10702681541442871,
      "error": null
    },
    "assert otherside_rightangle(2, 10) == 10.198039027185569": {
      "result": true,
      "time": 0.09848523139953613,
      "error": null
    },
    "assert otherside_rightangle(11, 9) == 14.212670403551895": {
      "result": true,
      "time": 0.09364557266235352,
      "error": null
    },
    "assert otherside_rightangle(12, 6) == 13.416407864998739": {
      "result": true,
      "time": 0.0988161563873291,
      "error": null
    },
    "assert otherside_rightangle(11, 11) == 15.556349186104045": {
      "result": true,
      "time": 0.08145332336425781,
      "error": null
    },
    "assert otherside_rightangle(9, 5) == 10.295630140987": {
      "result": true,
      "time": 0.0930640697479248,
      "error": null
    },
    "assert otherside_rightangle(8, 10) == 12.806248474865697": {
      "result": true,
      "time": 0.08840537071228027,
      "error": null
    },
    "assert otherside_rightangle(2, 9) == 9.219544457292887": {
      "result": true,
      "time": 0.07265424728393555,
      "error": null
    },
    "assert otherside_rightangle(12, 3) == 12.36931687685298": {
      "result": true,
      "time": 0.1027369499206543,
      "error": null
    },
    "assert otherside_rightangle(2, 5) == 5.385164807134504": {
      "result": true,
      "time": 0.10085320472717285,
      "error": null
    },
    "assert otherside_rightangle(8, 8) == 11.313708498984761": {
      "result": true,
      "time": 0.0863497257232666,
      "error": null
    },
    "assert otherside_rightangle(6, 3) == 6.708203932499369": {
      "result": true,
      "time": 0.09196853637695312,
      "error": null
    },
    "assert otherside_rightangle(5, 9) == 10.295630140987": {
      "result": true,
      "time": 0.07796049118041992,
      "error": null
    },
    "assert otherside_rightangle(5, 2) == 5.385164807134504": {
      "result": true,
      "time": 0.08363080024719238,
      "error": null
    },
    "assert otherside_rightangle(5, 1) == 5.0990195135927845": {
      "result": true,
      "time": 0.08849763870239258,
      "error": null
    },
    "assert otherside_rightangle(2, 6) == 6.324555320336759": {
      "result": true,
      "time": 0.08626770973205566,
      "error": null
    },
    "assert otherside_rightangle(5, 8) == 9.433981132056603": {
      "result": true,
      "time": 0.07740545272827148,
      "error": null
    },
    "assert otherside_rightangle(5, 7) == 8.602325267042627": {
      "result": true,
      "time": 0.08046960830688477,
      "error": null
    },
    "assert otherside_rightangle(4, 6) == 7.211102550927978": {
      "result": true,
      "time": 0.1051182746887207,
      "error": null
    },
    "assert otherside_rightangle(1, 9) == 9.055385138137417": {
      "result": true,
      "time": 0.08671331405639648,
      "error": null
    },
    "assert otherside_rightangle(1, 2) == 2.23606797749979": {
      "result": true,
      "time": 0.08532881736755371,
      "error": null
    },
    "assert otherside_rightangle(5, 3) == 5.830951894845301": {
      "result": true,
      "time": 0.08121633529663086,
      "error": null
    },
    "assert otherside_rightangle(8, 5) == 9.433981132056603": {
      "result": true,
      "time": 0.08742427825927734,
      "error": null
    },
    "assert otherside_rightangle(4, 2) == 4.47213595499958": {
      "result": true,
      "time": 0.0792837142944336,
      "error": null
    },
    "assert otherside_rightangle(6, 2) == 6.324555320336759": {
      "result": true,
      "time": 0.08625149726867676,
      "error": null
    },
    "assert otherside_rightangle(5, 4) == 6.4031242374328485": {
      "result": true,
      "time": 0.08987832069396973,
      "error": null
    },
    "assert otherside_rightangle(1, 3) == 3.1622776601683795": {
      "result": true,
      "time": 0.08428430557250977,
      "error": null
    },
    "assert otherside_rightangle(3, 2) == 3.605551275463989": {
      "result": true,
      "time": 0.08033537864685059,
      "error": null
    },
    "assert otherside_rightangle(2, 3) == 3.605551275463989": {
      "result": true,
      "time": 0.08214092254638672,
      "error": null
    },
    "assert otherside_rightangle(1, 5) == 5.0990195135927845": {
      "result": true,
      "time": 0.08858871459960938,
      "error": null
    },