{
  "code": "import math\n\ndef volume_sphere(radius):\n    volume = 4/3 * math.pi * radius**3\n    return volume\n",
  "results": {
    "assert volume_sphere(10)==4188.790204786391": {
      "result": true,
      "time": 0.09886455535888672,
      "error": null
    },
    "assert volume_sphere(25)==65449.84694978735": {
      "result": true,
      "time": 0.09275627136230469,
      "error": null
    },
    "assert volume_sphere(20)==33510.32163829113": {
      "result": true,
      "time": 0.10121512413024902,
      "error": null
    },
    "assert volume_sphere(13) == 9202.7720799157": {
      "result": true,
      "time": 0.1134481430053711,
      "error": null
    },
    "assert volume_sphere(7) == 1436.755040241732": {
      "result": false,
      "time": 0.08410501480102539,
      "error": null
    },
    "assert volume_sphere(6) == 904.7786842338604": {
      "result": false,
      "time": 0.09141373634338379,
      "error": null
    },
    "assert volume_sphere(12) == 7238.229473870883": {
      "result": false,
      "time": 0.07835960388183594,
      "error": null
    },
    "assert volume_sphere(10) == 4188.790204786391": {
      "result": true,
      "time": 0.0812370777130127,
      "error": null
    },
    "assert volume_sphere(8) == 2144.660584850632": {
      "result": true,
      "time": 0.08224225044250488,
      "error": null
    },
    "assert volume_sphere(15) == 14137.166941154068": {
      "result": true,
      "time": 0.07721781730651855,
      "error": null
    },
    "assert volume_sphere(11) == 5575.279762570686": {
      "result": true,
      "time": 0.09114480018615723,
      "error": null
    },
    "assert volume_sphere(5) == 523.5987755982989": {
      "result": true,
      "time": 0.07963323593139648,
      "error": null
    },
    "assert volume_sphere(9) == 3053.628059289279": {
      "result": false,
      "time": 0.0733342170715332,
      "error": null
    },
    "assert volume_sphere(24) == 57905.83579096707": {
      "result": false,
      "time": 0.08002161979675293,
      "error": null
    },
    "assert volume_sphere(22) == 44602.23810056549": {
      "result": true,
      "time": 0.0834660530090332,
      "error": null
    },
    "assert volume_sphere(23) == 50965.01042163601": {
      "result": true,
      "time": 0.07906651496887207,
      "error": null
    },
    "assert volume_sphere(29) == 102160.40430453527": {
      "result": true,
      "time": 0.08002662658691406,
      "error": null
    },
    "assert volume_sphere(20) == 33510.32163829113": {
      "result": true,
      "time": 0.08169937133789062,
      "error": null
    },
    "assert volume_sphere(21) == 38792.38608652677": {
      "result": false,
      "time": 0.08008050918579102,
      "error": null
    },
    "assert volume_sphere(25) == 65449.84694978735": {
      "result": true,
      "time": 0.08698177337646484,
      "error": null
    },
    "assert volume_sphere(26) == 73622.1766393256": {
      "result": true,
      "time": 0.07975554466247559,
      "error": null
    },
    "assert volume_sphere(30) == 113097.33552923254": {
      "result": true,
      "time": 0.07285809516906738,
      "error": null
    },
    "assert volume_sphere(27) == 82447.95760081052": {
      "result": true,
      "time": 0.08126640319824219,
      "error": null
    },
    "assert volume_sphere(28) == 91952.32257547085": {
      "result": false,
      "time": 0.08702802658081055,
      "error": null
    },
    "assert volume_sphere(19) == 28730.912014629856": {
      "result": false,
      "time": 0.07155394554138184,
      "error": null
    },
    "assert volume_sphere(18) == 24429.024474314232": {
      "result": false,
      "time": 0.08269238471984863,
      "error": null
    },
    "assert volume_sphere(16) == 17157.284678805056": {
      "result": true,
      "time": 0.07499265670776367,
      "error": null
    },
    "assert volume_sphere(17) == 20579.526276115535": {
      "result": true,
      "time": 0.07616424560546875,
      "error": null
    }
  },
  "passed": false,
  "accuracy": 0.6785714285714286,
  "general_error": "",
  "has_testcase_error": false
}