{
  "code": "def division_elements(test_tup1, test_tup2):\n    res = tuple(map(lambda x, y: x / y, test_tup1, test_tup2))\n    return res\n",
  "results": {
    "assert division_elements((10, 4, 6, 9),(5, 2, 3, 3)) == (2, 2, 2, 3)": {
      "result": true,
      "time": 0.041100263595581055,
      "error": null
    },
    "assert division_elements((12, 6, 8, 16),(6, 3, 4, 4)) == (2, 2, 2, 4)": {
      "result": true,
      "time": 0.03733110427856445,
      "error": null
    },
    "assert division_elements((20, 14, 36, 18),(5, 7, 6, 9)) == (4, 2, 6, 2)": {
      "result": true,
      "time": 0.04884910583496094,
      "error": null
    },
    "assert division_elements((13, 9, 11, 13), (7, 2, 7, 8)) == (1, 4, 1, 1)": {
      "result": false,
      "time": 0.04276132583618164,
      "error": null
    },
    "assert division_elements((7, 1, 1, 8), (6, 3, 7, 5)) == (1, 0, 0, 1)": {
      "result": false,
      "time": 0.04713726043701172,
      "error": null
    },
    "assert division_elements((6, 1, 6, 6), (8, 7, 3, 8)) == (0, 0, 2, 0)": {
      "result": false,
      "time": 0.04057502746582031,
      "error": null
    },
    "assert division_elements((10, 1, 4, 4), (2, 4, 8, 7)) == (5, 0, 0, 0)": {
      "result": false,
      "time": 0.03970503807067871,
      "error": null
    },
    "assert division_elements((14, 5, 6, 12), (1, 2, 2, 2)) == (14, 2, 3, 6)": {
      "result": false,
      "time": 0.04204440116882324,
      "error": null
    },
    "assert division_elements((7, 2, 9, 4), (8, 3, 1, 7)) == (0, 0, 9, 0)": {
      "result": false,
      "time": 0.03746509552001953,
      "error": null
    },
    "assert division_elements((7, 1, 10, 11), (5, 7, 5, 6)) == (1, 0, 2, 1)": {
      "result": false,
      "time": 0.04472088813781738,
      "error": null
    },
    "assert division_elements((14, 6, 8, 6), (8, 4, 4, 4)) == (1, 1, 2, 1)": {
      "result": false,
      "time": 0.053879499435424805,
      "error": null
    },
    "assert division_elements((11, 2, 3, 6), (6, 6, 6, 1)) == (1, 0, 0, 6)": {
      "result": false,
      "time": 0.04501008987426758,
      "error": null
    },
    "assert division_elements((15, 7, 7, 13), (8, 3, 7, 4)) == (1, 2, 1, 3)": {
      "result": false,
      "time": 0.04542851448059082,
      "error": null
    },
    "assert division_elements((12, 8, 4, 5), (8, 5, 2, 4)) == (1, 1, 2, 1)": {
      "result": false,
      "time": 0.03757643699645996,
      "error": null
    },
    "assert division_elements((7, 1, 3, 5), (7, 5, 4, 8)) == (1, 0, 0, 0)": {
      "result": false,
      "time": 0.03757333755493164,
      "error": null
    },
    "assert division_elements((6, 3, 4, 7), (6, 4, 2, 2)) == (1, 0, 2, 3)": {
      "result": false,
      "time": 0.04605746269226074,
      "error": null
    },
    "assert division_elements((15, 5, 6, 13), (5, 4, 4, 6)) == (3, 1, 1, 2)": {
      "result": false,
      "time": 0.046967267990112305,
      "error": null
    },
    "assert division_elements((9, 9, 11, 14), (9, 4, 4, 1)) == (1, 2, 2, 14)": {
      "result": false,
      "time": 0.0429539680480957,
      "error": null
    },
    "assert division_elements((13, 2, 9, 12), (5, 6, 7, 1)) == (2, 0, 1, 12)": {
      "result": false,
      "time": 0.04424285888671875,
      "error": null
    },
    "assert division_elements((6, 7, 5, 11), (5, 4, 3, 7)) == (1, 1, 1, 1)": {
      "result": false,
      "time": 0.04623770713806152,
      "error": null
    },
    "assert division_elements((7, 1, 4, 11), (2, 4, 7, 7)) == (3, 0, 0, 1)": {
      "result": false,
      "time": 0.045972347259521484,
      "error": null
    },
    "assert division_elements((13, 6, 4, 9), (3, 7, 7, 6)) == (4, 0, 0, 1)": {
      "result": false,
      "time": 0.04793357849121094,
      "error": null
    },
    "assert division_elements((12, 9, 4, 9), (6, 2, 7, 2)) == (2, 4, 0, 4)": {
      "result": false,
      "time": 0.047072410583496094,
      "error": null
    },
    "assert division_elements((7, 4, 9, 5), (4, 1, 8, 4)) == (1, 4, 1, 1)": {
      "result": false,
      "time": 0.04293632507324219,
      "error": null
    },
    "assert division_elements((14, 5, 6, 9), (8, 7, 4, 5)) == (1, 0, 1, 1)": {
      "result": false,
      "time": 0.05051374435424805,
      "error": null
    },
    "assert division_elements((7, 4, 7, 14), (1, 1, 3, 4)) == (7, 4, 2, 3)": {
      "result": false,
      "time": 0.03479480743408203,
      "error": null
    },
    "assert division_elements((7, 6, 3, 14), (6, 5, 4, 1)) == (1, 1, 0, 14)": {
      "result": false,
      "time": 0.036470651626586914,
      "error": null
    },
    "assert division_elements((13, 7, 3, 8), (6, 4, 8, 2)) == (2, 1, 0, 4)": {
      "result": false,
      "time": 0.04287457466125488,
      "error": null
    },
    "assert division_elements((5, 2, 3, 9), (4, 7, 7, 6)) == (1, 0, 0, 1)": {
      "result": false,
      "time": 0.042868852615356445,
      "error": null
    },
    "assert division_elements((14, 8, 9, 14), (5, 2, 1, 3)) == (2, 4, 9, 4)": {
      "result": false,
      "time": 0.04041337966918945,
      "error": null
    },
    "assert division_elements((15, 2, 11, 10), (5, 1, 7, 7)) == (3, 2, 1, 1)": {
      "result": false,
      "time": 0.043755531311035156,
      "error": null
    },
    "assert division_elements((11, 5, 6, 6), (9, 2, 2, 5)) == (1, 2, 3, 1)": {
      "result": false,
      "time": 0.041078805923461914,
      "error": null
    },
    "assert division_elements((13, 9, 10, 13), (9, 7, 2, 6)) == (1, 1, 5, 2)": {
      "result": false,
      "time": 0.04948139190673828,
      "error": null
    },
    "assert division_elements((12, 7, 1, 11), (5, 4, 5, 3)) == (2, 1, 0, 3)": {
      "result": false,
      "time": 0.05795168876647949,
      "error": null
    },
    "assert division_elements((8, 7, 6, 9), (2, 4, 3, 8)) == (4, 1, 2, 1)": {
      "result": false,
      "time": 0.04767036437988281,
      "error": null
    },
    "assert division_elements((8, 1, 4, 14), (1, 5, 7, 5)) == (8, 0, 0, 2)": {
      "result": false,
      "time": 0.055737972259521484,
      "error": null
    },
    "assert division_elements((16, 11, 4, 17), (8, 5, 9, 2)) == (2, 2, 0, 8)": {
      "result": false,
      "time": 0.04522109031677246,
      "error": null
    },
    "assert division_elements((13, 7, 10, 17), (5, 3, 7, 9)) == (2, 2, 1, 1)": {
      "result": false,
      "time": 0.053499698638916016,
      "error": null
    },
    "assert division_elements((12, 2, 13, 19), (1, 6, 4, 5)) == (12, 0, 3, 3)": {
      "result": false,
      "time": 0.04923272132873535,
      "error": null
    },
    "assert division_elements((7, 1, 6, 11), (11, 2, 7, 7)) == (0, 0, 0, 1)": {
      "result": false,
      "time": 0.045479774475097656,
      "error": null
    },
    "assert division_elements((13, 5, 8, 21), (1, 4, 2, 7)) == (13, 1, 4, 3)": {
      "result": false,
      "time": 0.04619026184082031,
      "error": null
    },
    "assert division_elements((9, 9, 5, 12), (2, 1, 7, 6)) == (4, 9, 0, 2)": {
      "result": false,
      "time": 0.05640912055969238,
      "error": null
    },
    "assert division_elements((14, 4, 11, 20), (10, 8, 1, 9)) == (1, 0, 11, 2)": {
      "result": false,
      "time": 0.0400238037109375,
      "error": null
    },
    "assert division_elements((10, 5, 3, 17), (4, 1, 3, 8)) == (2, 5, 1, 2)": {
      "result": false,
      "time": 0.041641950607299805,
      "error": null
    },
    "assert division_elements((12, 2, 11, 19), (3, 4, 7, 7)) == (4, 0, 1, 2)": {
      "result": false,
      "time": 0.049739837646484375,
      "error": null
    },
    "assert division_elements((8, 10, 8, 17), (10, 4, 1, 3)) == (0, 2, 8, 5)": {
      "result": false,
      "time": 0.04801821708679199,
      "error": null
    },
    "assert division_elements((11, 2, 9, 14), (10, 5, 1, 7)) == (1, 0, 9, 2)": {
      "result": false,
      "time": 0.04070162773132324,
      "error": null
    },