{
  "code": "def rotate_left(lst, num, d=1):\n    n = len(lst)\n    d = d % n\n    rotated_lst = lst[d:] + lst[:d]\n    return rotated_lst",
  "results": {
    "assert rotate_left([1, 2, 3, 4, 5, 6, 7, 8, 9, 10],3,4)==[4, 5, 6, 7, 8, 9, 10, 1, 2, 3, 4]": {
      "result": false,
      "time": 0.042809247970581055,
      "error": null
    },
    "assert rotate_left([1, 2, 3, 4, 5, 6, 7, 8, 9, 10],2,2)==[3, 4, 5, 6, 7, 8, 9, 10, 1, 2]": {
      "result": true,
      "time": 0.0434718132019043,
      "error": null
    },
    "assert rotate_left([1, 2, 3, 4, 5, 6, 7, 8, 9, 10],5,2)==[6, 7, 8, 9, 10, 1, 2]": {
      "result": false,
      "time": 0.04123401641845703,
      "error": null
    },
    "assert rotate_left([6, 1, 5, 1, 1, 4, 5, 10, 9, 15], 3, 1) == [1, 1, 4, 5, 10, 9, 15, 6]": {
      "result": false,
      "time": 0.03845047950744629,
      "error": null
    },
    "assert rotate_left([1, 4, 1, 7, 9, 1, 7, 10, 12, 10], 2, 8) == [1, 7, 9, 1, 7, 10, 12, 10, 1, 4, 1, 7, 9, 1, 7, 10]": {
      "result": false,
      "time": 0.03591299057006836,
      "error": null
    },
    "assert rotate_left([1, 5, 1, 9, 9, 1, 7, 10, 8, 11], 3, 7) == [9, 9, 1, 7, 10, 8, 11, 1, 5, 1, 9, 9, 1, 7]": {
      "result": false,
      "time": 0.04719877243041992,
      "error": null
    },
    "assert rotate_left([5, 3, 5, 1, 2, 2, 8, 13, 9, 8], 5, 7) == [2, 8, 13, 9, 8, 5, 3, 5, 1, 2, 2, 8]": {
      "result": false,
      "time": 0.04590940475463867,
      "error": null
    },
    "assert rotate_left([3, 6, 1, 8, 7, 3, 10, 4, 4, 9], 7, 5) == [4, 4, 9, 3, 6, 1, 8, 7]": {
      "result": false,
      "time": 0.03793692588806152,
      "error": null
    },
    "assert rotate_left([1, 4, 3, 7, 8, 2, 6, 3, 8, 8], 7, 9) == [3, 8, 8, 1, 4, 3, 7, 8, 2, 6, 3, 8]": {
      "result": false,
      "time": 0.043854713439941406,
      "error": null
    },
    "assert rotate_left([4, 5, 2, 2, 2, 4, 7, 11, 12, 14], 2, 4) == [2, 2, 2, 4, 7, 11, 12, 14, 4, 5, 2, 2]": {
      "result": false,
      "time": 0.045079946517944336,
      "error": null
    },
    "assert rotate_left([5, 5, 4, 1, 6, 9, 5, 6, 10, 7], 8, 7) == [10, 7, 5, 5, 4, 1, 6, 9, 5]": {
      "result": false,
      "time": 0.0412144660949707,
      "error": null
    },
    "assert rotate_left([3, 1, 5, 6, 5, 9, 7, 8, 5, 9], 1, 4) == [1, 5, 6, 5, 9, 7, 8, 5, 9, 3, 1, 5, 6]": {
      "result": false,
      "time": 0.04621148109436035,
      "error": null
    },
    "assert rotate_left([5, 1, 1, 9, 7, 1, 4, 4, 8, 8], 2, 5) == [1, 9, 7, 1, 4, 4, 8, 8, 5, 1, 1, 9, 7]": {
      "result": false,
      "time": 0.04485678672790527,
      "error": null
    },
    "assert rotate_left([3, 5, 4, 7, 6, 2, 12, 7, 9, 15], 3, 3) == [7, 6, 2, 12, 7, 9, 15, 3, 5, 4]": {
      "result": true,
      "time": 0.044866323471069336,
      "error": null
    },
    "assert rotate_left([1, 3, 3, 1, 2, 10, 12, 12, 10, 5], 1, 9) == [3, 3, 1, 2, 10, 12, 12, 10, 5, 1, 3, 3, 1, 2, 10, 12, 12, 10]": {
      "result": false,
      "time": 0.04116344451904297,
      "error": null
    },
    "assert rotate_left([4, 7, 5, 4, 5, 3, 9, 12, 4, 15], 3, 8) == [4, 5, 3, 9, 12, 4, 15, 4, 7, 5, 4, 5, 3, 9, 12]": {
      "result": false,
      "time": 0.03608512878417969,
      "error": null
    },
    "assert rotate_left([5, 6, 5, 8, 4, 9, 11, 13, 7, 15], 6, 7) == [11, 13, 7, 15, 5, 6, 5, 8, 4, 9, 11]": {
      "result": false,
      "time": 0.04426240921020508,
      "error": null
    },
    "assert rotate_left([1, 3, 1, 5, 6, 5, 3, 13, 8, 8], 2, 7) == [1, 5, 6, 5, 3, 13, 8, 8, 1, 3, 1, 5, 6, 5, 3]": {
      "result": false,
      "time": 0.042938232421875,
      "error": null
    },
    "assert rotate_left([4, 6, 1, 2, 1, 3, 6, 10, 4, 12], 3, 3) == [2, 1, 3, 6, 10, 4, 12, 4, 6, 1]": {
      "result": true,
      "time": 0.04575920104980469,
      "error": null
    },
    "assert rotate_left([4, 7, 7, 2, 2, 6, 7, 3, 6, 10], 5, 9) == [6, 7, 3, 6, 10, 4, 7, 7, 2, 2, 6, 7, 3, 6]": {
      "result": false,
      "time": 0.039931297302246094,
      "error": null
    },
    "assert rotate_left([1, 1, 1, 7, 5, 1, 4, 13, 14, 8], 4, 8) == [5, 1, 4, 13, 14, 8, 1, 1, 1, 7, 5, 1, 4, 13]": {
      "result": false,
      "time": 0.042989253997802734,
      "error": null
    },
    "assert rotate_left([5, 2, 1, 4, 2, 7, 7, 5, 7, 11], 2, 6) == [1, 4, 2, 7, 7, 5, 7, 11, 5, 2, 1, 4, 2, 7]": {
      "result": false,
      "time": 0.040932655334472656,
      "error": null
    },
    "assert rotate_left([6, 6, 5, 9, 5, 7, 9, 4, 11, 8], 3, 6) == [9, 5, 7, 9, 4, 11, 8, 6, 6, 5, 9, 5, 7]": {
      "result": false,
      "time": 0.0438685417175293,
      "error": null
    },
    "assert rotate_left([1, 7, 1, 7, 9, 11, 4, 7, 5, 11], 8, 4) == [5, 11, 1, 7, 1, 7]": {
      "result": false,
      "time": 0.04252219200134277,
      "error": null
    },
    "assert rotate_left([4, 6, 4, 7, 3, 8, 2, 4, 5, 12], 5, 6) == [8, 2, 4, 5, 12, 4, 6, 4, 7, 3, 8]": {
      "result": false,
      "time": 0.03562355041503906,
      "error": null
    },
    "assert rotate_left([3, 6, 7, 1, 2, 2, 3, 12, 9, 14], 1, 8) == [6, 7, 1, 2, 2, 3, 12, 9, 14, 3, 6, 7, 1, 2, 2, 3, 12]": {
      "result": false,
      "time": 0.04002022743225098,
      "error": null
    },
    "assert rotate_left([2, 4, 8, 9, 3, 5, 10, 8, 13, 11], 6, 4) == [10, 8, 13, 11, 2, 4, 8, 9]": {
      "result": false,
      "time": 0.04055285453796387,
      "error": null
    },
    "assert rotate_left([4, 5, 3, 1, 7, 1, 4, 4, 14, 15], 8, 9) == [14, 15, 4, 5, 3, 1, 7, 1, 4, 4, 14]": {
      "result": false,
      "time": 0.04163050651550293,
      "error": null
    },
    "assert rotate_left([2, 7, 2, 5, 8, 3, 7, 4, 6, 13], 7, 1) == [4, 6, 13, 2]": {
      "result": false,
      "time": 0.04438471794128418,
      "error": null
    },
    "assert rotate_left([1, 5, 8, 6, 9, 7, 2, 12, 14, 15], 7, 3) == [12, 14, 15, 1, 5, 8]": {
      "result": false,
      "time": 0.04528331756591797,
      "error": null
    },
    "assert rotate_left([3, 6, 6, 7, 10, 3, 4, 8, 5, 9], 5, 5) == [3, 4, 8, 5, 9, 3, 6, 6, 7, 10]": {
      "result": true,
      "time": 0.04037070274353027,
      "error": null
    },
    "assert rotate_left([5, 3, 5, 4, 1, 7, 6, 3, 10, 10], 2, 9) == [5, 4, 1, 7, 6, 3, 10, 10, 5, 3, 5, 4, 1, 7, 6, 3, 10]": {
      "result": false,
      "time": 0.03631186485290527,
      "error": null
    },
    "assert rotate_left([5, 7, 2, 7, 4, 7, 7, 8, 10, 11], 7, 2) == [8, 10, 11, 5, 7]": {
      "result": false,
      "time": 0.04030442237854004,
      "error": null
    },
    "assert rotate_left([5, 2, 1, 5, 5, 9, 8, 11, 5, 11], 7, 9) == [11, 5, 11, 5, 2, 1, 5, 5, 9, 8, 11, 5]": {
      "result": false,
      "time": 0.043827056884765625,
      "error": null
    },
    "assert rotate_left([2, 1, 4, 9, 1, 10, 9, 10, 12, 11], 6, 3) == [9, 10, 12, 11, 2, 1, 4]": {
      "result": false,
      "time": 0.039626359939575195,
      "error": null
    },
    "assert rotate_left([6, 6, 6, 7, 3, 3, 8, 4, 7, 7], 6, 7) == [8, 4, 7, 7, 6, 6, 6, 7, 3, 3, 8]": {
      "result": false,
      "time": 0.044548749923706055,
      "error": null
    },
    "assert rotate_left([3, 3, 6, 9, 5, 11, 2, 4, 11, 7], 2, 1) == [6, 9, 5, 11, 2, 4, 11, 7, 3]": {
      "result": false,
      "time": 0.04870748519897461,
      "error": null
    },
    "assert rotate_left([4, 7, 6, 2, 4, 11, 4, 13, 14, 9], 4, 2) == [4, 11, 4, 13, 14, 9, 4, 7]": {
      "result": false,
      "time": 0.04541921615600586,
      "error": null
    },
    "assert rotate_left([6, 2, 8, 5, 7, 1, 5, 7, 9, 11], 3, 6) == [5, 7, 1, 5, 7, 9, 11, 6, 2, 8, 5, 7, 1]": {
      "result": false,
      "time": 0.03778648376464844,
      "error": null
    },
    "assert rotate_left([4, 6, 4, 6, 7, 1, 7, 8, 6, 13], 3, 4) == [6, 7, 1, 7, 8, 6, 13, 4, 6, 4, 6]": {
      "result": false,
      "time": 0.04628252983093262,
      "error": null
    },
    "assert rotate_left([2, 2, 3, 5, 2, 7, 12, 8, 6, 12], 1, 4) == [2, 3, 5, 2, 7, 12, 8, 6, 12, 2, 2, 3, 5]": {
      "result": false,
      "time": 0.04260516166687012,