{
  "code": "def find(num1, num2):\n    try:\n        return num1 / num2\n    except ZeroDivisionError:\n        return \"Error: Division by zero is not allowed\"",
  "results": {
    "assert find(10,3) == 3": {
      "result": false,
      "time": 0.03689765930175781,
      "error": null
    },
    "assert find(4,2) == 2": {
      "result": true,
      "time": 0.03357100486755371,
      "error": null
    },
    "assert find(20,5) == 4": {
      "result": true,
      "time": 0.034580230712890625,
      "error": null
    },
    "assert find(9, 4) == 2": {
      "result": false,
      "time": 0.036376237869262695,
      "error": null
    },
    "assert find(15, 1) == 15": {
      "result": true,
      "time": 0.031683921813964844,
      "error": null
    },
    "assert find(11, 4) == 2": {
      "result": false,
      "time": 0.039711713790893555,
      "error": null
    },
    "assert find(7, 8) == 0": {
      "result": false,
      "time": 0.03537559509277344,
      "error": null
    },
    "assert find(14, 6) == 2": {
      "result": false,
      "time": 0.03572988510131836,
      "error": null
    },
    "assert find(11, 7) == 1": {
      "result": false,
      "time": 0.03554725646972656,
      "error": null
    },
    "assert find(12, 3) == 4": {
      "result": true,
      "time": 0.0381619930267334,
      "error": null
    },
    "assert find(7, 7) == 1": {
      "result": true,
      "time": 0.042008399963378906,
      "error": null
    },
    "assert find(15, 2) == 7": {
      "result": false,
      "time": 0.03316926956176758,
      "error": null
    },
    "assert find(10, 5) == 2": {
      "result": true,
      "time": 0.03818225860595703,
      "error": null
    },
    "assert find(13, 1) == 13": {
      "result": true,
      "time": 0.036760807037353516,
      "error": null
    },
    "assert find(13, 5) == 2": {
      "result": false,
      "time": 0.037346839904785156,
      "error": null
    },
    "assert find(6, 1) == 6": {
      "result": true,
      "time": 0.037564754486083984,
      "error": null
    },
    "assert find(11, 1) == 11": {
      "result": true,
      "time": 0.04001426696777344,
      "error": null
    },
    "assert find(10, 2) == 5": {
      "result": true,
      "time": 0.03602886199951172,
      "error": null
    },
    "assert find(8, 8) == 1": {
      "result": true,
      "time": 0.06870579719543457,
      "error": null
    },
    "assert find(15, 7) == 2": {
      "result": false,
      "time": 0.052123308181762695,
      "error": null
    },
    "assert find(14, 1) == 14": {
      "result": true,
      "time": 0.0552220344543457,
      "error": null
    },
    "assert find(11, 3) == 3": {
      "result": false,
      "time": 0.04628729820251465,
      "error": null
    },
    "assert find(7, 2) == 3": {
      "result": false,
      "time": 0.05706357955932617,
      "error": null
    },
    "assert find(5, 2) == 2": {
      "result": false,
      "time": 0.04650735855102539,
      "error": null
    },
    "assert find(14, 5) == 2": {
      "result": false,
      "time": 0.06410765647888184,
      "error": null
    },
    "assert find(11, 6) == 1": {
      "result": false,
      "time": 0.0522007942199707,
      "error": null
    },
    "assert find(6, 5) == 1": {
      "result": false,
      "time": 0.05317854881286621,
      "error": null
    },
    "assert find(9, 3) == 3": {
      "result": true,
      "time": 0.05419135093688965,
      "error": null
    },
    "assert find(5, 1) == 5": {
      "result": true,
      "time": 0.05042743682861328,
      "error": null
    },
    "assert find(9, 1) == 9": {
      "result": true,
      "time": 0.05191373825073242,
      "error": null
    },
    "assert find(9, 6) == 1": {
      "result": false,
      "time": 0.0491480827331543,
      "error": null
    },
    "assert find(7, 1) == 7": {
      "result": true,
      "time": 0.05130767822265625,
      "error": null
    },
    "assert find(4, 7) == 0": {
      "result": false,
      "time": 0.044342756271362305,
      "error": null
    },
    "assert find(4, 4) == 1": {
      "result": true,
      "time": 0.061113834381103516,
      "error": null
    },
    "assert find(1, 5) == 0": {
      "result": false,
      "time": 0.04846930503845215,
      "error": null
    },
    "assert find(9, 2) == 4": {
      "result": false,
      "time": 0.05117368698120117,
      "error": null
    },
    "assert find(2, 1) == 2": {
      "result": true,
      "time": 0.04725337028503418,
      "error": null
    },
    "assert find(3, 3) == 1": {
      "result": true,
      "time": 0.05008864402770996,
      "error": null
    },
    "assert find(1, 2) == 0": {
      "result": false,
      "time": 0.05785703659057617,
      "error": null
    },
    "assert find(1, 7) == 0": {
      "result": false,
      "time": 0.04487180709838867,
      "error": null
    },
    "assert find(4, 2) == 2": {
      "result": true,
      "time": 0.04967784881591797,
      "error": null
    },
    "assert find(2, 6) == 0": {
      "result": false,
      "time": 0.046883583068847656,
      "error": null
    },
    "assert find(1, 6) == 0": {
      "result": false,
      "time": 0.05642890930175781,
      "error": null
    },
    "assert find(5, 5) == 1": {
      "result": true,
      "time": 0.05178475379943848,
      "error": null
    },
    "assert find(3, 4) == 0": {
      "result": false,
      "time": 0.042449951171875,
      "error": null
    },
    "assert find(1, 3) == 0": {
      "result": false,
      "time": 0.05354738235473633,
      "error": null
    },
    "assert find(7, 4) == 1": {
      "result": false,
      "time": 0.048320770263671875,
      "error": null
    },
    "assert find(4, 6) == 0": {
      "result": false,
      "time": 0.06190228462219238,
      "error": null
    },
    "assert find(6, 3) == 2": {
      "result": true,
      "time": 0.06210756301879883,
      "error": null
    },
    "assert find(8, 7) == 1": {
      "result": false,
      "time": 0.06380558013916016,
      "error": null
    },
    "assert find(8, 5) == 1": {
      "result": false,
      "time": 0.05008888244628906,
      "error": null
    },
    "assert find(2, 2) == 1": {
      "result": true,
      "time": 0.045500755310058594,
      "error": null
    },
    "assert find(3, 1) == 3": {
      "result": true,
      "time": 0.05641794204711914,
      "error": null
    },
    "assert find(6, 6) == 1": {
      "result": true,
      "time": 0.040123939514160156,
      "error": null
    },
    "assert find(1, 4) == 0": {
      "result": false,
      "time": 0.050925254821777344,
      "error": null
    },
    "assert find(3, 2) == 1": {
      "result": false,
      "time": 0.0560002326965332,
      "error": null
    },
    "assert find(9, 7) == 1": {
      "result": false,
      "time": 0.05100512504577637,
      "error": null
    },
    "assert find(15, 5) == 3": {
      "result": true,
      "time": 0.04961729049682617,
      "error": null
    },
    "assert find(18, 7) == 2": {
      "result": false,
      "time": 0.062319278717041016,
      "error": null
    },
    "assert find(25, 4) == 6": {
      "result": false,
      "time": 0.04599452018737793,
      "error": null
    },
    "assert find(24, 10) == 2": {
      "result": false,
      "time": 0.05344343185424805,
      "error": null
    },
    "assert find(24, 5) == 4": {
      "result": false,
      "time": 0.04318881034851074,
      "error": null
    },
    "assert find(25, 8) == 3": {
      "result": false,
      "time": 0.05335354804992676,
      "error": null
    },
    "assert find(15, 9) == 1": {
      "result": false,
      "time": 0.03824043273925781,
      "error": null
    },
    "assert find(25, 10) == 2": {
      "result": false,
      "time": 0.05067849159240723,
      "error": null
    },
    "assert find(19, 3) == 6": {
      "result": false,
      "time": 0.04127025604248047,
      "error": null
    },
    "assert find(17, 6) == 2": {
      "result": false,