{
  "code": "def binary_to_integer(binary_tuple):\n    binary_string = ''.join(str(i) for i in binary_tuple)\n    decimal_number = int(binary_string, 2)\n    return str(decimal_number)\n",
  "results": {
    "assert binary_to_integer((1, 1, 0, 1, 0, 0, 1)) == '105'": {
      "result": true,
      "time": 0.035902976989746094,
      "error": null
    },
    "assert binary_to_integer((0, 1, 1, 0, 0, 1, 0, 1)) == '101'": {
      "result": true,
      "time": 0.042816162109375,
      "error": null
    },
    "assert binary_to_integer((1, 1, 0, 1, 0, 1)) == '53'": {
      "result": true,
      "time": 0.03831744194030762,
      "error": null
    },
    "assert binary_to_integer((1, 1, 0, 1, 0, 0, 0, 1, 0, 0, 1, 0, 1, 1)) == 13387": {
      "result": false,
      "time": 0.0379033088684082,
      "error": null
    },
    "assert binary_to_integer((1, 0, 0, 1, 0, 1, 1, 0, 1, 1, 0, 0, 1, 1, 1)) == 19303": {
      "result": false,
      "time": 0.03863096237182617,
      "error": null
    },
    "assert binary_to_integer((0, 1, 1, 0, 1, 0, 1, 1, 0, 1, 1, 1, 1, 0)) == 6878": {
      "result": false,
      "time": 0.03371572494506836,
      "error": null
    },
    "assert binary_to_integer((1, 0, 1, 1, 0, 0)) == 44": {
      "result": false,
      "time": 0.03919625282287598,
      "error": null
    },
    "assert binary_to_integer((1, 1, 0)) == 6": {
      "result": false,
      "time": 0.043123722076416016,
      "error": null
    },
    "assert binary_to_integer((1, 0, 0, 1, 0, 0, 1, 0, 0, 1, 1)) == 1171": {
      "result": false,
      "time": 0.03576183319091797,
      "error": null
    },
    "assert binary_to_integer((0, 1, 1, 0, 1, 0, 0, 1, 1, 1, 0, 0, 0, 0, 0)) == 13536": {
      "result": false,
      "time": 0.034293413162231445,
      "error": null
    },
    "assert binary_to_integer((0, 0, 1, 1)) == 3": {
      "result": false,
      "time": 0.038391828536987305,
      "error": null
    },
    "assert binary_to_integer((0, 1, 0, 0, 1)) == 9": {
      "result": false,
      "time": 0.039968013763427734,
      "error": null
    },
    "assert binary_to_integer((0, 1, 0, 0, 0, 0, 1, 0, 0, 1, 0)) == 530": {
      "result": false,
      "time": 0.039296627044677734,
      "error": null
    },
    "assert binary_to_integer((0, 1, 0, 0)) == 4": {
      "result": false,
      "time": 0.0420534610748291,
      "error": null
    },
    "assert binary_to_integer((1, 1, 1, 0, 0, 1, 1, 1, 1, 1)) == 927": {
      "result": false,
      "time": 0.04023146629333496,
      "error": null
    },
    "assert binary_to_integer((0, 0, 0, 1, 1)) == 3": {
      "result": false,
      "time": 0.04080915451049805,
      "error": null
    },
    "assert binary_to_integer((1, 1, 1, 1, 0, 0)) == 60": {
      "result": false,
      "time": 0.041322946548461914,
      "error": null
    },
    "assert binary_to_integer((1, 0, 1)) == 5": {
      "result": false,
      "time": 0.03477215766906738,
      "error": null
    },
    "assert binary_to_integer((0, 1, 1, 0, 1, 1, 0, 1, 0)) == 218": {
      "result": false,
      "time": 0.044133901596069336,
      "error": null
    },
    "assert binary_to_integer((0, 1, 0)) == 2": {
      "result": false,
      "time": 0.03467297554016113,
      "error": null
    },
    "assert binary_to_integer((0, 1, 0, 1, 1, 0, 1, 1, 0, 1, 1, 1)) == 1463": {
      "result": false,
      "time": 0.04155302047729492,
      "error": null
    },
    "assert binary_to_integer((0, 0)) == 0": {
      "result": false,
      "time": 0.03574848175048828,
      "error": null
    },
    "assert binary_to_integer((0, 1)) == 1": {
      "result": false,
      "time": 0.03800249099731445,
      "error": null
    },
    "assert binary_to_integer((1, 1)) == 3": {
      "result": false,
      "time": 0.04133939743041992,
      "error": null
    },
    "assert binary_to_integer((1, 0, 1, 1, 1, 0, 0, 0, 0, 0, 0, 1, 1, 1)) == 11783": {
      "result": false,
      "time": 0.03893899917602539,
      "error": null
    },
    "assert binary_to_integer((0, 1, 0, 0, 0, 1, 1, 1, 1, 1, 0, 1, 1, 0)) == 4598": {
      "result": false,
      "time": 0.03900003433227539,
      "error": null
    },
    "assert binary_to_integer((0, 1, 1, 0, 1, 1, 0, 0, 0, 1, 1, 1)) == 1735": {
      "result": false,
      "time": 0.04247927665710449,
      "error": null
    },
    "assert binary_to_integer((0, 1, 0, 0, 0, 0, 0)) == 32": {
      "result": false,
      "time": 0.04108572006225586,
      "error": null
    },
    "assert binary_to_integer((1, 1, 0, 0, 1)) == 25": {
      "result": false,
      "time": 0.03736686706542969,
      "error": null
    },
    "assert binary_to_integer((1, 1, 1, 1, 0, 0, 1, 1)) == 243": {
      "result": false,
      "time": 0.039278507232666016,
      "error": null
    },
    "assert binary_to_integer((1, 1, 1, 1, 0, 0, 1, 1, 0, 0, 0, 1, 1)) == 7779": {
      "result": false,
      "time": 0.0417933464050293,
      "error": null
    },
    "assert binary_to_integer((0, 0, 1)) == 1": {
      "result": false,
      "time": 0.04192614555358887,
      "error": null
    },
    "assert binary_to_integer((1, 1, 1, 1, 1, 1)) == 63": {
      "result": false,
      "time": 0.03600287437438965,
      "error": null
    },
    "assert binary_to_integer((0, 0, 0, 1)) == 1": {
      "result": false,
      "time": 0.042783260345458984,
      "error": null
    },
    "assert binary_to_integer((0, 0, 0, 1, 1, 1, 0, 1, 0, 0, 0, 1, 1, 0, 0)) == 3724": {
      "result": false,
      "time": 0.044647216796875,
      "error": null
    },
    "assert binary_to_integer((1, 1, 0, 0)) == 12": {
      "result": false,
      "time": 0.04266548156738281,
      "error": null
    },
    "assert binary_to_integer((1, 0, 0, 0)) == 8": {
      "result": false,
      "time": 0.04791450500488281,
      "error": null
    },
    "assert binary_to_integer((0, 0, 0, 1, 0, 0, 0, 0, 1, 0, 0, 1, 0, 0)) == 1060": {
      "result": false,
      "time": 0.038875579833984375,
      "error": null
    },
    "assert binary_to_integer((1, 0, 0, 1, 0, 0)) == 36": {
      "result": false,
      "time": 0.03770136833190918,
      "error": null
    },
    "assert binary_to_integer((1, 1, 1, 0, 0, 0, 0, 1, 0, 1)) == 901": {
      "result": false,
      "time": 0.04334616661071777,
      "error": null
    },
    "assert binary_to_integer((0, 1, 0, 1, 1, 1, 1, 1, 0)) == 190": {
      "result": false,
      "time": 0.04398036003112793,
      "error": null
    },
    "assert binary_to_integer((0, 1, 1, 1, 1, 0, 1, 0, 0, 1, 0)) == 978": {
      "result": false,
      "time": 0.044080495834350586,
      "error": null
    },
    "assert binary_to_integer((0, 1, 1, 1, 0, 0)) == 28": {
      "result": false,
      "time": 0.04099392890930176,
      "error": null
    },
    "assert binary_to_integer((0, 1, 0, 0, 0, 0, 1, 1, 1, 0, 1, 0, 0, 1, 0)) == 8658": {
      "result": false,
      "time": 0.04239511489868164,
      "error": null
    },
    "assert binary_to_integer((1, 1, 1)) == 7": {
      "result": false,
      "time": 0.039986610412597656,
      "error": null
    },
    "assert binary_to_integer((1, 0, 1, 1, 0, 0, 0, 1, 1, 0)) == 710": {
      "result": false,
      "time": 0.033350229263305664,
      "error": null
    },
    "assert binary_to_integer((1, 1, 0, 1, 1, 0, 0, 1, 0, 0, 0, 1, 1)) == 6947": {
      "result": false,
      "time": 0.030576705932617188,
      "error": null
    },
    "assert binary_to_integer((1, 0, 0, 0, 0, 1, 1, 0)) == 134": {
      "result": false,
      "time": 0.04004359245300293,
      "error": null
    },
    "assert binary_to_integer((0, 0, 1, 0, 1, 0, 1, 1, 1, 1, 1, 0, 0)) == 1404": {
      "result": false,
      "time": 0.044653892517089844,
      "error": null
    },
    "assert binary_to_integer((1, 1, 1, 1, 1, 1, 0, 1, 1, 0, 0, 1, 0, 1)) == 16229": {
      "result": false,
      "time": 0.040114641189575195,
      "error": null
    },
    "assert binary_to_integer((1, 1, 1, 0)) == 14": {
      "result": false,
      "time": 0.040712594985961914,
      "error": null
    },