{
  "code": "def big_sum(nums):\n    return max(nums) + min(nums)\n",
  "results": {
    "assert big_sum([1,2,3]) == 4": {
      "result": true,
      "time": 0.03378891944885254,
      "error": null
    },
    "assert big_sum([-1,2,3,4]) == 3": {
      "result": true,
      "time": 0.03364109992980957,
      "error": null
    },
    "assert big_sum([2,3,6]) == 8": {
      "result": true,
      "time": 0.03696846961975098,
      "error": null
    },
    "assert big_sum([4, 6, 3]) == 9": {
      "result": true,
      "time": 0.03934884071350098,
      "error": null
    },
    "assert big_sum([5, 4, 5]) == 9": {
      "result": true,
      "time": 0.03824138641357422,
      "error": null
    },
    "assert big_sum([6, 6, 8]) == 14": {
      "result": true,
      "time": 0.04614901542663574,
      "error": null
    },
    "assert big_sum([4, 3, 3]) == 7": {
      "result": true,
      "time": 0.03934741020202637,
      "error": null
    },
    "assert big_sum([1, 2, 2]) == 3": {
      "result": true,
      "time": 0.0409855842590332,
      "error": null
    },
    "assert big_sum([2, 2, 3]) == 5": {
      "result": true,
      "time": 0.03548240661621094,
      "error": null
    },
    "assert big_sum([2, 7, 2]) == 9": {
      "result": true,
      "time": 0.04041695594787598,
      "error": null
    },
    "assert big_sum([3, 4, 5]) == 8": {
      "result": true,
      "time": 0.03815102577209473,
      "error": null
    },
    "assert big_sum([5, 5, 8]) == 13": {
      "result": true,
      "time": 0.0371556282043457,
      "error": null
    },
    "assert big_sum([3, 1, 3]) == 4": {
      "result": true,
      "time": 0.03580808639526367,
      "error": null
    },
    "assert big_sum([3, 1, 8]) == 9": {
      "result": true,
      "time": 0.037764549255371094,
      "error": null
    },
    "assert big_sum([6, 7, 6]) == 13": {
      "result": true,
      "time": 0.04603934288024902,
      "error": null
    },
    "assert big_sum([5, 1, 2]) == 6": {
      "result": true,
      "time": 0.03776955604553223,
      "error": null
    },
    "assert big_sum([2, 4, 5]) == 7": {
      "result": true,
      "time": 0.038030385971069336,
      "error": null
    },
    "assert big_sum([1, 4, 5]) == 6": {
      "result": true,
      "time": 0.042511701583862305,
      "error": null
    },
    "assert big_sum([6, 4, 7]) == 11": {
      "result": true,
      "time": 0.03394722938537598,
      "error": null
    },
    "assert big_sum([1, 1, 4]) == 5": {
      "result": true,
      "time": 0.036272525787353516,
      "error": null
    },
    "assert big_sum([1, 2, 1]) == 3": {
      "result": true,
      "time": 0.035094261169433594,
      "error": null
    },
    "assert big_sum([2, 4, 6]) == 8": {
      "result": true,
      "time": 0.04157280921936035,
      "error": null
    },
    "assert big_sum([3, 4, 3]) == 7": {
      "result": true,
      "time": 0.038582801818847656,
      "error": null
    },
    "assert big_sum([1, 5, 8]) == 9": {
      "result": true,
      "time": 0.03494381904602051,
      "error": null
    },
    "assert big_sum([5, 4, 3]) == 8": {
      "result": true,
      "time": 0.037671566009521484,
      "error": null
    },
    "assert big_sum([4, 4, 5]) == 9": {
      "result": true,
      "time": 0.040291547775268555,
      "error": null
    },
    "assert big_sum([1, 1, 6]) == 7": {
      "result": true,
      "time": 0.039031028747558594,
      "error": null
    },
    "assert big_sum([2, 2, 2]) == 4": {
      "result": true,
      "time": 0.03803062438964844,
      "error": null
    },
    "assert big_sum([4, 6, 8]) == 12": {
      "result": true,
      "time": 0.03167462348937988,
      "error": null
    },
    "assert big_sum([4, 7, 1]) == 8": {
      "result": true,
      "time": 0.03087592124938965,
      "error": null
    },
    "assert big_sum([3, 2, 4]) == 6": {
      "result": true,
      "time": 0.03408980369567871,
      "error": null
    },
    "assert big_sum([2, 4, 3]) == 6": {
      "result": true,
      "time": 0.034911155700683594,
      "error": null
    },
    "assert big_sum([6, 7, 4]) == 11": {
      "result": true,
      "time": 0.029513835906982422,
      "error": null
    },
    "assert big_sum([3, 2, 5]) == 7": {
      "result": true,
      "time": 0.0351862907409668,
      "error": null
    },
    "assert big_sum([5, 2, 5]) == 7": {
      "result": true,
      "time": 0.03710746765136719,
      "error": null
    },
    "assert big_sum([1, 5, 3]) == 6": {
      "result": true,
      "time": 0.0331268310546875,
      "error": null
    },
    "assert big_sum([-1, 3, 2, 4]) == 3": {
      "result": true,
      "time": 0.03765130043029785,
      "error": null
    },
    "assert big_sum([-1, 5, 2, 9]) == 8": {
      "result": true,
      "time": 0.03296518325805664,
      "error": null
    },
    "assert big_sum([2, 4, 2, 3]) == 6": {
      "result": true,
      "time": 0.03777503967285156,
      "error": null
    },
    "assert big_sum([0, 1, 7, 7]) == 7": {
      "result": true,
      "time": 0.03912544250488281,
      "error": null
    },
    "assert big_sum([-3, 3, 1, 8]) == 5": {
      "result": true,
      "time": 0.042650699615478516,
      "error": null
    },
    "assert big_sum([1, 4, 1, 9]) == 10": {
      "result": true,
      "time": 0.0303499698638916,
      "error": null
    },
    "assert big_sum([0, 3, 3, 7]) == 7": {
      "result": true,
      "time": 0.0404508113861084,
      "error": null
    },
    "assert big_sum([-3, 1, 4, 5]) == 2": {
      "result": true,
      "time": 0.03666043281555176,
      "error": null
    },
    "assert big_sum([4, 1, 5, 3]) == 6": {
      "result": true,
      "time": 0.037719011306762695,
      "error": null
    },
    "assert big_sum([4, 6, 7, 2]) == 9": {
      "result": true,
      "time": 0.03271651268005371,
      "error": null
    },
    "assert big_sum([3, 2, 8, 7]) == 10": {
      "result": true,
      "time": 0.037934303283691406,
      "error": null
    },
    "assert big_sum([4, 7, 3, 7]) == 10": {
      "result": true,
      "time": 0.04281973838806152,
      "error": null
    },
    "assert big_sum([1, 5, 6, 5]) == 7": {
      "result": true,
      "time": 0.0434117317199707,
      "error": null
    },
    "assert big_sum([4, 2, 1, 6]) == 7": {
      "result": true,
      "time": 0.03661799430847168,
      "error": null
    },
    "assert big_sum([-4, 6, 1, 3]) == 2": {
      "result": true,
      "time": 0.0383000373840332,
      "error": null
    },
    "assert big_sum([-6, 5, 2, 5]) == -1": {
      "result": true,
      "time": 0.03983902931213379,
      "error": null
    },
    "assert big_sum([-3, 4, 4, 3]) == 1": {
      "result": true,
      "time": 0.041143178939819336,
      "error": null
    },
    "assert big_sum([-6, 4, 4, 9]) == 3": {
      "result": true,
      "time": 0.04298663139343262,
      "error": null
    },
    "assert big_sum([-5, 2, 2, 7]) == 2": {
      "result": true,
      "time": 0.0338442325592041,
      "error": null
    },
    "assert big_sum([-5, 7, 6, 1]) == 2": {
      "result": true,
      "time": 0.041506290435791016,
      "error": null
    },
    "assert big_sum([-4, 5, 5, 2]) == 1": {
      "result": true,
      "time": 0.03769946098327637,
      "error": null
    },
    "assert big_sum([4, 7, 1, 1]) == 8": {
      "result": true,
      "time": 0.0408930778503418,
      "error": null
    },
    "assert big_sum([0, 3, 8, 3]) == 8": {
      "result": true,
      "time": 0.03726792335510254,
      "error": null
    },
    "assert big_sum([-3, 2, 8, 4]) == 5": {
      "result": true,
      "time": 0.03623604774475098,
      "error": null
    },
    "assert big_sum([4, 6, 8, 3]) == 11": {
      "result": true,
      "time": 0.04238629341125488,
      "error": null
    },
    "assert big_sum([2, 2, 4, 7]) == 9": {
      "result": true,
      "time": 0.03629899024963379,
      "error": null
    },
    "assert big_sum([2, 5, 3, 4]) == 7": {
      "result": true,
      "time": 0.037593841552734375,