{
  "code": "def count_Digit(n):\n    return len(str(n))\n",
  "results": {
    "assert count_Digit(12345) == 5": {
      "result": true,
      "time": 0.038927555084228516,
      "error": null
    },
    "assert count_Digit(11223305) == 8": {
      "result": true,
      "time": 0.03771519660949707,
      "error": null
    },
    "assert count_Digit(4123459) == 7": {
      "result": true,
      "time": 0.03709101676940918,
      "error": null
    },
    "assert count_Digit(11914) == 5": {
      "result": true,
      "time": 0.03472256660461426,
      "error": null
    },
    "assert count_Digit(11491) == 5": {
      "result": true,
      "time": 0.03533816337585449,
      "error": null
    },
    "assert count_Digit(12959) == 5": {
      "result": true,
      "time": 0.036391258239746094,
      "error": null
    },
    "assert count_Digit(12811) == 5": {
      "result": true,
      "time": 0.03308916091918945,
      "error": null
    },
    "assert count_Digit(12912) == 5": {
      "result": true,
      "time": 0.03287005424499512,
      "error": null
    },
    "assert count_Digit(11356) == 5": {
      "result": true,
      "time": 0.034864187240600586,
      "error": null
    },
    "assert count_Digit(12939) == 5": {
      "result": true,
      "time": 0.03464937210083008,
      "error": null
    },
    "assert count_Digit(12851) == 5": {
      "result": true,
      "time": 0.04076814651489258,
      "error": null
    },
    "assert count_Digit(13058) == 5": {
      "result": true,
      "time": 0.03469705581665039,
      "error": null
    },
    "assert count_Digit(13134) == 5": {
      "result": true,
      "time": 0.043673038482666016,
      "error": null
    },
    "assert count_Digit(12628) == 5": {
      "result": true,
      "time": 0.03346085548400879,
      "error": null
    },
    "assert count_Digit(11879) == 5": {
      "result": true,
      "time": 0.043730974197387695,
      "error": null
    },
    "assert count_Digit(11761) == 5": {
      "result": true,
      "time": 0.03856539726257324,
      "error": null
    },
    "assert count_Digit(12156) == 5": {
      "result": true,
      "time": 0.0355222225189209,
      "error": null
    },
    "assert count_Digit(12133) == 5": {
      "result": true,
      "time": 0.039774179458618164,
      "error": null
    },
    "assert count_Digit(12961) == 5": {
      "result": true,
      "time": 0.03767704963684082,
      "error": null
    },
    "assert count_Digit(13153) == 5": {
      "result": true,
      "time": 0.03895854949951172,
      "error": null
    },
    "assert count_Digit(12001) == 5": {
      "result": true,
      "time": 0.03683304786682129,
      "error": null
    },
    "assert count_Digit(11799) == 5": {
      "result": true,
      "time": 0.03429818153381348,
      "error": null
    },
    "assert count_Digit(11514) == 5": {
      "result": true,
      "time": 0.03363347053527832,
      "error": null
    },
    "assert count_Digit(13270) == 5": {
      "result": true,
      "time": 0.03851771354675293,
      "error": null
    },
    "assert count_Digit(12942) == 5": {
      "result": true,
      "time": 0.03469204902648926,
      "error": null
    },
    "assert count_Digit(13116) == 5": {
      "result": true,
      "time": 0.03547501564025879,
      "error": null
    },
    "assert count_Digit(12354) == 5": {
      "result": true,
      "time": 0.035958051681518555,
      "error": null
    },
    "assert count_Digit(11391) == 5": {
      "result": true,
      "time": 0.03906512260437012,
      "error": null
    },
    "assert count_Digit(11935) == 5": {
      "result": true,
      "time": 0.03524923324584961,
      "error": null
    },
    "assert count_Digit(11676) == 5": {
      "result": true,
      "time": 0.03974413871765137,
      "error": null
    },
    "assert count_Digit(11445) == 5": {
      "result": true,
      "time": 0.037627220153808594,
      "error": null
    },
    "assert count_Digit(11625) == 5": {
      "result": true,
      "time": 0.0383453369140625,
      "error": null
    },
    "assert count_Digit(12471) == 5": {
      "result": true,
      "time": 0.04279017448425293,
      "error": null
    },
    "assert count_Digit(11624) == 5": {
      "result": true,
      "time": 0.04787802696228027,
      "error": null
    },
    "assert count_Digit(12702) == 5": {
      "result": true,
      "time": 0.04739975929260254,
      "error": null
    },
    "assert count_Digit(11223265) == 8": {
      "result": true,
      "time": 0.036301612854003906,
      "error": null
    },
    "assert count_Digit(11222640) == 8": {
      "result": true,
      "time": 0.050098419189453125,
      "error": null
    },
    "assert count_Digit(11223599) == 8": {
      "result": true,
      "time": 0.04090547561645508,
      "error": null
    },
    "assert count_Digit(11222663) == 8": {
      "result": true,
      "time": 0.033284664154052734,
      "error": null
    },
    "assert count_Digit(11223275) == 8": {
      "result": true,
      "time": 0.04075765609741211,
      "error": null
    },
    "assert count_Digit(11223147) == 8": {
      "result": true,
      "time": 0.04831981658935547,
      "error": null
    },
    "assert count_Digit(11224234) == 8": {
      "result": true,
      "time": 0.04151630401611328,
      "error": null
    },
    "assert count_Digit(11223898) == 8": {
      "result": true,
      "time": 0.046712636947631836,
      "error": null
    },
    "assert count_Digit(11222722) == 8": {
      "result": true,
      "time": 0.04269289970397949,
      "error": null
    },
    "assert count_Digit(11222391) == 8": {
      "result": true,
      "time": 0.041281700134277344,
      "error": null
    },
    "assert count_Digit(11223056) == 8": {
      "result": true,
      "time": 0.04000449180603027,
      "error": null
    },
    "assert count_Digit(11222665) == 8": {
      "result": true,
      "time": 0.044663429260253906,
      "error": null
    },
    "assert count_Digit(11223116) == 8": {
      "result": true,
      "time": 0.03992962837219238,
      "error": null
    },
    "assert count_Digit(11224271) == 8": {
      "result": true,
      "time": 0.03855419158935547,
      "error": null
    },
    "assert count_Digit(11222483) == 8": {
      "result": true,
      "time": 0.042807817459106445,
      "error": null
    },
    "assert count_Digit(11223330) == 8": {
      "result": true,
      "time": 0.04253435134887695,
      "error": null
    },
    "assert count_Digit(11223713) == 8": {
      "result": true,
      "time": 0.05363798141479492,
      "error": null
    },
    "assert count_Digit(11223822) == 8": {
      "result": true,
      "time": 0.04254579544067383,
      "error": null
    },
    "assert count_Digit(11222461) == 8": {
      "result": true,
      "time": 0.04447174072265625,
      "error": null
    },
    "assert count_Digit(11222500) == 8": {
      "result": true,
      "time": 0.05042314529418945,
      "error": null
    },
    "assert count_Digit(11223168) == 8": {
      "result": true,
      "time": 0.043921470642089844,
      "error": null
    },
    "assert count_Digit(11223170) == 8": {
      "result": true,
      "time": 0.05151939392089844,
      "error": null
    },
    "assert count_Digit(11223830) == 8": {
      "result": true,
      "time": 0.04865002632141113,
      "error": null
    },
    "assert count_Digit(11223676) == 8": {
      "result": true,
      "time": 0.04086446762084961,
      "error": null
    },
    "assert count_Digit(11224183) == 8": {
      "result": true,
      "time": 0.04337930679321289,
      "error": null
    },
    "assert count_Digit(11222774) == 8": {
      "result": true,
      "time": 0.05186295509338379,
      "error": null
    },
    "assert count_Digit(11224140) == 8": {
      "result": true,
      "time": 0.03366899490356445,
      "error": null
    },
    "assert count_Digit(11222737) == 8": {
      "result": true,
      "time": 0.03697562217712402,
      "error": null
    },