{
  "code": "def parabola_vertex(a, b, c):\n    x = -b/(2*a)\n    y = a*x**2 + b*x + c\n    return (x, y)",
  "results": {
    "assert parabola_vertex(5,3,2)==(-0.3, 1.55)": {
      "result": true,
      "time": 0.03318285942077637,
      "error": null
    },
    "assert parabola_vertex(9,8,4)==(-0.4444444444444444, 2.2222222222222223)": {
      "result": true,
      "time": 0.029679059982299805,
      "error": null
    },
    "assert parabola_vertex(2,4,6)==(-1.0, 4.0)": {
      "result": true,
      "time": 0.040879011154174805,
      "error": null
    },
    "assert parabola_vertex(4, 4, 4) == (-0.5, 3.0)": {
      "result": true,
      "time": 0.03498959541320801,
      "error": null
    },
    "assert parabola_vertex(9, 4, 5) == (-0.2222222222222222, 4.555555555555555)": {
      "result": true,
      "time": 0.03474855422973633,
      "error": null
    },
    "assert parabola_vertex(9, 5, 2) == (-0.2777777777777778, 1.3055555555555556)": {
      "result": false,
      "time": 0.03797173500061035,
      "error": null
    },
    "assert parabola_vertex(8, 1, 1) == (-0.0625, 0.96875)": {
      "result": true,
      "time": 0.033954620361328125,
      "error": null
    },
    "assert parabola_vertex(6, 6, 7) == (-0.5, 5.5)": {
      "result": true,
      "time": 0.03836631774902344,
      "error": null
    },
    "assert parabola_vertex(8, 5, 7) == (-0.3125, 6.21875)": {
      "result": true,
      "time": 0.03543734550476074,
      "error": null
    },
    "assert parabola_vertex(7, 3, 3) == (-0.21428571428571427, 2.6785714285714284)": {
      "result": false,
      "time": 0.03453493118286133,
      "error": null
    },
    "assert parabola_vertex(8, 6, 7) == (-0.375, 5.875)": {
      "result": true,
      "time": 0.03760719299316406,
      "error": null
    },
    "assert parabola_vertex(9, 2, 1) == (-0.1111111111111111, 0.8888888888888888)": {
      "result": true,
      "time": 0.03407025337219238,
      "error": null
    },
    "assert parabola_vertex(9, 2, 3) == (-0.1111111111111111, 2.888888888888889)": {
      "result": true,
      "time": 0.03493046760559082,
      "error": null
    },
    "assert parabola_vertex(6, 3, 1) == (-0.25, 0.625)": {
      "result": true,
      "time": 0.03954124450683594,
      "error": null
    },
    "assert parabola_vertex(5, 6, 3) == (-0.6, 1.2)": {
      "result": false,
      "time": 0.03387165069580078,
      "error": null
    },
    "assert parabola_vertex(1, 3, 4) == (-1.5, 1.75)": {
      "result": true,
      "time": 0.033933162689208984,
      "error": null
    },
    "assert parabola_vertex(1, 2, 5) == (-1.0, 4.0)": {
      "result": true,
      "time": 0.03565263748168945,
      "error": null
    },
    "assert parabola_vertex(7, 2, 2) == (-0.14285714285714285, 1.8571428571428572)": {
      "result": true,
      "time": 0.03711223602294922,
      "error": null
    },
    "assert parabola_vertex(2, 8, 1) == (-2.0, -7.0)": {
      "result": true,
      "time": 0.03658699989318848,
      "error": null
    },
    "assert parabola_vertex(6, 4, 7) == (-0.3333333333333333, 6.333333333333333)": {
      "result": true,
      "time": 0.04497218132019043,
      "error": null
    },
    "assert parabola_vertex(2, 2, 7) == (-0.5, 6.5)": {
      "result": true,
      "time": 0.038636207580566406,
      "error": null
    },
    "assert parabola_vertex(1, 6, 4) == (-3.0, -5.0)": {
      "result": true,
      "time": 0.040132999420166016,
      "error": null
    },
    "assert parabola_vertex(10, 7, 3) == (-0.35, 1.775)": {
      "result": false,
      "time": 0.03306913375854492,
      "error": null
    },
    "assert parabola_vertex(8, 4, 6) == (-0.25, 5.5)": {
      "result": true,
      "time": 0.03240060806274414,
      "error": null
    },
    "assert parabola_vertex(9, 6, 3) == (-0.3333333333333333, 2.0)": {
      "result": true,
      "time": 0.03200221061706543,
      "error": null
    },
    "assert parabola_vertex(9, 7, 5) == (-0.3888888888888889, 3.638888888888889)": {
      "result": true,
      "time": 0.03847336769104004,
      "error": null
    },
    "assert parabola_vertex(9, 3, 5) == (-0.16666666666666666, 4.75)": {
      "result": true,
      "time": 0.0355525016784668,
      "error": null
    },
    "assert parabola_vertex(9, 8, 6) == (-0.4444444444444444, 4.222222222222222)": {
      "result": true,
      "time": 0.03899383544921875,
      "error": null
    },
    "assert parabola_vertex(5, 8, 6) == (-0.8, 2.8)": {
      "result": false,
      "time": 0.036591291427612305,
      "error": null
    },
    "assert parabola_vertex(5, 2, 1) == (-0.2, 0.8)": {
      "result": true,
      "time": 0.04068589210510254,
      "error": null
    },
    "assert parabola_vertex(2, 1, 6) == (-0.25, 5.875)": {
      "result": true,
      "time": 0.0381314754486084,
      "error": null
    },
    "assert parabola_vertex(7, 4, 7) == (-0.2857142857142857, 6.428571428571429)": {
      "result": true,
      "time": 0.03607630729675293,
      "error": null
    },
    "assert parabola_vertex(4, 8, 4) == (-1.0, 0.0)": {
      "result": true,
      "time": 0.035597801208496094,
      "error": null
    },
    "assert parabola_vertex(6, 3, 6) == (-0.25, 5.625)": {
      "result": true,
      "time": 0.0431363582611084,
      "error": null
    },
    "assert parabola_vertex(2, 4, 4) == (-1.0, 2.0)": {
      "result": true,
      "time": 0.0389409065246582,
      "error": null
    },
    "assert parabola_vertex(5, 6, 4) == (-0.6, 2.2)": {
      "result": true,
      "time": 0.03009939193725586,
      "error": null
    },
    "assert parabola_vertex(12, 11, 1) == (-0.4583333333333333, -1.5208333333333333)": {
      "result": false,
      "time": 0.036479949951171875,
      "error": null
    },
    "assert parabola_vertex(11, 7, 4) == (-0.3181818181818182, 2.8863636363636362)": {
      "result": false,
      "time": 0.03617978096008301,
      "error": null
    },
    "assert parabola_vertex(14, 5, 4) == (-0.17857142857142858, 3.5535714285714284)": {
      "result": true,
      "time": 0.043947458267211914,
      "error": null
    },
    "assert parabola_vertex(10, 10, 2) == (-0.5, -0.5)": {
      "result": true,
      "time": 0.040587425231933594,
      "error": null
    },
    "assert parabola_vertex(14, 4, 4) == (-0.14285714285714285, 3.7142857142857144)": {
      "result": true,
      "time": 0.0418398380279541,
      "error": null
    },
    "assert parabola_vertex(13, 12, 8) == (-0.46153846153846156, 5.230769230769231)": {
      "result": false,
      "time": 0.0323789119720459,
      "error": null
    },
    "assert parabola_vertex(11, 9, 7) == (-0.4090909090909091, 5.159090909090909)": {
      "result": true,
      "time": 0.034316301345825195,
      "error": null
    },
    "assert parabola_vertex(14, 4, 6) == (-0.14285714285714285, 5.714285714285714)": {
      "result": true,
      "time": 0.03600025177001953,
      "error": null
    },
    "assert parabola_vertex(4, 10, 9) == (-1.25, 2.75)": {
      "result": true,
      "time": 0.03560757637023926,
      "error": null
    },
    "assert parabola_vertex(8, 11, 7) == (-0.6875, 3.21875)": {
      "result": true,
      "time": 0.03819155693054199,
      "error": null
    },
    "assert parabola_vertex(5, 5, 4) == (-0.5, 2.75)": {
      "result": true,
      "time": 0.03844141960144043,
      "error": null
    },
    "assert parabola_vertex(13, 6, 8) == (-0.23076923076923078, 7.3076923076923075)": {
      "result": true,
      "time": 0.03362298011779785,
      "error": null
    },
    "assert parabola_vertex(12, 11, 8) == (-0.4583333333333333, 5.479166666666667)": {
      "result": true,
      "time": 0.03670477867126465,
      "error": null
    },
    "assert parabola_vertex(10, 7, 6) == (-0.35, 4.775)": {
      "result": true,
      "time": 0.03612852096557617,
      "error": null
    },
    "assert parabola_vertex(10, 11, 4) == (-0.55, 0.975)": {
      "result": false,
      "time": 0.0329892635345459,
      "error": null
    },