{
  "code": "def find_exponentio(test_tup1, test_tup2):\n    res = tuple(pow(a, b) for a, b in zip(test_tup1, test_tup2))\n    return res\n",
  "results": {
    "assert find_exponentio((10, 4, 5, 6), (5, 6, 7, 5)) == (100000, 4096, 78125, 7776)": {
      "result": true,
      "time": 0.04779624938964844,
      "error": null
    },
    "assert find_exponentio((11, 5, 6, 7), (6, 7, 8, 6)) == (1771561, 78125, 1679616, 117649)": {
      "result": true,
      "time": 0.044080257415771484,
      "error": null
    },
    "assert find_exponentio((12, 6, 7, 8), (7, 8, 9, 7)) == (35831808, 1679616, 40353607, 2097152)": {
      "result": true,
      "time": 0.04515480995178223,
      "error": null
    },
    "assert find_exponentio((7, 1, 6, 10), (4, 2, 8, 4)) == (2401, 1, 1679616, 10000)": {
      "result": true,
      "time": 0.042222023010253906,
      "error": null
    },
    "assert find_exponentio((6, 6, 4, 9), (8, 3, 7, 2)) == (1679616, 216, 16384, 81)": {
      "result": true,
      "time": 0.04308032989501953,
      "error": null
    },
    "assert find_exponentio((12, 3, 9, 10), (3, 4, 8, 4)) == (1728, 81, 43046721, 10000)": {
      "result": true,
      "time": 0.036806583404541016,
      "error": null
    },
    "assert find_exponentio((11, 5, 4, 8), (3, 7, 3, 9)) == (1331, 78125, 64, 134217728)": {
      "result": true,
      "time": 0.042490243911743164,
      "error": null
    },
    "assert find_exponentio((5, 6, 2, 11), (3, 8, 3, 7)) == (125, 1679616, 8, 19487171)": {
      "result": true,
      "time": 0.04206275939941406,
      "error": null
    },
    "assert find_exponentio((14, 1, 3, 3), (7, 4, 12, 4)) == (105413504, 1, 531441, 81)": {
      "result": true,
      "time": 0.04714560508728027,
      "error": null
    },
    "assert find_exponentio((5, 4, 8, 3), (2, 10, 9, 2)) == (25, 1048576, 134217728, 9)": {
      "result": true,
      "time": 0.046927690505981445,
      "error": null
    },
    "assert find_exponentio((8, 7, 3, 1), (7, 6, 12, 4)) == (2097152, 117649, 531441, 1)": {
      "result": true,
      "time": 0.04058837890625,
      "error": null
    },
    "assert find_exponentio((14, 3, 4, 8), (8, 5, 8, 4)) == (1475789056, 243, 65536, 4096)": {
      "result": true,
      "time": 0.04115557670593262,
      "error": null
    },
    "assert find_exponentio((8, 2, 8, 4), (5, 10, 11, 6)) == (32768, 1024, 8589934592, 4096)": {
      "result": true,
      "time": 0.04104757308959961,
      "error": null
    },
    "assert find_exponentio((11, 4, 8, 3), (8, 6, 12, 2)) == (214358881, 4096, 68719476736, 9)": {
      "result": true,
      "time": 0.045722007751464844,
      "error": null
    },
    "assert find_exponentio((7, 4, 1, 9), (5, 1, 10, 4)) == (16807, 4, 1, 6561)": {
      "result": true,
      "time": 0.042081356048583984,
      "error": null
    },
    "assert find_exponentio((15, 8, 10, 1), (2, 10, 4, 6)) == (225, 1073741824, 10000, 1)": {
      "result": true,
      "time": 0.0378108024597168,
      "error": null
    },
    "assert find_exponentio((14, 2, 3, 7), (8, 9, 9, 6)) == (1475789056, 512, 19683, 117649)": {
      "result": true,
      "time": 0.04306817054748535,
      "error": null
    },
    "assert find_exponentio((10, 7, 8, 2), (5, 3, 4, 3)) == (100000, 343, 4096, 8)": {
      "result": true,
      "time": 0.04402661323547363,
      "error": null
    },
    "assert find_exponentio((6, 6, 9, 1), (4, 3, 3, 2)) == (1296, 216, 729, 1)": {
      "result": true,
      "time": 0.04541468620300293,
      "error": null
    },
    "assert find_exponentio((12, 7, 9, 11), (3, 5, 9, 9)) == (1728, 16807, 387420489, 2357947691)": {
      "result": true,
      "time": 0.04604315757751465,
      "error": null
    },
    "assert find_exponentio((5, 6, 8, 5), (5, 8, 3, 9)) == (3125, 1679616, 512, 1953125)": {
      "result": true,
      "time": 0.050134897232055664,
      "error": null
    },
    "assert find_exponentio((5, 2, 9, 3), (7, 7, 12, 10)) == (78125, 128, 282429536481, 59049)": {
      "result": true,
      "time": 0.03710055351257324,
      "error": null
    },
    "assert find_exponentio((9, 2, 6, 2), (5, 2, 12, 2)) == (59049, 4, 2176782336, 4)": {
      "result": true,
      "time": 0.03627467155456543,
      "error": null
    },
    "assert find_exponentio((5, 7, 10, 9), (10, 2, 7, 8)) == (9765625, 49, 10000000, 43046721)": {
      "result": true,
      "time": 0.03703045845031738,
      "error": null
    },
    "assert find_exponentio((5, 4, 3, 9), (6, 10, 8, 8)) == (15625, 1048576, 6561, 43046721)": {
      "result": true,
      "time": 0.03578352928161621,
      "error": null
    },
    "assert find_exponentio((14, 8, 3, 1), (3, 1, 5, 10)) == (2744, 8, 243, 1)": {
      "result": true,
      "time": 0.042695045471191406,
      "error": null
    },
    "assert find_exponentio((11, 8, 8, 6), (1, 9, 5, 8)) == (11, 134217728, 32768, 1679616)": {
      "result": true,
      "time": 0.042183876037597656,
      "error": null
    },
    "assert find_exponentio((9, 4, 5, 3), (8, 2, 10, 10)) == (43046721, 16, 9765625, 59049)": {
      "result": true,
      "time": 0.042388916015625,
      "error": null
    },
    "assert find_exponentio((11, 9, 4, 9), (3, 4, 3, 1)) == (1331, 6561, 64, 9)": {
      "result": true,
      "time": 0.041777849197387695,
      "error": null
    },
    "assert find_exponentio((7, 7, 2, 7), (5, 2, 3, 2)) == (16807, 49, 8, 49)": {
      "result": true,
      "time": 0.0373988151550293,
      "error": null
    },
    "assert find_exponentio((15, 8, 9, 4), (2, 1, 11, 2)) == (225, 8, 31381059609, 16)": {
      "result": true,
      "time": 0.03990817070007324,
      "error": null
    },
    "assert find_exponentio((5, 8, 8, 4), (6, 1, 8, 8)) == (15625, 8, 16777216, 65536)": {
      "result": true,
      "time": 0.05005836486816406,
      "error": null
    },
    "assert find_exponentio((11, 5, 3, 11), (5, 3, 2, 7)) == (161051, 125, 9, 19487171)": {
      "result": true,
      "time": 0.038954734802246094,
      "error": null
    },
    "assert find_exponentio((7, 4, 9, 2), (10, 6, 9, 3)) == (282475249, 4096, 387420489, 8)": {
      "result": true,
      "time": 0.04059433937072754,
      "error": null
    },
    "assert find_exponentio((7, 9, 6, 6), (1, 1, 8, 3)) == (7, 9, 1679616, 216)": {
      "result": true,
      "time": 0.04745197296142578,
      "error": null
    },
    "assert find_exponentio((10, 9, 5, 7), (3, 1, 5, 8)) == (1000, 9, 3125, 5764801)": {
      "result": true,
      "time": 0.04419589042663574,
      "error": null
    },
    "assert find_exponentio((7, 9, 10, 8), (8, 11, 10, 4)) == (5764801, 31381059609, 10000000000, 4096)": {
      "result": true,
      "time": 0.04172348976135254,
      "error": null
    },
    "assert find_exponentio((8, 4, 2, 9), (2, 7, 7, 4)) == (64, 16384, 128, 6561)": {
      "result": true,
      "time": 0.03652596473693848,
      "error": null
    },
    "assert find_exponentio((13, 3, 9, 8), (11, 5, 9, 7)) == (1792160394037, 243, 387420489, 2097152)": {
      "result": true,
      "time": 0.04549551010131836,
      "error": null
    },
    "assert find_exponentio((8, 6, 5, 6), (8, 12, 4, 3)) == (16777216, 2176782336, 625, 216)": {
      "result": true,
      "time": 0.040291547775268555,
      "error": null
    },
    "assert find_exponentio((13, 7, 11, 7), (2, 12, 7, 11)) == (169, 13841287201, 19487171, 1977326743)": {
      "result": true,
      "time": 0.04773712158203125,
      "error": null
    },
    "assert find_exponentio((15, 1, 1, 11), (6, 10, 10, 9)) == (11390625, 1, 1, 2357947691)": {
      "result": true,
      "time": 0.05145764350891113,
      "error": null
    },
    "assert find_exponentio((7, 10, 9, 12), (10, 5, 12, 11)) == (282475249, 100000, 282429536481, 743008370688)": {
      "result": true,
      "time": 0.04214310646057129,
      "error": null
    },
    "assert find_exponentio((8, 4, 6, 10), (1, 4, 12, 11)) == (8, 256, 2176782336, 100000000000)": {
      "result": true,
      "time": 0.0423274040222168,