{
  "code": "def count_X(tup, X):\n    return tup.count(X)\n",
  "results": {
    "assert count_X((10, 8, 5, 2, 10, 15, 10, 8, 5, 8, 8, 2),4) == 0": {
      "result": true,
      "time": 0.03632378578186035,
      "error": null
    },
    "assert count_X((10, 8, 5, 2, 10, 15, 10, 8, 5, 8, 8, 2),10) == 3": {
      "result": true,
      "time": 0.04236650466918945,
      "error": null
    },
    "assert count_X((10, 8, 5, 2, 10, 15, 10, 8, 5, 8, 8, 2),8) == 4": {
      "result": true,
      "time": 0.03696584701538086,
      "error": null
    },
    "assert count_X((11, 4, 2, 7, 6, 15, 6, 9, 9, 13, 6, 1), 6) == 3": {
      "result": true,
      "time": 0.03626894950866699,
      "error": null
    },
    "assert count_X((11, 10, 10, 5, 15, 16, 12, 4, 5, 10, 6, 7), 6) == 1": {
      "result": true,
      "time": 0.04134631156921387,
      "error": null
    },
    "assert count_X((13, 8, 10, 5, 14, 17, 8, 8, 2, 13, 12, 1), 3) == 0": {
      "result": true,
      "time": 0.039444684982299805,
      "error": null
    },
    "assert count_X((15, 13, 10, 2, 9, 15, 13, 13, 1, 3, 8, 4), 1) == 1": {
      "result": true,
      "time": 0.03924989700317383,
      "error": null
    },
    "assert count_X((12, 3, 2, 3, 15, 11, 15, 13, 5, 3, 11, 1), 6) == 0": {
      "result": true,
      "time": 0.0370030403137207,
      "error": null
    },
    "assert count_X((5, 3, 5, 3, 7, 20, 10, 6, 8, 7, 9, 2), 1) == 0": {
      "result": true,
      "time": 0.040480852127075195,
      "error": null
    },
    "assert count_X((10, 3, 4, 6, 10, 14, 7, 9, 7, 3, 4, 1), 3) == 2": {
      "result": true,
      "time": 0.034902095794677734,
      "error": null
    },
    "assert count_X((6, 9, 5, 6, 15, 10, 15, 11, 1, 8, 10, 4), 3) == 0": {
      "result": true,
      "time": 0.03999018669128418,
      "error": null
    },
    "assert count_X((11, 13, 9, 5, 15, 20, 6, 11, 3, 4, 4, 1), 2) == 0": {
      "result": true,
      "time": 0.030049562454223633,
      "error": null
    },
    "assert count_X((8, 5, 6, 6, 13, 16, 14, 12, 5, 4, 10, 1), 5) == 2": {
      "result": true,
      "time": 0.04688763618469238,
      "error": null
    },
    "assert count_X((15, 10, 7, 5, 11, 19, 13, 12, 3, 5, 10, 2), 7) == 1": {
      "result": true,
      "time": 0.0393376350402832,
      "error": null
    },
    "assert count_X((15, 12, 9, 1, 9, 13, 10, 8, 4, 11, 11, 5), 9) == 2": {
      "result": true,
      "time": 0.03768515586853027,
      "error": null
    },
    "assert count_X((7, 13, 9, 4, 15, 19, 9, 11, 5, 6, 10, 1), 7) == 1": {
      "result": true,
      "time": 0.03173947334289551,
      "error": null
    },
    "assert count_X((15, 5, 10, 3, 9, 18, 13, 11, 7, 7, 3, 1), 6) == 0": {
      "result": true,
      "time": 0.03816723823547363,
      "error": null
    },
    "assert count_X((14, 7, 7, 3, 14, 16, 12, 13, 10, 11, 11, 2), 5) == 0": {
      "result": true,
      "time": 0.03306150436401367,
      "error": null
    },
    "assert count_X((8, 10, 4, 4, 7, 17, 7, 8, 9, 6, 7, 6), 8) == 2": {
      "result": true,
      "time": 0.030941486358642578,
      "error": null
    },
    "assert count_X((6, 5, 2, 7, 9, 13, 14, 10, 9, 6, 7, 5), 1) == 0": {
      "result": true,
      "time": 0.03777170181274414,
      "error": null
    },
    "assert count_X((11, 13, 2, 7, 8, 11, 9, 12, 9, 12, 6, 2), 2) == 2": {
      "result": true,
      "time": 0.03644204139709473,
      "error": null
    },
    "assert count_X((6, 6, 6, 3, 13, 10, 11, 11, 6, 3, 12, 5), 1) == 0": {
      "result": true,
      "time": 0.03873634338378906,
      "error": null
    },
    "assert count_X((14, 3, 4, 6, 13, 18, 7, 11, 8, 12, 9, 1), 9) == 1": {
      "result": true,
      "time": 0.040291547775268555,
      "error": null
    },
    "assert count_X((12, 6, 9, 7, 15, 19, 5, 6, 5, 8, 8, 3), 5) == 2": {
      "result": true,
      "time": 0.039164066314697266,
      "error": null
    },
    "assert count_X((7, 7, 2, 6, 8, 11, 15, 7, 6, 4, 3, 3), 7) == 3": {
      "result": true,
      "time": 0.045725345611572266,
      "error": null
    },
    "assert count_X((7, 10, 2, 2, 10, 16, 11, 5, 6, 3, 9, 1), 8) == 0": {
      "result": true,
      "time": 0.03550076484680176,
      "error": null
    },
    "assert count_X((12, 6, 9, 2, 13, 14, 7, 13, 8, 6, 12, 2), 1) == 0": {
      "result": true,
      "time": 0.03687787055969238,
      "error": null
    },
    "assert count_X((7, 11, 10, 7, 15, 19, 10, 6, 2, 8, 9, 4), 3) == 0": {
      "result": true,
      "time": 0.03477787971496582,
      "error": null
    },
    "assert count_X((12, 4, 5, 6, 9, 15, 5, 3, 3, 5, 5, 4), 1) == 0": {
      "result": true,
      "time": 0.037014007568359375,
      "error": null
    },
    "assert count_X((5, 11, 2, 3, 11, 18, 14, 12, 5, 11, 13, 6), 2) == 1": {
      "result": true,
      "time": 0.041338443756103516,
      "error": null
    },
    "assert count_X((11, 13, 2, 1, 13, 19, 12, 8, 3, 10, 4, 3), 6) == 0": {
      "result": true,
      "time": 0.045372724533081055,
      "error": null
    },
    "assert count_X((8, 6, 10, 6, 6, 20, 5, 6, 9, 11, 4, 6), 5) == 1": {
      "result": true,
      "time": 0.03540778160095215,
      "error": null
    },
    "assert count_X((10, 4, 9, 3, 9, 15, 15, 6, 10, 11, 5, 5), 3) == 1": {
      "result": true,
      "time": 0.03619194030761719,
      "error": null
    },
    "assert count_X((7, 11, 2, 5, 11, 20, 8, 4, 4, 13, 7, 4), 3) == 0": {
      "result": true,
      "time": 0.03478217124938965,
      "error": null
    },
    "assert count_X((14, 8, 6, 2, 15, 11, 11, 6, 5, 9, 5, 1), 9) == 1": {
      "result": true,
      "time": 0.037088871002197266,
      "error": null
    },
    "assert count_X((11, 8, 3, 3, 12, 12, 5, 5, 6, 7, 12, 4), 5) == 2": {
      "result": true,
      "time": 0.037404537200927734,
      "error": null
    },
    "assert count_X((15, 9, 10, 1, 9, 14, 12, 4, 7, 11, 3, 5), 8) == 0": {
      "result": true,
      "time": 0.03566241264343262,
      "error": null
    },
    "assert count_X((5, 8, 2, 7, 7, 12, 8, 13, 7, 3, 6, 3), 12) == 1": {
      "result": true,
      "time": 0.03404664993286133,
      "error": null
    },
    "assert count_X((13, 9, 1, 3, 15, 12, 14, 12, 7, 13, 13, 1), 10) == 0": {
      "result": true,
      "time": 0.041235923767089844,
      "error": null
    },
    "assert count_X((6, 9, 6, 5, 13, 13, 9, 6, 9, 3, 9, 3), 8) == 0": {
      "result": true,
      "time": 0.03969216346740723,
      "error": null
    },
    "assert count_X((10, 11, 6, 3, 12, 16, 9, 13, 7, 11, 6, 7), 12) == 1": {
      "result": true,
      "time": 0.038536787033081055,
      "error": null
    },
    "assert count_X((12, 5, 1, 4, 13, 10, 5, 12, 1, 3, 12, 4), 11) == 0": {
      "result": true,
      "time": 0.03219962120056152,
      "error": null
    },
    "assert count_X((12, 7, 1, 4, 10, 10, 13, 4, 4, 12, 5, 7), 12) == 2": {
      "result": true,
      "time": 0.03991198539733887,
      "error": null
    },
    "assert count_X((10, 13, 7, 2, 11, 19, 5, 6, 3, 7, 11, 5), 6) == 1": {
      "result": true,
      "time": 0.03253030776977539,
      "error": null
    },
    "assert count_X((5, 8, 10, 6, 8, 13, 9, 13, 9, 6, 6, 6), 13) == 2": {
      "result": true,
      "time": 0.038544416427612305,
      "error": null
    },
    "assert count_X((12, 7, 8, 4, 13, 18, 15, 13, 9, 4, 7, 1), 12) == 1": {
      "result": true,
      "time": 0.04227304458618164,
      "error": null
    },
    "assert count_X((14, 9, 3, 6, 7, 19, 12, 11, 9, 7, 12, 7), 9) == 2": {
      "result": true,
      "time": 0.03888511657714844,
      "error": null
    },
    "assert count_X((6, 13, 4, 6, 5, 18, 11, 7, 1, 3, 13, 2), 7) == 1": {
      "result": true,
      "time": 0.033850669860839844,
      "error": null
    },
    "assert count_X((8, 9, 2, 3, 5, 20, 7, 7, 1, 8, 5, 4), 12) == 0": {
      "result": true,
      "time": 0.046765804290771484,
      "error": null
    },
    "assert count_X((7, 13, 4, 2, 15, 16, 12, 4, 5, 3, 13, 1), 8) == 0": {
      "result": true,
      "time": 0.04581165313720703,