{
  "code": "def find_demlo(num):\n    # Create a list of digits from 1 to 9\n    digits = [str(i) for i in range(1, 10)]\n\n    # Create a list of all possible permutations of the digits\n    all_perms = [''.join(p) for p in permutations(digits, len(digits))]\n\n    # Find the permutation that is less than the given number\n    for perm in all_perms:\n        if int(perm) < int(num):\n            # If the permutation is less than the given number, return it\n            return perm\n\n    # If no such permutation is found, return the largest possible number\n    return max(all_perms)",
  "results": {
    "assert find_demlo(\"111111\") == '12345654321'": {
      "result": false,
      "time": 0.03901338577270508,
      "error": null
    },
    "assert find_demlo(\"1111\") == '1234321'": {
      "result": false,
      "time": 0.036998748779296875,
      "error": null
    },
    "assert find_demlo(\"13333122222\") == '123456789101110987654321'": {
      "result": false,
      "time": 0.04041886329650879,
      "error": null
    },
    "assert find_demlo(\"314\") == 12321": {
      "result": false,
      "time": 0.040070533752441406,
      "error": null
    },
    "assert find_demlo(\"34715\") == 123454321": {
      "result": false,
      "time": 0.04302620887756348,
      "error": null
    },
    "assert find_demlo(\"6261\") == 1234321": {
      "result": false,
      "time": 0.0338895320892334,
      "error": null
    },
    "assert find_demlo(\"7933147249\") == 12345678910987654321": {
      "result": false,
      "time": 0.0374147891998291,
      "error": null
    },
    "assert find_demlo(\"921\") == 12321": {
      "result": false,
      "time": 0.03889656066894531,
      "error": null
    },
    "assert find_demlo(\"36326\") == 123454321": {
      "result": false,
      "time": 0.03899884223937988,
      "error": null
    },
    "assert find_demlo(\"969411788973\") == 1234567891011121110987654321": {
      "result": false,
      "time": 0.040952444076538086,
      "error": null
    },
    "assert find_demlo(\"536445162384\") == 1234567891011121110987654321": {
      "result": false,
      "time": 0.03449273109436035,
      "error": null
    },
    "assert find_demlo(\"61152970046\") == 123456789101110987654321": {
      "result": false,
      "time": 0.03622937202453613,
      "error": null
    },
    "assert find_demlo(\"754223385903\") == 1234567891011121110987654321": {
      "result": false,
      "time": 0.03899741172790527,
      "error": null
    },
    "assert find_demlo(\"20459\") == 123454321": {
      "result": false,
      "time": 0.03665614128112793,
      "error": null
    },
    "assert find_demlo(\"2868802\") == 1234567654321": {
      "result": false,
      "time": 0.038967132568359375,
      "error": null
    },
    "assert find_demlo(\"09169358\") == 123456787654321": {
      "result": false,
      "time": 0.03898310661315918,
      "error": null
    },
    "assert find_demlo(\"812441796\") == 12345678987654321": {
      "result": false,
      "time": 0.03826761245727539,
      "error": null
    },
    "assert find_demlo(\"7554628813\") == 12345678910987654321": {
      "result": false,
      "time": 0.0386810302734375,
      "error": null
    },
    "assert find_demlo(\"292586\") == 12345654321": {
      "result": false,
      "time": 0.03821921348571777,
      "error": null
    },
    "assert find_demlo(\"238891398160\") == 1234567891011121110987654321": {
      "result": false,
      "time": 0.031010866165161133,
      "error": null
    },
    "assert find_demlo(\"45883892\") == 123456787654321": {
      "result": false,
      "time": 0.033624887466430664,
      "error": null
    },
    "assert find_demlo(\"76349476\") == 123456787654321": {
      "result": false,
      "time": 0.04012346267700195,
      "error": null
    },
    "assert find_demlo(\"91389917640\") == 123456789101110987654321": {
      "result": false,
      "time": 0.0415346622467041,
      "error": null
    },
    "assert find_demlo(\"5045050\") == 1234567654321": {
      "result": false,
      "time": 0.03291010856628418,
      "error": null
    },
    "assert find_demlo(\"2507271\") == 1234567654321": {
      "result": false,
      "time": 0.03584766387939453,
      "error": null
    },
    "assert find_demlo(\"670205896529\") == 1234567891011121110987654321": {
      "result": false,
      "time": 0.03349876403808594,
      "error": null
    },
    "assert find_demlo(\"04260339642\") == 123456789101110987654321": {
      "result": false,
      "time": 0.0354311466217041,
      "error": null
    },
    "assert find_demlo(\"46290999451\") == 123456789101110987654321": {
      "result": false,
      "time": 0.03168129920959473,
      "error": null
    },
    "assert find_demlo(\"489780455458\") == 1234567891011121110987654321": {
      "result": false,
      "time": 0.03887152671813965,
      "error": null
    },
    "assert find_demlo(\"14100816633\") == 123456789101110987654321": {
      "result": false,
      "time": 0.038303375244140625,
      "error": null
    },
    "assert find_demlo(\"41509\") == 123454321": {
      "result": false,
      "time": 0.03469967842102051,
      "error": null
    },
    "assert find_demlo(\"6031691\") == 1234567654321": {
      "result": false,
      "time": 0.03545641899108887,
      "error": null
    },
    "assert find_demlo(\"05312406\") == 123456787654321": {
      "result": false,
      "time": 0.04059576988220215,
      "error": null
    },
    "assert find_demlo(\"40659280\") == 123456787654321": {
      "result": false,
      "time": 0.033263206481933594,
      "error": null
    },
    "assert find_demlo(\"886599\") == 12345654321": {
      "result": false,
      "time": 0.03569340705871582,
      "error": null
    },
    "assert find_demlo(\"400569997\") == 12345678987654321": {
      "result": false,
      "time": 0.045504093170166016,
      "error": null
    },
    "assert find_demlo(\"6546\") == 1234321": {
      "result": false,
      "time": 0.0337371826171875,
      "error": null
    },
    "assert find_demlo(\"9669556\") == 1234567654321": {
      "result": false,
      "time": 0.03515505790710449,
      "error": null
    },
    "assert find_demlo(\"525\") == 12321": {
      "result": false,
      "time": 0.03624153137207031,
      "error": null
    },
    "assert find_demlo(\"534028\") == 12345654321": {
      "result": false,
      "time": 0.03580307960510254,
      "error": null
    },
    "assert find_demlo(\"54406\") == 123454321": {
      "result": false,
      "time": 0.03624248504638672,
      "error": null
    },
    "assert find_demlo(\"412175\") == 12345654321": {
      "result": false,
      "time": 0.03999781608581543,
      "error": null
    },
    "assert find_demlo(\"813292145\") == 12345678987654321": {
      "result": false,
      "time": 0.031236886978149414,
      "error": null
    },
    "assert find_demlo(\"23267\") == 123454321": {
      "result": false,
      "time": 0.03869938850402832,
      "error": null
    },
    "assert find_demlo(\"955980687\") == 12345678987654321": {
      "result": false,
      "time": 0.03410077095031738,
      "error": null
    },
    "assert find_demlo(\"377295575\") == 12345678987654321": {
      "result": false,
      "time": 0.03714871406555176,
      "error": null
    },
    "assert find_demlo(\"565023\") == 12345654321": {
      "result": false,
      "time": 0.03852033615112305,
      "error": null
    },
    "assert find_demlo(\"711307\") == 12345654321": {
      "result": false,
      "time": 0.03624153137207031,
      "error": null
    },
    "assert find_demlo(\"8465\") == 1234321": {
      "result": false,
      "time": 0.034482479095458984,
      "error": null
    },
    "assert find_demlo(\"300917517\") == 12345678987654321": {
      "result": false,
      "time": 0.046521902084350586,
      "error": null
    },
    "assert find_demlo(\"49165583\") == 123456787654321": {
      "result": false,
      "time": 0.0376133918762207,