{
  "code": "import math\n\ndef area_polygon(n, s):\n    area = (n * s**2) / (4 * math.tan(math.pi/n))\n    return area\n",
  "results": {
    "assert area_polygon(4,20)==400.00000000000006": {
      "result": true,
      "time": 0.09869790077209473,
      "error": null
    },
    "assert area_polygon(10,15)==1731.1969896610804": {
      "result": true,
      "time": 0.08710813522338867,
      "error": null
    },
    "assert area_polygon(9,7)==302.90938549487214": {
      "result": true,
      "time": 0.084930419921875,
      "error": null
    },
    "assert area_polygon(3, 23) == 229.0637193009841": {
      "result": true,
      "time": 0.08070826530456543,
      "error": null
    },
    "assert area_polygon(9, 24) == 3560.7307356131905": {
      "result": true,
      "time": 0.07066464424133301,
      "error": null
    },
    "assert area_polygon(9, 17) == 1786.5471920003683": {
      "result": true,
      "time": 0.07880949974060059,
      "error": null
    },
    "assert area_polygon(3, 21) == 190.95860153446878": {
      "result": true,
      "time": 0.08915495872497559,
      "error": null
    },
    "assert area_polygon(6, 21) == 1145.7516092068124": {
      "result": true,
      "time": 0.08606791496276855,
      "error": null
    },
    "assert area_polygon(5, 24) == 990.994982739245": {
      "result": true,
      "time": 0.08304381370544434,
      "error": null
    },
    "assert area_polygon(8, 24) == 2781.1740238538055": {
      "result": true,
      "time": 0.0871884822845459,
      "error": null
    },
    "assert area_polygon(2, 16) == 7.83773951454306e-15": {
      "result": true,
      "time": 0.08958196640014648,
      "error": null
    },
    "assert area_polygon(1, 23) == -1.0799032022300438e+18": {
      "result": true,
      "time": 0.08083319664001465,
      "error": null
    },
    "assert area_polygon(3, 16) == 110.85125168440818": {
      "result": true,
      "time": 0.07768940925598145,
      "error": null
    },
    "assert area_polygon(2, 18) == 9.919639073093561e-15": {
      "result": true,
      "time": 0.07771110534667969,
      "error": null
    },
    "assert area_polygon(4, 22) == 484.00000000000006": {
      "result": true,
      "time": 0.08468437194824219,
      "error": null
    },
    "assert area_polygon(1, 24) == -1.1758492334300667e+18": {
      "result": true,
      "time": 0.07443642616271973,
      "error": null
    },
    "assert area_polygon(9, 21) == 2726.184469453849": {
      "result": true,
      "time": 0.08239889144897461,
      "error": null
    },
    "assert area_polygon(5, 22) == 832.71106188506": {
      "result": true,
      "time": 0.07549071311950684,
      "error": null
    },
    "assert area_polygon(8, 22) == 2336.958728377156": {
      "result": true,
      "time": 0.07867097854614258,
      "error": null
    },
    "assert area_polygon(1, 16) == -5.2259965930225184e+17": {
      "result": true,
      "time": 0.07061171531677246,
      "error": null
    },
    "assert area_polygon(5, 25) == 1075.2983753681044": {
      "result": true,
      "time": 0.08885741233825684,
      "error": null
    },
    "assert area_polygon(3, 15) == 97.42785792574938": {
      "result": true,
      "time": 0.08774805068969727,
      "error": null
    },
    "assert area_polygon(4, 20) == 400.00000000000006": {
      "result": true,
      "time": 0.09361004829406738,
      "error": null
    },
    "assert area_polygon(6, 23) == 1374.3823158059042": {
      "result": true,
      "time": 0.08394765853881836,
      "error": null
    },
    "assert area_polygon(6, 24) == 1496.49189773951": {
      "result": true,
      "time": 0.08478856086730957,
      "error": null
    },
    "assert area_polygon(4, 15) == 225.00000000000003": {
      "result": true,
      "time": 0.08069658279418945,
      "error": null
    },
    "assert area_polygon(3, 18) == 140.2961154130791": {
      "result": true,
      "time": 0.07128071784973145,
      "error": null
    },
    "assert area_polygon(4, 16) == 256.00000000000006": {
      "result": true,
      "time": 0.07622361183166504,
      "error": null
    },
    "assert area_polygon(2, 25) == 1.9135106236677392e-14": {
      "result": true,
      "time": 0.07457375526428223,
      "error": null
    },
    "assert area_polygon(5, 20) == 688.1909602355868": {
      "result": true,
      "time": 0.07726144790649414,
      "error": null
    },
    "assert area_polygon(1, 19) == -7.36947175812941e+17": {
      "result": true,
      "time": 0.07864761352539062,
      "error": null
    },
    "assert area_polygon(5, 18) == 557.4346777908253": {
      "result": true,
      "time": 0.07389211654663086,
      "error": null
    },
    "assert area_polygon(14, 16) == 3925.6324957112015": {
      "result": true,
      "time": 0.09409618377685547,
      "error": null
    },
    "assert area_polygon(11, 13) == 1582.7931442737788": {
      "result": true,
      "time": 0.07607102394104004,
      "error": null
    },
    "assert area_polygon(14, 14) == 3005.5623795288884": {
      "result": true,
      "time": 0.07669711112976074,
      "error": null
    },
    "assert area_polygon(7, 17) == 1050.2006963164592": {
      "result": true,
      "time": 0.08579826354980469,
      "error": null
    },
    "assert area_polygon(11, 14) == 1835.6654217613057": {
      "result": true,
      "time": 0.08153724670410156,
      "error": null
    },
    "assert area_polygon(14, 12) == 2208.1682788375506": {
      "result": true,
      "time": 0.08211588859558105,
      "error": null
    },
    "assert area_polygon(7, 11) == 439.7034057241923": {
      "result": true,
      "time": 0.08005976676940918,
      "error": null
    },
    "assert area_polygon(7, 15) == 817.6302999003576": {
      "result": true,
      "time": 0.07338929176330566,
      "error": null
    },
    "assert area_polygon(8, 14) == 946.3717164502533": {
      "result": true,
      "time": 0.0805208683013916,
      "error": null
    },
    "assert area_polygon(11, 17) == 2706.6699331072314": {
      "result": true,
      "time": 0.06505560874938965,
      "error": null
    },
    "assert area_polygon(14, 11) == 1855.4747343009976": {
      "result": true,
      "time": 0.07975482940673828,
      "error": null
    },
    "assert area_polygon(12, 11) == 1354.7344431475026": {
      "result": true,
      "time": 0.06969547271728516,
      "error": null
    },
    "assert area_polygon(5, 19) == 621.092341612617": {
      "result": true,
      "time": 0.09018874168395996,
      "error": null
    },
    "assert area_polygon(10, 12) == 1107.9660733830913": {
      "result": true,
      "time": 0.07657861709594727,
      "error": null
    },
    "assert area_polygon(8, 12) == 695.2935059634514": {
      "result": true,
      "time": 0.07333040237426758,
      "error": null
    },
    "assert area_polygon(12, 13) == 1892.149759437421": {
      "result": true,
      "time": 0.08176040649414062,
      "error": null
    },
    "assert area_polygon(7, 16) == 930.2815856644069": {
      "result": true,
      "time": 0.08308887481689453,
      "error": null
    },
    "assert area_polygon(9, 14) == 1211.6375419794886": {
      "result": true,
      "time": 0.07982349395751953,
      "error": null
    },
    "assert area_polygon(15, 15) == 3969.5316548724463": {
      "result": true,
      "time": 0.08068466186523438,
      "error": null
    },
    "assert area_polygon(6, 16) == 665.1075101064489": {
      "result": true,
      "time": 0.07622456550598145,
      "error": null
    },
    "assert area_polygon(5, 11) == 208.177765471265": {
      "result": true,
      "time": 0.08303427696228027,
      "error": null
    },
    "assert area_polygon(5, 10) == 172.0477400588967": {
      "result": true,
      "time": 0.08459949493408203,
      "error": null
    },
    "assert area_polygon(10, 19) == 2777.6093923006665": {
      "result": true,
      "time": 0.08660006523132324,
      "error": null
    },