{
  "code": "def find_Volume(base1, base2, height):\n    volume = (base1 * base2 * height) / 2\n    return volume\n",
  "results": {
    "assert find_Volume(10,8,6) == 240": {
      "result": true,
      "time": 0.032865047454833984,
      "error": null
    },
    "assert find_Volume(3,2,2) == 6": {
      "result": true,
      "time": 0.03459739685058594,
      "error": null
    },
    "assert find_Volume(1,2,1) == 1": {
      "result": true,
      "time": 0.03334546089172363,
      "error": null
    },
    "assert find_Volume(8, 6, 3) == 72.0": {
      "result": true,
      "time": 0.0341181755065918,
      "error": null
    },
    "assert find_Volume(14, 3, 6) == 126.0": {
      "result": true,
      "time": 0.03220486640930176,
      "error": null
    },
    "assert find_Volume(15, 5, 1) == 37.5": {
      "result": true,
      "time": 0.030167579650878906,
      "error": null
    },
    "assert find_Volume(5, 6, 8) == 120.0": {
      "result": true,
      "time": 0.03500485420227051,
      "error": null
    },
    "assert find_Volume(14, 9, 8) == 504.0": {
      "result": true,
      "time": 0.037773847579956055,
      "error": null
    },
    "assert find_Volume(5, 10, 7) == 175.0": {
      "result": true,
      "time": 0.03481316566467285,
      "error": null
    },
    "assert find_Volume(7, 3, 4) == 42.0": {
      "result": true,
      "time": 0.03274202346801758,
      "error": null
    },
    "assert find_Volume(5, 7, 2) == 35.0": {
      "result": true,
      "time": 0.03921246528625488,
      "error": null
    },
    "assert find_Volume(12, 12, 10) == 720.0": {
      "result": true,
      "time": 0.029720067977905273,
      "error": null
    },
    "assert find_Volume(5, 6, 11) == 165.0": {
      "result": true,
      "time": 0.03307771682739258,
      "error": null
    },
    "assert find_Volume(10, 8, 10) == 400.0": {
      "result": true,
      "time": 0.034546613693237305,
      "error": null
    },
    "assert find_Volume(11, 4, 10) == 220.0": {
      "result": true,
      "time": 0.03220081329345703,
      "error": null
    },
    "assert find_Volume(7, 9, 6) == 189.0": {
      "result": true,
      "time": 0.032137155532836914,
      "error": null
    },
    "assert find_Volume(7, 5, 5) == 87.5": {
      "result": true,
      "time": 0.03335976600646973,
      "error": null
    },
    "assert find_Volume(10, 4, 7) == 140.0": {
      "result": true,
      "time": 0.036699533462524414,
      "error": null
    },
    "assert find_Volume(9, 12, 4) == 216.0": {
      "result": true,
      "time": 0.03448224067687988,
      "error": null
    },
    "assert find_Volume(6, 5, 2) == 30.0": {
      "result": true,
      "time": 0.033673763275146484,
      "error": null
    },
    "assert find_Volume(10, 11, 10) == 550.0": {
      "result": true,
      "time": 0.034224510192871094,
      "error": null
    },
    "assert find_Volume(14, 9, 3) == 189.0": {
      "result": true,
      "time": 0.027506351470947266,
      "error": null
    },
    "assert find_Volume(14, 13, 6) == 546.0": {
      "result": true,
      "time": 0.028807640075683594,
      "error": null
    },
    "assert find_Volume(7, 9, 10) == 315.0": {
      "result": true,
      "time": 0.03439211845397949,
      "error": null
    },
    "assert find_Volume(9, 13, 5) == 292.5": {
      "result": true,
      "time": 0.03050541877746582,
      "error": null
    },
    "assert find_Volume(11, 11, 5) == 302.5": {
      "result": true,
      "time": 0.029616355895996094,
      "error": null
    },
    "assert find_Volume(11, 9, 10) == 495.0": {
      "result": true,
      "time": 0.032506704330444336,
      "error": null
    },
    "assert find_Volume(11, 7, 2) == 77.0": {
      "result": true,
      "time": 0.030756235122680664,
      "error": null
    },
    "assert find_Volume(14, 3, 1) == 21.0": {
      "result": true,
      "time": 0.03745555877685547,
      "error": null
    },
    "assert find_Volume(8, 4, 6) == 96.0": {
      "result": true,
      "time": 0.03433108329772949,
      "error": null
    },
    "assert find_Volume(8, 4, 9) == 144.0": {
      "result": true,
      "time": 0.032408952713012695,
      "error": null
    },
    "assert find_Volume(9, 12, 7) == 378.0": {
      "result": true,
      "time": 0.03371381759643555,
      "error": null
    },
    "assert find_Volume(6, 5, 10) == 150.0": {
      "result": true,
      "time": 0.03378129005432129,
      "error": null
    },
    "assert find_Volume(6, 8, 6) == 144.0": {
      "result": true,
      "time": 0.03019118309020996,
      "error": null
    },
    "assert find_Volume(6, 3, 6) == 54.0": {
      "result": true,
      "time": 0.034124135971069336,
      "error": null
    },
    "assert find_Volume(7, 3, 2) == 21.0": {
      "result": true,
      "time": 0.029661178588867188,
      "error": null
    },
    "assert find_Volume(7, 4, 1) == 14.0": {
      "result": true,
      "time": 0.03168082237243652,
      "error": null
    },
    "assert find_Volume(2, 2, 4) == 8.0": {
      "result": true,
      "time": 0.03363156318664551,
      "error": null
    },
    "assert find_Volume(1, 3, 5) == 7.5": {
      "result": true,
      "time": 0.031583547592163086,
      "error": null
    },
    "assert find_Volume(1, 5, 3) == 7.5": {
      "result": true,
      "time": 0.028343915939331055,
      "error": null
    },
    "assert find_Volume(2, 4, 2) == 8.0": {
      "result": true,
      "time": 0.0365443229675293,
      "error": null
    },
    "assert find_Volume(3, 1, 6) == 9.0": {
      "result": true,
      "time": 0.03362679481506348,
      "error": null
    },
    "assert find_Volume(1, 6, 7) == 21.0": {
      "result": true,
      "time": 0.036080360412597656,
      "error": null
    },
    "assert find_Volume(6, 2, 6) == 36.0": {
      "result": true,
      "time": 0.031937599182128906,
      "error": null
    },
    "assert find_Volume(4, 3, 3) == 18.0": {
      "result": true,
      "time": 0.032904624938964844,
      "error": null
    },
    "assert find_Volume(2, 5, 5) == 25.0": {
      "result": true,
      "time": 0.0386812686920166,
      "error": null
    },
    "assert find_Volume(7, 6, 3) == 63.0": {
      "result": true,
      "time": 0.031913042068481445,
      "error": null
    },
    "assert find_Volume(3, 2, 3) == 9.0": {
      "result": true,
      "time": 0.04053997993469238,
      "error": null
    },
    "assert find_Volume(8, 6, 5) == 120.0": {
      "result": true,
      "time": 0.03840065002441406,
      "error": null
    },
    "assert find_Volume(1, 3, 1) == 1.5": {
      "result": true,
      "time": 0.03301191329956055,
      "error": null
    },
    "assert find_Volume(3, 2, 4) == 12.0": {
      "result": true,
      "time": 0.031494855880737305,
      "error": null
    },
    "assert find_Volume(6, 5, 5) == 75.0": {
      "result": true,
      "time": 0.03982281684875488,
      "error": null
    },
    "assert find_Volume(5, 6, 4) == 60.0": {
      "result": true,
      "time": 0.03680992126464844,
      "error": null
    },
    "assert find_Volume(3, 5, 3) == 22.5": {
      "result": true,
      "time": 0.03486299514770508,
      "error": null
    },
    "assert find_Volume(3, 6, 3) == 27.0": {
      "result": true,
      "time": 0.0340428352355957,
      "error": null
    },
    "assert find_Volume(7, 4, 4) == 56.0": {
      "result": true,
      "time": 0.040521860122680664,
      "error": null
    },
    "assert find_Volume(8, 2, 7) == 56.0": {
      "result": true,
      "time": 0.03356623649597168,
      "error": null
    },
    "assert find_Volume(2, 2, 5) == 10.0": {
      "result": true,
      "time": 0.03624606132507324,
      "error": null
    },
    "assert find_Volume(6, 1, 5) == 15.0": {
      "result": true,
      "time": 0.03423142433166504,
      "error": null
    },
    "assert find_Volume(4, 7, 3) == 42.0": {
      "result": true,
      "time": 0.03638410568237305,
      "error": null
    },
    "assert find_Volume(6, 3, 1) == 9.0": {
      "result": true,