{
  "code": "import math\n\ndef lateralsuface_cylinder(radius, height):\n    # lateral surface area of a cylinder = 2\u03c0rh + 2\u03c0r\u00b2\n    lateral_surface_area = 2 * math.pi * radius * height\n    return lateral_surface_area",
  "results": {
    "assert lateralsuface_cylinder(10,5)==314.15000000000003": {
      "result": false,
      "time": 0.08193039894104004,
      "error": null
    },
    "assert lateralsuface_cylinder(4,5)==125.66000000000001": {
      "result": false,
      "time": 0.08409786224365234,
      "error": null
    },
    "assert lateralsuface_cylinder(4,10)==251.32000000000002": {
      "result": false,
      "time": 0.09452295303344727,
      "error": null
    },
    "assert lateralsuface_cylinder(11, 10) == 691.13": {
      "result": false,
      "time": 0.08055639266967773,
      "error": null
    },
    "assert lateralsuface_cylinder(13, 6) == 490.074": {
      "result": false,
      "time": 0.07921195030212402,
      "error": null
    },
    "assert lateralsuface_cylinder(13, 5) == 408.395": {
      "result": false,
      "time": 0.09034180641174316,
      "error": null
    },
    "assert lateralsuface_cylinder(14, 10) == 879.62": {
      "result": false,
      "time": 0.08486151695251465,
      "error": null
    },
    "assert lateralsuface_cylinder(8, 10) == 502.64000000000004": {
      "result": false,
      "time": 0.0891575813293457,
      "error": null
    },
    "assert lateralsuface_cylinder(15, 3) == 282.735": {
      "result": false,
      "time": 0.08849334716796875,
      "error": null
    },
    "assert lateralsuface_cylinder(7, 3) == 131.943": {
      "result": false,
      "time": 0.08649802207946777,
      "error": null
    },
    "assert lateralsuface_cylinder(9, 4) == 226.18800000000002": {
      "result": false,
      "time": 0.08440756797790527,
      "error": null
    },
    "assert lateralsuface_cylinder(11, 7) == 483.791": {
      "result": false,
      "time": 0.07849717140197754,
      "error": null
    },
    "assert lateralsuface_cylinder(15, 8) == 753.96": {
      "result": false,
      "time": 0.08704638481140137,
      "error": null
    },
    "assert lateralsuface_cylinder(9, 9) == 508.92300000000006": {
      "result": false,
      "time": 0.08056282997131348,
      "error": null
    },
    "assert lateralsuface_cylinder(15, 4) == 376.98": {
      "result": false,
      "time": 0.08430624008178711,
      "error": null
    },
    "assert lateralsuface_cylinder(8, 7) == 351.848": {
      "result": false,
      "time": 0.08249211311340332,
      "error": null
    },
    "assert lateralsuface_cylinder(11, 4) == 276.452": {
      "result": false,
      "time": 0.08420634269714355,
      "error": null
    },
    "assert lateralsuface_cylinder(15, 10) == 942.45": {
      "result": false,
      "time": 0.08403301239013672,
      "error": null
    },
    "assert lateralsuface_cylinder(14, 2) == 175.924": {
      "result": false,
      "time": 0.08950066566467285,
      "error": null
    },
    "assert lateralsuface_cylinder(6, 2) == 75.396": {
      "result": false,
      "time": 0.0855412483215332,
      "error": null
    },
    "assert lateralsuface_cylinder(13, 7) == 571.753": {
      "result": false,
      "time": 0.09309148788452148,
      "error": null
    },
    "assert lateralsuface_cylinder(12, 3) == 226.188": {
      "result": false,
      "time": 0.08700942993164062,
      "error": null
    },
    "assert lateralsuface_cylinder(13, 4) == 326.716": {
      "result": false,
      "time": 0.10248374938964844,
      "error": null
    },
    "assert lateralsuface_cylinder(13, 2) == 163.358": {
      "result": false,
      "time": 0.09296321868896484,
      "error": null
    },
    "assert lateralsuface_cylinder(12, 5) == 376.98": {
      "result": false,
      "time": 0.07281947135925293,
      "error": null
    },
    "assert lateralsuface_cylinder(5, 5) == 157.07500000000002": {
      "result": false,
      "time": 0.09234333038330078,
      "error": null
    },
    "assert lateralsuface_cylinder(9, 5) == 282.735": {
      "result": false,
      "time": 0.11748862266540527,
      "error": null
    },
    "assert lateralsuface_cylinder(6, 7) == 263.886": {
      "result": false,
      "time": 0.07494330406188965,
      "error": null
    },
    "assert lateralsuface_cylinder(10, 4) == 251.32000000000002": {
      "result": false,
      "time": 0.08397841453552246,
      "error": null
    },
    "assert lateralsuface_cylinder(14, 5) == 439.81": {
      "result": false,
      "time": 0.09331417083740234,
      "error": null
    },
    "assert lateralsuface_cylinder(12, 8) == 603.168": {
      "result": false,
      "time": 0.0774073600769043,
      "error": null
    },
    "assert lateralsuface_cylinder(4, 8) == 201.056": {
      "result": false,
      "time": 0.08361458778381348,
      "error": null
    },
    "assert lateralsuface_cylinder(9, 7) == 395.829": {
      "result": false,
      "time": 0.10017180442810059,
      "error": null
    },
    "assert lateralsuface_cylinder(7, 6) == 263.886": {
      "result": false,
      "time": 0.09548759460449219,
      "error": null
    },
    "assert lateralsuface_cylinder(1, 9) == 56.547000000000004": {
      "result": false,
      "time": 0.08571720123291016,
      "error": null
    },
    "assert lateralsuface_cylinder(2, 2) == 25.132": {
      "result": false,
      "time": 0.08783912658691406,
      "error": null
    },
    "assert lateralsuface_cylinder(7, 1) == 43.981": {
      "result": false,
      "time": 0.08164167404174805,
      "error": null
    },
    "assert lateralsuface_cylinder(3, 1) == 18.849": {
      "result": false,
      "time": 0.09061026573181152,
      "error": null
    },
    "assert lateralsuface_cylinder(1, 10) == 62.830000000000005": {
      "result": false,
      "time": 0.1036386489868164,
      "error": null
    },
    "assert lateralsuface_cylinder(8, 1) == 50.264": {
      "result": false,
      "time": 0.08055496215820312,
      "error": null
    },
    "assert lateralsuface_cylinder(8, 6) == 301.584": {
      "result": false,
      "time": 0.08314776420593262,
      "error": null
    },
    "assert lateralsuface_cylinder(1, 6) == 37.698": {
      "result": false,
      "time": 0.10319185256958008,
      "error": null
    },
    "assert lateralsuface_cylinder(5, 7) == 219.90500000000003": {
      "result": false,
      "time": 0.08986830711364746,
      "error": null
    },
    "assert lateralsuface_cylinder(6, 9) == 339.282": {
      "result": false,
      "time": 0.08061861991882324,
      "error": null
    },
    "assert lateralsuface_cylinder(5, 4) == 125.66000000000001": {
      "result": false,
      "time": 0.09714341163635254,
      "error": null
    },
    "assert lateralsuface_cylinder(3, 7) == 131.943": {
      "result": false,
      "time": 0.08420729637145996,
      "error": null
    },
    "assert lateralsuface_cylinder(2, 1) == 12.566": {
      "result": false,
      "time": 0.0822288990020752,
      "error": null
    },
    "assert lateralsuface_cylinder(6, 1) == 37.698": {
      "result": false,
      "time": 0.08495616912841797,
      "error": null
    },
    "assert lateralsuface_cylinder(4, 5) == 125.66000000000001": {
      "result": false,
      "time": 0.08347940444946289,
      "error": null
    },
    "assert lateralsuface_cylinder(2, 5) == 62.830000000000005": {
      "result": false,
      "time": 0.08980655670166016,
      "error": null
    },
    "assert lateralsuface_cylinder(2, 3) == 37.698": {
      "result": false,
      "time": 0.09064674377441406,
      "error": null
    },
    "assert lateralsuface_cylinder(6, 3) == 113.094": {
      "result": false,
      "time": 0.08363938331604004,
      "error": null
    },
    "assert lateralsuface_cylinder(9, 10) == 565.47": {
      "result": false,
      "time": 0.09242916107177734,
      "error": null
    },
    "assert lateralsuface_cylinder(5, 9) == 282.735": {
      "result": false,
      "time": 0.0831451416015625,