{
  "code": "def sum_common_divisors(num1, num2):\n    def common_divisors(n1, n2):\n        return [i for i in range(1, min(n1, n2) + 1) if (n1 % i == 0 and n2 % i == 0)]\n\n    return sum(common_divisors(num1, num2))",
  "results": {
    "assert sum(10,15) == 6": {
      "result": false,
      "time": 0.030887842178344727,
      "error": null
    },
    "assert sum(100,150) == 93": {
      "result": false,
      "time": 0.03052973747253418,
      "error": null
    },
    "assert sum(4,6) == 3": {
      "result": false,
      "time": 0.033823490142822266,
      "error": null
    },
    "assert sum(7, 15) == 1": {
      "result": false,
      "time": 0.040372371673583984,
      "error": null
    },
    "assert sum(15, 14) == 1": {
      "result": false,
      "time": 0.031029701232910156,
      "error": null
    },
    "assert sum(6, 14) == 3": {
      "result": false,
      "time": 0.032547950744628906,
      "error": null
    },
    "assert sum(6, 18) == 6": {
      "result": false,
      "time": 0.035349130630493164,
      "error": null
    },
    "assert sum(5, 12) == 1": {
      "result": false,
      "time": 0.03391313552856445,
      "error": null
    },
    "assert sum(14, 15) == 1": {
      "result": false,
      "time": 0.02910327911376953,
      "error": null
    },
    "assert sum(10, 13) == 1": {
      "result": false,
      "time": 0.03678083419799805,
      "error": null
    },
    "assert sum(10, 11) == 1": {
      "result": false,
      "time": 0.03000354766845703,
      "error": null
    },
    "assert sum(12, 20) == 7": {
      "result": false,
      "time": 0.03338265419006348,
      "error": null
    },
    "assert sum(14, 19) == 1": {
      "result": false,
      "time": 0.03023362159729004,
      "error": null
    },
    "assert sum(9, 19) == 1": {
      "result": false,
      "time": 0.0318603515625,
      "error": null
    },
    "assert sum(6, 10) == 3": {
      "result": false,
      "time": 0.03140664100646973,
      "error": null
    },
    "assert sum(10, 12) == 3": {
      "result": false,
      "time": 0.0295257568359375,
      "error": null
    },
    "assert sum(7, 11) == 1": {
      "result": false,
      "time": 0.03482794761657715,
      "error": null
    },
    "assert sum(12, 18) == 12": {
      "result": false,
      "time": 0.031098127365112305,
      "error": null
    },
    "assert sum(12, 17) == 1": {
      "result": false,
      "time": 0.0339968204498291,
      "error": null
    },
    "assert sum(15, 16) == 1": {
      "result": false,
      "time": 0.03682351112365723,
      "error": null
    },
    "assert sum(12, 16) == 7": {
      "result": false,
      "time": 0.03424215316772461,
      "error": null
    },
    "assert sum(13, 18) == 1": {
      "result": false,
      "time": 0.037149667739868164,
      "error": null
    },
    "assert sum(14, 11) == 1": {
      "result": false,
      "time": 0.03308272361755371,
      "error": null
    },
    "assert sum(8, 14) == 3": {
      "result": false,
      "time": 0.0341033935546875,
      "error": null
    },
    "assert sum(9, 13) == 1": {
      "result": false,
      "time": 0.03613591194152832,
      "error": null
    },
    "assert sum(7, 12) == 1": {
      "result": false,
      "time": 0.03781390190124512,
      "error": null
    },
    "assert sum(13, 17) == 1": {
      "result": false,
      "time": 0.041314125061035156,
      "error": null
    },
    "assert sum(13, 14) == 1": {
      "result": false,
      "time": 0.03504014015197754,
      "error": null
    },
    "assert sum(7, 10) == 1": {
      "result": false,
      "time": 0.03551125526428223,
      "error": null
    },
    "assert sum(13, 12) == 1": {
      "result": false,
      "time": 0.037203073501586914,
      "error": null
    },
    "assert sum(14, 20) == 3": {
      "result": false,
      "time": 0.03732109069824219,
      "error": null
    },
    "assert sum(9, 12) == 4": {
      "result": false,
      "time": 0.03262805938720703,
      "error": null
    },
    "assert sum(5, 16) == 1": {
      "result": false,
      "time": 0.03300166130065918,
      "error": null
    },
    "assert sum(10, 10) == 8": {
      "result": false,
      "time": 0.035741329193115234,
      "error": null
    },
    "assert sum(5, 11) == 1": {
      "result": false,
      "time": 0.0354306697845459,
      "error": null
    },
    "assert sum(96, 147) == 4": {
      "result": false,
      "time": 0.03245067596435547,
      "error": null
    },
    "assert sum(103, 146) == 1": {
      "result": false,
      "time": 0.03613615036010742,
      "error": null
    },
    "assert sum(100, 147) == 1": {
      "result": false,
      "time": 0.03327536582946777,
      "error": null
    },
    "assert sum(97, 155) == 1": {
      "result": false,
      "time": 0.03232765197753906,
      "error": null
    },
    "assert sum(105, 145) == 6": {
      "result": false,
      "time": 0.03187990188598633,
      "error": null
    },
    "assert sum(98, 152) == 3": {
      "result": false,
      "time": 0.030670166015625,
      "error": null
    },
    "assert sum(102, 155) == 1": {
      "result": false,
      "time": 0.03190493583679199,
      "error": null
    },
    "assert sum(96, 151) == 1": {
      "result": false,
      "time": 0.03293108940124512,
      "error": null
    },
    "assert sum(100, 145) == 6": {
      "result": false,
      "time": 0.04287314414978027,
      "error": null
    },
    "assert sum(104, 145) == 1": {
      "result": false,
      "time": 0.0342404842376709,
      "error": null
    },
    "assert sum(103, 153) == 1": {
      "result": false,
      "time": 0.029672861099243164,
      "error": null
    },
    "assert sum(101, 146) == 1": {
      "result": false,
      "time": 0.035990238189697266,
      "error": null
    },
    "assert sum(95, 148) == 1": {
      "result": false,
      "time": 0.0330960750579834,
      "error": null
    },
    "assert sum(99, 148) == 1": {
      "result": false,
      "time": 0.03609013557434082,
      "error": null
    },
    "assert sum(105, 155) == 6": {
      "result": false,
      "time": 0.03701949119567871,
      "error": null
    },
    "assert sum(100, 155) == 6": {
      "result": false,
      "time": 0.031225204467773438,
      "error": null
    },
    "assert sum(95, 150) == 6": {
      "result": false,
      "time": 0.03426170349121094,
      "error": null
    },
    "assert sum(97, 153) == 1": {
      "result": false,
      "time": 0.037726640701293945,
      "error": null
    },
    "assert sum(96, 155) == 1": {
      "result": false,
      "time": 0.03324437141418457,
      "error": null
    },
    "assert sum(95, 145) == 6": {
      "result": false,
      "time": 0.03257608413696289,
      "error": null
    },
    "assert sum(100, 150) == 93": {
      "result": false,
      "time": 0.03891444206237793,
      "error": null
    },
    "assert sum(95, 154) == 1": {
      "result": false,
      "time": 0.03261542320251465,
      "error": null
    },
    "assert sum(99, 149) == 1": {
      "result": false,
      "time": 0.040091753005981445,
      "error": null
    },
    "assert sum(97, 154) == 1": {
      "result": false,
      "time": 0.03301429748535156,
      "error": null
    },
    "assert sum(103, 147) == 1": {
      "result": false,
      "time": 0.04094362258911133,
      "error": null
    },
    "assert sum(95, 151) == 1": {
      "result": false,
      "time": 0.027495384216308594,
      "error": null
    },
    "assert sum(97, 151) == 1": {
      "result": false,
      "time": 0.03662276268005371,
      "error": null
    },
    "assert sum(99, 147) == 4": {
      "result": false,
      "time": 0.03075432777404785,
      "error": null
    },
    "assert sum(102, 152) == 3": {
      "result": false,
      "time": 0.03368401527404785,
      "error": null
    },
    "assert sum(105, 153) == 4": {
      "result": false,
      "time": 0.03534412384033203,
      "error": null
    },
    "assert sum(3, 2) == 1": {
      "result": false,