{
  "code": "def parabola_focus(a, b, c):\n    x = -b/(2*a)\n    y = a*x**2 + b*x + c\n    return (x, y)",
  "results": {
    "assert parabola_focus(5,3,2)==(-0.3, 1.6)": {
      "result": false,
      "time": 0.04302263259887695,
      "error": null
    },
    "assert parabola_focus(9,8,4)==(-0.4444444444444444, 2.25)": {
      "result": false,
      "time": 0.033255577087402344,
      "error": null
    },
    "assert parabola_focus(2,4,6)==(-1.0, 4.125)": {
      "result": false,
      "time": 0.03437161445617676,
      "error": null
    },
    "assert parabola_focus(10, 5, 2) == (-0.25, 1.4)": {
      "result": false,
      "time": 0.03443646430969238,
      "error": null
    },
    "assert parabola_focus(5, 6, 2) == (-0.6, 0.25)": {
      "result": false,
      "time": 0.03229236602783203,
      "error": null
    },
    "assert parabola_focus(3, 1, 4) == (-0.16666666666666666, 4.0)": {
      "result": false,
      "time": 0.038114070892333984,
      "error": null
    },
    "assert parabola_focus(4, 7, 5) == (-0.875, 2.0)": {
      "result": false,
      "time": 0.03828024864196777,
      "error": null
    },
    "assert parabola_focus(2, 7, 5) == (-1.75, -1.0)": {
      "result": false,
      "time": 0.03589582443237305,
      "error": null
    },
    "assert parabola_focus(10, 8, 1) == (-0.4, -0.575)": {
      "result": false,
      "time": 0.03802156448364258,
      "error": null
    },
    "assert parabola_focus(6, 6, 3) == (-0.5, 1.5416666666666667)": {
      "result": false,
      "time": 0.03323531150817871,
      "error": null
    },
    "assert parabola_focus(5, 4, 7) == (-0.4, 6.25)": {
      "result": false,
      "time": 0.038315534591674805,
      "error": null
    },
    "assert parabola_focus(2, 7, 3) == (-1.75, -3.0)": {
      "result": false,
      "time": 0.036704301834106445,
      "error": null
    },
    "assert parabola_focus(2, 2, 5) == (-0.5, 4.625)": {
      "result": false,
      "time": 0.03628802299499512,
      "error": null
    },
    "assert parabola_focus(5, 1, 5) == (-0.1, 5.0)": {
      "result": false,
      "time": 0.0416715145111084,
      "error": null
    },
    "assert parabola_focus(7, 8, 4) == (-0.5714285714285714, 1.75)": {
      "result": false,
      "time": 0.033806562423706055,
      "error": null
    },
    "assert parabola_focus(1, 5, 4) == (-2.5, -2.0)": {
      "result": false,
      "time": 0.03525733947753906,
      "error": null
    },
    "assert parabola_focus(5, 5, 2) == (-0.5, 0.8)": {
      "result": false,
      "time": 0.03318953514099121,
      "error": null
    },
    "assert parabola_focus(3, 5, 3) == (-0.8333333333333334, 1.0)": {
      "result": false,
      "time": 0.03576850891113281,
      "error": null
    },
    "assert parabola_focus(5, 2, 5) == (-0.2, 4.85)": {
      "result": false,
      "time": 0.03151726722717285,
      "error": null
    },
    "assert parabola_focus(2, 3, 2) == (-0.75, 1.0)": {
      "result": false,
      "time": 0.03486204147338867,
      "error": null
    },
    "assert parabola_focus(7, 3, 4) == (-0.21428571428571427, 3.7142857142857144)": {
      "result": false,
      "time": 0.038176536560058594,
      "error": null
    },
    "assert parabola_focus(1, 1, 6) == (-0.5, 6.0)": {
      "result": false,
      "time": 0.03158879280090332,
      "error": null
    },
    "assert parabola_focus(7, 2, 4) == (-0.14285714285714285, 3.892857142857143)": {
      "result": false,
      "time": 0.032331228256225586,
      "error": null
    },
    "assert parabola_focus(1, 4, 6) == (-2.0, 2.25)": {
      "result": false,
      "time": 0.03876090049743652,
      "error": null
    },
    "assert parabola_focus(3, 6, 3) == (-1.0, 0.08333333333333333)": {
      "result": false,
      "time": 0.04379415512084961,
      "error": null
    },
    "assert parabola_focus(2, 5, 6) == (-1.25, 3.0)": {
      "result": false,
      "time": 0.04513096809387207,
      "error": null
    },
    "assert parabola_focus(8, 8, 5) == (-0.5, 3.03125)": {
      "result": false,
      "time": 0.04647517204284668,
      "error": null
    },
    "assert parabola_focus(10, 1, 1) == (-0.05, 1.0)": {
      "result": false,
      "time": 0.04698920249938965,
      "error": null
    },
    "assert parabola_focus(6, 2, 1) == (-0.16666666666666666, 0.875)": {
      "result": false,
      "time": 0.04425525665283203,
      "error": null
    },
    "assert parabola_focus(4, 5, 1) == (-0.625, -0.5)": {
      "result": false,
      "time": 0.0431523323059082,
      "error": null
    },
    "assert parabola_focus(4, 5, 3) == (-0.625, 1.5)": {
      "result": false,
      "time": 0.04007267951965332,
      "error": null
    },
    "assert parabola_focus(6, 3, 3) == (-0.25, 2.6666666666666665)": {
      "result": false,
      "time": 0.043218374252319336,
      "error": null
    },
    "assert parabola_focus(4, 3, 4) == (-0.375, 3.5)": {
      "result": false,
      "time": 0.03926897048950195,
      "error": null
    },
    "assert parabola_focus(5, 5, 3) == (-0.5, 1.8)": {
      "result": false,
      "time": 0.03942394256591797,
      "error": null
    },
    "assert parabola_focus(3, 6, 4) == (-1.0, 1.0833333333333333)": {
      "result": false,
      "time": 0.03667759895324707,
      "error": null
    },
    "assert parabola_focus(7, 6, 3) == (-0.42857142857142855, 1.75)": {
      "result": false,
      "time": 0.04351162910461426,
      "error": null
    },
    "assert parabola_focus(8, 6, 7) == (-0.375, 5.90625)": {
      "result": false,
      "time": 0.04151606559753418,
      "error": null
    },
    "assert parabola_focus(12, 3, 6) == (-0.125, 5.833333333333333)": {
      "result": false,
      "time": 0.04329705238342285,
      "error": null
    },
    "assert parabola_focus(14, 5, 5) == (-0.17857142857142858, 4.571428571428571)": {
      "result": false,
      "time": 0.04326272010803223,
      "error": null
    },
    "assert parabola_focus(10, 9, 9) == (-0.45, 7.0)": {
      "result": false,
      "time": 0.03996992111206055,
      "error": null
    },
    "assert parabola_focus(7, 13, 3) == (-0.9285714285714286, -3.0)": {
      "result": false,
      "time": 0.04236340522766113,
      "error": null
    },
    "assert parabola_focus(11, 9, 6) == (-0.4090909090909091, 4.181818181818182)": {
      "result": false,
      "time": 0.04870271682739258,
      "error": null
    },
    "assert parabola_focus(5, 9, 4) == (-0.9, 0.0)": {
      "result": false,
      "time": 0.037560224533081055,
      "error": null
    },
    "assert parabola_focus(5, 6, 5) == (-0.6, 3.25)": {
      "result": false,
      "time": 0.0403285026550293,
      "error": null
    },
    "assert parabola_focus(11, 13, 4) == (-0.5909090909090909, 0.18181818181818182)": {
      "result": false,
      "time": 0.04710578918457031,
      "error": null
    },
    "assert parabola_focus(10, 5, 3) == (-0.25, 2.4)": {
      "result": false,
      "time": 0.03889155387878418,
      "error": null
    },
    "assert parabola_focus(13, 10, 5) == (-0.38461538461538464, 3.0961538461538463)": {
      "result": false,
      "time": 0.035508155822753906,
      "error": null
    },
    "assert parabola_focus(7, 10, 5) == (-0.7142857142857143, 1.4642857142857142)": {
      "result": false,
      "time": 0.035925865173339844,
      "error": null
    },
    "assert parabola_focus(11, 3, 5) == (-0.13636363636363635, 4.818181818181818)": {
      "result": false,
      "time": 0.043239593505859375,
      "error": null
    },
    "assert parabola_focus(5, 3, 7) == (-0.3, 6.6)": {
      "result": false,
      "time": 0.03608345985412598,
      "error": null
    },
    "assert parabola_focus(10, 12, 2) == (-0.6, -1.575)": {
      "result": false,
      "time": 0.04127907752990723,
      "error": null
    },
    "assert parabola_focus(8, 5, 9) == (-0.3125, 8.25)": {
      "result": false,
      "time": 0.04794621467590332,
      "error": null
    },