{
  "code": "import math\n\ndef surfacearea_sphere(radius):\n    # surface area of a sphere = 4 * pi * r^2\n    surface_area = 4 * math.pi * (radius ** 2)\n    return surface_area\n",
  "results": {
    "assert surfacearea_sphere(10)==1256.6370614359173": {
      "result": true,
      "time": 0.08453035354614258,
      "error": null
    },
    "assert surfacearea_sphere(15)==2827.4333882308138": {
      "result": true,
      "time": 0.07280611991882324,
      "error": null
    },
    "assert surfacearea_sphere(20)==5026.548245743669": {
      "result": true,
      "time": 0.08352017402648926,
      "error": null
    },
    "assert surfacearea_sphere(12) == 1809.5573684677208": {
      "result": true,
      "time": 0.08404088020324707,
      "error": null
    },
    "assert surfacearea_sphere(10) == 1256.6370614359173": {
      "result": true,
      "time": 0.09135222434997559,
      "error": null
    },
    "assert surfacearea_sphere(15) == 2827.4333882308138": {
      "result": true,
      "time": 0.07006454467773438,
      "error": null
    },
    "assert surfacearea_sphere(6) == 452.3893421169302": {
      "result": true,
      "time": 0.10896587371826172,
      "error": null
    },
    "assert surfacearea_sphere(9) == 1017.8760197630929": {
      "result": true,
      "time": 0.09045100212097168,
      "error": null
    },
    "assert surfacearea_sphere(13) == 2123.7166338267": {
      "result": true,
      "time": 0.07707810401916504,
      "error": null
    },
    "assert surfacearea_sphere(11) == 1520.5308443374597": {
      "result": false,
      "time": 0.0839850902557373,
      "error": null
    },
    "assert surfacearea_sphere(5) == 314.1592653589793": {
      "result": true,
      "time": 0.11212539672851562,
      "error": null
    },
    "assert surfacearea_sphere(8) == 804.247719318987": {
      "result": true,
      "time": 0.10006427764892578,
      "error": null
    },
    "assert surfacearea_sphere(14) == 2463.0086404143976": {
      "result": true,
      "time": 0.09635758399963379,
      "error": null
    },
    "assert surfacearea_sphere(17) == 3631.6811075498013": {
      "result": false,
      "time": 0.09747433662414551,
      "error": null
    },
    "assert surfacearea_sphere(18) == 4071.5040790523717": {
      "result": true,
      "time": 0.08115196228027344,
      "error": null
    },
    "assert surfacearea_sphere(20) == 5026.548245743669": {
      "result": true,
      "time": 0.08027315139770508,
      "error": null
    },
    "assert surfacearea_sphere(16) == 3216.990877275948": {
      "result": true,
      "time": 0.08094549179077148,
      "error": null
    },
    "assert surfacearea_sphere(19) == 4536.459791783661": {
      "result": true,
      "time": 0.07884430885314941,
      "error": null
    },
    "assert surfacearea_sphere(24) == 7238.229473870883": {
      "result": true,
      "time": 0.07494854927062988,
      "error": null
    },
    "assert surfacearea_sphere(23) == 6647.610054996002": {
      "result": true,
      "time": 0.08337926864624023,
      "error": null
    },
    "assert surfacearea_sphere(22) == 6082.123377349839": {
      "result": false,
      "time": 0.09747576713562012,
      "error": null
    },
    "assert surfacearea_sphere(21) == 5541.769440932396": {
      "result": false,
      "time": 0.0846710205078125,
      "error": null
    },
    "assert surfacearea_sphere(25) == 7853.981633974483": {
      "result": true,
      "time": 0.08978724479675293,
      "error": null
    }
  },
  "passed": false,
  "accuracy": 0.8260869565217391,
  "general_error": "",
  "has_testcase_error": false
}