{
  "code": "def perimeter_triangle(a, b, c):\n    return a + b + c\n",
  "results": {
    "assert perimeter_triangle(10,20,30)==60": {
      "result": true,
      "time": 0.04882168769836426,
      "error": null
    },
    "assert perimeter_triangle(3,4,5)==12": {
      "result": true,
      "time": 0.043500661849975586,
      "error": null
    },
    "assert perimeter_triangle(25,35,45)==105": {
      "result": true,
      "time": 0.04138684272766113,
      "error": null
    },
    "assert perimeter_triangle(15, 19, 34) == 68": {
      "result": true,
      "time": 0.03494715690612793,
      "error": null
    },
    "assert perimeter_triangle(8, 21, 29) == 58": {
      "result": true,
      "time": 0.04440641403198242,
      "error": null
    },
    "assert perimeter_triangle(14, 20, 32) == 66": {
      "result": true,
      "time": 0.04647350311279297,
      "error": null
    },
    "assert perimeter_triangle(15, 20, 28) == 63": {
      "result": true,
      "time": 0.04116392135620117,
      "error": null
    },
    "assert perimeter_triangle(12, 24, 25) == 61": {
      "result": true,
      "time": 0.03657341003417969,
      "error": null
    },
    "assert perimeter_triangle(7, 17, 30) == 54": {
      "result": true,
      "time": 0.03678560256958008,
      "error": null
    },
    "assert perimeter_triangle(6, 16, 28) == 50": {
      "result": true,
      "time": 0.04841756820678711,
      "error": null
    },
    "assert perimeter_triangle(12, 23, 27) == 62": {
      "result": true,
      "time": 0.04831957817077637,
      "error": null
    },
    "assert perimeter_triangle(7, 21, 25) == 53": {
      "result": true,
      "time": 0.047876834869384766,
      "error": null
    },
    "assert perimeter_triangle(10, 18, 32) == 60": {
      "result": true,
      "time": 0.0380401611328125,
      "error": null
    },
    "assert perimeter_triangle(5, 18, 33) == 56": {
      "result": true,
      "time": 0.04166531562805176,
      "error": null
    },
    "assert perimeter_triangle(13, 17, 32) == 62": {
      "result": true,
      "time": 0.03598356246948242,
      "error": null
    },
    "assert perimeter_triangle(13, 19, 29) == 61": {
      "result": true,
      "time": 0.04691815376281738,
      "error": null
    },
    "assert perimeter_triangle(7, 21, 30) == 58": {
      "result": true,
      "time": 0.04805946350097656,
      "error": null
    },
    "assert perimeter_triangle(15, 15, 34) == 64": {
      "result": true,
      "time": 0.03511357307434082,
      "error": null
    },
    "assert perimeter_triangle(12, 22, 29) == 63": {
      "result": true,
      "time": 0.04320883750915527,
      "error": null
    },
    "assert perimeter_triangle(6, 22, 29) == 57": {
      "result": true,
      "time": 0.037380218505859375,
      "error": null
    },
    "assert perimeter_triangle(12, 20, 29) == 61": {
      "result": true,
      "time": 0.04262399673461914,
      "error": null
    },
    "assert perimeter_triangle(13, 16, 34) == 63": {
      "result": true,
      "time": 0.03727912902832031,
      "error": null
    },
    "assert perimeter_triangle(14, 15, 26) == 55": {
      "result": true,
      "time": 0.044175148010253906,
      "error": null
    },
    "assert perimeter_triangle(10, 24, 34) == 68": {
      "result": true,
      "time": 0.04108166694641113,
      "error": null
    },
    "assert perimeter_triangle(5, 20, 28) == 53": {
      "result": true,
      "time": 0.04322385787963867,
      "error": null
    },
    "assert perimeter_triangle(12, 15, 30) == 57": {
      "result": true,
      "time": 0.04398179054260254,
      "error": null
    },
    "assert perimeter_triangle(7, 19, 33) == 59": {
      "result": true,
      "time": 0.04217386245727539,
      "error": null
    },
    "assert perimeter_triangle(13, 20, 25) == 58": {
      "result": true,
      "time": 0.03498029708862305,
      "error": null
    },
    "assert perimeter_triangle(12, 24, 30) == 66": {
      "result": true,
      "time": 0.04249978065490723,
      "error": null
    },
    "assert perimeter_triangle(11, 19, 35) == 65": {
      "result": true,
      "time": 0.04158782958984375,
      "error": null
    },
    "assert perimeter_triangle(12, 24, 33) == 69": {
      "result": true,
      "time": 0.04190945625305176,
      "error": null
    },
    "assert perimeter_triangle(10, 23, 35) == 68": {
      "result": true,
      "time": 0.03696393966674805,
      "error": null
    },
    "assert perimeter_triangle(9, 19, 29) == 57": {
      "result": true,
      "time": 0.03839302062988281,
      "error": null
    },
    "assert perimeter_triangle(10, 22, 33) == 65": {
      "result": true,
      "time": 0.03438067436218262,
      "error": null
    },
    "assert perimeter_triangle(14, 19, 30) == 63": {
      "result": true,
      "time": 0.04867291450500488,
      "error": null
    },
    "assert perimeter_triangle(10, 20, 26) == 56": {
      "result": true,
      "time": 0.04189634323120117,
      "error": null
    },
    "assert perimeter_triangle(8, 3, 10) == 21": {
      "result": true,
      "time": 0.03374433517456055,
      "error": null
    },
    "assert perimeter_triangle(4, 6, 3) == 13": {
      "result": true,
      "time": 0.03931927680969238,
      "error": null
    },
    "assert perimeter_triangle(5, 2, 4) == 11": {
      "result": true,
      "time": 0.03594779968261719,
      "error": null
    },
    "assert perimeter_triangle(5, 2, 8) == 15": {
      "result": true,
      "time": 0.03464555740356445,
      "error": null
    },
    "assert perimeter_triangle(7, 2, 7) == 16": {
      "result": true,
      "time": 0.04146218299865723,
      "error": null
    },
    "assert perimeter_triangle(6, 3, 1) == 10": {
      "result": true,
      "time": 0.046774864196777344,
      "error": null
    },
    "assert perimeter_triangle(3, 2, 4) == 9": {
      "result": true,
      "time": 0.05277657508850098,
      "error": null
    },
    "assert perimeter_triangle(1, 5, 1) == 7": {
      "result": true,
      "time": 0.04227852821350098,
      "error": null
    },
    "assert perimeter_triangle(8, 2, 5) == 15": {
      "result": true,
      "time": 0.04931235313415527,
      "error": null
    },
    "assert perimeter_triangle(6, 8, 8) == 22": {
      "result": true,
      "time": 0.04358029365539551,
      "error": null
    },
    "assert perimeter_triangle(4, 7, 9) == 20": {
      "result": true,
      "time": 0.043534278869628906,
      "error": null
    },
    "assert perimeter_triangle(3, 1, 9) == 13": {
      "result": true,
      "time": 0.04965996742248535,
      "error": null
    },
    "assert perimeter_triangle(7, 5, 3) == 15": {
      "result": true,
      "time": 0.042461395263671875,
      "error": null
    },
    "assert perimeter_triangle(6, 7, 5) == 18": {
      "result": true,
      "time": 0.04849958419799805,
      "error": null
    },
    "assert perimeter_triangle(4, 2, 6) == 12": {
      "result": true,
      "time": 0.04708147048950195,
      "error": null
    },
    "assert perimeter_triangle(4, 2, 8) == 14": {
      "result": true,
      "time": 0.04582476615905762,
      "error": null
    },
    "assert perimeter_triangle(4, 1, 5) == 10": {
      "result": true,
      "time": 0.041658878326416016,
      "error": null
    },
    "assert perimeter_triangle(1, 8, 5) == 14": {
      "result": true,
      "time": 0.04482555389404297,
      "error": null
    },
    "assert perimeter_triangle(6, 5, 5) == 16": {
      "result": true,
      "time": 0.0424807071685791,
      "error": null
    },
    "assert perimeter_triangle(2, 6, 2) == 10": {
      "result": true,
      "time": 0.034722089767456055,
      "error": null
    },
    "assert perimeter_triangle(3, 1, 4) == 8": {
      "result": true,
      "time": 0.03912496566772461,
      "error": null
    },
    "assert perimeter_triangle(2, 3, 6) == 11": {
      "result": true,
      "time": 0.04703521728515625,
      "error": null
    },