{
  "code": "def pos_nos(lst):\n    return [i for i in lst if i > 0]",
  "results": {
    "assert pos_nos([-1,-2,1,2]) == 1,2": {
      "result": false,
      "time": 0.04944872856140137,
      "error": null
    },
    "assert pos_nos([3,4,-5]) == 3,4": {
      "result": false,
      "time": 0.03914809226989746,
      "error": null
    },
    "assert pos_nos([-2,-3,1]) == 1": {
      "result": false,
      "time": 0.044109344482421875,
      "error": null
    },
    "assert pos_nos([-1, 3, 4, 3]) == 3": {
      "result": false,
      "time": 0.04527568817138672,
      "error": null
    },
    "assert pos_nos([-1, 0, 2, 3]) == 0": {
      "result": false,
      "time": 0.04550743103027344,
      "error": null
    },
    "assert pos_nos([-1, -6, 2, 3]) == 2": {
      "result": false,
      "time": 0.04213833808898926,
      "error": null
    },
    "assert pos_nos([-6, -5, 1, 2]) == 1": {
      "result": false,
      "time": 0.03964591026306152,
      "error": null
    },
    "assert pos_nos([-5, -5, 5, 2]) == 5": {
      "result": false,
      "time": 0.04375648498535156,
      "error": null
    },
    "assert pos_nos([0, 2, 4, 2]) == 0": {
      "result": false,
      "time": 0.0382235050201416,
      "error": null
    },
    "assert pos_nos([4, 3, 5, 4]) == 4": {
      "result": false,
      "time": 0.03509330749511719,
      "error": null
    },
    "assert pos_nos([-5, -2, 1, 6]) == 1": {
      "result": false,
      "time": 0.034789085388183594,
      "error": null
    },
    "assert pos_nos([1, -2, 1, 6]) == 1": {
      "result": false,
      "time": 0.04355812072753906,
      "error": null
    },
    "assert pos_nos([4, -1, 1, 7]) == 4": {
      "result": false,
      "time": 0.04021596908569336,
      "error": null
    },
    "assert pos_nos([2, 2, 3, 3]) == 2": {
      "result": false,
      "time": 0.04186058044433594,
      "error": null
    },
    "assert pos_nos([-1, 1, 3, 1]) == 1": {
      "result": false,
      "time": 0.04788088798522949,
      "error": null
    },
    "assert pos_nos([0, -5, 3, 5]) == 0": {
      "result": false,
      "time": 0.03394818305969238,
      "error": null
    },
    "assert pos_nos([1, -4, 5, 1]) == 1": {
      "result": false,
      "time": 0.04041242599487305,
      "error": null
    },
    "assert pos_nos([1, 2, 2, 3]) == 1": {
      "result": false,
      "time": 0.04122638702392578,
      "error": null
    },
    "assert pos_nos([1, 0, 6, 6]) == 1": {
      "result": false,
      "time": 0.042453765869140625,
      "error": null
    },
    "assert pos_nos([-1, -3, 4, 2]) == 4": {
      "result": false,
      "time": 0.0415034294128418,
      "error": null
    },
    "assert pos_nos([0, -1, 4, 4]) == 0": {
      "result": false,
      "time": 0.04462289810180664,
      "error": null
    },
    "assert pos_nos([2, -3, 1, 1]) == 2": {
      "result": false,
      "time": 0.04045414924621582,
      "error": null
    },
    "assert pos_nos([4, 1, 3, 2]) == 4": {
      "result": false,
      "time": 0.05674457550048828,
      "error": null
    },
    "assert pos_nos([0, -4, 3, 7]) == 0": {
      "result": false,
      "time": 0.04553413391113281,
      "error": null
    },
    "assert pos_nos([2, -6, 4, 2]) == 2": {
      "result": false,
      "time": 0.04101896286010742,
      "error": null
    },
    "assert pos_nos([3, -5, 6, 5]) == 3": {
      "result": false,
      "time": 0.06506657600402832,
      "error": null
    },
    "assert pos_nos([-3, -3, 3, 5]) == 3": {
      "result": false,
      "time": 0.04312324523925781,
      "error": null
    },
    "assert pos_nos([4, -6, 1, 6]) == 4": {
      "result": false,
      "time": 0.04256319999694824,
      "error": null
    },
    "assert pos_nos([-1, -2, 4, 3]) == 4": {
      "result": false,
      "time": 0.0469970703125,
      "error": null
    },
    "assert pos_nos([4, -5, 3, 1]) == 4": {
      "result": false,
      "time": 0.05112123489379883,
      "error": null
    },
    "assert pos_nos([-6, -1, 2, 1]) == 2": {
      "result": false,
      "time": 0.05694317817687988,
      "error": null
    },
    "assert pos_nos([-1, 0, 4, 6]) == 0": {
      "result": false,
      "time": 0.04792070388793945,
      "error": null
    },
    "assert pos_nos([-3, 2, 5, 1]) == 2": {
      "result": false,
      "time": 0.057512760162353516,
      "error": null
    },
    "assert pos_nos([1, 2, 1, 6]) == 1": {
      "result": false,
      "time": 0.056032657623291016,
      "error": null
    },
    "assert pos_nos([0, 3, 2, 2]) == 0": {
      "result": false,
      "time": 0.051156044006347656,
      "error": null
    },
    "assert pos_nos([4, -2, 6, 4]) == 4": {
      "result": false,
      "time": 0.052329063415527344,
      "error": null
    },
    "assert pos_nos([7, 8, -9]) == 7": {
      "result": false,
      "time": 0.059314727783203125,
      "error": null
    },
    "assert pos_nos([8, 4, 0]) == 8": {
      "result": false,
      "time": 0.04615354537963867,
      "error": null
    },
    "assert pos_nos([2, 8, -6]) == 2": {
      "result": false,
      "time": 0.05010843276977539,
      "error": null
    },
    "assert pos_nos([5, 7, -8]) == 5": {
      "result": false,
      "time": 0.046285152435302734,
      "error": null
    },
    "assert pos_nos([1, 2, -5]) == 1": {
      "result": false,
      "time": 0.05237221717834473,
      "error": null
    },
    "assert pos_nos([8, 6, -7]) == 8": {
      "result": false,
      "time": 0.05916404724121094,
      "error": null
    },
    "assert pos_nos([2, 4, -5]) == 2": {
      "result": false,
      "time": 0.049973487854003906,
      "error": null
    },
    "assert pos_nos([7, 5, -6]) == 7": {
      "result": false,
      "time": 0.057581424713134766,
      "error": null
    },
    "assert pos_nos([6, 1, -8]) == 6": {
      "result": false,
      "time": 0.04906034469604492,
      "error": null
    },
    "assert pos_nos([4, 4, -8]) == 4": {
      "result": false,
      "time": 0.06063961982727051,
      "error": null
    },
    "assert pos_nos([6, 7, -8]) == 6": {
      "result": false,
      "time": 0.06075310707092285,
      "error": null
    },
    "assert pos_nos([7, 1, -10]) == 7": {
      "result": false,
      "time": 0.05241584777832031,
      "error": null
    },
    "assert pos_nos([6, 2, -2]) == 6": {
      "result": false,
      "time": 0.04720044136047363,
      "error": null
    },
    "assert pos_nos([2, 8, -8]) == 2": {
      "result": false,
      "time": 0.045218706130981445,
      "error": null
    },
    "assert pos_nos([8, 8, -1]) == 8": {
      "result": false,
      "time": 0.061792612075805664,
      "error": null
    },
    "assert pos_nos([7, 4, -8]) == 7": {
      "result": false,
      "time": 0.039824485778808594,
      "error": null
    },
    "assert pos_nos([5, 1, -1]) == 5": {
      "result": false,
      "time": 0.04196333885192871,
      "error": null
    },
    "assert pos_nos([5, 1, -3]) == 5": {
      "result": false,
      "time": 0.052005767822265625,
      "error": null
    },
    "assert pos_nos([8, 3, -1]) == 8": {
      "result": false,
      "time": 0.05243635177612305,
      "error": null
    },
    "assert pos_nos([4, 7, -7]) == 4": {
      "result": false,
      "time": 0.042192697525024414,
      "error": null
    },
    "assert pos_nos([2, 9, -8]) == 2": {
      "result": false,
      "time": 0.044259071350097656,
      "error": null
    },
    "assert pos_nos([7, 9, -6]) == 7": {
      "result": false,
      "time": 0.034374237060546875,
      "error": null
    },
    "assert pos_nos([3, 6, -5]) == 3": {
      "result": false,
      "time": 0.03862595558166504,
      "error": null
    },
    "assert pos_nos([5, 5, -4]) == 5": {
      "result": false,
      "time": 0.0440676212310791,
      "error": null
    },
    "assert pos_nos([4, 6, -6]) == 4": {
      "result": false,
      "time": 0.0427703857421875,
      "error": null
    },
    "assert pos_nos([5, 6, -10]) == 5": {
      "result": false,
      "time": 0.03997516632080078,