{
  "code": "def max_sum(arr, k):\n    n = len(arr)\n    if n < k:\n        return -1\n    # Calculate prefix sum\n    prefix_sum = [0] * n\n    prefix_sum[0] = arr[0]\n    for i in range(1, n):\n        prefix_sum[i] = prefix_sum[i - 1] + arr[i]\n    # Calculate suffix sum\n    suffix_sum = [0] * n\n    suffix_sum[n - 1] = arr[n - 1]\n    for i in range(n - 2, -1, -1):\n        suffix_sum[i] = suffix_sum[i + 1] + arr[i]\n    # Calculate maximum sum\n    max_sum = -1\n    for i in range(k - 1, n):\n        max_sum = max(max_sum, prefix_sum[i] + suffix_sum[i - (k - 1)])\n    return max_sum",
  "results": {
    "assert max_sum([1, 15, 51, 45, 33, 100, 12, 18, 9], 9) == 194": {
      "result": false,
      "time": 0.033939361572265625,
      "error": null
    },
    "assert max_sum([80, 60, 30, 40, 20, 10], 6) == 210": {
      "result": false,
      "time": 0.04286336898803711,
      "error": null
    },
    "assert max_sum([2, 3 ,14, 16, 21, 23, 29, 30], 8) == 138": {
      "result": false,
      "time": 0.036046743392944336,
      "error": null
    },
    "assert max_sum([1, 10, 51, 50, 31, 102, 15, 17, 4], 4) == 123": {
      "result": false,
      "time": 0.03530406951904297,
      "error": null
    },
    "assert max_sum([1, 18, 49, 50, 37, 100, 13, 18, 4], 5) == 122": {
      "result": false,
      "time": 0.035996198654174805,
      "error": null
    },
    "assert max_sum([2, 16, 49, 47, 38, 96, 15, 18, 7], 7) == 188": {
      "result": false,
      "time": 0.03828883171081543,
      "error": null
    },
    "assert max_sum([3, 10, 55, 49, 38, 99, 17, 18, 7], 5) == 124": {
      "result": false,
      "time": 0.028806686401367188,
      "error": null
    },
    "assert max_sum([6, 14, 56, 50, 38, 99, 17, 18, 12], 7) == 205": {
      "result": false,
      "time": 0.03806781768798828,
      "error": null
    },
    "assert max_sum([3, 17, 50, 43, 29, 95, 16, 22, 5], 4) == 122": {
      "result": false,
      "time": 0.03181815147399902,
      "error": null
    },
    "assert max_sum([3, 11, 50, 50, 31, 99, 12, 21, 7], 7) == 191": {
      "result": false,
      "time": 0.02886056900024414,
      "error": null
    },
    "assert max_sum([6, 15, 48, 43, 37, 102, 7, 17, 11], 8) == 199": {
      "result": false,
      "time": 0.03444933891296387,
      "error": null
    },
    "assert max_sum([6, 15, 47, 42, 38, 97, 7, 21, 4], 5) == 122": {
      "result": false,
      "time": 0.03680014610290527,
      "error": null
    },
    "assert max_sum([6, 17, 51, 50, 37, 99, 8, 13, 12], 4) == 124": {
      "result": false,
      "time": 0.03564143180847168,
      "error": null
    },
    "assert max_sum([6, 13, 56, 43, 35, 104, 14, 15, 10], 5) == 129": {
      "result": false,
      "time": 0.041066646575927734,
      "error": null
    },
    "assert max_sum([2, 12, 56, 41, 32, 97, 17, 21, 14], 4) == 132": {
      "result": false,
      "time": 0.03745460510253906,
      "error": null
    },
    "assert max_sum([4, 18, 56, 40, 32, 103, 13, 17, 13], 5) == 133": {
      "result": false,
      "time": 0.03245210647583008,
      "error": null
    },
    "assert max_sum([2, 15, 54, 47, 37, 98, 10, 18, 6], 6) == 193": {
      "result": false,
      "time": 0.039357900619506836,
      "error": null
    },
    "assert max_sum([2, 17, 53, 40, 31, 104, 16, 18, 13], 4) == 135": {
      "result": false,
      "time": 0.0424799919128418,
      "error": null
    },
    "assert max_sum([1, 17, 54, 41, 34, 104, 10, 23, 12], 6) == 211": {
      "result": false,
      "time": 0.02973771095275879,
      "error": null
    },
    "assert max_sum([6, 19, 49, 43, 37, 104, 9, 22, 10], 9) == 210": {
      "result": false,
      "time": 0.04112434387207031,
      "error": null
    },
    "assert max_sum([2, 17, 47, 50, 32, 101, 7, 21, 4], 9) == 242": {
      "result": false,
      "time": 0.03319811820983887,
      "error": null
    },
    "assert max_sum([6, 20, 46, 46, 32, 100, 12, 16, 14], 5) == 130": {
      "result": false,
      "time": 0.033948421478271484,
      "error": null
    },
    "assert max_sum([3, 17, 47, 42, 29, 96, 14, 19, 13], 9) == 195": {
      "result": false,
      "time": 0.034929513931274414,
      "error": null
    },
    "assert max_sum([4, 11, 49, 46, 29, 99, 7, 21, 11], 9) == 195": {
      "result": false,
      "time": 0.03761005401611328,
      "error": null
    },
    "assert max_sum([4, 13, 56, 47, 35, 98, 13, 14, 11], 6) == 196": {
      "result": false,
      "time": 0.03406071662902832,
      "error": null
    },
    "assert max_sum([5, 13, 46, 40, 34, 98, 16, 13, 12], 4) == 139": {
      "result": false,
      "time": 0.031042814254760742,
      "error": null
    },
    "assert max_sum([6, 17, 53, 42, 28, 101, 11, 18, 11], 6) == 206": {
      "result": false,
      "time": 0.03165149688720703,
      "error": null
    },
    "assert max_sum([4, 15, 56, 44, 29, 97, 8, 21, 14], 9) == 207": {
      "result": false,
      "time": 0.033959150314331055,
      "error": null
    },
    "assert max_sum([1, 11, 55, 49, 30, 95, 16, 20, 8], 4) == 123": {
      "result": false,
      "time": 0.035909175872802734,
      "error": null
    },
    "assert max_sum([4, 19, 56, 47, 35, 99, 17, 18, 11], 6) == 207": {
      "result": false,
      "time": 0.029430150985717773,
      "error": null
    },
    "assert max_sum([5, 18, 52, 41, 35, 97, 10, 13, 7], 7) == 192": {
      "result": false,
      "time": 0.031430721282958984,
      "error": null
    },
    "assert max_sum([1, 10, 47, 47, 32, 97, 7, 21, 9], 7) == 185": {
      "result": false,
      "time": 0.03879952430725098,
      "error": null
    },
    "assert max_sum([2, 17, 56, 41, 36, 98, 17, 16, 14], 9) == 220": {
      "result": false,
      "time": 0.032770395278930664,
      "error": null
    },
    "assert max_sum([1, 18, 52, 45, 33, 100, 7, 17, 4], 7) == 192": {
      "result": false,
      "time": 0.03808712959289551,
      "error": null
    },
    "assert max_sum([3, 15, 53, 50, 37, 102, 17, 21, 6], 5) == 129": {
      "result": false,
      "time": 0.03687620162963867,
      "error": null
    },
    "assert max_sum([4, 11, 48, 50, 29, 101, 11, 17, 7], 5) == 125": {
      "result": false,
      "time": 0.03275656700134277,
      "error": null
    },
    "assert max_sum([76, 56, 34, 37, 21, 9], 5) == 123": {
      "result": false,
      "time": 0.03758549690246582,
      "error": null
    },
    "assert max_sum([81, 61, 34, 42, 19, 6], 6) == 209": {
      "result": false,
      "time": 0.03409934043884277,
      "error": null
    },
    "assert max_sum([83, 57, 33, 40, 16, 14], 4) == 103": {
      "result": false,
      "time": 0.038501739501953125,
      "error": null
    },
    "assert max_sum([75, 60, 29, 44, 22, 7], 5) == 133": {
      "result": false,
      "time": 0.030740737915039062,
      "error": null
    },
    "assert max_sum([80, 56, 29, 38, 21, 7], 5) == 122": {
      "result": false,
      "time": 0.04069232940673828,
      "error": null
    },
    "assert max_sum([85, 65, 35, 44, 25, 11], 6) == 230": {
      "result": false,
      "time": 0.03755664825439453,
      "error": null
    },
    "assert max_sum([78, 65, 32, 35, 19, 9], 3) == 78": {
      "result": false,
      "time": 0.035104990005493164,
      "error": null
    },
    "assert max_sum([83, 58, 25, 45, 23, 11], 6) == 220": {
      "result": false,
      "time": 0.03835177421569824,
      "error": null
    },
    "assert max_sum([79, 61, 27, 40, 24, 14], 6) == 218": {
      "result": false,
      "time": 0.03997039794921875,
      "error": null
    },
    "assert max_sum([75, 64, 34, 41, 21, 8], 5) == 134": {
      "result": false,
      "time": 0.044414520263671875,
      "error": null
    },
    "assert max_sum([85, 65, 35, 44, 18, 15], 3) == 85": {
      "result": false,
      "time": 0.03848743438720703,
      "error": null
    },
    "assert max_sum([84, 58, 33, 43, 16, 15], 4) == 107": {
      "result": false,
      "time": 0.03637194633483887,
      "error": null
    },