{
  "code": "def cal_sum(n):\n    sum = 0\n    for i in range(1, n+1):\n        sum += i\n    return sum",
  "results": {
    "assert cal_sum(9) == 49": {
      "result": false,
      "time": 0.03706479072570801,
      "error": null
    },
    "assert cal_sum(10) == 66": {
      "result": false,
      "time": 0.03893566131591797,
      "error": null
    },
    "assert cal_sum(11) == 88": {
      "result": false,
      "time": 0.03797769546508789,
      "error": null
    },
    "assert cal_sum(8) == 37": {
      "result": false,
      "time": 0.03687334060668945,
      "error": null
    },
    "assert cal_sum(14) == 207": {
      "result": false,
      "time": 0.03758883476257324,
      "error": null
    },
    "assert cal_sum(12) == 117": {
      "result": false,
      "time": 0.03322291374206543,
      "error": null
    },
    "assert cal_sum(4) == 10": {
      "result": true,
      "time": 0.03439521789550781,
      "error": null
    },
    "assert cal_sum(13) == 156": {
      "result": false,
      "time": 0.037656545639038086,
      "error": null
    },
    "assert cal_sum(5) == 15": {
      "result": true,
      "time": 0.04532194137573242,
      "error": null
    },
    "assert cal_sum(6) == 20": {
      "result": false,
      "time": 0.036064863204956055,
      "error": null
    },
    "assert cal_sum(7) == 27": {
      "result": false,
      "time": 0.04364299774169922,
      "error": null
    },
    "assert cal_sum(15) == 275": {
      "result": false,
      "time": 0.03595376014709473,
      "error": null
    },
    "assert cal_sum(16) == 365": {
      "result": false,
      "time": 0.04103803634643555,
      "error": null
    }
  },
  "passed": false,
  "accuracy": 0.15384615384615385,
  "general_error": "",
  "has_testcase_error": false
}