{
  "code": "def bell_number(n):\n    bell = [[0 for _ in range(n+1)] for _ in range(n+1)]\n    bell[0][0] = 1\n\n    for i in range(1, n+1):\n        bell[i][0] = bell[i-1][i-1]\n        for j in range(1, i+1):\n            bell[i][j] = bell[i-1][j-1] + bell[i][j-1]\n\n    return bell[n][0]\n",
  "results": {
    "assert bell_number(2)==2": {
      "result": true,
      "time": 0.03719758987426758,
      "error": null
    },
    "assert bell_number(10)==115975": {
      "result": true,
      "time": 0.03394818305969238,
      "error": null
    },
    "assert bell_number(56)==6775685320645824322581483068371419745979053216268760300": {
      "result": true,
      "time": 0.02977466583251953,
      "error": null
    },
    "assert bell_number(4) == 15": {
      "result": true,
      "time": 0.035956382751464844,
      "error": null
    },
    "assert bell_number(3) == 5": {
      "result": true,
      "time": 0.03183937072753906,
      "error": null
    },
    "assert bell_number(5) == 52": {
      "result": true,
      "time": 0.027518510818481445,
      "error": null
    },
    "assert bell_number(7) == 877": {
      "result": true,
      "time": 0.03369879722595215,
      "error": null
    },
    "assert bell_number(2) == 2": {
      "result": true,
      "time": 0.03403449058532715,
      "error": null
    },
    "assert bell_number(1) == 1": {
      "result": true,
      "time": 0.02978658676147461,
      "error": null
    },
    "assert bell_number(6) == 203": {
      "result": true,
      "time": 0.032759666442871094,
      "error": null
    },
    "assert bell_number(10) == 115975": {
      "result": true,
      "time": 0.034583091735839844,
      "error": null
    },
    "assert bell_number(9) == 21147": {
      "result": true,
      "time": 0.034081459045410156,
      "error": null
    },
    "assert bell_number(13) == 27644437": {
      "result": true,
      "time": 0.02871847152709961,
      "error": null
    },
    "assert bell_number(11) == 678570": {
      "result": true,
      "time": 0.0348050594329834,
      "error": null
    },
    "assert bell_number(14) == 190899322": {
      "result": true,
      "time": 0.028279781341552734,
      "error": null
    },
    "assert bell_number(8) == 4140": {
      "result": true,
      "time": 0.0359044075012207,
      "error": null
    },
    "assert bell_number(15) == 1382958545": {
      "result": true,
      "time": 0.03236198425292969,
      "error": null
    },
    "assert bell_number(53) == 1052928518014714166107781298021583534928402714242132": {
      "result": true,
      "time": 0.03386282920837402,
      "error": null
    },
    "assert bell_number(54) == 19317287589145618265728950069285503257349832850302011": {
      "result": true,
      "time": 0.031084537506103516,
      "error": null
    },
    "assert bell_number(55) == 359334085968622831041960188598043661065388726959079837": {
      "result": true,
      "time": 0.033172607421875,
      "error": null
    },
    "assert bell_number(60) == 976939307467007552986994066961675455550246347757474482558637": {
      "result": true,
      "time": 0.034414052963256836,
      "error": null
    },
    "assert bell_number(61) == 19652364471547941482114228389322789963345673460673370562378245": {
      "result": true,
      "time": 0.0314030647277832,
      "error": null
    },
    "assert bell_number(57) == 129482661947506964462616580633806000917491602609372517195": {
      "result": true,
      "time": 0.03259897232055664,
      "error": null
    },
    "assert bell_number(51) == 3263983870004111524856951830191582524419255819477": {
      "result": true,
      "time": 0.03180575370788574,
      "error": null
    },
    "assert bell_number(59) == 49176743336309621659000944152624896853591018248919168867818": {
      "result": true,
      "time": 0.02950572967529297,
      "error": null
    },
    "assert bell_number(58) == 2507136358984296114560786627437574942253015623445622326263": {
      "result": true,
      "time": 0.033579111099243164,
      "error": null
    },
    "assert bell_number(56) == 6775685320645824322581483068371419745979053216268760300": {
      "result": true,
      "time": 0.029327869415283203,
      "error": null
    },
    "assert bell_number(52) == 58205338024195872785464627063218599149503972126463": {
      "result": true,
      "time": 0.03229641914367676,
      "error": null
    }
  },
  "passed": true,
  "accuracy": 1.0,
  "general_error": "",
  "has_testcase_error": false
}