{
  "code": "def count_Substrings(s, n):\n    count = 0\n    for i in range(len(s)):\n        sum_digits = 0\n        for j in range(i, len(s)):\n            sum_digits += int(s[j])\n            if sum_digits == n:\n                count += 1\n    return count",
  "results": {
    "assert count_Substrings('112112',6) == 6": {
      "result": false,
      "time": 0.03820919990539551,
      "error": null
    },
    "assert count_Substrings('111',3) == 6": {
      "result": false,
      "time": 0.04471850395202637,
      "error": null
    },
    "assert count_Substrings('1101112',7) == 12": {
      "result": false,
      "time": 0.04578375816345215,
      "error": null
    },
    "assert count_Substrings('929900280', 7) == 1": {
      "result": false,
      "time": 0.034589529037475586,
      "error": null
    },
    "assert count_Substrings('014974961871', 3) == 1": {
      "result": false,
      "time": 0.039327383041381836,
      "error": null
    },
    "assert count_Substrings('06922', 1) == 0": {
      "result": true,
      "time": 0.03557634353637695,
      "error": null
    },
    "assert count_Substrings('7154049', 6) == 1": {
      "result": true,
      "time": 0.035741329193115234,
      "error": null
    },
    "assert count_Substrings('35146532', 3) == 1": {
      "result": false,
      "time": 0.0347142219543457,
      "error": null
    },
    "assert count_Substrings('527399796752', 10) == 0": {
      "result": false,
      "time": 0.03742361068725586,
      "error": null
    },
    "assert count_Substrings('8274109655', 7) == 1": {
      "result": true,
      "time": 0.034056901931762695,
      "error": null
    },
    "assert count_Substrings('36506459260', 4) == 0": {
      "result": false,
      "time": 0.03272652626037598,
      "error": null
    },
    "assert count_Substrings('858251058', 6) == 1": {
      "result": false,
      "time": 0.03397870063781738,
      "error": null
    },
    "assert count_Substrings('89347', 2) == 0": {
      "result": true,
      "time": 0.031354427337646484,
      "error": null
    },
    "assert count_Substrings('76454273229', 6) == 0": {
      "result": false,
      "time": 0.0344696044921875,
      "error": null
    },
    "assert count_Substrings('0789269176', 4) == 0": {
      "result": true,
      "time": 0.039571523666381836,
      "error": null
    },
    "assert count_Substrings('3216491786', 10) == 2": {
      "result": true,
      "time": 0.036031484603881836,
      "error": null
    },
    "assert count_Substrings('5037366208', 3) == 0": {
      "result": false,
      "time": 0.04021596908569336,
      "error": null
    },
    "assert count_Substrings('4242464152', 6) == 0": {
      "result": false,
      "time": 0.038176774978637695,
      "error": null
    },
    "assert count_Substrings('2083685796', 4) == 1": {
      "result": false,
      "time": 0.03294944763183594,
      "error": null
    },
    "assert count_Substrings('6291677543', 3) == 0": {
      "result": false,
      "time": 0.04130268096923828,
      "error": null
    },
    "assert count_Substrings('391375196', 1) == 0": {
      "result": false,
      "time": 0.0325314998626709,
      "error": null
    },
    "assert count_Substrings('7569516945', 9) == 1": {
      "result": false,
      "time": 0.040915489196777344,
      "error": null
    },
    "assert count_Substrings('70610189018', 5) == 1": {
      "result": false,
      "time": 0.03666114807128906,
      "error": null
    },
    "assert count_Substrings('71417376413', 1) == 0": {
      "result": false,
      "time": 0.03460574150085449,
      "error": null
    },
    "assert count_Substrings('40113214700', 8) == 4": {
      "result": false,
      "time": 0.0390777587890625,
      "error": null
    },
    "assert count_Substrings('6453242727', 1) == 0": {
      "result": true,
      "time": 0.03726387023925781,
      "error": null
    },
    "assert count_Substrings('5608611788', 6) == 1": {
      "result": false,
      "time": 0.03638648986816406,
      "error": null
    },
    "assert count_Substrings('0574412136', 8) == 2": {
      "result": true,
      "time": 0.03493475914001465,
      "error": null
    },
    "assert count_Substrings('17009587426', 10) == 1": {
      "result": false,
      "time": 0.04230499267578125,
      "error": null
    },
    "assert count_Substrings('31570', 3) == 1": {
      "result": true,
      "time": 0.029869794845581055,
      "error": null
    },
    "assert count_Substrings('324135', 6) == 1": {
      "result": true,
      "time": 0.0385890007019043,
      "error": null
    },
    "assert count_Substrings('14314612036', 9) == 5": {
      "result": true,
      "time": 0.036765098571777344,
      "error": null
    },
    "assert count_Substrings('0885268203', 5) == 0": {
      "result": false,
      "time": 0.03354644775390625,
      "error": null
    },
    "assert count_Substrings('9521519406', 1) == 0": {
      "result": false,
      "time": 0.03979182243347168,
      "error": null
    },
    "assert count_Substrings('8217', 1) == 0": {
      "result": false,
      "time": 0.03924727439880371,
      "error": null
    },
    "assert count_Substrings('5354500', 7) == 0": {
      "result": true,
      "time": 0.03368210792541504,
      "error": null
    },
    "assert count_Substrings('66127348', 2) == 0": {
      "result": false,
      "time": 0.03551626205444336,
      "error": null
    },
    "assert count_Substrings('33606', 4) == 0": {
      "result": true,
      "time": 0.03548884391784668,
      "error": null
    },
    "assert count_Substrings('34515', 2) == 0": {
      "result": true,
      "time": 0.03590106964111328,
      "error": null
    },
    "assert count_Substrings('893', 1) == 0": {
      "result": true,
      "time": 0.03384113311767578,
      "error": null
    },
    "assert count_Substrings('67727488', 2) == 0": {
      "result": false,
      "time": 0.03407788276672363,
      "error": null
    },
    "assert count_Substrings('050259483', 2) == 0": {
      "result": false,
      "time": 0.03720402717590332,
      "error": null
    },
    "assert count_Substrings('52728', 2) == 0": {
      "result": false,
      "time": 0.04066038131713867,
      "error": null
    },
    "assert count_Substrings('785603', 6) == 0": {
      "result": false,
      "time": 0.0364987850189209,
      "error": null
    },
    "assert count_Substrings('5107731', 7) == 2": {
      "result": false,
      "time": 0.0433201789855957,
      "error": null
    },
    "assert count_Substrings('501358567', 2) == 0": {
      "result": true,
      "time": 0.03000044822692871,
      "error": null
    },
    "assert count_Substrings('53253', 2) == 0": {
      "result": false,
      "time": 0.03583860397338867,
      "error": null
    },
    "assert count_Substrings('97957138', 3) == 0": {
      "result": false,
      "time": 0.0434877872467041,
      "error": null
    },
    "assert count_Substrings('0628', 2) == 0": {
      "result": false,
      "time": 0.038973093032836914,
      "error": null
    },
    "assert count_Substrings('9250', 4) == 0": {
      "result": true,
      "time": 0.03570270538330078,
      "error": null
    },
    "assert count_Substrings('244926025', 7) == 0": {
      "result": false,
      "time": 0.0364072322845459,
      "error": null
    },
    "assert count_Substrings('91967', 5) == 1": {
      "result": false,
      "time": 0.036154747009277344,
      "error": null
    },
    "assert count_Substrings('554117', 3) == 0": {
      "result": true,
      "time": 0.03860306739807129,
      "error": null
    },
    "assert count_Substrings('2152092', 3) == 1": {
      "result": true,
      "time": 0.03210759162902832,
      "error": null
    },
    "assert count_Substrings('377188706', 4) == 1": {
      "result": false,
      "time": 0.04013705253601074,
      "error": null
    },
    "assert count_Substrings('54711534', 4) == 1": {
      "result": false,
      "time": 0.0439906120300293,
      "error": null
    },