{
  "code": "def gcd(a, b):\n    while b != 0:\n        a, b = b, a % b\n    return a\n",
  "results": {
    "assert gcd(12, 17) == 1": {
      "result": true,
      "time": 0.05748724937438965,
      "error": null
    },
    "assert gcd(4,6) == 2": {
      "result": true,
      "time": 0.06731033325195312,
      "error": null
    },
    "assert gcd(2,9) == 1": {
      "result": true,
      "time": 0.05503702163696289,
      "error": null
    },
    "assert gcd(10, 21) == 1": {
      "result": true,
      "time": 0.0691225528717041,
      "error": null
    },
    "assert gcd(11, 13) == 1": {
      "result": true,
      "time": 0.04838228225708008,
      "error": null
    },
    "assert gcd(14, 21) == 7": {
      "result": true,
      "time": 0.057823896408081055,
      "error": null
    },
    "assert gcd(7, 14) == 7": {
      "result": true,
      "time": 0.061290740966796875,
      "error": null
    },
    "assert gcd(9, 14) == 1": {
      "result": true,
      "time": 0.05692028999328613,
      "error": null
    },
    "assert gcd(10, 19) == 1": {
      "result": true,
      "time": 0.060794830322265625,
      "error": null
    },
    "assert gcd(12, 16) == 4": {
      "result": true,
      "time": 0.0502779483795166,
      "error": null
    },
    "assert gcd(8, 19) == 1": {
      "result": true,
      "time": 0.0452120304107666,
      "error": null
    },
    "assert gcd(12, 20) == 4": {
      "result": true,
      "time": 0.050656795501708984,
      "error": null
    },
    "assert gcd(10, 22) == 2": {
      "result": true,
      "time": 0.04270529747009277,
      "error": null
    },
    "assert gcd(10, 12) == 2": {
      "result": true,
      "time": 0.058130741119384766,
      "error": null
    },
    "assert gcd(12, 18) == 6": {
      "result": true,
      "time": 0.061141014099121094,
      "error": null
    },
    "assert gcd(17, 15) == 1": {
      "result": true,
      "time": 0.055100440979003906,
      "error": null
    },
    "assert gcd(10, 20) == 10": {
      "result": true,
      "time": 0.04103565216064453,
      "error": null
    },
    "assert gcd(13, 17) == 1": {
      "result": true,
      "time": 0.07356452941894531,
      "error": null
    },
    "assert gcd(15, 17) == 1": {
      "result": true,
      "time": 0.0543215274810791,
      "error": null
    },
    "assert gcd(15, 12) == 3": {
      "result": true,
      "time": 0.055559635162353516,
      "error": null
    },
    "assert gcd(11, 17) == 1": {
      "result": true,
      "time": 0.05083632469177246,
      "error": null
    },
    "assert gcd(16, 17) == 1": {
      "result": true,
      "time": 0.0647428035736084,
      "error": null
    },
    "assert gcd(11, 20) == 1": {
      "result": true,
      "time": 0.0604555606842041,
      "error": null
    },
    "assert gcd(16, 15) == 1": {
      "result": true,
      "time": 0.06044793128967285,
      "error": null
    },
    "assert gcd(14, 20) == 2": {
      "result": true,
      "time": 0.056324005126953125,
      "error": null
    },
    "assert gcd(9, 20) == 1": {
      "result": true,
      "time": 0.056389570236206055,
      "error": null
    },
    "assert gcd(13, 19) == 1": {
      "result": true,
      "time": 0.06208372116088867,
      "error": null
    },
    "assert gcd(11, 19) == 1": {
      "result": true,
      "time": 0.04390525817871094,
      "error": null
    },
    "assert gcd(12, 14) == 2": {
      "result": true,
      "time": 0.06391692161560059,
      "error": null
    },
    "assert gcd(12, 21) == 3": {
      "result": true,
      "time": 0.04519844055175781,
      "error": null
    },
    "assert gcd(17, 21) == 1": {
      "result": true,
      "time": 0.05623292922973633,
      "error": null
    },
    "assert gcd(8, 15) == 1": {
      "result": true,
      "time": 0.04857802391052246,
      "error": null
    },
    "assert gcd(11, 16) == 1": {
      "result": true,
      "time": 0.04445958137512207,
      "error": null
    },
    "assert gcd(4, 7) == 1": {
      "result": true,
      "time": 0.044594526290893555,
      "error": null
    },
    "assert gcd(7, 6) == 1": {
      "result": true,
      "time": 0.057294607162475586,
      "error": null
    },
    "assert gcd(3, 2) == 1": {
      "result": true,
      "time": 0.056986331939697266,
      "error": null
    },
    "assert gcd(5, 11) == 1": {
      "result": true,
      "time": 0.048070669174194336,
      "error": null
    },
    "assert gcd(9, 7) == 1": {
      "result": true,
      "time": 0.04317283630371094,
      "error": null
    },
    "assert gcd(7, 3) == 1": {
      "result": true,
      "time": 0.06853652000427246,
      "error": null
    },
    "assert gcd(3, 6) == 3": {
      "result": true,
      "time": 0.06154036521911621,
      "error": null
    },
    "assert gcd(3, 3) == 3": {
      "result": true,
      "time": 0.05056166648864746,
      "error": null
    },
    "assert gcd(8, 9) == 1": {
      "result": true,
      "time": 0.05556750297546387,
      "error": null
    },
    "assert gcd(6, 7) == 1": {
      "result": true,
      "time": 0.049817800521850586,
      "error": null
    },
    "assert gcd(7, 4) == 1": {
      "result": true,
      "time": 0.05476498603820801,
      "error": null
    },
    "assert gcd(2, 9) == 1": {
      "result": true,
      "time": 0.05797839164733887,
      "error": null
    },
    "assert gcd(9, 11) == 1": {
      "result": true,
      "time": 0.06316065788269043,
      "error": null
    },
    "assert gcd(9, 8) == 1": {
      "result": true,
      "time": 0.06052589416503906,
      "error": null
    },
    "assert gcd(3, 5) == 1": {
      "result": true,
      "time": 0.05863785743713379,
      "error": null
    },
    "assert gcd(6, 1) == 1": {
      "result": true,
      "time": 0.05868411064147949,
      "error": null
    },
    "assert gcd(1, 3) == 1": {
      "result": true,
      "time": 0.05566763877868652,
      "error": null
    },
    "assert gcd(5, 7) == 1": {
      "result": true,
      "time": 0.05740523338317871,
      "error": null
    },
    "assert gcd(4, 5) == 1": {
      "result": true,
      "time": 0.06621479988098145,
      "error": null
    },
    "assert gcd(6, 9) == 3": {
      "result": true,
      "time": 0.05449867248535156,
      "error": null
    },
    "assert gcd(6, 4) == 2": {
      "result": true,
      "time": 0.05707955360412598,
      "error": null
    },
    "assert gcd(8, 4) == 4": {
      "result": true,
      "time": 0.050920724868774414,
      "error": null
    },
    "assert gcd(8, 2) == 2": {
      "result": true,
      "time": 0.05827069282531738,
      "error": null
    },
    "assert gcd(5, 8) == 1": {
      "result": true,
      "time": 0.049491167068481445,
      "error": null
    },
    "assert gcd(1, 6) == 1": {
      "result": true,
      "time": 0.05399823188781738,
      "error": null
    },
    "assert gcd(8, 6) == 2": {
      "result": true,
      "time": 0.05171847343444824,
      "error": null
    },
    "assert gcd(2, 8) == 2": {
      "result": true,
      "time": 0.05697035789489746,
      "error": null
    },
    "assert gcd(6, 11) == 1": {
      "result": true,
      "time": 0.05315542221069336,
      "error": null
    },
    "assert gcd(2, 2) == 2": {
      "result": true,
      "time": 0.0521085262298584,
      "error": null
    },
    "assert gcd(9, 3) == 3": {
      "result": true,
      "time": 0.049503326416015625,
      "error": null
    },
    "assert gcd(5, 5) == 5": {
      "result": true,
      "time": 0.05914807319641113,
      "error": null
    },
    "assert gcd(1, 8) == 1": {
      "result": true,
      "time": 0.049353837966918945,
      "error": null
    },
    "assert gcd(3, 10) == 1": {
      "result": true,
      "time": 0.05318307876586914,
      "error": null
    },
    "assert gcd(4, 14) == 2": {
      "result": true,
      "time": 0.07001137733459473,
      "error": null
    },
    "assert gcd(1, 14) == 1": {
      "result": true,
      "time": 0.07091784477233887,
      "error": null
    },