{
  "code": "def sum_gp(a, r, n):\n    return a * (1 - r**n) / (1 - r)",
  "results": {
    "assert sum_gp(1,5,2)==31": {
      "result": false,
      "time": 0.033364295959472656,
      "error": null
    },
    "assert sum_gp(1,5,4)==341": {
      "result": false,
      "time": 0.03568100929260254,
      "error": null
    },
    "assert sum_gp(2,6,3)==728": {
      "result": false,
      "time": 0.036260366439819336,
      "error": null
    },
    "assert sum_gp(1, 4, 4) == 85.0": {
      "result": true,
      "time": 0.03257346153259277,
      "error": null
    },
    "assert sum_gp(6, 4, 7) == 2400.0": {
      "result": false,
      "time": 0.03548073768615723,
      "error": null
    },
    "assert sum_gp(3, 2, 6) == 21.0": {
      "result": false,
      "time": 0.035257577896118164,
      "error": null
    },
    "assert sum_gp(6, 2, 4) == 30.0": {
      "result": false,
      "time": 0.03518271446228027,
      "error": null
    },
    "assert sum_gp(5, 3, 2) == 35.0": {
      "result": false,
      "time": 0.03218698501586914,
      "error": null
    },
    "assert sum_gp(1, 4, 6) == 259.0": {
      "result": false,
      "time": 0.03857779502868652,
      "error": null
    },
    "assert sum_gp(6, 4, 2) == 90.0": {
      "result": false,
      "time": 0.0328066349029541,
      "error": null
    },
    "assert sum_gp(2, 2, 7) == 16.0": {
      "result": false,
      "time": 0.03544497489929199,
      "error": null
    },
    "assert sum_gp(1, 3, 4) == 21.0": {
      "result": false,
      "time": 0.03645801544189453,
      "error": null
    },
    "assert sum_gp(4, 6, 3) == 1456.0": {
      "result": false,
      "time": 0.0336911678314209,
      "error": null
    },
    "assert sum_gp(6, 5, 6) == 9330.0": {
      "result": false,
      "time": 0.03232979774475098,
      "error": null
    },
    "assert sum_gp(4, 7, 2) == 508.0": {
      "result": false,
      "time": 0.03263139724731445,
      "error": null
    },
    "assert sum_gp(3, 10, 3) == 88572.0": {
      "result": false,
      "time": 0.041016578674316406,
      "error": null
    },
    "assert sum_gp(6, 3, 6) == 258.0": {
      "result": false,
      "time": 0.033766984939575195,
      "error": null
    },
    "assert sum_gp(1, 5, 2) == 31.0": {
      "result": false,
      "time": 0.03715825080871582,
      "error": null
    },
    "assert sum_gp(2, 2, 5) == 12.0": {
      "result": false,
      "time": 0.033234596252441406,
      "error": null
    },
    "assert sum_gp(4, 9, 6) == 8062156.0": {
      "result": false,
      "time": 0.030150890350341797,
      "error": null
    },
    "assert sum_gp(3, 10, 5) == 7324218.0": {
      "result": false,
      "time": 0.03648853302001953,
      "error": null
    },
    "assert sum_gp(4, 9, 7) == 26902404.0": {
      "result": false,
      "time": 0.03536820411682129,
      "error": null
    },
    "assert sum_gp(5, 10, 2) == 5115.0": {
      "result": false,
      "time": 0.03804612159729004,
      "error": null
    },
    "assert sum_gp(5, 9, 4) == 436905.0": {
      "result": false,
      "time": 0.03997802734375,
      "error": null
    },
    "assert sum_gp(2, 3, 2) == 14.0": {
      "result": false,
      "time": 0.03269457817077637,
      "error": null
    },
    "assert sum_gp(2, 6, 7) == 39216.0": {
      "result": false,
      "time": 0.03775596618652344,
      "error": null
    },
    "assert sum_gp(4, 5, 7) == 11204.0": {
      "result": false,
      "time": 0.032686471939086914,
      "error": null
    },
    "assert sum_gp(2, 10, 4) == 699050.0": {
      "result": false,
      "time": 0.0324711799621582,
      "error": null
    },
    "assert sum_gp(3, 7, 6) == 167961.0": {
      "result": false,
      "time": 0.03285646438598633,
      "error": null
    },
    "assert sum_gp(1, 10, 2) == 1023.0": {
      "result": false,
      "time": 0.030977487564086914,
      "error": null
    },
    "assert sum_gp(1, 5, 5) == 781.0": {
      "result": true,
      "time": 0.03268027305603027,
      "error": null
    },
    "assert sum_gp(4, 2, 2) == 12.0": {
      "result": true,
      "time": 0.03410053253173828,
      "error": null
    },
    "assert sum_gp(6, 4, 6) == 1554.0": {
      "result": false,
      "time": 0.0354616641998291,
      "error": null
    },
    "assert sum_gp(4, 3, 6) == 172.0": {
      "result": false,
      "time": 0.02847456932067871,
      "error": null
    },
    "assert sum_gp(2, 10, 3) == 59048.0": {
      "result": false,
      "time": 0.031800031661987305,
      "error": null
    },
    "assert sum_gp(4, 4, 8) == 2340.0": {
      "result": false,
      "time": 0.0349273681640625,
      "error": null
    },
    "assert sum_gp(4, 5, 5) == 3124.0": {
      "result": true,
      "time": 0.03258919715881348,
      "error": null
    },
    "assert sum_gp(1, 6, 6) == 9331.0": {
      "result": true,
      "time": 0.028364896774291992,
      "error": null
    },
    "assert sum_gp(3, 5, 5) == 2343.0": {
      "result": true,
      "time": 0.037973880767822266,
      "error": null
    },
    "assert sum_gp(3, 5, 3) == 363.0": {
      "result": false,
      "time": 0.03497934341430664,
      "error": null
    },
    "assert sum_gp(4, 8, 6) == 1343692.0": {
      "result": false,
      "time": 0.0349273681640625,
      "error": null
    },
    "assert sum_gp(2, 6, 8) == 74898.0": {
      "result": false,
      "time": 0.03389143943786621,
      "error": null
    },
    "assert sum_gp(1, 10, 5) == 2441406.0": {
      "result": false,
      "time": 0.028846025466918945,
      "error": null
    },
    "assert sum_gp(3, 1, 5) == 3.0": {
      "result": false,
      "time": 0.03230762481689453,
      "error": null
    },
    "assert sum_gp(3, 7, 4) == 16383.0": {
      "result": false,
      "time": 0.03261518478393555,
      "error": null
    },
    "assert sum_gp(2, 9, 9) == 96855122.0": {
      "result": true,
      "time": 0.03320884704589844,
      "error": null
    },
    "assert sum_gp(5, 7, 8) == 1497965.0": {
      "result": false,
      "time": 0.03292584419250488,
      "error": null
    },
    "assert sum_gp(1, 9, 2) == 511.0": {
      "result": false,
      "time": 0.032119035720825195,
      "error": null
    },
    "assert sum_gp(4, 10, 7) == 188316832.0": {
      "result": false,
      "time": 0.034259796142578125,
      "error": null
    },
    "assert sum_gp(6, 8, 2) == 1530.0": {
      "result": false,
      "time": 0.02888655662536621,
      "error": null
    },
    "assert sum_gp(5, 6, 2) == 315.0": {
      "result": false,
      "time": 0.034081459045410156,
      "error": null
    },
    "assert sum_gp(4, 9, 5) == 1953124.0": {
      "result": false,
      "time": 0.034879207611083984,
      "error": null
    },
    "assert sum_gp(5, 1, 9) == 5.0": {
      "result": false,
      "time": 0.035872459411621094,
      "error": null
    },
    "assert sum_gp(1, 5, 3) == 121.0": {
      "result": false,
      "time": 0.03596210479736328,
      "error": null
    },
    "assert sum_gp(4, 10, 3) == 118096.0": {
      "result": false,
      "time": 0.034559011459350586,
      "error": null
    },
    "assert sum_gp(2, 1, 2) == 2.0": {
      "result": false,
      "time": 0.04429006576538086,
      "error": null
    },
    "assert sum_gp(2, 1, 5) == 2.0": {
      "result": false,
      "time": 0.03799271583557129,
      "error": null
    },
    "assert sum_gp(5, 7, 9) == 2989355.0": {
      "result": false,
      "time": 0.03320026397705078,
      "error": null
    },
    "assert sum_gp(1, 5, 7) == 2801.0": {
      "result": false,
      "time": 0.03948235511779785,
      "error": null
    },
    "assert sum_gp(4, 1, 9) == 4.0": {
      "result": false,
      "time": 0.035318613052368164,
      "error": null
    },
    "assert sum_gp(1, 6, 7) == 19608.0": {
      "result": false,
      "time": 0.030223369598388672,
      "error": null
    },
    "assert sum_gp(6, 5, 8) == 28086.0": {
      "result": false,
      "time": 0.04043984413146973,
      "error": null
    },