{
  "code": "def sub_list(list1, list2):\n    return list(map(lambda x, y: x - y, list1, list2))\n",
  "results": {
    "assert sub_list([1, 2, 3],[4,5,6])==[-3,-3,-3]": {
      "result": true,
      "time": 0.035982608795166016,
      "error": null
    },
    "assert sub_list([1,2],[3,4])==[-2,-2]": {
      "result": true,
      "time": 0.036774396896362305,
      "error": null
    },
    "assert sub_list([90,120],[50,70])==[40,50]": {
      "result": true,
      "time": 0.03576827049255371,
      "error": null
    },
    "assert sub_list([2, 2, 6], [4, 1, 3]) == [-2, 1, 3]": {
      "result": true,
      "time": 0.041290283203125,
      "error": null
    },
    "assert sub_list([1, 5, 3], [5, 6, 7]) == [-4, -1, -4]": {
      "result": true,
      "time": 0.03992295265197754,
      "error": null
    },
    "assert sub_list([3, 5, 4], [6, 3, 3]) == [-3, 2, 1]": {
      "result": true,
      "time": 0.0332794189453125,
      "error": null
    },
    "assert sub_list([1, 2, 2], [7, 9, 6]) == [-6, -7, -4]": {
      "result": true,
      "time": 0.04377245903015137,
      "error": null
    },
    "assert sub_list([5, 1, 3], [7, 1, 5]) == [-2, 0, -2]": {
      "result": true,
      "time": 0.044297218322753906,
      "error": null
    },
    "assert sub_list([3, 2, 7], [6, 3, 4]) == [-3, -1, 3]": {
      "result": true,
      "time": 0.04215574264526367,
      "error": null
    },
    "assert sub_list([5, 7, 1], [3, 3, 2]) == [2, 4, -1]": {
      "result": true,
      "time": 0.03403139114379883,
      "error": null
    },
    "assert sub_list([4, 2, 8], [7, 1, 6]) == [-3, 1, 2]": {
      "result": true,
      "time": 0.03496098518371582,
      "error": null
    },
    "assert sub_list([1, 7, 7], [1, 7, 3]) == [0, 0, 4]": {
      "result": true,
      "time": 0.04353523254394531,
      "error": null
    },
    "assert sub_list([1, 2, 8], [4, 9, 3]) == [-3, -7, 5]": {
      "result": true,
      "time": 0.04992389678955078,
      "error": null
    },
    "assert sub_list([3, 6, 1], [8, 3, 9]) == [-5, 3, -8]": {
      "result": true,
      "time": 0.039945363998413086,
      "error": null
    },
    "assert sub_list([2, 1, 4], [6, 1, 9]) == [-4, 0, -5]": {
      "result": true,
      "time": 0.04534125328063965,
      "error": null
    },
    "assert sub_list([3, 1, 3], [3, 9, 9]) == [0, -8, -6]": {
      "result": true,
      "time": 0.05165457725524902,
      "error": null
    },
    "assert sub_list([2, 2, 3], [2, 7, 11]) == [0, -5, -8]": {
      "result": true,
      "time": 0.036116600036621094,
      "error": null
    },
    "assert sub_list([5, 1, 1], [2, 10, 4]) == [3, -9, -3]": {
      "result": true,
      "time": 0.04513359069824219,
      "error": null
    },
    "assert sub_list([6, 6, 2], [1, 8, 11]) == [5, -2, -9]": {
      "result": true,
      "time": 0.03687477111816406,
      "error": null
    },
    "assert sub_list([1, 1, 3], [5, 1, 9]) == [-4, 0, -6]": {
      "result": true,
      "time": 0.04392886161804199,
      "error": null
    },
    "assert sub_list([3, 3, 8], [1, 7, 8]) == [2, -4, 0]": {
      "result": true,
      "time": 0.040762901306152344,
      "error": null
    },
    "assert sub_list([1, 6, 7], [4, 1, 9]) == [-3, 5, -2]": {
      "result": true,
      "time": 0.03914666175842285,
      "error": null
    },
    "assert sub_list([1, 2, 2], [9, 8, 6]) == [-8, -6, -4]": {
      "result": true,
      "time": 0.04706168174743652,
      "error": null
    },
    "assert sub_list([6, 7, 4], [1, 9, 6]) == [5, -2, -2]": {
      "result": true,
      "time": 0.050195932388305664,
      "error": null
    },
    "assert sub_list([3, 3, 8], [9, 5, 8]) == [-6, -2, 0]": {
      "result": true,
      "time": 0.04349231719970703,
      "error": null
    },
    "assert sub_list([5, 6, 7], [2, 2, 9]) == [3, 4, -2]": {
      "result": true,
      "time": 0.04821014404296875,
      "error": null
    },
    "assert sub_list([5, 6, 7], [5, 5, 6]) == [0, 1, 1]": {
      "result": true,
      "time": 0.038274288177490234,
      "error": null
    },
    "assert sub_list([1, 2, 2], [3, 1, 2]) == [-2, 1, 0]": {
      "result": true,
      "time": 0.04471731185913086,
      "error": null
    },
    "assert sub_list([2, 7, 7], [2, 9, 2]) == [0, -2, 5]": {
      "result": true,
      "time": 0.03559303283691406,
      "error": null
    },
    "assert sub_list([3, 7, 8], [5, 9, 11]) == [-2, -2, -3]": {
      "result": true,
      "time": 0.04565834999084473,
      "error": null
    },
    "assert sub_list([2, 6, 4], [3, 1, 4]) == [-1, 5, 0]": {
      "result": true,
      "time": 0.028980493545532227,
      "error": null
    },
    "assert sub_list([6, 2, 6], [4, 7, 7]) == [2, -5, -1]": {
      "result": true,
      "time": 0.04764556884765625,
      "error": null
    },
    "assert sub_list([1, 6, 2], [9, 1, 6]) == [-8, 5, -4]": {
      "result": true,
      "time": 0.04103851318359375,
      "error": null
    },
    "assert sub_list([1, 5, 7], [1, 5, 2]) == [0, 0, 5]": {
      "result": true,
      "time": 0.04051613807678223,
      "error": null
    },
    "assert sub_list([1, 2, 7], [8, 5, 3]) == [-7, -3, 4]": {
      "result": true,
      "time": 0.033826351165771484,
      "error": null
    },
    "assert sub_list([2, 7, 1], [5, 5, 8]) == [-3, 2, -7]": {
      "result": true,
      "time": 0.045052289962768555,
      "error": null
    },
    "assert sub_list([5, 6], [4, 8]) == [1, -2]": {
      "result": true,
      "time": 0.036188602447509766,
      "error": null
    },
    "assert sub_list([2, 6], [3, 9]) == [-1, -3]": {
      "result": true,
      "time": 0.039476633071899414,
      "error": null
    },
    "assert sub_list([5, 3], [6, 2]) == [-1, 1]": {
      "result": true,
      "time": 0.0435175895690918,
      "error": null
    },
    "assert sub_list([3, 5], [3, 5]) == [0, 0]": {
      "result": true,
      "time": 0.037665367126464844,
      "error": null
    },
    "assert sub_list([4, 6], [3, 6]) == [1, 0]": {
      "result": true,
      "time": 0.03960442543029785,
      "error": null
    },
    "assert sub_list([6, 3], [7, 6]) == [-1, -3]": {
      "result": true,
      "time": 0.038709402084350586,
      "error": null
    },
    "assert sub_list([3, 2], [2, 6]) == [1, -4]": {
      "result": true,
      "time": 0.04557466506958008,
      "error": null
    },
    "assert sub_list([4, 6], [1, 1]) == [3, 5]": {
      "result": true,
      "time": 0.045037031173706055,
      "error": null
    },
    "assert sub_list([1, 2], [1, 1]) == [0, 1]": {
      "result": true,
      "time": 0.038197994232177734,
      "error": null
    },
    "assert sub_list([1, 3], [6, 8]) == [-5, -5]": {
      "result": true,
      "time": 0.046460866928100586,
      "error": null
    },
    "assert sub_list([2, 2], [7, 6]) == [-5, -4]": {
      "result": true,
      "time": 0.03741598129272461,
      "error": null
    },
    "assert sub_list([1, 6], [3, 6]) == [-2, 0]": {
      "result": true,
      "time": 0.03938174247741699,
      "error": null
    },
    "assert sub_list([3, 2], [3, 7]) == [0, -5]": {
      "result": true,
      "time": 0.04278731346130371,
      "error": null
    },
    "assert sub_list([2, 2], [4, 1]) == [-2, 1]": {
      "result": true,
      "time": 0.04105734825134277,
      "error": null
    },
    "assert sub_list([3, 2], [7, 7]) == [-4, -5]": {
      "result": true,
      "time": 0.03801751136779785,
      "error": null
    },
    "assert sub_list([4, 7], [8, 8]) == [-4, -1]": {
      "result": true,
      "time": 0.0389409065246582,
      "error": null
    },
    "assert sub_list([3, 6], [1, 6]) == [2, 0]": {
      "result": true,
      "time": 0.03799700736999512,
      "error": null
    },
    "assert sub_list([1, 7], [1, 6]) == [0, 1]": {
      "result": true,
      "time": 0.03466033935546875,
      "error": null
    },
    "assert sub_list([3, 3], [4, 7]) == [-1, -4]": {
      "result": true,
      "time": 0.04337882995605469,
      "error": null
    },