{
  "code": "def zero_count(nums):\n    zero_count = nums.count(0)\n    total_count = len(nums)\n    ratio = zero_count / total_count\n    return ratio",
  "results": {
    "assert zero_count([0, 1, 2, -1, -5, 6, 0, -3, -2, 3, 4, 6, 8])==0.15": {
      "result": false,
      "time": 0.0343165397644043,
      "error": null
    },
    "assert zero_count([2, 1, 2, -1, -5, 6, 4, -3, -2, 3, 4, 6, 8])==0.00": {
      "result": true,
      "time": 0.041883230209350586,
      "error": null
    },
    "assert zero_count([2, 4, -6, -9, 11, -12, 14, -5, 17])==0.00": {
      "result": true,
      "time": 0.034189462661743164,
      "error": null
    },
    "assert zero_count([1, 4, 2, -3, -5, 7, 5, -6, 1, 8, 3, 8, 9]) == 0.0": {
      "result": true,
      "time": 0.02840733528137207,
      "error": null
    },
    "assert zero_count([5, 5, 5, -1, -6, 11, 1, -1, -2, 5, 8, 4, 7]) == 0.0": {
      "result": true,
      "time": 0.036331892013549805,
      "error": null
    },
    "assert zero_count([4, 6, 7, -1, -9, 1, 1, -8, 3, 6, 8, 5, 4]) == 0.0": {
      "result": true,
      "time": 0.03288626670837402,
      "error": null
    },
    "assert zero_count([1, 1, 4, 2, -1, 10, 1, -2, 2, 6, 3, 1, 3]) == 0.0": {
      "result": true,
      "time": 0.03608965873718262,
      "error": null
    },
    "assert zero_count([4, 3, 5, 3, -4, 8, 3, 2, -2, 5, 5, 3, 9]) == 0.0": {
      "result": true,
      "time": 0.041536569595336914,
      "error": null
    },
    "assert zero_count([3, 2, 6, -3, -5, 1, 3, -1, -3, 5, 3, 8, 6]) == 0.0": {
      "result": true,
      "time": 0.04262661933898926,
      "error": null
    },
    "assert zero_count([4, 5, 1, -6, -2, 5, 5, -8, 1, 7, 4, 6, 4]) == 0.0": {
      "result": true,
      "time": 0.03981733322143555,
      "error": null
    },
    "assert zero_count([2, 1, 7, -6, -10, 9, 2, -5, -4, 4, 4, 11, 4]) == 0.0": {
      "result": true,
      "time": 0.03419041633605957,
      "error": null
    },
    "assert zero_count([4, 5, 2, 2, -1, 7, 2, -7, 3, 3, 8, 6, 4]) == 0.0": {
      "result": true,
      "time": 0.037178993225097656,
      "error": null
    },
    "assert zero_count([2, 6, 1, 1, 0, 5, 5, -3, 3, 4, 4, 4, 12]) == 0.08": {
      "result": false,
      "time": 0.035158395767211914,
      "error": null
    },
    "assert zero_count([4, 5, 5, -3, 0, 4, 3, -8, -5, 2, 5, 9, 9]) == 0.08": {
      "result": false,
      "time": 0.03382110595703125,
      "error": null
    },
    "assert zero_count([1, 2, 6, 0, -5, 7, 3, -3, -6, 3, 8, 4, 5]) == 0.08": {
      "result": false,
      "time": 0.03510332107543945,
      "error": null
    },
    "assert zero_count([4, 5, 5, -6, -1, 10, 1, -4, -2, 7, 1, 3, 5]) == 0.0": {
      "result": true,
      "time": 0.04021501541137695,
      "error": null
    },
    "assert zero_count([5, 2, 4, -5, -10, 2, 5, -1, -7, 1, 5, 10, 6]) == 0.0": {
      "result": true,
      "time": 0.03375744819641113,
      "error": null
    },
    "assert zero_count([5, 3, 4, -3, -5, 2, 4, -1, -6, 5, 3, 7, 4]) == 0.0": {
      "result": true,
      "time": 0.033570289611816406,
      "error": null
    },
    "assert zero_count([3, 4, 6, -6, 0, 8, 1, -8, 3, 8, 8, 9, 11]) == 0.08": {
      "result": false,
      "time": 0.03707289695739746,
      "error": null
    },
    "assert zero_count([2, 4, 4, -2, -6, 3, 1, -6, -1, 2, 4, 6, 13]) == 0.0": {
      "result": true,
      "time": 0.03229951858520508,
      "error": null
    },
    "assert zero_count([4, 2, 2, 4, -8, 1, 5, 2, -5, 6, 9, 1, 11]) == 0.0": {
      "result": true,
      "time": 0.0379335880279541,
      "error": null
    },
    "assert zero_count([1, 5, 3, 0, -10, 6, 3, -8, -3, 5, 5, 7, 10]) == 0.08": {
      "result": false,
      "time": 0.035227298736572266,
      "error": null
    },
    "assert zero_count([2, 3, 6, 3, -8, 4, 4, -3, -3, 7, 4, 9, 9]) == 0.0": {
      "result": true,
      "time": 0.03456521034240723,
      "error": null
    },
    "assert zero_count([4, 1, 3, -2, -9, 3, 3, 2, -1, 4, 3, 8, 11]) == 0.0": {
      "result": true,
      "time": 0.04385638236999512,
      "error": null
    },
    "assert zero_count([3, 3, 2, -3, -10, 8, 3, -8, 0, 7, 1, 2, 8]) == 0.08": {
      "result": false,
      "time": 0.03706932067871094,
      "error": null
    },
    "assert zero_count([2, 2, 3, 1, -3, 2, 1, -8, 3, 6, 6, 6, 10]) == 0.0": {
      "result": true,
      "time": 0.031690359115600586,
      "error": null
    },
    "assert zero_count([3, 4, 7, 2, -6, 6, 1, -8, 0, 1, 3, 5, 6]) == 0.08": {
      "result": false,
      "time": 0.04204392433166504,
      "error": null
    },
    "assert zero_count([1, 5, 1, -5, -8, 11, 1, -5, -5, 5, 1, 5, 11]) == 0.0": {
      "result": true,
      "time": 0.03362464904785156,
      "error": null
    },
    "assert zero_count([4, 1, 4, -6, -9, 4, 4, -3, -7, 3, 5, 7, 3]) == 0.0": {
      "result": true,
      "time": 0.039789676666259766,
      "error": null
    },
    "assert zero_count([5, 4, 4, 4, -10, 3, 1, -5, -3, 2, 1, 4, 11]) == 0.0": {
      "result": true,
      "time": 0.04179263114929199,
      "error": null
    },
    "assert zero_count([5, 1, 5, -4, -1, 8, 2, -7, -7, 7, 2, 5, 6]) == 0.0": {
      "result": true,
      "time": 0.03679680824279785,
      "error": null
    },
    "assert zero_count([1, 6, 7, -4, -4, 10, 3, -2, 1, 7, 8, 3, 10]) == 0.0": {
      "result": true,
      "time": 0.032155752182006836,
      "error": null
    },
    "assert zero_count([3, 5, 1, -2, -6, 10, 4, -5, -2, 8, 5, 10, 7]) == 0.0": {
      "result": true,
      "time": 0.036461830139160156,
      "error": null
    },
    "assert zero_count([3, 6, 6, 4, -4, 11, 1, 1, -5, 1, 9, 11, 4]) == 0.0": {
      "result": true,
      "time": 0.03160810470581055,
      "error": null
    },
    "assert zero_count([3, 5, 6, 4, -6, 4, 5, -7, 1, 3, 1, 4, 3]) == 0.0": {
      "result": true,
      "time": 0.03269696235656738,
      "error": null
    },
    "assert zero_count([4, 5, 7, 4, -3, 9, 2, 1, 3, 7, 2, 1, 9]) == 0.0": {
      "result": true,
      "time": 0.038041114807128906,
      "error": null
    },
    "assert zero_count([2, 4, 6, -5, -1, 11, 2, -8, -1, 1, 8, 8, 10]) == 0.0": {
      "result": true,
      "time": 0.04031062126159668,
      "error": null
    },
    "assert zero_count([7, 2, 4, -5, -1, 1, 3, -3, 1, 1, 9, 2, 11]) == 0.0": {
      "result": true,
      "time": 0.034155845642089844,
      "error": null
    },
    "assert zero_count([5, 1, 5, 2, -6, 10, 6, -1, 1, 8, 2, 1, 3]) == 0.0": {
      "result": true,
      "time": 0.04012942314147949,
      "error": null
    },
    "assert zero_count([6, 6, 7, 4, -6, 2, 2, 2, -5, 1, 6, 3, 13]) == 0.0": {
      "result": true,
      "time": 0.030979633331298828,
      "error": null
    },
    "assert zero_count([1, 5, 5, 4, -1, 9, 9, 1, 2, 6, 1, 9, 10]) == 0.0": {
      "result": true,
      "time": 0.035018205642700195,
      "error": null
    },
    "assert zero_count([4, 5, 7, -5, -10, 10, 1, 0, -3, 1, 2, 4, 12]) == 0.08": {
      "result": false,
      "time": 0.035407304763793945,
      "error": null
    },
    "assert zero_count([6, 2, 6, 1, -3, 7, 3, -8, 2, 2, 2, 4, 11]) == 0.0": {
      "result": true,
      "time": 0.028447628021240234,
      "error": null
    },
    "assert zero_count([5, 6, 3, 0, -6, 1, 9, -4, -4, 4, 5, 3, 3]) == 0.08": {
      "result": false,
      "time": 0.03711724281311035,
      "error": null
    },
    "assert zero_count([4, 2, 7, -3, -1, 7, 8, 1, -7, 5, 4, 8, 4]) == 0.0": {
      "result": true,
      "time": 0.033792734146118164,
      "error": null
    },
    "assert zero_count([6, 1, 5, 3, -3, 11, 4, -5, 2, 1, 1, 3, 12]) == 0.0": {
      "result": true,
      "time": 0.03726482391357422,
      "error": null
    },
    "assert zero_count([1, 3, 5, -2, -2, 8, 8, -7, -4, 3, 3, 3, 3]) == 0.0": {
      "result": true,
      "time": 0.03577423095703125,
      "error": null
    },
    "assert zero_count([2, 4, 6, -3, -6, 4, 1, 1, -6, 1, 1, 3, 11]) == 0.0": {
      "result": true,
      "time": 0.04321432113647461,