{
  "code": "def position_min(lst):\n    min_val = min(lst)\n    positions = [i for i, x in enumerate(lst) if x == min_val]\n    return positions\n",
  "results": {
    "assert position_min([12,33,23,10,67,89,45,667,23,12,11,10,54])==[3,11]": {
      "result": true,
      "time": 0.04230451583862305,
      "error": null
    },
    "assert position_min([1,2,2,2,4,4,4,5,5,5,5])==[0]": {
      "result": true,
      "time": 0.030478239059448242,
      "error": null
    },
    "assert position_min([2,1,5,6,8,3,4,9,10,11,8,12])==[1]": {
      "result": true,
      "time": 0.036789655685424805,
      "error": null
    },
    "assert position_min([16, 31, 24, 5, 72, 86, 43, 664, 18, 7, 7, 7, 58]) == [3]": {
      "result": true,
      "time": 0.033267974853515625,
      "error": null
    },
    "assert position_min([7, 36, 26, 5, 72, 93, 44, 664, 23, 9, 11, 9, 50]) == [3]": {
      "result": true,
      "time": 0.03273630142211914,
      "error": null
    },
    "assert position_min([13, 33, 20, 9, 66, 87, 47, 669, 23, 16, 11, 15, 56]) == [3]": {
      "result": true,
      "time": 0.03920340538024902,
      "error": null
    },
    "assert position_min([11, 38, 21, 8, 69, 94, 40, 665, 23, 7, 6, 15, 52]) == [10]": {
      "result": true,
      "time": 0.041124582290649414,
      "error": null
    },
    "assert position_min([15, 28, 22, 13, 65, 90, 44, 669, 18, 11, 16, 9, 52]) == [11]": {
      "result": true,
      "time": 0.03214621543884277,
      "error": null
    },
    "assert position_min([12, 32, 27, 7, 69, 92, 48, 667, 26, 12, 14, 5, 56]) == [11]": {
      "result": true,
      "time": 0.041771650314331055,
      "error": null
    },
    "assert position_min([8, 33, 19, 14, 69, 94, 44, 664, 27, 16, 8, 10, 50]) == [0, 10]": {
      "result": true,
      "time": 0.03592538833618164,
      "error": null
    },
    "assert position_min([10, 31, 26, 9, 69, 93, 42, 666, 27, 10, 9, 6, 51]) == [11]": {
      "result": true,
      "time": 0.03348422050476074,
      "error": null
    },
    "assert position_min([9, 38, 28, 8, 72, 94, 42, 670, 18, 17, 8, 12, 58]) == [3, 10]": {
      "result": true,
      "time": 0.039044857025146484,
      "error": null
    },
    "assert position_min([15, 28, 20, 13, 67, 89, 49, 668, 19, 17, 13, 14, 57]) == [3, 10]": {
      "result": true,
      "time": 0.03589010238647461,
      "error": null
    },
    "assert position_min([8, 30, 19, 11, 62, 87, 50, 666, 21, 17, 14, 15, 59]) == [0]": {
      "result": true,
      "time": 0.03594326972961426,
      "error": null
    },
    "assert position_min([17, 37, 19, 8, 66, 85, 41, 666, 25, 15, 7, 10, 49]) == [10]": {
      "result": true,
      "time": 0.043756723403930664,
      "error": null
    },
    "assert position_min([15, 28, 24, 9, 68, 93, 49, 662, 28, 17, 14, 6, 53]) == [11]": {
      "result": true,
      "time": 0.03894996643066406,
      "error": null
    },
    "assert position_min([17, 31, 23, 5, 68, 93, 50, 664, 27, 16, 10, 8, 59]) == [3]": {
      "result": true,
      "time": 0.033431053161621094,
      "error": null
    },
    "assert position_min([17, 30, 21, 5, 64, 89, 45, 665, 26, 7, 9, 15, 51]) == [3]": {
      "result": true,
      "time": 0.03370070457458496,
      "error": null
    },
    "assert position_min([11, 33, 26, 15, 62, 91, 48, 663, 21, 16, 7, 14, 58]) == [10]": {
      "result": true,
      "time": 0.037676095962524414,
      "error": null
    },
    "assert position_min([16, 35, 22, 8, 62, 93, 41, 662, 26, 13, 11, 12, 51]) == [3]": {
      "result": true,
      "time": 0.033875226974487305,
      "error": null
    },
    "assert position_min([15, 29, 27, 11, 63, 93, 49, 668, 28, 8, 8, 12, 56]) == [9, 10]": {
      "result": true,
      "time": 0.04121804237365723,
      "error": null
    },
    "assert position_min([14, 37, 22, 9, 63, 85, 50, 666, 18, 9, 9, 12, 58]) == [3, 9, 10]": {
      "result": true,
      "time": 0.037539005279541016,
      "error": null
    },
    "assert position_min([15, 31, 20, 15, 64, 93, 42, 671, 22, 14, 16, 9, 49]) == [11]": {
      "result": true,
      "time": 0.042059898376464844,
      "error": null
    },
    "assert position_min([17, 30, 22, 12, 71, 87, 42, 665, 21, 11, 15, 14, 54]) == [9]": {
      "result": true,
      "time": 0.035633087158203125,
      "error": null
    },
    "assert position_min([12, 31, 22, 10, 71, 89, 45, 663, 26, 17, 16, 14, 53]) == [3]": {
      "result": true,
      "time": 0.03833436965942383,
      "error": null
    },
    "assert position_min([7, 32, 24, 12, 63, 93, 48, 665, 27, 15, 14, 15, 57]) == [0]": {
      "result": true,
      "time": 0.032921552658081055,
      "error": null
    },
    "assert position_min([13, 31, 18, 8, 69, 92, 49, 668, 26, 8, 15, 15, 56]) == [3, 9]": {
      "result": true,
      "time": 0.0399627685546875,
      "error": null
    },
    "assert position_min([12, 38, 23, 6, 66, 90, 40, 666, 19, 9, 13, 11, 58]) == [3]": {
      "result": true,
      "time": 0.036208391189575195,
      "error": null
    },
    "assert position_min([14, 35, 20, 5, 62, 93, 50, 667, 18, 8, 10, 11, 59]) == [3]": {
      "result": true,
      "time": 0.04639911651611328,
      "error": null
    },
    "assert position_min([15, 33, 24, 7, 62, 91, 42, 666, 27, 8, 13, 14, 54]) == [3]": {
      "result": true,
      "time": 0.03499197959899902,
      "error": null
    },
    "assert position_min([11, 33, 28, 5, 68, 91, 42, 664, 24, 17, 10, 7, 49]) == [3]": {
      "result": true,
      "time": 0.036254167556762695,
      "error": null
    },
    "assert position_min([15, 34, 19, 5, 68, 91, 45, 664, 24, 7, 12, 8, 50]) == [3]": {
      "result": true,
      "time": 0.03640556335449219,
      "error": null
    },
    "assert position_min([10, 29, 22, 15, 65, 85, 47, 666, 25, 9, 14, 8, 51]) == [11]": {
      "result": true,
      "time": 0.03211474418640137,
      "error": null
    },
    "assert position_min([14, 32, 25, 13, 65, 84, 50, 671, 24, 10, 11, 14, 56]) == [9]": {
      "result": true,
      "time": 0.029874086380004883,
      "error": null
    },
    "assert position_min([14, 32, 25, 12, 70, 88, 50, 666, 26, 17, 13, 15, 50]) == [3]": {
      "result": true,
      "time": 0.03480839729309082,
      "error": null
    },
    "assert position_min([15, 34, 23, 15, 63, 84, 46, 672, 25, 12, 10, 7, 50]) == [11]": {
      "result": true,
      "time": 0.029766082763671875,
      "error": null
    },
    "assert position_min([4, 3, 6, 7, 9, 4, 7, 3, 6, 3, 9]) == [1, 7, 9]": {
      "result": true,
      "time": 0.03513169288635254,
      "error": null
    },
    "assert position_min([5, 5, 2, 3, 9, 8, 5, 4, 6, 9, 5]) == [2]": {
      "result": true,
      "time": 0.03238630294799805,
      "error": null
    },
    "assert position_min([2, 2, 6, 7, 5, 9, 4, 9, 5, 2, 3]) == [0, 1, 9]": {
      "result": true,
      "time": 0.03900408744812012,
      "error": null
    },
    "assert position_min([2, 6, 2, 5, 2, 5, 7, 9, 6, 8, 7]) == [0, 2, 4]": {
      "result": true,
      "time": 0.03068709373474121,
      "error": null
    },
    "assert position_min([5, 4, 6, 5, 4, 4, 8, 2, 9, 9, 4]) == [7]": {
      "result": true,
      "time": 0.03146052360534668,
      "error": null
    },
    "assert position_min([1, 6, 2, 1, 7, 9, 2, 3, 3, 10, 10]) == [0, 3]": {
      "result": true,
      "time": 0.03257465362548828,
      "error": null
    },
    "assert position_min([1, 7, 5, 3, 3, 3, 5, 3, 3, 9, 1]) == [0, 10]": {
      "result": true,
      "time": 0.03157949447631836,
      "error": null
    },
    "assert position_min([4, 1, 6, 2, 9, 2, 8, 9, 7, 1, 6]) == [1, 9]": {
      "result": true,
      "time": 0.031823158264160156,
      "error": null
    },
    "assert position_min([2, 3, 6, 3, 9, 3, 3, 2, 4, 7, 6]) == [0, 7]": {
      "result": true,
      "time": 0.03443336486816406,
      "error": null
    },
    "assert position_min([1, 4, 5, 7, 2, 4, 7, 7, 4, 3, 6]) == [0]": {
      "result": true,
      "time": 0.03377103805541992,
      "error": null
    },