{
  "code": "def frequency(arr, num):\n    return arr.count(num)\n",
  "results": {
    "assert frequency([1,2,3],4) == 0": {
      "result": true,
      "time": 0.03205442428588867,
      "error": null
    },
    "assert frequency([1,2,2,3,3,3,4],3) == 3": {
      "result": true,
      "time": 0.03986072540283203,
      "error": null
    },
    "assert frequency([0,1,2,3,1,2],1) == 2": {
      "result": true,
      "time": 0.04068636894226074,
      "error": null
    },
    "assert frequency([1, 1, 7], 2) == 0": {
      "result": true,
      "time": 0.03392386436462402,
      "error": null
    },
    "assert frequency([6, 6, 4], 9) == 0": {
      "result": true,
      "time": 0.035317420959472656,
      "error": null
    },
    "assert frequency([3, 1, 6], 6) == 1": {
      "result": true,
      "time": 0.03485608100891113,
      "error": null
    },
    "assert frequency([4, 3, 6], 5) == 0": {
      "result": true,
      "time": 0.04315352439880371,
      "error": null
    },
    "assert frequency([5, 4, 1], 4) == 1": {
      "result": true,
      "time": 0.03790116310119629,
      "error": null
    },
    "assert frequency([5, 6, 2], 8) == 0": {
      "result": true,
      "time": 0.03114938735961914,
      "error": null
    },
    "assert frequency([5, 4, 4], 9) == 0": {
      "result": true,
      "time": 0.03902745246887207,
      "error": null
    },
    "assert frequency([1, 6, 8], 6) == 1": {
      "result": true,
      "time": 0.03711366653442383,
      "error": null
    },
    "assert frequency([2, 7, 1], 2) == 1": {
      "result": true,
      "time": 0.03251791000366211,
      "error": null
    },
    "assert frequency([4, 1, 1], 3) == 0": {
      "result": true,
      "time": 0.03679537773132324,
      "error": null
    },
    "assert frequency([5, 4, 5], 2) == 0": {
      "result": true,
      "time": 0.04152369499206543,
      "error": null
    },
    "assert frequency([3, 1, 3], 8) == 0": {
      "result": true,
      "time": 0.03277015686035156,
      "error": null
    },
    "assert frequency([3, 7, 3], 3) == 2": {
      "result": true,
      "time": 0.02917957305908203,
      "error": null
    },
    "assert frequency([4, 6, 1], 7) == 0": {
      "result": true,
      "time": 0.032520294189453125,
      "error": null
    },
    "assert frequency([5, 6, 5], 7) == 0": {
      "result": true,
      "time": 0.03304481506347656,
      "error": null
    },
    "assert frequency([1, 1, 3], 5) == 0": {
      "result": true,
      "time": 0.041123390197753906,
      "error": null
    },
    "assert frequency([1, 5, 6], 1) == 1": {
      "result": true,
      "time": 0.03542804718017578,
      "error": null
    },
    "assert frequency([2, 2, 7], 2) == 2": {
      "result": true,
      "time": 0.03439044952392578,
      "error": null
    },
    "assert frequency([3, 5, 7], 3) == 1": {
      "result": true,
      "time": 0.03549766540527344,
      "error": null
    },
    "assert frequency([5, 7, 6], 5) == 1": {
      "result": true,
      "time": 0.0347745418548584,
      "error": null
    },
    "assert frequency([4, 7, 4], 5) == 0": {
      "result": true,
      "time": 0.031920671463012695,
      "error": null
    },
    "assert frequency([3, 1, 5], 8) == 0": {
      "result": true,
      "time": 0.03828287124633789,
      "error": null
    },
    "assert frequency([5, 3, 2], 2) == 1": {
      "result": true,
      "time": 0.038199424743652344,
      "error": null
    },
    "assert frequency([1, 7, 4], 6) == 0": {
      "result": true,
      "time": 0.034208059310913086,
      "error": null
    },
    "assert frequency([5, 4, 8], 5) == 1": {
      "result": true,
      "time": 0.03735685348510742,
      "error": null
    },
    "assert frequency([5, 4, 4], 4) == 2": {
      "result": true,
      "time": 0.04271888732910156,
      "error": null
    },
    "assert frequency([5, 4, 5], 5) == 2": {
      "result": true,
      "time": 0.04702925682067871,
      "error": null
    },
    "assert frequency([4, 7, 3], 6) == 0": {
      "result": true,
      "time": 0.0375981330871582,
      "error": null
    },
    "assert frequency([3, 2, 7], 5) == 0": {
      "result": true,
      "time": 0.037724971771240234,
      "error": null
    },
    "assert frequency([1, 3, 8], 6) == 0": {
      "result": true,
      "time": 0.045682668685913086,
      "error": null
    },
    "assert frequency([1, 4, 6], 5) == 0": {
      "result": true,
      "time": 0.04473614692687988,
      "error": null
    },
    "assert frequency([1, 1, 8], 3) == 0": {
      "result": true,
      "time": 0.044966697692871094,
      "error": null
    },
    "assert frequency([3, 2, 7], 4) == 0": {
      "result": true,
      "time": 0.03813457489013672,
      "error": null
    },
    "assert frequency([4, 2, 4, 6, 2, 3, 3], 5) == 0": {
      "result": true,
      "time": 0.03748679161071777,
      "error": null
    },
    "assert frequency([3, 7, 6, 7, 7, 8, 6], 5) == 0": {
      "result": true,
      "time": 0.034853458404541016,
      "error": null
    },
    "assert frequency([6, 5, 2, 1, 4, 4, 9], 5) == 1": {
      "result": true,
      "time": 0.045468807220458984,
      "error": null
    },
    "assert frequency([5, 6, 7, 7, 8, 5, 9], 7) == 2": {
      "result": true,
      "time": 0.043736934661865234,
      "error": null
    },
    "assert frequency([5, 7, 4, 7, 8, 7, 4], 6) == 0": {
      "result": true,
      "time": 0.044266700744628906,
      "error": null
    },
    "assert frequency([2, 7, 4, 5, 2, 2, 4], 7) == 1": {
      "result": true,
      "time": 0.044402122497558594,
      "error": null
    },
    "assert frequency([2, 2, 2, 7, 5, 8, 3], 6) == 0": {
      "result": true,
      "time": 0.03916478157043457,
      "error": null
    },
    "assert frequency([2, 3, 1, 2, 2, 5, 2], 3) == 1": {
      "result": true,
      "time": 0.04302072525024414,
      "error": null
    },
    "assert frequency([2, 3, 6, 7, 5, 7, 9], 8) == 0": {
      "result": true,
      "time": 0.04208254814147949,
      "error": null
    },
    "assert frequency([3, 6, 3, 8, 6, 8, 3], 5) == 0": {
      "result": true,
      "time": 0.039240360260009766,
      "error": null
    },
    "assert frequency([4, 5, 6, 7, 2, 3, 9], 3) == 1": {
      "result": true,
      "time": 0.052091121673583984,
      "error": null
    },
    "assert frequency([4, 2, 1, 5, 4, 6, 6], 4) == 2": {
      "result": true,
      "time": 0.04650378227233887,
      "error": null
    },
    "assert frequency([2, 7, 2, 6, 3, 5, 2], 2) == 3": {
      "result": true,
      "time": 0.04057168960571289,
      "error": null
    },
    "assert frequency([6, 7, 4, 5, 2, 5, 3], 8) == 0": {
      "result": true,
      "time": 0.04143095016479492,
      "error": null
    },
    "assert frequency([3, 1, 2, 4, 1, 4, 6], 2) == 1": {
      "result": true,
      "time": 0.04085683822631836,
      "error": null
    },
    "assert frequency([2, 2, 2, 3, 4, 2, 5], 7) == 0": {
      "result": true,
      "time": 0.04306745529174805,
      "error": null
    },
    "assert frequency([5, 6, 2, 3, 7, 7, 5], 8) == 0": {
      "result": true,
      "time": 0.05583977699279785,
      "error": null
    },
    "assert frequency([5, 3, 3, 7, 4, 3, 6], 8) == 0": {
      "result": true,
      "time": 0.0648183822631836,
      "error": null
    },
    "assert frequency([1, 5, 1, 3, 5, 1, 3], 6) == 0": {
      "result": true,
      "time": 0.046050310134887695,
      "error": null
    },
    "assert frequency([6, 4, 2, 8, 4, 8, 5], 2) == 1": {
      "result": true,
      "time": 0.05059361457824707,
      "error": null
    },
    "assert frequency([1, 3, 6, 3, 1, 5, 1], 2) == 0": {
      "result": true,
      "time": 0.0523531436920166,
      "error": null
    },
    "assert frequency([4, 5, 7, 3, 3, 1, 6], 8) == 0": {
      "result": true,
      "time": 0.04993605613708496,
      "error": null
    },
    "assert frequency([4, 4, 5, 6, 5, 5, 1], 4) == 2": {
      "result": true,
      "time": 0.04848003387451172,
      "error": null
    },