{
  "code": "def add_lists(list1, tuple1):\n    return tuple1 + tuple(list1)\n",
  "results": {
    "assert add_lists([5, 6, 7], (9, 10)) == (9, 10, 5, 6, 7)": {
      "result": true,
      "time": 0.03737616539001465,
      "error": null
    },
    "assert add_lists([6, 7, 8], (10, 11)) == (10, 11, 6, 7, 8)": {
      "result": true,
      "time": 0.043050289154052734,
      "error": null
    },
    "assert add_lists([7, 8, 9], (11, 12)) == (11, 12, 7, 8, 9)": {
      "result": true,
      "time": 0.036073923110961914,
      "error": null
    },
    "assert add_lists([6, 4, 9], (13, 5)) == (13, 5, 6, 4, 9)": {
      "result": true,
      "time": 0.03579878807067871,
      "error": null
    },
    "assert add_lists([2, 9, 7], (8, 14)) == (8, 14, 2, 9, 7)": {
      "result": true,
      "time": 0.03574681282043457,
      "error": null
    },
    "assert add_lists([4, 3, 10], (11, 9)) == (11, 9, 4, 3, 10)": {
      "result": true,
      "time": 0.03722333908081055,
      "error": null
    },
    "assert add_lists([3, 6, 7], (9, 12)) == (9, 12, 3, 6, 7)": {
      "result": true,
      "time": 0.03927469253540039,
      "error": null
    },
    "assert add_lists([8, 4, 5], (13, 12)) == (13, 12, 8, 4, 5)": {
      "result": true,
      "time": 0.039884328842163086,
      "error": null
    },
    "assert add_lists([7, 6, 3], (13, 9)) == (13, 9, 7, 6, 3)": {
      "result": true,
      "time": 0.03593325614929199,
      "error": null
    },
    "assert add_lists([6, 11, 5], (13, 15)) == (13, 15, 6, 11, 5)": {
      "result": true,
      "time": 0.039322853088378906,
      "error": null
    },
    "assert add_lists([3, 5, 2], (11, 15)) == (11, 15, 3, 5, 2)": {
      "result": true,
      "time": 0.03602123260498047,
      "error": null
    },
    "assert add_lists([6, 3, 3], (10, 9)) == (10, 9, 6, 3, 3)": {
      "result": true,
      "time": 0.033107757568359375,
      "error": null
    },
    "assert add_lists([9, 3, 3], (13, 9)) == (13, 9, 9, 3, 3)": {
      "result": true,
      "time": 0.04108119010925293,
      "error": null
    },
    "assert add_lists([9, 4, 11], (11, 13)) == (11, 13, 9, 4, 11)": {
      "result": true,
      "time": 0.03690838813781738,
      "error": null
    },
    "assert add_lists([8, 2, 2], (12, 13)) == (12, 13, 8, 2, 2)": {
      "result": true,
      "time": 0.038878679275512695,
      "error": null
    },
    "assert add_lists([5, 8, 6], (6, 14)) == (6, 14, 5, 8, 6)": {
      "result": true,
      "time": 0.03163504600524902,
      "error": null
    },
    "assert add_lists([4, 3, 12], (10, 7)) == (10, 7, 4, 3, 12)": {
      "result": true,
      "time": 0.03855419158935547,
      "error": null
    },
    "assert add_lists([6, 9, 9], (13, 15)) == (13, 15, 6, 9, 9)": {
      "result": true,
      "time": 0.041174888610839844,
      "error": null
    },
    "assert add_lists([9, 11, 11], (4, 12)) == (4, 12, 9, 11, 11)": {
      "result": true,
      "time": 0.03718256950378418,
      "error": null
    },
    "assert add_lists([5, 5, 8], (7, 15)) == (7, 15, 5, 5, 8)": {
      "result": true,
      "time": 0.03492546081542969,
      "error": null
    },
    "assert add_lists([7, 5, 9], (7, 9)) == (7, 9, 7, 5, 9)": {
      "result": true,
      "time": 0.03956007957458496,
      "error": null
    },
    "assert add_lists([7, 8, 3], (10, 15)) == (10, 15, 7, 8, 3)": {
      "result": true,
      "time": 0.03458261489868164,
      "error": null
    },
    "assert add_lists([4, 6, 11], (5, 5)) == (5, 5, 4, 6, 11)": {
      "result": true,
      "time": 0.03817486763000488,
      "error": null
    },
    "assert add_lists([10, 10, 3], (4, 5)) == (4, 5, 10, 10, 3)": {
      "result": true,
      "time": 0.03828907012939453,
      "error": null
    },
    "assert add_lists([6, 11, 11], (13, 9)) == (13, 9, 6, 11, 11)": {
      "result": true,
      "time": 0.03113842010498047,
      "error": null
    },
    "assert add_lists([3, 3, 2], (4, 13)) == (4, 13, 3, 3, 2)": {
      "result": true,
      "time": 0.03609275817871094,
      "error": null
    },
    "assert add_lists([9, 5, 9], (11, 6)) == (11, 6, 9, 5, 9)": {
      "result": true,
      "time": 0.03439188003540039,
      "error": null
    },
    "assert add_lists([2, 3, 11], (5, 14)) == (5, 14, 2, 3, 11)": {
      "result": true,
      "time": 0.03543972969055176,
      "error": null
    },
    "assert add_lists([1, 7, 12], (5, 6)) == (5, 6, 1, 7, 12)": {
      "result": true,
      "time": 0.03815937042236328,
      "error": null
    },
    "assert add_lists([7, 3, 11], (10, 8)) == (10, 8, 7, 3, 11)": {
      "result": true,
      "time": 0.038138628005981445,
      "error": null
    },
    "assert add_lists([10, 9, 2], (6, 12)) == (6, 12, 10, 9, 2)": {
      "result": true,
      "time": 0.03770589828491211,
      "error": null
    },
    "assert add_lists([10, 5, 12], (6, 12)) == (6, 12, 10, 5, 12)": {
      "result": true,
      "time": 0.036459922790527344,
      "error": null
    },
    "assert add_lists([2, 2, 7], (7, 7)) == (7, 7, 2, 2, 7)": {
      "result": true,
      "time": 0.03469491004943848,
      "error": null
    },
    "assert add_lists([10, 3, 4], (5, 8)) == (5, 8, 10, 3, 4)": {
      "result": true,
      "time": 0.0361330509185791,
      "error": null
    },
    "assert add_lists([8, 11, 8], (4, 9)) == (4, 9, 8, 11, 8)": {
      "result": true,
      "time": 0.03137850761413574,
      "error": null
    },
    "assert add_lists([10, 3, 6], (9, 10)) == (9, 10, 10, 3, 6)": {
      "result": true,
      "time": 0.0353999137878418,
      "error": null
    },
    "assert add_lists([3, 7, 6], (13, 15)) == (13, 15, 3, 7, 6)": {
      "result": true,
      "time": 0.03869891166687012,
      "error": null
    },
    "assert add_lists([8, 12, 9], (14, 11)) == (14, 11, 8, 12, 9)": {
      "result": true,
      "time": 0.03784823417663574,
      "error": null
    },
    "assert add_lists([10, 12, 7], (15, 9)) == (15, 9, 10, 12, 7)": {
      "result": true,
      "time": 0.03525280952453613,
      "error": null
    },
    "assert add_lists([10, 7, 4], (6, 12)) == (6, 12, 10, 7, 4)": {
      "result": true,
      "time": 0.03882884979248047,
      "error": null
    },
    "assert add_lists([4, 7, 9], (9, 8)) == (9, 8, 4, 7, 9)": {
      "result": true,
      "time": 0.03651905059814453,
      "error": null
    },
    "assert add_lists([11, 12, 9], (9, 6)) == (9, 6, 11, 12, 9)": {
      "result": true,
      "time": 0.0323948860168457,
      "error": null
    },
    "assert add_lists([11, 2, 8], (11, 16)) == (11, 16, 11, 2, 8)": {
      "result": true,
      "time": 0.03902745246887207,
      "error": null
    },
    "assert add_lists([9, 9, 5], (13, 12)) == (13, 12, 9, 9, 5)": {
      "result": true,
      "time": 0.037163496017456055,
      "error": null
    },
    "assert add_lists([5, 3, 9], (12, 7)) == (12, 7, 5, 3, 9)": {
      "result": true,
      "time": 0.031733036041259766,
      "error": null
    },
    "assert add_lists([5, 6, 10], (6, 13)) == (6, 13, 5, 6, 10)": {
      "result": true,
      "time": 0.0315096378326416,
      "error": null
    },
    "assert add_lists([8, 3, 11], (8, 12)) == (8, 12, 8, 3, 11)": {
      "result": true,
      "time": 0.039372920989990234,
      "error": null
    },
    "assert add_lists([9, 7, 5], (6, 8)) == (6, 8, 9, 7, 5)": {
      "result": true,
      "time": 0.0359194278717041,
      "error": null
    },
    "assert add_lists([5, 11, 5], (6, 16)) == (6, 16, 5, 11, 5)": {
      "result": true,
      "time": 0.03566288948059082,
      "error": null
    },
    "assert add_lists([7, 6, 6], (8, 8)) == (8, 8, 7, 6, 6)": {
      "result": true,
      "time": 0.038485050201416016,
      "error": null
    },
    "assert add_lists([9, 6, 3], (8, 10)) == (8, 10, 9, 6, 3)": {
      "result": true,
      "time": 0.031847238540649414,
      "error": null
    },
    "assert add_lists([6, 5, 10], (6, 15)) == (6, 15, 6, 5, 10)": {
      "result": true,
      "time": 0.03980088233947754,
      "error": null
    },