{
  "code": "import math\n\ndef volume_cylinder(radius, height):\n    volume = math.pi * radius**2 * height\n    return volume",
  "results": {
    "assert volume_cylinder(10,5)==1570.7500000000002": {
      "result": false,
      "time": 0.08248281478881836,
      "error": null
    },
    "assert volume_cylinder(4,5)==251.32000000000002": {
      "result": false,
      "time": 0.08103060722351074,
      "error": null
    },
    "assert volume_cylinder(4,10)==502.64000000000004": {
      "result": false,
      "time": 0.09537696838378906,
      "error": null
    },
    "assert volume_cylinder(5, 7) == 549.7625": {
      "result": false,
      "time": 0.09051251411437988,
      "error": null
    },
    "assert volume_cylinder(7, 10) == 1539.335": {
      "result": false,
      "time": 0.08050203323364258,
      "error": null
    },
    "assert volume_cylinder(15, 3) == 2120.5125000000003": {
      "result": false,
      "time": 0.09775471687316895,
      "error": null
    },
    "assert volume_cylinder(12, 2) == 904.752": {
      "result": false,
      "time": 0.08319520950317383,
      "error": null
    },
    "assert volume_cylinder(15, 1) == 706.8375000000001": {
      "result": false,
      "time": 0.07934784889221191,
      "error": null
    },
    "assert volume_cylinder(6, 10) == 1130.94": {
      "result": false,
      "time": 0.0807197093963623,
      "error": null
    },
    "assert volume_cylinder(5, 8) == 628.3000000000001": {
      "result": false,
      "time": 0.09260964393615723,
      "error": null
    },
    "assert volume_cylinder(7, 8) == 1231.468": {
      "result": false,
      "time": 0.0919044017791748,
      "error": null
    },
    "assert volume_cylinder(15, 10) == 7068.375000000001": {
      "result": false,
      "time": 0.08324790000915527,
      "error": null
    },
    "assert volume_cylinder(10, 4) == 1256.6000000000001": {
      "result": false,
      "time": 0.09063243865966797,
      "error": null
    },
    "assert volume_cylinder(14, 1) == 615.734": {
      "result": false,
      "time": 0.0897378921508789,
      "error": null
    },
    "assert volume_cylinder(7, 4) == 615.734": {
      "result": false,
      "time": 0.0806722640991211,
      "error": null
    },
    "assert volume_cylinder(13, 1) == 530.9135": {
      "result": false,
      "time": 0.08470559120178223,
      "error": null
    },
    "assert volume_cylinder(11, 9) == 3421.0935": {
      "result": false,
      "time": 0.07900834083557129,
      "error": null
    },
    "assert volume_cylinder(9, 7) == 1781.2305000000001": {
      "result": false,
      "time": 0.08582210540771484,
      "error": null
    },
    "assert volume_cylinder(6, 3) == 339.282": {
      "result": false,
      "time": 0.08868026733398438,
      "error": null
    },
    "assert volume_cylinder(6, 6) == 678.564": {
      "result": false,
      "time": 0.1178426742553711,
      "error": null
    },
    "assert volume_cylinder(11, 10) == 3801.2149999999997": {
      "result": false,
      "time": 0.10647821426391602,
      "error": null
    },
    "assert volume_cylinder(12, 10) == 4523.76": {
      "result": false,
      "time": 0.10390710830688477,
      "error": null
    },
    "assert volume_cylinder(14, 8) == 4925.872": {
      "result": false,
      "time": 0.11159896850585938,
      "error": null
    },
    "assert volume_cylinder(14, 3) == 1847.2020000000002": {
      "result": false,
      "time": 0.09151649475097656,
      "error": null
    },
    "assert volume_cylinder(6, 8) == 904.752": {
      "result": false,
      "time": 0.09943771362304688,
      "error": null
    },
    "assert volume_cylinder(11, 5) == 1900.6074999999998": {
      "result": false,
      "time": 0.09259510040283203,
      "error": null
    },
    "assert volume_cylinder(9, 6) == 1526.7690000000002": {
      "result": false,
      "time": 0.10629391670227051,
      "error": null
    },
    "assert volume_cylinder(10, 8) == 2513.2000000000003": {
      "result": false,
      "time": 0.10588407516479492,
      "error": null
    },
    "assert volume_cylinder(9, 9) == 2290.1535000000003": {
      "result": false,
      "time": 0.08281874656677246,
      "error": null
    },
    "assert volume_cylinder(13, 8) == 4247.308": {
      "result": false,
      "time": 0.09815335273742676,
      "error": null
    },
    "assert volume_cylinder(10, 6) == 1884.9": {
      "result": false,
      "time": 0.08967304229736328,
      "error": null
    },
    "assert volume_cylinder(11, 8) == 3040.9719999999998": {
      "result": false,
      "time": 0.08183741569519043,
      "error": null
    },
    "assert volume_cylinder(1, 5) == 15.707500000000001": {
      "result": false,
      "time": 0.08294892311096191,
      "error": null
    },
    "assert volume_cylinder(2, 8) == 100.528": {
      "result": false,
      "time": 0.0979306697845459,
      "error": null
    },
    "assert volume_cylinder(2, 7) == 87.962": {
      "result": false,
      "time": 0.08793520927429199,
      "error": null
    },
    "assert volume_cylinder(8, 7) == 1407.392": {
      "result": false,
      "time": 0.09176993370056152,
      "error": null
    },
    "assert volume_cylinder(2, 9) == 113.09400000000001": {
      "result": false,
      "time": 0.0991065502166748,
      "error": null
    },
    "assert volume_cylinder(4, 1) == 50.264": {
      "result": false,
      "time": 0.09717035293579102,
      "error": null
    },
    "assert volume_cylinder(3, 7) == 197.91449999999998": {
      "result": false,
      "time": 0.0984046459197998,
      "error": null
    },
    "assert volume_cylinder(9, 1) == 254.46150000000003": {
      "result": false,
      "time": 0.08765292167663574,
      "error": null
    },
    "assert volume_cylinder(8, 4) == 804.224": {
      "result": false,
      "time": 0.09271502494812012,
      "error": null
    },
    "assert volume_cylinder(3, 1) == 28.2735": {
      "result": false,
      "time": 0.09645390510559082,
      "error": null
    },
    "assert volume_cylinder(2, 2) == 25.132": {
      "result": false,
      "time": 0.0922853946685791,
      "error": null
    },
    "assert volume_cylinder(6, 2) == 226.188": {
      "result": false,
      "time": 0.08788514137268066,
      "error": null
    },
    "assert volume_cylinder(4, 7) == 351.848": {
      "result": false,
      "time": 0.10277509689331055,
      "error": null
    },
    "assert volume_cylinder(4, 8) == 402.112": {
      "result": false,
      "time": 0.10846138000488281,
      "error": null
    },
    "assert volume_cylinder(7, 1) == 153.9335": {
      "result": false,
      "time": 0.08753108978271484,
      "error": null
    },
    "assert volume_cylinder(3, 5) == 141.3675": {
      "result": false,
      "time": 0.08661389350891113,
      "error": null
    },
    "assert volume_cylinder(1, 1) == 3.1415": {
      "result": false,
      "time": 0.0807485580444336,
      "error": null
    },
    "assert volume_cylinder(9, 5) == 1272.3075000000001": {
      "result": false,
      "time": 0.07818126678466797,
      "error": null
    },
    "assert volume_cylinder(1, 9) == 28.273500000000002": {
      "result": false,
      "time": 0.08404207229614258,
      "error": null
    },
    "assert volume_cylinder(2, 3) == 37.698": {
      "result": false,
      "time": 0.07950329780578613,
      "error": null
    },
    "assert volume_cylinder(6, 5) == 565.47": {
      "result": false,
      "time": 0.0789799690246582,
      "error": null
    },
    "assert volume_cylinder(5, 5) == 392.68750000000006": {
      "result": false,
      "time": 0.08654904365539551,
      "error": null
    },
    "assert volume_cylinder(1, 12) == 37.698": {
      "result": false,
      "time": 0.0796966552734375,
      "error": null
    },
    "assert volume_cylinder(1, 6) == 18.849": {
      "result": false,
      "time": 0.07516169548034668,
      "error": null
    },
    "assert volume_cylinder(3, 11) == 311.00849999999997": {
      "result": false,