{
  "code": "import math\n\ndef volume_cone(radius, height):\n    volume = (1/3) * math.pi * radius**2 * height\n    return volume",
  "results": {
    "assert volume_cone(5,12)==314.15926535897927": {
      "result": true,
      "time": 0.09089112281799316,
      "error": null
    },
    "assert volume_cone(10,15)==1570.7963267948965": {
      "result": true,
      "time": 0.10358881950378418,
      "error": null
    },
    "assert volume_cone(19,17)==6426.651371693521": {
      "result": false,
      "time": 0.07973861694335938,
      "error": null
    },
    "assert volume_cone(8, 11) == 737.2270760424047": {
      "result": true,
      "time": 0.0861809253692627,
      "error": null
    },
    "assert volume_cone(1, 12) == 12.566370614359172": {
      "result": true,
      "time": 0.08707284927368164,
      "error": null
    },
    "assert volume_cone(7, 16) == 821.0028801381326": {
      "result": true,
      "time": 0.08045673370361328,
      "error": null
    },
    "assert volume_cone(9, 7) == 593.7610115284708": {
      "result": true,
      "time": 0.08954143524169922,
      "error": null
    },
    "assert volume_cone(3, 17) == 160.22122533307945": {
      "result": true,
      "time": 0.08957314491271973,
      "error": null
    },
    "assert volume_cone(4, 10) == 167.5516081914556": {
      "result": true,
      "time": 0.08165121078491211,
      "error": null
    },
    "assert volume_cone(3, 8) == 75.39822368615503": {
      "result": true,
      "time": 0.08463883399963379,
      "error": null
    },
    "assert volume_cone(7, 15) == 769.6902001294993": {
      "result": true,
      "time": 0.08118486404418945,
      "error": null
    },
    "assert volume_cone(9, 17) == 1441.991027997715": {
      "result": true,
      "time": 0.07886385917663574,
      "error": null
    },
    "assert volume_cone(3, 9) == 84.82300164692441": {
      "result": true,
      "time": 0.08770990371704102,
      "error": null
    },
    "assert volume_cone(2, 14) == 58.64306286700947": {
      "result": true,
      "time": 0.09293270111083984,
      "error": null
    },
    "assert volume_cone(3, 12) == 113.09733552923255": {
      "result": true,
      "time": 0.08573436737060547,
      "error": null
    },
    "assert volume_cone(10, 16) == 1675.5160819145563": {
      "result": true,
      "time": 0.06673407554626465,
      "error": null
    },
    "assert volume_cone(7, 9) == 461.81412007769956": {
      "result": true,
      "time": 0.08738231658935547,
      "error": null
    },
    "assert volume_cone(5, 9) == 235.61944901923448": {
      "result": true,
      "time": 0.09038734436035156,
      "error": null
    },
    "assert volume_cone(2, 17) == 71.20943348136863": {
      "result": true,
      "time": 0.08542919158935547,
      "error": null
    },
    "assert volume_cone(4, 7) == 117.28612573401894": {
      "result": true,
      "time": 0.08609127998352051,
      "error": null
    },
    "assert volume_cone(7, 8) == 410.5014400690663": {
      "result": true,
      "time": 0.1070411205291748,
      "error": null
    },
    "assert volume_cone(2, 11) == 46.0766922526503": {
      "result": true,
      "time": 0.09511160850524902,
      "error": null
    },
    "assert volume_cone(7, 10) == 513.1268000863329": {
      "result": true,
      "time": 0.09970784187316895,
      "error": null
    },
    "assert volume_cone(1, 9) == 9.42477796076938": {
      "result": true,
      "time": 0.08737397193908691,
      "error": null
    },
    "assert volume_cone(10, 10) == 1047.1975511965977": {
      "result": true,
      "time": 0.08759331703186035,
      "error": null
    },
    "assert volume_cone(9, 8) == 678.5840131753953": {
      "result": true,
      "time": 0.08327960968017578,
      "error": null
    },
    "assert volume_cone(5, 7) == 183.25957145940458": {
      "result": true,
      "time": 0.09040641784667969,
      "error": null
    },
    "assert volume_cone(7, 11) == 564.4394800949661": {
      "result": true,
      "time": 0.08475613594055176,
      "error": null
    },
    "assert volume_cone(1, 14) == 14.660765716752367": {
      "result": true,
      "time": 0.09686899185180664,
      "error": null
    },
    "assert volume_cone(3, 15) == 141.3716694115407": {
      "result": true,
      "time": 0.10250258445739746,
      "error": null
    },
    "assert volume_cone(3, 10) == 94.24777960769379": {
      "result": true,
      "time": 0.09851670265197754,
      "error": null
    },
    "assert volume_cone(10, 11) == 1151.9173063162575": {
      "result": true,
      "time": 0.09989666938781738,
      "error": null
    },
    "assert volume_cone(7, 20) == 1026.2536001726658": {
      "result": true,
      "time": 0.08841276168823242,
      "error": null
    },
    "assert volume_cone(9, 12) == 1017.8760197630929": {
      "result": true,
      "time": 0.08954405784606934,
      "error": null
    },
    "assert volume_cone(7, 19) == 974.9409201640325": {
      "result": true,
      "time": 0.0852360725402832,
      "error": null
    },
    "assert volume_cone(8, 10) == 670.2064327658225": {
      "result": true,
      "time": 0.07991480827331543,
      "error": null
    },
    "assert volume_cone(9, 20) == 1696.4600329384882": {
      "result": true,
      "time": 0.08080291748046875,
      "error": null
    },
    "assert volume_cone(8, 20) == 1340.412865531645": {
      "result": true,
      "time": 0.08341646194458008,
      "error": null
    },
    "assert volume_cone(9, 13) == 1102.6990214100174": {
      "result": true,
      "time": 0.07964730262756348,
      "error": null
    },
    "assert volume_cone(14, 12) == 2463.0086404143976": {
      "result": true,
      "time": 0.08932685852050781,
      "error": null
    },
    "assert volume_cone(6, 13) == 490.0884539600077": {
      "result": true,
      "time": 0.08259081840515137,
      "error": null
    },
    "assert volume_cone(6, 17) == 640.8849013323178": {
      "result": true,
      "time": 0.07479262351989746,
      "error": null
    },
    "assert volume_cone(6, 20) == 753.9822368615503": {
      "result": true,
      "time": 0.0755760669708252,
      "error": null
    },
    "assert volume_cone(11, 13) == 1647.241748032248": {
      "result": true,
      "time": 0.07390213012695312,
      "error": null
    },
    "assert volume_cone(8, 14) == 938.2890058721515": {
      "result": true,
      "time": 0.08250093460083008,
      "error": null
    },
    "assert volume_cone(11, 16) == 2027.374459116613": {
      "result": true,
      "time": 0.08447623252868652,
      "error": null
    },
    "assert volume_cone(12, 20) == 3015.928947446201": {
      "result": true,
      "time": 0.07369875907897949,
      "error": null
    },
    "assert volume_cone(7, 17) == 872.3155601467658": {
      "result": true,
      "time": 0.08527588844299316,
      "error": null
    },
    "assert volume_cone(11, 20) == 2534.2180738957663": {
      "result": true,
      "time": 0.08434772491455078,
      "error": null
    },
    "assert volume_cone(10, 15) == 1570.7963267948965": {
      "result": true,
      "time": 0.07796001434326172,
      "error": null
    },
    "assert volume_cone(13, 16) == 2831.6221784356": {
      "result": true,
      "time": 0.07529234886169434,
      "error": null
    },
    "assert volume_cone(8, 19) == 1273.3922222550627": {
      "result": true,
      "time": 0.07394194602966309,
      "error": null
    },
    "assert volume_cone(5, 11) == 287.9793265790644": {
      "result": true,
      "time": 0.0798792839050293,
      "error": null
    },
    "assert volume_cone(7, 13) == 667.0648401122327": {
      "result": true,
      "time": 0.08212733268737793,
      "error": null
    },
    "assert volume_cone(5, 19) == 497.4188368183839": {
      "result": true,
      "time": 0.07720041275024414,
      "error": null
    },
    "assert volume_cone(5, 17) == 445.058959258554": {
      "result": true,
      "time": 0.07569384574890137,
      "error": null
    },