{
  "code": "def intersection_array(arr1, arr2):\n    return list(filter(lambda x: x in arr1, arr2))\n",
  "results": {
    "assert intersection_array([1, 2, 3, 5, 7, 8, 9, 10],[1, 2, 4, 8, 9])==[1, 2, 8, 9]": {
      "result": true,
      "time": 0.0454258918762207,
      "error": null
    },
    "assert intersection_array([1, 2, 3, 5, 7, 8, 9, 10],[3,5,7,9])==[3,5,7,9]": {
      "result": true,
      "time": 0.03302145004272461,
      "error": null
    },
    "assert intersection_array([1, 2, 3, 5, 7, 8, 9, 10],[10,20,30,40])==[10]": {
      "result": true,
      "time": 0.03829503059387207,
      "error": null
    },
    "assert intersection_array([5, 3, 6, 2, 8, 9, 9, 13], [5, 4, 8, 9, 6]) == [5, 8, 9, 6]": {
      "result": true,
      "time": 0.039885520935058594,
      "error": null
    },
    "assert intersection_array([3, 6, 1, 8, 11, 10, 13, 15], [3, 4, 9, 4, 14]) == [3]": {
      "result": true,
      "time": 0.03695964813232422,
      "error": null
    },
    "assert intersection_array([2, 3, 7, 7, 10, 3, 5, 14], [6, 4, 7, 5, 10]) == [7, 5, 10]": {
      "result": true,
      "time": 0.03522634506225586,
      "error": null
    },
    "assert intersection_array([1, 4, 2, 3, 5, 3, 9, 15], [2, 1, 6, 10, 12]) == [2, 1]": {
      "result": true,
      "time": 0.038583993911743164,
      "error": null
    },
    "assert intersection_array([1, 3, 5, 3, 7, 7, 14, 13], [1, 1, 8, 11, 11]) == [1, 1]": {
      "result": true,
      "time": 0.04068732261657715,
      "error": null
    },
    "assert intersection_array([1, 5, 1, 7, 12, 3, 14, 10], [6, 6, 5, 6, 7]) == [5, 7]": {
      "result": true,
      "time": 0.033290863037109375,
      "error": null
    },
    "assert intersection_array([1, 6, 6, 2, 9, 4, 13, 8], [4, 5, 4, 6, 8]) == [4, 4, 6, 8]": {
      "result": true,
      "time": 0.03457784652709961,
      "error": null
    },
    "assert intersection_array([3, 1, 2, 1, 4, 12, 7, 14], [4, 4, 2, 6, 5]) == [4, 4, 2]": {
      "result": true,
      "time": 0.03537702560424805,
      "error": null
    },
    "assert intersection_array([6, 2, 7, 7, 8, 3, 11, 8], [4, 7, 5, 12, 5]) == [7]": {
      "result": true,
      "time": 0.03770017623901367,
      "error": null
    },
    "assert intersection_array([2, 3, 3, 8, 8, 3, 11, 8], [1, 3, 2, 4, 6]) == [3, 2]": {
      "result": true,
      "time": 0.035805702209472656,
      "error": null
    },
    "assert intersection_array([2, 5, 4, 10, 6, 3, 11, 10], [2, 6, 7, 7, 7]) == [2, 6]": {
      "result": true,
      "time": 0.02680802345275879,
      "error": null
    },
    "assert intersection_array([6, 3, 5, 10, 8, 9, 12, 10], [1, 7, 8, 8, 5]) == [8, 8, 5]": {
      "result": true,
      "time": 0.03198719024658203,
      "error": null
    },
    "assert intersection_array([4, 3, 7, 6, 12, 11, 8, 8], [6, 1, 9, 9, 10]) == [6]": {
      "result": true,
      "time": 0.03736734390258789,
      "error": null
    },
    "assert intersection_array([2, 5, 5, 4, 10, 7, 12, 11], [4, 7, 1, 7, 9]) == [4, 7, 7]": {
      "result": true,
      "time": 0.03415417671203613,
      "error": null
    },
    "assert intersection_array([4, 5, 3, 1, 3, 12, 4, 12], [2, 4, 6, 13, 13]) == [4]": {
      "result": true,
      "time": 0.032713890075683594,
      "error": null
    },
    "assert intersection_array([4, 2, 3, 7, 5, 13, 13, 8], [2, 5, 6, 5, 12]) == [2, 5, 5]": {
      "result": true,
      "time": 0.028476238250732422,
      "error": null
    },
    "assert intersection_array([3, 5, 3, 4, 3, 6, 7, 14], [4, 3, 2, 9, 10]) == [4, 3]": {
      "result": true,
      "time": 0.03577470779418945,
      "error": null
    },
    "assert intersection_array([2, 4, 7, 8, 8, 5, 5, 6], [5, 1, 2, 9, 4]) == [5, 2, 4]": {
      "result": true,
      "time": 0.035706520080566406,
      "error": null
    },
    "assert intersection_array([2, 4, 3, 10, 8, 3, 5, 15], [1, 6, 5, 9, 11]) == [5]": {
      "result": true,
      "time": 0.04210019111633301,
      "error": null
    },
    "assert intersection_array([3, 5, 5, 5, 5, 9, 5, 8], [2, 1, 6, 8, 14]) == [8]": {
      "result": true,
      "time": 0.03384995460510254,
      "error": null
    },
    "assert intersection_array([2, 3, 4, 6, 10, 5, 7, 11], [6, 7, 9, 4, 12]) == [6, 7, 4]": {
      "result": true,
      "time": 0.04060196876525879,
      "error": null
    },
    "assert intersection_array([2, 4, 4, 8, 6, 9, 4, 10], [4, 6, 7, 9, 7]) == [4, 6, 9]": {
      "result": true,
      "time": 0.034210920333862305,
      "error": null
    },
    "assert intersection_array([4, 6, 8, 7, 11, 8, 8, 13], [2, 1, 3, 4, 4]) == [4, 4]": {
      "result": true,
      "time": 0.03685712814331055,
      "error": null
    },
    "assert intersection_array([4, 4, 3, 6, 9, 12, 11, 10], [1, 1, 8, 5, 9]) == [9]": {
      "result": true,
      "time": 0.041337013244628906,
      "error": null
    },
    "assert intersection_array([5, 5, 3, 1, 8, 11, 9, 11], [5, 4, 7, 10, 12]) == [5]": {
      "result": true,
      "time": 0.03818321228027344,
      "error": null
    },
    "assert intersection_array([4, 3, 8, 1, 4, 12, 7, 14], [6, 7, 1, 13, 11]) == [7, 1]": {
      "result": true,
      "time": 0.035538434982299805,
      "error": null
    },
    "assert intersection_array([4, 4, 8, 3, 8, 5, 9, 12], [3, 5, 8, 9, 5]) == [3, 5, 8, 9, 5]": {
      "result": true,
      "time": 0.03316617012023926,
      "error": null
    },
    "assert intersection_array([5, 4, 6, 6, 12, 9, 9, 11], [1, 5, 6, 5, 10]) == [5, 6, 5]": {
      "result": true,
      "time": 0.03776407241821289,
      "error": null
    },
    "assert intersection_array([4, 6, 5, 1, 11, 8, 9, 14], [1, 4, 9, 10, 4]) == [1, 4, 9, 4]": {
      "result": true,
      "time": 0.041155099868774414,
      "error": null
    },
    "assert intersection_array([6, 1, 6, 10, 10, 9, 8, 14], [2, 5, 6, 3, 14]) == [6, 14]": {
      "result": true,
      "time": 0.040094614028930664,
      "error": null
    },
    "assert intersection_array([3, 7, 4, 3, 11, 12, 8, 15], [3, 2, 4, 10, 5]) == [3, 4]": {
      "result": true,
      "time": 0.04732513427734375,
      "error": null
    },
    "assert intersection_array([2, 4, 8, 3, 9, 10, 14, 5], [4, 3, 3, 4, 11]) == [4, 3, 3, 4]": {
      "result": true,
      "time": 0.04105949401855469,
      "error": null
    },
    "assert intersection_array([2, 2, 1, 5, 3, 4, 8, 13], [4, 2, 3, 10, 9]) == [4, 2, 3]": {
      "result": true,
      "time": 0.036336660385131836,
      "error": null
    },
    "assert intersection_array([2, 3, 5, 5, 2, 7, 9, 15], [3, 1, 12, 5]) == [3, 5]": {
      "result": true,
      "time": 0.033765316009521484,
      "error": null
    },
    "assert intersection_array([3, 7, 4, 8, 6, 13, 14, 15], [3, 8, 9, 12]) == [3, 8]": {
      "result": true,
      "time": 0.04247117042541504,
      "error": null
    },
    "assert intersection_array([1, 2, 8, 6, 11, 5, 11, 9], [5, 5, 2, 11]) == [5, 5, 2, 11]": {
      "result": true,
      "time": 0.037369489669799805,
      "error": null
    },
    "assert intersection_array([5, 1, 1, 8, 9, 12, 5, 15], [3, 1, 5, 12]) == [1, 5, 12]": {
      "result": true,
      "time": 0.03812074661254883,
      "error": null
    },
    "assert intersection_array([2, 7, 2, 9, 12, 9, 14, 11], [6, 6, 12, 14]) == [12, 14]": {
      "result": true,
      "time": 0.03861117362976074,
      "error": null
    },
    "assert intersection_array([5, 2, 4, 5, 7, 11, 8, 8], [6, 8, 4, 6]) == [8, 4]": {
      "result": true,
      "time": 0.035317420959472656,
      "error": null
    },
    "assert intersection_array([1, 4, 3, 8, 5, 7, 6, 8], [2, 6, 2, 8]) == [6, 8]": {
      "result": true,
      "time": 0.03906393051147461,
      "error": null
    },
    "assert intersection_array([3, 1, 4, 6, 6, 5, 13, 5], [2, 7, 7, 13]) == [13]": {
      "result": true,
      "time": 0.03511667251586914,
      "error": null
    },
    "assert intersection_array([6, 3, 5, 8, 7, 4, 13, 8], [6, 9, 12, 11]) == [6]": {
      "result": true,
      "time": 0.04041290283203125,
      "error": null
    },