{
  "code": "def large_product(list1, list2, n):\n    product_list = [a*b for a, b in zip(list1, list2)]\n    product_list.sort(reverse=True)\n    return product_list[:n]",
  "results": {
    "assert large_product([1, 2, 3, 4, 5, 6],[3, 6, 8, 9, 10, 6],3)==[60, 54, 50]": {
      "result": false,
      "time": 0.040094852447509766,
      "error": null
    },
    "assert large_product([1, 2, 3, 4, 5, 6],[3, 6, 8, 9, 10, 6],4)==[60, 54, 50, 48]": {
      "result": false,
      "time": 0.05317807197570801,
      "error": null
    },
    "assert large_product([1, 2, 3, 4, 5, 6],[3, 6, 8, 9, 10, 6],5)==[60, 54, 50, 48, 45]": {
      "result": false,
      "time": 0.04787850379943848,
      "error": null
    },
    "assert large_product([1, 5, 7, 3, 4, 5], [3, 2, 3, 12, 7, 1], 8) == [84, 60, 60, 49, 48, 36, 35, 35]": {
      "result": false,
      "time": 0.0769646167755127,
      "error": null
    },
    "assert large_product([1, 6, 8, 3, 2, 11], [7, 6, 9, 6, 5, 4], 6) == [99, 77, 72, 66, 66, 56]": {
      "result": false,
      "time": 0.05408334732055664,
      "error": null
    },
    "assert large_product([1, 1, 1, 3, 9, 2], [5, 4, 12, 7, 15, 5], 6) == [135, 108, 63, 45, 45, 45]": {
      "result": false,
      "time": 0.05276942253112793,
      "error": null
    },
    "assert large_product([3, 3, 3, 4, 10, 3], [2, 7, 10, 11, 10, 11], 4) == [110, 110, 100, 100]": {
      "result": false,
      "time": 0.05195903778076172,
      "error": null
    },
    "assert large_product([1, 5, 7, 2, 5, 10], [6, 5, 8, 12, 10, 7], 5) == [120, 100, 84, 80, 70]": {
      "result": false,
      "time": 0.056552886962890625,
      "error": null
    },
    "assert large_product([1, 6, 4, 6, 9, 7], [7, 8, 9, 4, 8, 11], 8) == [99, 81, 77, 72, 72, 66, 66, 63]": {
      "result": false,
      "time": 0.05632734298706055,
      "error": null
    },
    "assert large_product([4, 1, 1, 4, 4, 7], [2, 2, 7, 14, 14, 2], 5) == [98, 98, 56, 56, 56]": {
      "result": false,
      "time": 0.061246633529663086,
      "error": null
    },
    "assert large_product([6, 6, 5, 5, 5, 10], [6, 1, 12, 7, 12, 10], 5) == [120, 120, 100, 72, 72]": {
      "result": false,
      "time": 0.0457000732421875,
      "error": null
    },
    "assert large_product([4, 6, 7, 9, 2, 7], [5, 2, 3, 11, 13, 5], 8) == [117, 99, 91, 91, 78, 77, 77, 66]": {
      "result": false,
      "time": 0.05728721618652344,
      "error": null
    },
    "assert large_product([2, 5, 6, 8, 1, 8], [2, 3, 9, 14, 9, 3], 6) == [112, 112, 84, 72, 72, 72]": {
      "result": false,
      "time": 0.05846095085144043,
      "error": null
    },
    "assert large_product([6, 5, 3, 3, 7, 9], [8, 10, 7, 11, 11, 10], 7) == [99, 99, 90, 90, 77, 77, 72]": {
      "result": false,
      "time": 0.05278801918029785,
      "error": null
    },
    "assert large_product([1, 4, 8, 8, 1, 10], [4, 11, 12, 10, 14, 2], 4) == [140, 120, 112, 112]": {
      "result": false,
      "time": 0.05788302421569824,
      "error": null
    },
    "assert large_product([6, 3, 4, 2, 3, 2], [4, 1, 10, 9, 15, 1], 8) == [90, 60, 60, 54, 45, 45, 40, 36]": {
      "result": false,
      "time": 0.046736955642700195,
      "error": null
    },
    "assert large_product([4, 2, 2, 5, 10, 11], [1, 7, 3, 11, 9, 4], 3) == [121, 110, 99]": {
      "result": false,
      "time": 0.047820091247558594,
      "error": null
    },
    "assert large_product([5, 5, 4, 5, 8, 7], [4, 3, 9, 11, 5, 9], 4) == [88, 77, 72, 72]": {
      "result": false,
      "time": 0.03416037559509277,
      "error": null
    },
    "assert large_product([4, 1, 2, 6, 7, 10], [1, 9, 5, 8, 10, 4], 1) == [100]": {
      "result": false,
      "time": 0.0518796443939209,
      "error": null
    },
    "assert large_product([4, 3, 3, 7, 1, 5], [1, 8, 11, 6, 12, 11], 1) == [84]": {
      "result": false,
      "time": 0.04803204536437988,
      "error": null
    },
    "assert large_product([3, 2, 7, 8, 4, 5], [1, 11, 7, 13, 9, 8], 4) == [104, 91, 88, 77]": {
      "result": false,
      "time": 0.0538020133972168,
      "error": null
    },
    "assert large_product([1, 7, 7, 7, 10, 7], [1, 7, 12, 6, 6, 9], 3) == [120, 90, 84]": {
      "result": false,
      "time": 0.0514528751373291,
      "error": null
    },
    "assert large_product([3, 3, 6, 4, 4, 10], [4, 7, 6, 11, 15, 1], 8) == [150, 110, 90, 70, 66, 60, 60, 60]": {
      "result": false,
      "time": 0.04434537887573242,
      "error": null
    },
    "assert large_product([1, 3, 5, 3, 5, 3], [1, 8, 11, 12, 10, 8], 1) == [60]": {
      "result": false,
      "time": 0.05301356315612793,
      "error": null
    },
    "assert large_product([6, 6, 4, 9, 1, 1], [1, 5, 6, 10, 10, 6], 2) == [90, 90]": {
      "result": false,
      "time": 0.06091451644897461,
      "error": null
    },
    "assert large_product([6, 6, 4, 9, 10, 3], [7, 6, 5, 11, 13, 6], 7) == [130, 117, 110, 99, 78, 78, 70]": {
      "result": false,
      "time": 0.03772783279418945,
      "error": null
    },
    "assert large_product([5, 4, 8, 9, 6, 8], [5, 9, 8, 12, 14, 6], 7) == [126, 112, 112, 108, 96, 96, 84]": {
      "result": false,
      "time": 0.04460859298706055,
      "error": null
    },
    "assert large_product([5, 5, 2, 1, 5, 4], [2, 6, 7, 10, 8, 10], 8) == [50, 50, 50, 50, 50, 50, 40, 40]": {
      "result": false,
      "time": 0.04245424270629883,
      "error": null
    },
    "assert large_product([4, 1, 5, 4, 5, 7], [7, 1, 3, 11, 6, 5], 2) == [77, 55]": {
      "result": false,
      "time": 0.042369842529296875,
      "error": null
    },
    "assert large_product([3, 6, 3, 3, 9, 5], [6, 2, 5, 6, 5, 9], 4) == [81, 54, 54, 54]": {
      "result": false,
      "time": 0.038062095642089844,
      "error": null
    },
    "assert large_product([6, 2, 8, 1, 3, 3], [8, 3, 12, 13, 7, 7], 3) == [104, 96, 78]": {
      "result": false,
      "time": 0.04045248031616211,
      "error": null
    },
    "assert large_product([2, 6, 1, 2, 10, 5], [3, 3, 12, 9, 9, 8], 8) == [120, 90, 90, 80, 72, 60, 54, 54]": {
      "result": false,
      "time": 0.03985023498535156,
      "error": null
    },
    "assert large_product([6, 1, 3, 4, 10, 5], [7, 7, 8, 13, 12, 10], 3) == [130, 120, 100]": {
      "result": false,
      "time": 0.03671669960021973,
      "error": null
    },
    "assert large_product([5, 4, 6, 8, 9, 4], [2, 6, 8, 6, 12, 3], 6) == [108, 96, 72, 72, 64, 60]": {
      "result": false,
      "time": 0.04914498329162598,
      "error": null
    },
    "assert large_product([1, 1, 4, 1, 7, 2], [4, 3, 7, 7, 6, 8], 6) == [56, 49, 49, 42, 32, 28]": {
      "result": false,
      "time": 0.04433846473693848,
      "error": null
    },
    "assert large_product([3, 2, 3, 9, 2, 2], [6, 8, 11, 4, 13, 11], 4) == [117, 99, 99, 72]": {
      "result": false,
      "time": 0.045464277267456055,
      "error": null
    },
    "assert large_product([4, 2, 3, 5, 8, 11], [2, 4, 9, 11, 9, 5], 3) == [121, 99, 99]": {
      "result": false,
      "time": 0.03573894500732422,
      "error": null
    },
    "assert large_product([5, 5, 5, 4, 1, 7], [5, 8, 6, 13, 7, 3], 1) == [91]": {
      "result": false,
      "time": 0.036734580993652344,
      "error": null
    },
    "assert large_product([4, 4, 2, 9, 2, 5], [7, 11, 9, 6, 8, 4], 7) == [99, 81, 72, 63, 55, 54, 45]": {
      "result": false,
      "time": 0.041776180267333984,
      "error": null
    },
    "assert large_product([2, 4, 2, 1, 9, 7], [6, 5, 8, 7, 6, 6], 2) == [72, 63]": {
      "result": false,
      "time": 0.045393943786621094,
      "error": null
    },
    "assert large_product([6, 5, 4, 9, 5, 4], [7, 2, 10, 6, 9, 7], 6) == [90, 81, 63, 63, 60, 54]": {
      "result": false,
      "time": 0.051941871643066406,
      "error": null
    },
    "assert large_product([3, 4, 1, 3, 8, 6], [2, 4, 5, 4, 9, 9], 4) == [72, 72, 54, 54]": {
      "result": false,
      "time": 0.03776741027832031,
      "error": null
    },