{
  "code": "def specified_element(two_d_list, index):\n    return [row[index] for row in two_d_list]\n",
  "results": {
    "assert specified_element([[1, 2, 3, 2], [4, 5, 6, 2], [7, 1, 9, 5]],0)==[1, 4, 7]": {
      "result": true,
      "time": 0.03547477722167969,
      "error": null
    },
    "assert specified_element([[1, 2, 3, 2], [4, 5, 6, 2], [7, 1, 9, 5]],2)==[3, 6, 9]": {
      "result": true,
      "time": 0.03502774238586426,
      "error": null
    },
    "assert specified_element([[1, 2, 3, 2], [4, 5, 6, 2], [7, 1, 9, 5]],3)==[2,2,5]": {
      "result": true,
      "time": 0.03968358039855957,
      "error": null
    },
    "assert specified_element([[3, 5, 5, 5], [9, 3, 11, 2], [11, 6, 9, 2]], 2) == [5, 11, 9]": {
      "result": true,
      "time": 0.033408403396606445,
      "error": null
    },
    "assert specified_element([[3, 2, 8, 1], [3, 9, 10, 2], [3, 2, 4, 10]], 2) == [8, 10, 4]": {
      "result": true,
      "time": 0.03655576705932617,
      "error": null
    },
    "assert specified_element([[6, 3, 4, 3], [1, 3, 7, 4], [11, 5, 4, 5]], 3) == [3, 4, 5]": {
      "result": true,
      "time": 0.03745388984680176,
      "error": null
    },
    "assert specified_element([[3, 5, 5, 1], [6, 5, 4, 6], [3, 4, 10, 2]], 3) == [1, 6, 2]": {
      "result": true,
      "time": 0.036562442779541016,
      "error": null
    },
    "assert specified_element([[5, 2, 6, 3], [2, 10, 8, 2], [8, 4, 12, 10]], 2) == [6, 8, 12]": {
      "result": true,
      "time": 0.03655862808227539,
      "error": null
    },
    "assert specified_element([[2, 1, 3, 2], [3, 4, 3, 5], [9, 3, 10, 3]], 1) == [1, 4, 3]": {
      "result": true,
      "time": 0.03946638107299805,
      "error": null
    },
    "assert specified_element([[4, 4, 3, 2], [8, 9, 10, 4], [4, 6, 14, 3]], 3) == [2, 4, 3]": {
      "result": true,
      "time": 0.03667497634887695,
      "error": null
    },
    "assert specified_element([[2, 3, 2, 6], [1, 10, 6, 4], [3, 2, 6, 1]], 2) == [2, 6, 6]": {
      "result": true,
      "time": 0.035280466079711914,
      "error": null
    },
    "assert specified_element([[1, 1, 6, 7], [7, 9, 9, 7], [4, 3, 11, 5]], 2) == [6, 9, 11]": {
      "result": true,
      "time": 0.0368342399597168,
      "error": null
    },
    "assert specified_element([[2, 4, 7, 2], [5, 5, 2, 7], [7, 2, 7, 5]], 1) == [4, 5, 2]": {
      "result": true,
      "time": 0.035080671310424805,
      "error": null
    },
    "assert specified_element([[5, 6, 5, 4], [2, 9, 10, 6], [2, 3, 4, 4]], 1) == [6, 9, 3]": {
      "result": true,
      "time": 0.03243756294250488,
      "error": null
    },
    "assert specified_element([[2, 7, 4, 4], [7, 2, 11, 2], [2, 3, 9, 2]], 3) == [4, 2, 2]": {
      "result": true,
      "time": 0.03641343116760254,
      "error": null
    },
    "assert specified_element([[3, 1, 7, 6], [1, 3, 6, 3], [4, 1, 6, 1]], 3) == [6, 3, 1]": {
      "result": true,
      "time": 0.03446602821350098,
      "error": null
    },
    "assert specified_element([[5, 4, 6, 5], [7, 3, 2, 7], [3, 3, 9, 5]], 1) == [4, 3, 3]": {
      "result": true,
      "time": 0.03815484046936035,
      "error": null
    },
    "assert specified_element([[1, 7, 4, 2], [2, 9, 3, 1], [2, 2, 9, 7]], 3) == [2, 1, 7]": {
      "result": true,
      "time": 0.034975528717041016,
      "error": null
    },
    "assert specified_element([[2, 5, 4, 2], [8, 4, 1, 7], [7, 5, 14, 9]], 2) == [4, 1, 14]": {
      "result": true,
      "time": 0.035696983337402344,
      "error": null
    },
    "assert specified_element([[6, 4, 4, 6], [4, 5, 2, 4], [2, 3, 12, 2]], 1) == [4, 5, 3]": {
      "result": true,
      "time": 0.03626060485839844,
      "error": null
    },
    "assert specified_element([[6, 6, 2, 1], [9, 5, 4, 7], [4, 6, 12, 9]], 1) == [6, 5, 6]": {
      "result": true,
      "time": 0.03412938117980957,
      "error": null
    },
    "assert specified_element([[1, 5, 1, 7], [7, 10, 7, 1], [3, 6, 14, 9]], 1) == [5, 10, 6]": {
      "result": true,
      "time": 0.036100149154663086,
      "error": null
    },
    "assert specified_element([[2, 1, 4, 1], [3, 9, 7, 3], [7, 3, 13, 8]], 3) == [1, 3, 8]": {
      "result": true,
      "time": 0.037473201751708984,
      "error": null
    },
    "assert specified_element([[5, 5, 1, 1], [6, 5, 10, 5], [2, 5, 5, 3]], 2) == [1, 10, 5]": {
      "result": true,
      "time": 0.030755043029785156,
      "error": null
    },
    "assert specified_element([[3, 4, 8, 6], [9, 1, 8, 4], [4, 5, 6, 2]], 1) == [4, 1, 5]": {
      "result": true,
      "time": 0.03475069999694824,
      "error": null
    },
    "assert specified_element([[4, 5, 4, 6], [4, 2, 2, 5], [12, 1, 7, 4]], 2) == [4, 2, 7]": {
      "result": true,
      "time": 0.02936577796936035,
      "error": null
    },
    "assert specified_element([[3, 5, 8, 6], [1, 3, 4, 2], [11, 5, 5, 7]], 1) == [5, 3, 5]": {
      "result": true,
      "time": 0.04162263870239258,
      "error": null
    },
    "assert specified_element([[4, 3, 7, 6], [5, 3, 4, 3], [3, 5, 4, 1]], 2) == [7, 4, 4]": {
      "result": true,
      "time": 0.036415815353393555,
      "error": null
    },
    "assert specified_element([[1, 5, 7, 4], [3, 7, 2, 5], [2, 3, 6, 5]], 1) == [5, 7, 3]": {
      "result": true,
      "time": 0.04005718231201172,
      "error": null
    },
    "assert specified_element([[6, 7, 8, 7], [5, 4, 8, 1], [5, 2, 4, 5]], 1) == [7, 4, 2]": {
      "result": true,
      "time": 0.04018568992614746,
      "error": null
    },
    "assert specified_element([[6, 1, 6, 6], [4, 4, 7, 7], [3, 1, 4, 3]], 1) == [1, 4, 1]": {
      "result": true,
      "time": 0.03508949279785156,
      "error": null
    },
    "assert specified_element([[5, 5, 5, 3], [5, 9, 2, 7], [6, 2, 11, 8]], 3) == [3, 7, 8]": {
      "result": true,
      "time": 0.03461933135986328,
      "error": null
    },
    "assert specified_element([[1, 5, 3, 4], [8, 2, 7, 6], [12, 1, 4, 4]], 3) == [4, 6, 4]": {
      "result": true,
      "time": 0.032430410385131836,
      "error": null
    },
    "assert specified_element([[4, 7, 7, 1], [7, 5, 8, 2], [6, 4, 11, 3]], 1) == [7, 5, 4]": {
      "result": true,
      "time": 0.036859750747680664,
      "error": null
    },
    "assert specified_element([[5, 4, 4, 1], [7, 9, 3, 3], [7, 1, 5, 6]], 3) == [1, 3, 6]": {
      "result": true,
      "time": 0.03804135322570801,
      "error": null
    },
    "assert specified_element([[2, 7, 6, 3], [1, 7, 9, 4], [2, 2, 13, 3]], 1) == [7, 7, 2]": {
      "result": true,
      "time": 0.0347592830657959,
      "error": null
    },
    "assert specified_element([[1, 1, 8, 5], [5, 3, 7, 1], [11, 5, 12, 9]], 3) == [5, 1, 9]": {
      "result": true,
      "time": 0.0335543155670166,
      "error": null
    },
    "assert specified_element([[3, 5, 8, 7], [1, 4, 9, 2], [11, 5, 8, 10]], 3) == [7, 2, 10]": {
      "result": true,
      "time": 0.039069175720214844,
      "error": null
    },
    "assert specified_element([[3, 4, 4, 2], [6, 10, 8, 4], [9, 6, 13, 1]], 1) == [4, 10, 6]": {
      "result": true,
      "time": 0.03129267692565918,
      "error": null
    },
    "assert specified_element([[5, 4, 7, 6], [9, 10, 2, 7], [5, 4, 10, 10]], 3) == [6, 7, 10]": {
      "result": true,
      "time": 0.03717970848083496,
      "error": null
    },
    "assert specified_element([[5, 4, 4, 6], [6, 6, 7, 4], [8, 5, 9, 1]], 1) == [4, 6, 5]": {
      "result": true,
      "time": 0.03967690467834473,
      "error": null
    },
    "assert specified_element([[6, 7, 2, 2], [2, 1, 10, 2], [8, 4, 12, 4]], 2) == [2, 10, 12]": {
      "result": true,
      "time": 0.0360720157623291,
      "error": null
    },
    "assert specified_element([[6, 1, 8, 5], [9, 2, 8, 3], [7, 1, 13, 6]], 1) == [1, 2, 1]": {
      "result": true,
      "time": 0.04197502136230469,
      "error": null
    },
    "assert specified_element([[2, 3, 8, 5], [4, 8, 10, 3], [11, 2, 10, 9]], 1) == [3, 8, 2]": {
      "result": true,
      "time": 0.03291749954223633,