{
  "code": "import math\n\ndef binomial_probability(n, k, p):\n    # Calculate the binomial coefficient\n    binomial_coefficient = math.comb(n, k) * (p**k) * ((1-p)**(n-k))\n    \n    return binomial_coefficient\n",
  "results": {
    "assert binomial_probability(10, 5, 1.0/3) == 0.13656454808718185": {
      "result": true,
      "time": 0.0967869758605957,
      "error": null
    },
    "assert binomial_probability(11, 6, 2.0/4) == 0.2255859375": {
      "result": true,
      "time": 0.09102678298950195,
      "error": null
    },
    "assert binomial_probability(12, 7, 3.0/5) == 0.227030335488": {
      "result": true,
      "time": 0.10770010948181152,
      "error": null
    },
    "assert binomial_probability(9, 3, 5.701190918434108) == 168044139.53555688": {
      "result": true,
      "time": 0.10245466232299805,
      "error": null
    },
    "assert binomial_probability(8, 3, 2.087751431279063) == -776.0196427923785": {
      "result": true,
      "time": 0.09470391273498535,
      "error": null
    },
    "assert binomial_probability(13, 4, 2.317392472725767) == -246456.9153615105": {
      "result": true,
      "time": 0.09591269493103027,
      "error": null
    },
    "assert binomial_probability(7, 2, 4.835748435742909) == -407753.1058641725": {
      "result": true,
      "time": 0.10657572746276855,
      "error": null
    },
    "assert binomial_probability(8, 4, 2.2285619181744027) == 3933.553463371839": {
      "result": true,
      "time": 0.1028754711151123,
      "error": null
    },
    "assert binomial_probability(15, 9, 3.4031649327019244) == 59027246887.6748": {
      "result": true,
      "time": 0.09005618095397949,
      "error": null
    },
    "assert binomial_probability(11, 3, 5.282827007765523) == 2753768159.908322": {
      "result": true,
      "time": 0.10646176338195801,
      "error": null
    },
    "assert binomial_probability(9, 9, 3.269717334356807) == 42716.12880728284": {
      "result": true,
      "time": 0.10611128807067871,
      "error": null
    },
    "assert binomial_probability(13, 8, 4.524823925834593) == -123049303308.03755": {
      "result": true,
      "time": 0.10498905181884766,
      "error": null
    },
    "assert binomial_probability(7, 7, 2.188735244309749) == 240.63157778650384": {
      "result": true,
      "time": 0.09041833877563477,
      "error": null
    },
    "assert binomial_probability(7, 6, 2.234821713308735) == -1076.8608575482635": {
      "result": true,
      "time": 0.1067056655883789,
      "error": null
    },
    "assert binomial_probability(6, 5, 1.8463560659450189) == -108.96365171142695": {
      "result": true,
      "time": 0.07970595359802246,
      "error": null
    },
    "assert binomial_probability(6, 9, 3.5750246919554245) == -5586.852659735955": {
      "result": false,
      "time": 0.09844017028808594,
      "error": null
    },
    "assert binomial_probability(9, 8, 5.165535270996841) == -19003604.18154989": {
      "result": true,
      "time": 0.1041572093963623,
      "error": null
    },
    "assert binomial_probability(5, 5, 3.1989087275382824) == 334.97256903664965": {
      "result": true,
      "time": 0.10538887977600098,
      "error": null
    },
    "assert binomial_probability(13, 8, 5.032142367533059) == -564002711934.9469": {
      "result": true,
      "time": 0.09842133522033691,
      "error": null
    },
    "assert binomial_probability(10, 3, 1.1994755687949517) == -0.002602456329716923": {
      "result": true,
      "time": 0.1106870174407959,
      "error": null
    },
    "assert binomial_probability(15, 10, 3.993357652716894) == -744269917698.7051": {
      "result": true,
      "time": 0.09929490089416504,
      "error": null
    },
    "assert binomial_probability(10, 7, 2.348053370397875) == -115679.9931029269": {
      "result": true,
      "time": 0.0890035629272461,
      "error": null
    },
    "assert binomial_probability(10, 6, 5.157334295182589) == 1180404304.6275237": {
      "result": true,
      "time": 0.10180068016052246,
      "error": null
    },
    "assert binomial_probability(9, 2, 5.296527882442255) == -27296594.48991178": {
      "result": true,
      "time": 0.11720418930053711,
      "error": null
    },
    "assert binomial_probability(11, 8, 5.173027451560232) == -6148878813.8261795": {
      "result": true,
      "time": 0.10127878189086914,
      "error": null
    },
    "assert binomial_probability(6, 5, 1.1387373747274192) == -1.5939056033660823": {
      "result": true,
      "time": 0.11036419868469238,
      "error": null
    },
    "assert binomial_probability(8, 8, 5.528953516534863) == 873259.8836854771": {
      "result": true,
      "time": 0.10623288154602051,
      "error": null
    },
    "assert binomial_probability(7, 7, 5.594585018847685) == 171543.84743572053": {
      "result": true,
      "time": 0.1058647632598877,
      "error": null
    },
    "assert binomial_probability(5, 3, 5.6626721262087525) == 39476.0784907094": {
      "result": true,
      "time": 0.08833956718444824,
      "error": null
    },
    "assert binomial_probability(11, 2, 1.9475132687872327) == -128.40775235825603": {
      "result": true,
      "time": 0.11265420913696289,
      "error": null
    },
    "assert binomial_probability(11, 2, 5.437898751244569) == -1085979011.2427769": {
      "result": true,
      "time": 0.10060501098632812,
      "error": null
    },
    "assert binomial_probability(6, 8, 2.6461065045336962) == 887.0389716224996": {
      "result": false,
      "time": 0.10970783233642578,
      "error": null
    },
    "assert binomial_probability(6, 7, 2.9704548793459873) == -1035.605205578601": {
      "result": false,
      "time": 0.11609601974487305,
      "error": null
    },
    "assert binomial_probability(7, 3, 4.596292840799825) == 568474.9219199612": {
      "result": true,
      "time": 0.1087489128112793,
      "error": null
    },
    "assert binomial_probability(13, 4, 2.8847994005852975) == -14864651.554468162": {
      "result": true,
      "time": 0.11839628219604492,
      "error": null
    },
    "assert binomial_probability(9, 2, 5.302693860730818) == -27636226.18570414": {
      "result": true,
      "time": 0.09784340858459473,
      "error": null
    },
    "assert binomial_probability(13, 8, 4.884589478790804) == -368917071187.66034": {
      "result": true,
      "time": 0.10925793647766113,
      "error": null
    },
    "assert binomial_probability(11, 10, 4.467841334817579) == -120900840.8732791": {
      "result": true,
      "time": 0.08831310272216797,
      "error": null
    },
    "assert binomial_probability(10, 11, 1.5625068513656222) == -240.9425027421504": {
      "result": false,
      "time": 0.10923194885253906,
      "error": null
    },
    "assert binomial_probability(14, 2, 4.027706330193604) == 876036040.5531797": {
      "result": true,
      "time": 0.09210968017578125,
      "error": null
    },
    "assert binomial_probability(14, 4, 3.3944442862886453) == 823296332.5572486": {
      "result": true,
      "time": 0.09695053100585938,
      "error": null
    },
    "assert binomial_probability(8, 8, 4.387054441636035) == 137209.50289673833": {
      "result": true,
      "time": 0.09369540214538574,
      "error": null
    },
    "assert binomial_probability(10, 7, 5.782401897762991) == -2837117810.0148935": {
      "result": true,
      "time": 0.08155941963195801,
      "error": null
    },
    "assert binomial_probability(15, 8, 4.819952730784859) == -22248293563615.07": {
      "result": true,
      "time": 0.09841728210449219,
      "error": null
    },
    "assert binomial_probability(9, 6, 5.576980612325082) == -242332304.76596537": {
      "result": true,
      "time": 0.07645440101623535,
      "error": null
    },
    "assert binomial_probability(6, 2, 2.4073485410521545) == 341.016877755017": {
      "result": true,
      "time": 0.10548090934753418,
      "error": null
    },