{
  "code": "def loss_amount(total_amount, loss_percentage):\n    if total_amount < loss_percentage:\n        return None\n    else:\n        return total_amount - loss_percentage",
  "results": {
    "assert loss_amount(1500,1200)==None": {
      "result": false,
      "time": 0.03472757339477539,
      "error": null
    },
    "assert loss_amount(100,200)==100": {
      "result": false,
      "time": 0.03379178047180176,
      "error": null
    },
    "assert loss_amount(2000,5000)==3000": {
      "result": false,
      "time": 0.03523087501525879,
      "error": null
    },
    "assert loss_amount(879, 1079) == 200": {
      "result": false,
      "time": 0.035033464431762695,
      "error": null
    },
    "assert loss_amount(1188, 1972) == 784": {
      "result": false,
      "time": 0.03550410270690918,
      "error": null
    },
    "assert loss_amount(669, 1323) == 654": {
      "result": false,
      "time": 0.036211252212524414,
      "error": null
    },
    "assert loss_amount(2324, 201) == None": {
      "result": false,
      "time": 0.03194761276245117,
      "error": null
    },
    "assert loss_amount(963, 385) == None": {
      "result": false,
      "time": 0.039940834045410156,
      "error": null
    },
    "assert loss_amount(1455, 724) == None": {
      "result": false,
      "time": 0.04223823547363281,
      "error": null
    },
    "assert loss_amount(1362, 1722) == 360": {
      "result": false,
      "time": 0.03603076934814453,
      "error": null
    },
    "assert loss_amount(543, 518) == None": {
      "result": false,
      "time": 0.04414701461791992,
      "error": null
    },
    "assert loss_amount(1032, 2041) == 1009": {
      "result": false,
      "time": 0.045441389083862305,
      "error": null
    },
    "assert loss_amount(969, 1726) == 757": {
      "result": false,
      "time": 0.03826594352722168,
      "error": null
    },
    "assert loss_amount(2396, 971) == None": {
      "result": false,
      "time": 0.039877891540527344,
      "error": null
    },
    "assert loss_amount(761, 1599) == 838": {
      "result": false,
      "time": 0.043183326721191406,
      "error": null
    },
    "assert loss_amount(1997, 1781) == None": {
      "result": false,
      "time": 0.040154457092285156,
      "error": null
    },
    "assert loss_amount(1698, 591) == None": {
      "result": false,
      "time": 0.04347872734069824,
      "error": null
    },
    "assert loss_amount(1843, 1374) == None": {
      "result": false,
      "time": 0.0365447998046875,
      "error": null
    },
    "assert loss_amount(1308, 1078) == None": {
      "result": false,
      "time": 0.032089948654174805,
      "error": null
    },
    "assert loss_amount(811, 1273) == 462": {
      "result": false,
      "time": 0.04434466361999512,
      "error": null
    },
    "assert loss_amount(607, 1880) == 1273": {
      "result": false,
      "time": 0.03496265411376953,
      "error": null
    },
    "assert loss_amount(1749, 391) == None": {
      "result": false,
      "time": 0.03843092918395996,
      "error": null
    },
    "assert loss_amount(1687, 2162) == 475": {
      "result": false,
      "time": 0.037482261657714844,
      "error": null
    },
    "assert loss_amount(674, 1929) == 1255": {
      "result": false,
      "time": 0.0368504524230957,
      "error": null
    },
    "assert loss_amount(1449, 943) == None": {
      "result": false,
      "time": 0.03411984443664551,
      "error": null
    },
    "assert loss_amount(1829, 229) == None": {
      "result": false,
      "time": 0.0451352596282959,
      "error": null
    },
    "assert loss_amount(2154, 412) == None": {
      "result": false,
      "time": 0.041037797927856445,
      "error": null
    },
    "assert loss_amount(770, 1054) == 284": {
      "result": false,
      "time": 0.04259538650512695,
      "error": null
    },
    "assert loss_amount(1859, 272) == None": {
      "result": false,
      "time": 0.041062116622924805,
      "error": null
    },
    "assert loss_amount(1742, 789) == None": {
      "result": false,
      "time": 0.04874372482299805,
      "error": null
    },
    "assert loss_amount(2002, 242) == None": {
      "result": false,
      "time": 0.03612923622131348,
      "error": null
    },
    "assert loss_amount(1159, 1216) == 57": {
      "result": false,
      "time": 0.03872966766357422,
      "error": null
    },
    "assert loss_amount(1897, 1386) == None": {
      "result": false,
      "time": 0.04334735870361328,
      "error": null
    },
    "assert loss_amount(1560, 342) == None": {
      "result": false,
      "time": 0.037799835205078125,
      "error": null
    },
    "assert loss_amount(1505, 559) == None": {
      "result": false,
      "time": 0.03681826591491699,
      "error": null
    },
    "assert loss_amount(2103, 389) == None": {
      "result": false,
      "time": 0.03652620315551758,
      "error": null
    },
    "assert loss_amount(104, 203) == 99": {
      "result": false,
      "time": 0.03446841239929199,
      "error": null
    },
    "assert loss_amount(104, 200) == 96": {
      "result": false,
      "time": 0.03490924835205078,
      "error": null
    },
    "assert loss_amount(103, 200) == 97": {
      "result": false,
      "time": 0.04678511619567871,
      "error": null
    },
    "assert loss_amount(96, 197) == 101": {
      "result": false,
      "time": 0.039450883865356445,
      "error": null
    },
    "assert loss_amount(104, 196) == 92": {
      "result": false,
      "time": 0.03599286079406738,
      "error": null
    },
    "assert loss_amount(99, 202) == 103": {
      "result": false,
      "time": 0.03589177131652832,
      "error": null
    },
    "assert loss_amount(95, 202) == 107": {
      "result": false,
      "time": 0.037072181701660156,
      "error": null
    },
    "assert loss_amount(102, 203) == 101": {
      "result": false,
      "time": 0.04249835014343262,
      "error": null
    },
    "assert loss_amount(100, 201) == 101": {
      "result": false,
      "time": 0.037680864334106445,
      "error": null
    },
    "assert loss_amount(102, 199) == 97": {
      "result": false,
      "time": 0.03828787803649902,
      "error": null
    },
    "assert loss_amount(105, 198) == 93": {
      "result": false,
      "time": 0.04062199592590332,
      "error": null
    },
    "assert loss_amount(105, 200) == 95": {
      "result": false,
      "time": 0.04026389122009277,
      "error": null
    },
    "assert loss_amount(101, 195) == 94": {
      "result": false,
      "time": 0.04613471031188965,
      "error": null
    },
    "assert loss_amount(99, 198) == 99": {
      "result": false,
      "time": 0.04362082481384277,
      "error": null
    },
    "assert loss_amount(95, 205) == 110": {
      "result": false,
      "time": 0.0366823673248291,
      "error": null
    },
    "assert loss_amount(104, 205) == 101": {
      "result": false,
      "time": 0.040763139724731445,
      "error": null
    },
    "assert loss_amount(100, 205) == 105": {
      "result": false,
      "time": 0.04013824462890625,
      "error": null
    },
    "assert loss_amount(102, 200) == 98": {
      "result": false,
      "time": 0.03518080711364746,
      "error": null
    },
    "assert loss_amount(100, 196) == 96": {
      "result": false,
      "time": 0.03884530067443848,
      "error": null
    },
    "assert loss_amount(102, 195) == 93": {
      "result": false,
      "time": 0.04032492637634277,
      "error": null
    },
    "assert loss_amount(104, 202) == 98": {
      "result": false,
      "time": 0.03722977638244629,
      "error": null
    },
    "assert loss_amount(95, 198) == 103": {
      "result": false,
      "time": 0.04098343849182129,
      "error": null
    },
    "assert loss_amount(98, 200) == 102": {
      "result": false,
      "time": 0.0384221076965332,
      "error": null
    },
    "assert loss_amount(105, 196) == 91": {
      "result": false,