{
  "code": "def find(a, b):\n    return a % b\n",
  "results": {
    "assert find(3,3) == 0": {
      "result": true,
      "time": 0.0314028263092041,
      "error": null
    },
    "assert find(10,3) == 1": {
      "result": true,
      "time": 0.03295326232910156,
      "error": null
    },
    "assert find(16,5) == 1": {
      "result": true,
      "time": 0.03373289108276367,
      "error": null
    },
    "assert find(8, 3) == 2": {
      "result": true,
      "time": 0.033106088638305664,
      "error": null
    },
    "assert find(2, 4) == 2": {
      "result": true,
      "time": 0.03415489196777344,
      "error": null
    },
    "assert find(5, 7) == 5": {
      "result": true,
      "time": 0.02842426300048828,
      "error": null
    },
    "assert find(3, 4) == 3": {
      "result": true,
      "time": 0.032712697982788086,
      "error": null
    },
    "assert find(6, 2) == 0": {
      "result": true,
      "time": 0.034761905670166016,
      "error": null
    },
    "assert find(1, 5) == 1": {
      "result": true,
      "time": 0.035129547119140625,
      "error": null
    },
    "assert find(7, 7) == 0": {
      "result": true,
      "time": 0.03508877754211426,
      "error": null
    },
    "assert find(7, 2) == 1": {
      "result": true,
      "time": 0.030615806579589844,
      "error": null
    },
    "assert find(3, 5) == 3": {
      "result": true,
      "time": 0.03770279884338379,
      "error": null
    },
    "assert find(2, 8) == 2": {
      "result": true,
      "time": 0.032381296157836914,
      "error": null
    },
    "assert find(4, 1) == 0": {
      "result": true,
      "time": 0.0329747200012207,
      "error": null
    },
    "assert find(6, 6) == 0": {
      "result": true,
      "time": 0.030377864837646484,
      "error": null
    },
    "assert find(6, 3) == 0": {
      "result": true,
      "time": 0.03753376007080078,
      "error": null
    },
    "assert find(5, 6) == 5": {
      "result": true,
      "time": 0.03196287155151367,
      "error": null
    },
    "assert find(1, 1) == 0": {
      "result": true,
      "time": 0.03598189353942871,
      "error": null
    },
    "assert find(6, 8) == 6": {
      "result": true,
      "time": 0.03335428237915039,
      "error": null
    },
    "assert find(4, 3) == 1": {
      "result": true,
      "time": 0.03280472755432129,
      "error": null
    },
    "assert find(2, 6) == 2": {
      "result": true,
      "time": 0.034300804138183594,
      "error": null
    },
    "assert find(4, 8) == 4": {
      "result": true,
      "time": 0.03437376022338867,
      "error": null
    },
    "assert find(7, 8) == 7": {
      "result": true,
      "time": 0.02909398078918457,
      "error": null
    },
    "assert find(8, 4) == 0": {
      "result": true,
      "time": 0.03539562225341797,
      "error": null
    },
    "assert find(3, 3) == 0": {
      "result": true,
      "time": 0.03151988983154297,
      "error": null
    },
    "assert find(8, 8) == 0": {
      "result": true,
      "time": 0.03813290596008301,
      "error": null
    },
    "assert find(7, 3) == 1": {
      "result": true,
      "time": 0.03475141525268555,
      "error": null
    },
    "assert find(7, 4) == 3": {
      "result": true,
      "time": 0.03452587127685547,
      "error": null
    },
    "assert find(6, 5) == 1": {
      "result": true,
      "time": 0.03520035743713379,
      "error": null
    },
    "assert find(13, 6) == 1": {
      "result": true,
      "time": 0.03372955322265625,
      "error": null
    },
    "assert find(6, 4) == 2": {
      "result": true,
      "time": 0.03153347969055176,
      "error": null
    },
    "assert find(15, 4) == 3": {
      "result": true,
      "time": 0.032245635986328125,
      "error": null
    },
    "assert find(9, 8) == 1": {
      "result": true,
      "time": 0.030254125595092773,
      "error": null
    },
    "assert find(10, 8) == 2": {
      "result": true,
      "time": 0.02829265594482422,
      "error": null
    },
    "assert find(15, 7) == 1": {
      "result": true,
      "time": 0.03600478172302246,
      "error": null
    },
    "assert find(10, 1) == 0": {
      "result": true,
      "time": 0.03301548957824707,
      "error": null
    },
    "assert find(12, 7) == 5": {
      "result": true,
      "time": 0.029819488525390625,
      "error": null
    },
    "assert find(12, 4) == 0": {
      "result": true,
      "time": 0.03184652328491211,
      "error": null
    },
    "assert find(10, 5) == 0": {
      "result": true,
      "time": 0.03638911247253418,
      "error": null
    },
    "assert find(12, 6) == 0": {
      "result": true,
      "time": 0.03232884407043457,
      "error": null
    },
    "assert find(13, 5) == 3": {
      "result": true,
      "time": 0.033405303955078125,
      "error": null
    },
    "assert find(15, 8) == 7": {
      "result": true,
      "time": 0.0323793888092041,
      "error": null
    },
    "assert find(15, 2) == 1": {
      "result": true,
      "time": 0.03329062461853027,
      "error": null
    },
    "assert find(12, 3) == 0": {
      "result": true,
      "time": 0.030817270278930664,
      "error": null
    },
    "assert find(9, 7) == 2": {
      "result": true,
      "time": 0.03287959098815918,
      "error": null
    },
    "assert find(11, 7) == 4": {
      "result": true,
      "time": 0.0309140682220459,
      "error": null
    },
    "assert find(14, 1) == 0": {
      "result": true,
      "time": 0.030791759490966797,
      "error": null
    },
    "assert find(9, 4) == 1": {
      "result": true,
      "time": 0.03337836265563965,
      "error": null
    },
    "assert find(11, 2) == 1": {
      "result": true,
      "time": 0.03414463996887207,
      "error": null
    },
    "assert find(10, 6) == 4": {
      "result": true,
      "time": 0.03337454795837402,
      "error": null
    },
    "assert find(10, 2) == 0": {
      "result": true,
      "time": 0.0389094352722168,
      "error": null
    },
    "assert find(9, 6) == 3": {
      "result": true,
      "time": 0.03354144096374512,
      "error": null
    },
    "assert find(13, 7) == 6": {
      "result": true,
      "time": 0.031187772750854492,
      "error": null
    },
    "assert find(18, 10) == 8": {
      "result": true,
      "time": 0.03504776954650879,
      "error": null
    },
    "assert find(16, 8) == 0": {
      "result": true,
      "time": 0.031052350997924805,
      "error": null
    },
    "assert find(19, 10) == 9": {
      "result": true,
      "time": 0.032770633697509766,
      "error": null
    },
    "assert find(17, 9) == 8": {
      "result": true,
      "time": 0.03649306297302246,
      "error": null
    },
    "assert find(11, 10) == 1": {
      "result": true,
      "time": 0.028885841369628906,
      "error": null
    },
    "assert find(14, 10) == 4": {
      "result": true,
      "time": 0.034978628158569336,
      "error": null
    },
    "assert find(16, 6) == 4": {
      "result": true,
      "time": 0.0395815372467041,
      "error": null
    },
    "assert find(14, 3) == 2": {
      "result": true,
      "time": 0.032045602798461914,
      "error": null
    },
    "assert find(13, 9) == 4": {
      "result": true,
      "time": 0.03274226188659668,
      "error": null
    },
    "assert find(20, 7) == 6": {
      "result": true,
      "time": 0.038530826568603516,
      "error": null
    },
    "assert find(11, 6) == 5": {
      "result": true,
      "time": 0.032996416091918945,
      "error": null
    },
    "assert find(16, 1) == 0": {
      "result": true,
      "time": 0.037398338317871094,
      "error": null
    },
    "assert find(14, 2) == 0": {
      "result": true,
      "time": 0.0343632698059082,
      "error": null
    },
    "assert find(16, 9) == 7": {
      "result": true,
      "time": 0.031228065490722656,
      "error": null
    },
    "assert find(15, 5) == 0": {
      "result": true,
      "time": 0.03489804267883301,