{
  "code": "def multiples_of_num(n, m):\n    return [i for i in range(n, n*m+1, n)]",
  "results": {
    "assert multiples_of_num(4,3)== [3,6,9,12]": {
      "result": false,
      "time": 0.04520249366760254,
      "error": null
    },
    "assert multiples_of_num(2,5)== [5,10]": {
      "result": false,
      "time": 0.04698467254638672,
      "error": null
    },
    "assert multiples_of_num(9,2)== [2,4,6,8,10,12,14,16,18]": {
      "result": false,
      "time": 0.04062056541442871,
      "error": null
    },
    "assert multiples_of_num(5, 1) == [1, 2, 3, 4, 5]": {
      "result": false,
      "time": 0.03751039505004883,
      "error": null
    },
    "assert multiples_of_num(5, 8) == [8, 16, 24, 32, 40]": {
      "result": false,
      "time": 0.04601621627807617,
      "error": null
    },
    "assert multiples_of_num(8, 6) == [6, 12, 18, 24, 30, 36, 42, 48]": {
      "result": false,
      "time": 0.050843000411987305,
      "error": null
    },
    "assert multiples_of_num(4, 5) == [5, 10, 15, 20]": {
      "result": false,
      "time": 0.049811363220214844,
      "error": null
    },
    "assert multiples_of_num(2, 8) == [8, 16]": {
      "result": false,
      "time": 0.04263949394226074,
      "error": null
    },
    "assert multiples_of_num(9, 2) == [2, 4, 6, 8, 10, 12, 14, 16, 18]": {
      "result": false,
      "time": 0.048332929611206055,
      "error": null
    },
    "assert multiples_of_num(5, 4) == [4, 8, 12, 16, 20]": {
      "result": false,
      "time": 0.03704237937927246,
      "error": null
    },
    "assert multiples_of_num(5, 6) == [6, 12, 18, 24, 30]": {
      "result": false,
      "time": 0.04280257225036621,
      "error": null
    },
    "assert multiples_of_num(3, 7) == [7, 14, 21]": {
      "result": false,
      "time": 0.039674997329711914,
      "error": null
    },
    "assert multiples_of_num(3, 4) == [4, 8, 12]": {
      "result": false,
      "time": 0.04035329818725586,
      "error": null
    },
    "assert multiples_of_num(2, 6) == [6, 12]": {
      "result": false,
      "time": 0.040712594985961914,
      "error": null
    },
    "assert multiples_of_num(4, 4) == [4, 8, 12, 16]": {
      "result": true,
      "time": 0.041448354721069336,
      "error": null
    },
    "assert multiples_of_num(3, 2) == [2, 4, 6]": {
      "result": false,
      "time": 0.03829503059387207,
      "error": null
    },
    "assert multiples_of_num(5, 3) == [3, 6, 9, 12, 15]": {
      "result": false,
      "time": 0.030818462371826172,
      "error": null
    },
    "assert multiples_of_num(4, 2) == [2, 4, 6, 8]": {
      "result": false,
      "time": 0.03502321243286133,
      "error": null
    },
    "assert multiples_of_num(7, 6) == [6, 12, 18, 24, 30, 36, 42]": {
      "result": false,
      "time": 0.03515028953552246,
      "error": null
    },
    "assert multiples_of_num(5, 5) == [5, 10, 15, 20, 25]": {
      "result": true,
      "time": 0.03369498252868652,
      "error": null
    },
    "assert multiples_of_num(2, 7) == [7, 14]": {
      "result": false,
      "time": 0.03882336616516113,
      "error": null
    },
    "assert multiples_of_num(9, 6) == [6, 12, 18, 24, 30, 36, 42, 48, 54]": {
      "result": false,
      "time": 0.03696846961975098,
      "error": null
    },
    "assert multiples_of_num(1, 7) == [7]": {
      "result": false,
      "time": 0.03595709800720215,
      "error": null
    },
    "assert multiples_of_num(8, 5) == [5, 10, 15, 20, 25, 30, 35, 40]": {
      "result": false,
      "time": 0.04004788398742676,
      "error": null
    },
    "assert multiples_of_num(9, 3) == [3, 6, 9, 12, 15, 18, 21, 24, 27]": {
      "result": false,
      "time": 0.040630340576171875,
      "error": null
    },
    "assert multiples_of_num(8, 2) == [2, 4, 6, 8, 10, 12, 14, 16]": {
      "result": false,
      "time": 0.03762698173522949,
      "error": null
    },
    "assert multiples_of_num(1, 2) == [2]": {
      "result": false,
      "time": 0.03903818130493164,
      "error": null
    },
    "assert multiples_of_num(6, 3) == [3, 6, 9, 12, 15, 18]": {
      "result": false,
      "time": 0.03838467597961426,
      "error": null
    },
    "assert multiples_of_num(4, 3) == [3, 6, 9, 12]": {
      "result": false,
      "time": 0.03918337821960449,
      "error": null
    },
    "assert multiples_of_num(1, 6) == [6]": {
      "result": false,
      "time": 0.03962898254394531,
      "error": null
    },
    "assert multiples_of_num(4, 8) == [8, 16, 24, 32]": {
      "result": false,
      "time": 0.043097734451293945,
      "error": null
    },
    "assert multiples_of_num(6, 5) == [5, 10, 15, 20, 25, 30]": {
      "result": false,
      "time": 0.04454684257507324,
      "error": null
    },
    "assert multiples_of_num(1, 4) == [4]": {
      "result": false,
      "time": 0.03447246551513672,
      "error": null
    },
    "assert multiples_of_num(5, 10) == [10, 20, 30, 40, 50]": {
      "result": false,
      "time": 0.03370785713195801,
      "error": null
    },
    "assert multiples_of_num(6, 7) == [7, 14, 21, 28, 35, 42]": {
      "result": false,
      "time": 0.04073071479797363,
      "error": null
    },
    "assert multiples_of_num(7, 5) == [5, 10, 15, 20, 25, 30, 35]": {
      "result": false,
      "time": 0.040674686431884766,
      "error": null
    },
    "assert multiples_of_num(4, 7) == [7, 14, 21, 28]": {
      "result": false,
      "time": 0.03772687911987305,
      "error": null
    },
    "assert multiples_of_num(2, 5) == [5, 10]": {
      "result": false,
      "time": 0.0379328727722168,
      "error": null
    },
    "assert multiples_of_num(3, 9) == [9, 18, 27]": {
      "result": false,
      "time": 0.034111976623535156,
      "error": null
    },
    "assert multiples_of_num(2, 9) == [9, 18]": {
      "result": false,
      "time": 0.039067983627319336,
      "error": null
    },
    "assert multiples_of_num(1, 10) == [10]": {
      "result": false,
      "time": 0.03492999076843262,
      "error": null
    },
    "assert multiples_of_num(3, 8) == [8, 16, 24]": {
      "result": false,
      "time": 0.034981489181518555,
      "error": null
    },
    "assert multiples_of_num(3, 5) == [5, 10, 15]": {
      "result": false,
      "time": 0.038399457931518555,
      "error": null
    },
    "assert multiples_of_num(4, 1) == [1, 2, 3, 4]": {
      "result": false,
      "time": 0.038498640060424805,
      "error": null
    },
    "assert multiples_of_num(4, 6) == [6, 12, 18, 24]": {
      "result": false,
      "time": 0.03818917274475098,
      "error": null
    },
    "assert multiples_of_num(7, 4) == [4, 8, 12, 16, 20, 24, 28]": {
      "result": false,
      "time": 0.04109692573547363,
      "error": null
    },
    "assert multiples_of_num(5, 2) == [2, 4, 6, 8, 10]": {
      "result": false,
      "time": 0.03699207305908203,
      "error": null
    },
    "assert multiples_of_num(7, 9) == [9, 18, 27, 36, 45, 54, 63]": {
      "result": false,
      "time": 0.04273653030395508,
      "error": null
    },
    "assert multiples_of_num(6, 1) == [1, 2, 3, 4, 5, 6]": {
      "result": false,
      "time": 0.04018688201904297,
      "error": null
    },
    "assert multiples_of_num(1, 1) == [1]": {
      "result": true,
      "time": 0.0388486385345459,
      "error": null
    },
    "assert multiples_of_num(4, 10) == [10, 20, 30, 40]": {
      "result": false,
      "time": 0.04408383369445801,
      "error": null
    },
    "assert multiples_of_num(2, 10) == [10, 20]": {
      "result": false,
      "time": 0.038177490234375,
      "error": null
    },
    "assert multiples_of_num(7, 2) == [2, 4, 6, 8, 10, 12, 14]": {
      "result": false,
      "time": 0.035186052322387695,
      "error": null
    },
    "assert multiples_of_num(13, 2) == [2, 4, 6, 8, 10, 12, 14, 16, 18, 20, 22, 24, 26]": {
      "result": false,
      "time": 0.0421142578125,
      "error": null
    },
    "assert multiples_of_num(7, 7) == [7, 14, 21, 28, 35, 42, 49]": {
      "result": true,