{
  "code": "import math\n\ndef surfacearea_cone(radius, height):\n    # surface area of a cone = 1/3 * pi * r^2 * h\n    # where r is the radius of the base and h is the height of the cone\n    base_area = math.pi * radius**2\n    lateral_area = math.pi * radius * height\n    total_area = (base_area + lateral_area) / 3\n    return total_area",
  "results": {
    "assert surfacearea_cone(5,12)==282.7433388230814": {
      "result": false,
      "time": 0.09950804710388184,
      "error": null
    },
    "assert surfacearea_cone(10,15)==880.5179353159282": {
      "result": false,
      "time": 0.09596586227416992,
      "error": null
    },
    "assert surfacearea_cone(19,17)==2655.923961165254": {
      "result": false,
      "time": 0.11547207832336426,
      "error": null
    },
    "assert surfacearea_cone(3, 7) == 100.05130440467447": {
      "result": false,
      "time": 0.13068842887878418,
      "error": null
    },
    "assert surfacearea_cone(8, 12) == 563.531478602194": {
      "result": false,
      "time": 0.09551024436950684,
      "error": null
    },
    "assert surfacearea_cone(10, 9) == 736.8173300634368": {
      "result": false,
      "time": 0.0912015438079834,
      "error": null
    },
    "assert surfacearea_cone(6, 11) == 349.2815942658322": {
      "result": false,
      "time": 0.08830094337463379,
      "error": null
    },
    "assert surfacearea_cone(9, 8) == 594.9370705369382": {
      "result": false,
      "time": 0.08386826515197754,
      "error": null
    },
    "assert surfacearea_cone(6, 15) == 417.62123106558545": {
      "result": false,
      "time": 0.09234809875488281,
      "error": null
    },
    "assert surfacearea_cone(6, 8) == 301.59289474462014": {
      "result": false,
      "time": 0.11556434631347656,
      "error": null
    },
    "assert surfacearea_cone(6, 16) == 435.1986883116313": {
      "result": false,
      "time": 0.10037398338317871,
      "error": null
    },
    "assert surfacearea_cone(9, 14) == 725.0477060601949": {
      "result": false,
      "time": 0.11417388916015625,
      "error": null
    },
    "assert surfacearea_cone(7, 16) == 537.9969388608057": {
      "result": false,
      "time": 0.1169126033782959,
      "error": null
    },
    "assert surfacearea_cone(4, 11) == 197.35107946539623": {
      "result": false,
      "time": 0.1093442440032959,
      "error": null
    },
    "assert surfacearea_cone(4, 14) == 233.2346004213573": {
      "result": false,
      "time": 0.09925985336303711,
      "error": null
    },
    "assert surfacearea_cone(4, 8) == 162.6625181540883": {
      "result": false,
      "time": 0.10538649559020996,
      "error": null
    },
    "assert surfacearea_cone(2, 12) == 89.00461892922377": {
      "result": false,
      "time": 0.10571622848510742,
      "error": null
    },
    "assert surfacearea_cone(8, 9) == 503.7002103596712": {
      "result": false,
      "time": 0.10209012031555176,
      "error": null
    },
    "assert surfacearea_cone(1, 16) == 53.505154194449524": {
      "result": false,
      "time": 0.09872889518737793,
      "error": null
    },
    "assert surfacearea_cone(5, 10) == 254.160184615763": {
      "result": false,
      "time": 0.11186456680297852,
      "error": null
    },
    "assert surfacearea_cone(7, 15) == 517.9563207330997": {
      "result": false,
      "time": 0.10102581977844238,
      "error": null
    },
    "assert surfacearea_cone(9, 12) == 678.5840131753953": {
      "result": false,
      "time": 0.10107922554016113,
      "error": null
    },
    "assert surfacearea_cone(6, 7) == 286.8816543480875": {
      "result": false,
      "time": 0.08696389198303223,
      "error": null
    },
    "assert surfacearea_cone(4, 16) == 257.51537595207975": {
      "result": false,
      "time": 0.09594273567199707,
      "error": null
    },
    "assert surfacearea_cone(2, 9) == 70.49447688731084": {
      "result": false,
      "time": 0.10062789916992188,
      "error": null
    },
    "assert surfacearea_cone(6, 9) == 316.9864567137342": {
      "result": false,
      "time": 0.10258603096008301,
      "error": null
    },
    "assert surfacearea_cone(5, 12) == 282.7433388230814": {
      "result": false,
      "time": 0.08351564407348633,
      "error": null
    },
    "assert surfacearea_cone(9, 9) == 614.3425229316009": {
      "result": false,
      "time": 0.1161651611328125,
      "error": null
    },
    "assert surfacearea_cone(3, 8) == 108.79967207790783": {
      "result": false,
      "time": 0.09096240997314453,
      "error": null
    },
    "assert surfacearea_cone(5, 11) == 268.33985865790703": {
      "result": false,
      "time": 0.10288238525390625,
      "error": null
    },
    "assert surfacearea_cone(8, 10) == 522.9180588592153": {
      "result": false,
      "time": 0.09568214416503906,
      "error": null
    },
    "assert surfacearea_cone(10, 12) == 804.8917254495874": {
      "result": false,
      "time": 0.11049318313598633,
      "error": null
    },
    "assert surfacearea_cone(1, 15) == 50.37008611512417": {
      "result": false,
      "time": 0.10760140419006348,
      "error": null
    },
    "assert surfacearea_cone(2, 13) == 95.20877041950662": {
      "result": false,
      "time": 0.09534764289855957,
      "error": null
    },
    "assert surfacearea_cone(2, 11) == 82.81451792476643": {
      "result": false,
      "time": 0.10490202903747559,
      "error": null
    },
    "assert surfacearea_cone(15, 10) == 1556.3963519931267": {
      "result": false,
      "time": 0.09223437309265137,
      "error": null
    },
    "assert surfacearea_cone(14, 12) == 1426.7456479249227": {
      "result": false,
      "time": 0.10381078720092773,
      "error": null
    },
    "assert surfacearea_cone(8, 19) == 719.1866635663544": {
      "result": false,
      "time": 0.09775900840759277,
      "error": null
    },
    "assert surfacearea_cone(8, 18) == 696.1195188917173": {
      "result": false,
      "time": 0.10122275352478027,
      "error": null
    },
    "assert surfacearea_cone(15, 20) == 1884.9555921538758": {
      "result": false,
      "time": 0.1149137020111084,
      "error": null
    },
    "assert surfacearea_cone(13, 19) == 1471.152784093456": {
      "result": false,
      "time": 0.10406684875488281,
      "error": null
    },
    "assert surfacearea_cone(9, 20) == 874.5735582790329": {
      "result": false,
      "time": 0.09447145462036133,
      "error": null
    },
    "assert surfacearea_cone(14, 20) == 1689.496872648278": {
      "result": false,
      "time": 0.11335062980651855,
      "error": null
    },
    "assert surfacearea_cone(10, 10) == 758.447559174816": {
      "result": false,
      "time": 0.09936165809631348,
      "error": null
    },
    "assert surfacearea_cone(11, 15) == 1022.9397255576102": {
      "result": false,
      "time": 0.1219632625579834,
      "error": null
    },
    "assert surfacearea_cone(6, 12) == 365.99066584669873": {
      "result": false,
      "time": 0.09468531608581543,
      "error": null
    },
    "assert surfacearea_cone(5, 17) == 356.8856346100243": {
      "result": false,
      "time": 0.11478424072265625,
      "error": null
    },
    "assert surfacearea_cone(12, 13) == 1119.3547157053194": {
      "result": false,
      "time": 0.08834314346313477,
      "error": null
    },
    "assert surfacearea_cone(12, 10) == 1041.26829422566": {
      "result": false,
      "time": 0.1073915958404541,
      "error": null
    },
    "assert surfacearea_cone(10, 20) == 1016.640738463052": {
      "result": false,
      "time": 0.08402156829833984,
      "error": null
    },
    "assert surfacearea_cone(7, 19) == 599.2248604213447": {
      "result": false,
      "time": 0.0997922420501709,
      "error": null
    },
    "assert surfacearea_cone(11, 16) == 1051.1183621712516": {
      "result": false,
      "time": 0.10592317581176758,
      "error": null
    },