{
  "code": "def sum_Pairs(arr, k):\n    arr.sort()\n    n = len(arr)\n    res = float('inf')\n    for i in range(n-1):\n        diff = abs(arr[i] - arr[i+1])\n        if diff < res:\n            res = diff\n        if i >= k-1:\n            break\n    return res",
  "results": {
    "assert sum_Pairs([1,8,9,15,16],5) == 74": {
      "result": false,
      "time": 0.03267168998718262,
      "error": null
    },
    "assert sum_Pairs([1,2,3,4],4) == 10": {
      "result": false,
      "time": 0.03861117362976074,
      "error": null
    },
    "assert sum_Pairs([1,2,3,4,5,7,9,11,14],9) == 188": {
      "result": false,
      "time": 0.03549814224243164,
      "error": null
    },
    "assert sum_Pairs([2, 4, 7, 20, 14], 2) == 2": {
      "result": true,
      "time": 0.03316664695739746,
      "error": null
    },
    "assert sum_Pairs([1, 8, 11, 18, 18], 4) == 54": {
      "result": false,
      "time": 0.03413128852844238,
      "error": null
    },
    "assert sum_Pairs([2, 12, 14, 18, 18], 3) == 24": {
      "result": false,
      "time": 0.03669905662536621,
      "error": null
    },
    "assert sum_Pairs([5, 9, 13, 19, 15], 2) == 4": {
      "result": true,
      "time": 0.03691554069519043,
      "error": null
    },
    "assert sum_Pairs([4, 12, 7, 11, 21], 2) == 8": {
      "result": false,
      "time": 0.03395366668701172,
      "error": null
    },
    "assert sum_Pairs([4, 12, 10, 20, 21], 5) == 84": {
      "result": false,
      "time": 0.04314780235290527,
      "error": null
    },
    "assert sum_Pairs([6, 9, 7, 20, 14], 4) == 40": {
      "result": false,
      "time": 0.04322314262390137,
      "error": null
    },
    "assert sum_Pairs([4, 4, 10, 14, 18], 1) == 0": {
      "result": true,
      "time": 0.03297233581542969,
      "error": null
    },
    "assert sum_Pairs([3, 8, 6, 14, 12], 4) == 31": {
      "result": false,
      "time": 0.03555464744567871,
      "error": null
    },
    "assert sum_Pairs([3, 3, 7, 11, 18], 3) == 8": {
      "result": false,
      "time": 0.038112640380859375,
      "error": null
    },
    "assert sum_Pairs([2, 5, 8, 10, 13], 3) == 12": {
      "result": false,
      "time": 0.033367156982421875,
      "error": null
    },
    "assert sum_Pairs([2, 9, 14, 18, 12], 2) == 7": {
      "result": false,
      "time": 0.03877830505371094,
      "error": null
    },
    "assert sum_Pairs([1, 12, 10, 16, 16], 2) == 11": {
      "result": false,
      "time": 0.03743767738342285,
      "error": null
    },
    "assert sum_Pairs([1, 12, 11, 11, 19], 3) == 20": {
      "result": false,
      "time": 0.03761458396911621,
      "error": null
    },
    "assert sum_Pairs([6, 6, 5, 10, 12], 3) == -2": {
      "result": false,
      "time": 0.04033088684082031,
      "error": null
    },
    "assert sum_Pairs([4, 4, 11, 17, 13], 1) == 0": {
      "result": true,
      "time": 0.033823490142822266,
      "error": null
    },
    "assert sum_Pairs([6, 13, 10, 19, 15], 5) == 48": {
      "result": false,
      "time": 0.03816032409667969,
      "error": null
    },
    "assert sum_Pairs([3, 4, 5, 19, 19], 2) == 1": {
      "result": true,
      "time": 0.03515291213989258,
      "error": null
    },
    "assert sum_Pairs([5, 11, 7, 10, 17], 2) == 6": {
      "result": false,
      "time": 0.03831624984741211,
      "error": null
    },
    "assert sum_Pairs([1, 7, 10, 18, 13], 5) == 70": {
      "result": false,
      "time": 0.04384565353393555,
      "error": null
    },
    "assert sum_Pairs([5, 8, 8, 15, 18], 2) == 3": {
      "result": false,
      "time": 0.039460182189941406,
      "error": null
    },
    "assert sum_Pairs([4, 9, 7, 15, 20], 4) == 31": {
      "result": false,
      "time": 0.03713202476501465,
      "error": null
    },
    "assert sum_Pairs([2, 9, 7, 15, 12], 5) == 52": {
      "result": false,
      "time": 0.041704416275024414,
      "error": null
    },
    "assert sum_Pairs([2, 13, 11, 15, 19], 1) == 0": {
      "result": false,
      "time": 0.0427556037902832,
      "error": null
    },
    "assert sum_Pairs([6, 11, 5, 11, 20], 2) == 5": {
      "result": false,
      "time": 0.04033684730529785,
      "error": null
    },
    "assert sum_Pairs([2, 3, 11, 15, 21], 5) == 100": {
      "result": false,
      "time": 0.037522077560424805,
      "error": null
    },
    "assert sum_Pairs([1, 3, 6, 16, 16], 5) == 86": {
      "result": false,
      "time": 0.042958974838256836,
      "error": null
    },
    "assert sum_Pairs([1, 6, 12, 17, 21], 4) == 54": {
      "result": false,
      "time": 0.031218290328979492,
      "error": null
    },
    "assert sum_Pairs([3, 12, 11, 16, 13], 5) == 48": {
      "result": false,
      "time": 0.03878641128540039,
      "error": null
    },
    "assert sum_Pairs([1, 4, 11, 18, 18], 1) == 0": {
      "result": false,
      "time": 0.03719663619995117,
      "error": null
    },
    "assert sum_Pairs([3, 5, 7, 15, 17], 3) == 8": {
      "result": false,
      "time": 0.03487563133239746,
      "error": null
    },
    "assert sum_Pairs([5, 9, 12, 14, 21], 2) == 4": {
      "result": false,
      "time": 0.03698110580444336,
      "error": null
    },
    "assert sum_Pairs([1, 3, 8, 17, 16], 2) == 2": {
      "result": true,
      "time": 0.03721046447753906,
      "error": null
    },
    "assert sum_Pairs([1, 6, 6, 4], 2) == 5": {
      "result": false,
      "time": 0.036365509033203125,
      "error": null
    },
    "assert sum_Pairs([5, 6, 1, 7], 4) == 1": {
      "result": true,
      "time": 0.039789676666259766,
      "error": null
    },
    "assert sum_Pairs([1, 6, 2, 2], 4) == -1": {
      "result": false,
      "time": 0.04198503494262695,
      "error": null
    },
    "assert sum_Pairs([1, 6, 1, 3], 3) == 0": {
      "result": true,
      "time": 0.045845985412597656,
      "error": null
    },
    "assert sum_Pairs([4, 7, 2, 8], 4) == 7": {
      "result": false,
      "time": 0.03490281105041504,
      "error": null
    },
    "assert sum_Pairs([2, 2, 3, 2], 2) == 0": {
      "result": true,
      "time": 0.03715682029724121,
      "error": null
    },
    "assert sum_Pairs([1, 4, 5, 6], 3) == 8": {
      "result": false,
      "time": 0.03446245193481445,
      "error": null
    },
    "assert sum_Pairs([1, 7, 2, 6], 3) == 2": {
      "result": false,
      "time": 0.03587841987609863,
      "error": null
    },
    "assert sum_Pairs([3, 7, 1, 4], 3) == -4": {
      "result": false,
      "time": 0.031354665756225586,
      "error": null
    },
    "assert sum_Pairs([6, 6, 4, 1], 2) == 0": {
      "result": false,
      "time": 0.03221893310546875,
      "error": null
    },
    "assert sum_Pairs([5, 5, 2, 8], 3) == -6": {
      "result": false,
      "time": 0.0328371524810791,
      "error": null
    },
    "assert sum_Pairs([4, 4, 6, 2], 1) == 0": {
      "result": false,
      "time": 0.028753042221069336,
      "error": null
    },
    "assert sum_Pairs([5, 4, 8, 8], 1) == 0": {
      "result": false,
      "time": 0.029953718185424805,
      "error": null
    },
    "assert sum_Pairs([6, 1, 4, 5], 3) == -4": {
      "result": false,
      "time": 0.035157203674316406,
      "error": null
    },
    "assert sum_Pairs([5, 5, 3, 6], 1) == 0": {
      "result": false,
      "time": 0.03357958793640137,
      "error": null
    },
    "assert sum_Pairs([1, 5, 3, 1], 4) == -2": {
      "result": false,
      "time": 0.036248207092285156,
      "error": null
    },
    "assert sum_Pairs([5, 3, 1, 7], 1) == 0": {
      "result": false,
      "time": 0.02656245231628418,
      "error": null
    },
    "assert sum_Pairs([4, 4, 3, 1], 3) == -2": {
      "result": false,
      "time": 0.03472185134887695,
      "error": null
    },
    "assert sum_Pairs([2, 7, 8, 1], 2) == 5": {
      "result": false,
      "time": 0.027311086654663086,
      "error": null
    },
    "assert sum_Pairs([2, 5, 6, 8], 1) == 0": {
      "result": false,
      "time": 0.03325986862182617,
      "error": null
    },