{
  "code": "def pancake_sort(arr):\n    def flip(arr, k):\n        for i in range(k//2):\n            arr[i], arr[k-i-1] = arr[k-i-1], arr[i]\n\n    n = len(arr)\n    res = []\n    for i in range(n, 0, -1):\n        m = arr.index(i)\n        flip(arr, m+1)\n        res.append((m+1, i))\n        if i > 1:\n            flip(arr, i)\n            res.append((i, arr[i-1]))\n    return res",
  "results": {
    "assert pancake_sort([15, 79, 25, 38, 69]) == [15, 25, 38, 69, 79]": {
      "result": false,
      "time": 0.03734278678894043,
      "error": null
    },
    "assert pancake_sort([98, 12, 54, 36, 85]) == [12, 36, 54, 85, 98]": {
      "result": false,
      "time": 0.0343015193939209,
      "error": null
    },
    "assert pancake_sort([41, 42, 32, 12, 23]) == [12, 23, 32, 41, 42]": {
      "result": false,
      "time": 0.03688406944274902,
      "error": null
    },
    "assert pancake_sort([14, 76, 23, 38, 72]) == [14, 23, 38, 72, 76]": {
      "result": false,
      "time": 0.038236141204833984,
      "error": null
    },
    "assert pancake_sort([18, 80, 28, 39, 71]) == [18, 28, 39, 71, 80]": {
      "result": false,
      "time": 0.039104461669921875,
      "error": null
    },
    "assert pancake_sort([10, 78, 29, 33, 65]) == [10, 29, 33, 65, 78]": {
      "result": false,
      "time": 0.04081845283508301,
      "error": null
    },
    "assert pancake_sort([19, 74, 30, 37, 73]) == [19, 30, 37, 73, 74]": {
      "result": false,
      "time": 0.03749275207519531,
      "error": null
    },
    "assert pancake_sort([10, 82, 27, 43, 69]) == [10, 27, 43, 69, 82]": {
      "result": false,
      "time": 0.03746151924133301,
      "error": null
    },
    "assert pancake_sort([11, 84, 23, 33, 72]) == [11, 23, 33, 72, 84]": {
      "result": false,
      "time": 0.038429975509643555,
      "error": null
    },
    "assert pancake_sort([10, 75, 20, 38, 65]) == [10, 20, 38, 65, 75]": {
      "result": false,
      "time": 0.03799772262573242,
      "error": null
    },
    "assert pancake_sort([10, 75, 29, 42, 69]) == [10, 29, 42, 69, 75]": {
      "result": false,
      "time": 0.0411992073059082,
      "error": null
    },
    "assert pancake_sort([20, 83, 23, 35, 69]) == [20, 23, 35, 69, 83]": {
      "result": false,
      "time": 0.0374143123626709,
      "error": null
    },
    "assert pancake_sort([11, 82, 28, 33, 71]) == [11, 28, 33, 71, 82]": {
      "result": false,
      "time": 0.038680315017700195,
      "error": null
    },
    "assert pancake_sort([18, 80, 25, 38, 70]) == [18, 25, 38, 70, 80]": {
      "result": false,
      "time": 0.04073905944824219,
      "error": null
    },
    "assert pancake_sort([18, 77, 25, 34, 64]) == [18, 25, 34, 64, 77]": {
      "result": false,
      "time": 0.03195762634277344,
      "error": null
    },
    "assert pancake_sort([15, 75, 26, 33, 73]) == [15, 26, 33, 73, 75]": {
      "result": false,
      "time": 0.03586745262145996,
      "error": null
    },
    "assert pancake_sort([14, 79, 27, 42, 74]) == [14, 27, 42, 74, 79]": {
      "result": false,
      "time": 0.03785061836242676,
      "error": null
    },
    "assert pancake_sort([18, 75, 20, 40, 73]) == [18, 20, 40, 73, 75]": {
      "result": false,
      "time": 0.039021968841552734,
      "error": null
    },
    "assert pancake_sort([17, 83, 27, 43, 73]) == [17, 27, 43, 73, 83]": {
      "result": false,
      "time": 0.031867027282714844,
      "error": null
    },
    "assert pancake_sort([19, 75, 29, 41, 66]) == [19, 29, 41, 66, 75]": {
      "result": false,
      "time": 0.03276228904724121,
      "error": null
    },
    "assert pancake_sort([19, 81, 25, 34, 74]) == [19, 25, 34, 74, 81]": {
      "result": false,
      "time": 0.04669904708862305,
      "error": null
    },
    "assert pancake_sort([14, 80, 21, 35, 73]) == [14, 21, 35, 73, 80]": {
      "result": false,
      "time": 0.03061366081237793,
      "error": null
    },
    "assert pancake_sort([17, 79, 25, 36, 70]) == [17, 25, 36, 70, 79]": {
      "result": false,
      "time": 0.03104996681213379,
      "error": null
    },
    "assert pancake_sort([10, 84, 23, 42, 68]) == [10, 23, 42, 68, 84]": {
      "result": false,
      "time": 0.03821516036987305,
      "error": null
    },
    "assert pancake_sort([13, 81, 23, 33, 69]) == [13, 23, 33, 69, 81]": {
      "result": false,
      "time": 0.02996993064880371,
      "error": null
    },
    "assert pancake_sort([20, 76, 30, 40, 73]) == [20, 30, 40, 73, 76]": {
      "result": false,
      "time": 0.04558372497558594,
      "error": null
    },
    "assert pancake_sort([12, 80, 20, 43, 67]) == [12, 20, 43, 67, 80]": {
      "result": false,
      "time": 0.0399622917175293,
      "error": null
    },
    "assert pancake_sort([18, 82, 21, 43, 66]) == [18, 21, 43, 66, 82]": {
      "result": false,
      "time": 0.04022336006164551,
      "error": null
    },
    "assert pancake_sort([16, 83, 24, 33, 68]) == [16, 24, 33, 68, 83]": {
      "result": false,
      "time": 0.03264141082763672,
      "error": null
    },
    "assert pancake_sort([17, 82, 27, 41, 74]) == [17, 27, 41, 74, 82]": {
      "result": false,
      "time": 0.03442955017089844,
      "error": null
    },
    "assert pancake_sort([14, 78, 20, 33, 68]) == [14, 20, 33, 68, 78]": {
      "result": false,
      "time": 0.03461790084838867,
      "error": null
    },
    "assert pancake_sort([12, 79, 28, 41, 74]) == [12, 28, 41, 74, 79]": {
      "result": false,
      "time": 0.042684316635131836,
      "error": null
    },
    "assert pancake_sort([14, 80, 29, 39, 72]) == [14, 29, 39, 72, 80]": {
      "result": false,
      "time": 0.032849788665771484,
      "error": null
    },
    "assert pancake_sort([11, 74, 25, 42, 72]) == [11, 25, 42, 72, 74]": {
      "result": false,
      "time": 0.033358097076416016,
      "error": null
    },
    "assert pancake_sort([14, 77, 21, 38, 65]) == [14, 21, 38, 65, 77]": {
      "result": false,
      "time": 0.03558707237243652,
      "error": null
    },
    "assert pancake_sort([13, 83, 22, 41, 67]) == [13, 22, 41, 67, 83]": {
      "result": false,
      "time": 0.03544950485229492,
      "error": null
    },
    "assert pancake_sort([103, 12, 52, 36, 82]) == [12, 36, 52, 82, 103]": {
      "result": false,
      "time": 0.036798715591430664,
      "error": null
    },
    "assert pancake_sort([93, 10, 55, 40, 85]) == [10, 40, 55, 85, 93]": {
      "result": false,
      "time": 0.036060333251953125,
      "error": null
    },
    "assert pancake_sort([95, 7, 59, 33, 85]) == [7, 33, 59, 85, 95]": {
      "result": false,
      "time": 0.04084277153015137,
      "error": null
    },
    "assert pancake_sort([98, 13, 57, 31, 80]) == [13, 31, 57, 80, 98]": {
      "result": false,
      "time": 0.0329740047454834,
      "error": null
    },
    "assert pancake_sort([93, 9, 56, 35, 84]) == [9, 35, 56, 84, 93]": {
      "result": false,
      "time": 0.0332798957824707,
      "error": null
    },
    "assert pancake_sort([102, 8, 52, 32, 88]) == [8, 32, 52, 88, 102]": {
      "result": false,
      "time": 0.03823399543762207,
      "error": null
    },
    "assert pancake_sort([97, 15, 51, 41, 87]) == [15, 41, 51, 87, 97]": {
      "result": false,
      "time": 0.042890071868896484,
      "error": null
    },
    "assert pancake_sort([103, 8, 50, 36, 80]) == [8, 36, 50, 80, 103]": {
      "result": false,
      "time": 0.031308650970458984,
      "error": null
    },
    "assert pancake_sort([102, 17, 54, 40, 84]) == [17, 40, 54, 84, 102]": {
      "result": false,
      "time": 0.0368192195892334,
      "error": null
    },
    "assert pancake_sort([102, 10, 50, 38, 84]) == [10, 38, 50, 84, 102]": {
      "result": false,
      "time": 0.037362098693847656,
      "error": null
    },
    "assert pancake_sort([101, 13, 51, 39, 86]) == [13, 39, 51, 86, 101]": {
      "result": false,
      "time": 0.03544902801513672,
      "error": null
    },