{
  "code": "def find_peak(arr, n):\n    if n == 1:\n        return 0\n    elif n == 2:\n        return 1 if arr[0] > arr[1] else 0\n    else:\n        for i in range(1, n-1):\n            if arr[i] > arr[i-1] and arr[i] > arr[i+1]:\n                return i\n        return -1",
  "results": {
    "assert find_peak([1, 3, 20, 4, 1, 0], 6) == 2": {
      "result": true,
      "time": 0.048686981201171875,
      "error": null
    },
    "assert find_peak([2, 3, 4, 5, 6], 5) == 4": {
      "result": false,
      "time": 0.0458369255065918,
      "error": null
    },
    "assert find_peak([8, 9, 11, 12, 14, 15], 6) == 5 ": {
      "result": false,
      "time": 0.04810523986816406,
      "error": null
    },
    "assert find_peak([2, 1, 20, 1, 3, 1], 9) == 4": {
      "result": false,
      "time": 0.044068098068237305,
      "error": null
    },
    "assert find_peak([1, 7, 22, 8, 6, 3], 3) == 2": {
      "result": false,
      "time": 0.045568227767944336,
      "error": null
    },
    "assert find_peak([5, 2, 24, 9, 5, 3], 4) == 0": {
      "result": false,
      "time": 0.0536191463470459,
      "error": null
    },
    "assert find_peak([5, 5, 25, 9, 5, 1], 6) == 2": {
      "result": true,
      "time": 0.04667067527770996,
      "error": null
    },
    "assert find_peak([6, 2, 15, 9, 2, 5], 5) == 2": {
      "result": true,
      "time": 0.04169917106628418,
      "error": null
    },
    "assert find_peak([6, 8, 17, 1, 5, 4], 9) == 4": {
      "result": false,
      "time": 0.04248213768005371,
      "error": null
    },
    "assert find_peak([6, 2, 25, 7, 3, 4], 1) == 0": {
      "result": true,
      "time": 0.05070376396179199,
      "error": null
    },
    "assert find_peak([6, 2, 25, 8, 6, 4], 4) == 0": {
      "result": false,
      "time": 0.04323101043701172,
      "error": null
    },
    "assert find_peak([1, 7, 22, 4, 4, 1], 3) == 2": {
      "result": false,
      "time": 0.048998355865478516,
      "error": null
    },
    "assert find_peak([4, 3, 24, 7, 3, 2], 8) == 0": {
      "result": false,
      "time": 0.03296256065368652,
      "error": null
    },
    "assert find_peak([3, 8, 18, 9, 6, 5], 9) == 2": {
      "result": true,
      "time": 0.0430750846862793,
      "error": null
    },
    "assert find_peak([5, 5, 20, 2, 5, 3], 4) == 2": {
      "result": true,
      "time": 0.05655241012573242,
      "error": null
    },
    "assert find_peak([3, 4, 25, 4, 2, 4], 10) == 2": {
      "result": true,
      "time": 0.047013282775878906,
      "error": null
    },
    "assert find_peak([5, 2, 25, 7, 2, 2], 4) == 0": {
      "result": false,
      "time": 0.04866385459899902,
      "error": null
    },
    "assert find_peak([6, 1, 20, 1, 4, 3], 5) == 2": {
      "result": true,
      "time": 0.0433802604675293,
      "error": null
    },
    "assert find_peak([3, 6, 18, 6, 5, 2], 9) == 2": {
      "result": true,
      "time": 0.04462075233459473,
      "error": null
    },
    "assert find_peak([3, 3, 22, 6, 5, 4], 1) == 0": {
      "result": true,
      "time": 0.046920061111450195,
      "error": null
    },
    "assert find_peak([4, 5, 23, 2, 2, 3], 1) == 0": {
      "result": true,
      "time": 0.04976344108581543,
      "error": null
    },
    "assert find_peak([1, 7, 24, 7, 6, 3], 10) == 2": {
      "result": true,
      "time": 0.043595314025878906,
      "error": null
    },
    "assert find_peak([3, 5, 22, 6, 3, 3], 5) == 2": {
      "result": true,
      "time": 0.03847098350524902,
      "error": null
    },
    "assert find_peak([1, 1, 25, 5, 5, 3], 8) == 2": {
      "result": true,
      "time": 0.04392528533935547,
      "error": null
    },
    "assert find_peak([5, 1, 15, 8, 2, 5], 3) == 0": {
      "result": false,
      "time": 0.043341636657714844,
      "error": null
    },
    "assert find_peak([5, 1, 16, 9, 5, 4], 9) == 0": {
      "result": false,
      "time": 0.047884225845336914,
      "error": null
    },
    "assert find_peak([3, 7, 16, 9, 4, 5], 10) == 2": {
      "result": true,
      "time": 0.044795989990234375,
      "error": null
    },
    "assert find_peak([1, 1, 17, 9, 5, 3], 8) == 2": {
      "result": true,
      "time": 0.051301002502441406,
      "error": null
    },
    "assert find_peak([3, 6, 19, 8, 2, 5], 3) == 2": {
      "result": false,
      "time": 0.046083927154541016,
      "error": null
    },
    "assert find_peak([1, 1, 18, 1, 4, 5], 6) == 2": {
      "result": true,
      "time": 0.04936504364013672,
      "error": null
    },
    "assert find_peak([5, 1, 21, 9, 2, 3], 7) == 0": {
      "result": false,
      "time": 0.04798698425292969,
      "error": null
    },
    "assert find_peak([3, 3, 17, 2, 2, 5], 1) == 0": {
      "result": true,
      "time": 0.047029972076416016,
      "error": null
    },
    "assert find_peak([1, 4, 17, 8, 2, 5], 4) == 2": {
      "result": true,
      "time": 0.05930638313293457,
      "error": null
    },
    "assert find_peak([4, 2, 19, 6, 2, 2], 6) == 2": {
      "result": true,
      "time": 0.048639774322509766,
      "error": null
    },
    "assert find_peak([3, 1, 21, 9, 1, 5], 6) == 2": {
      "result": true,
      "time": 0.04433035850524902,
      "error": null
    },
    "assert find_peak([3, 2, 20, 2, 4, 1], 10) == 4": {
      "result": false,
      "time": 0.049179792404174805,
      "error": null
    },
    "assert find_peak([2, 6, 2, 7, 11], 1) == 0": {
      "result": true,
      "time": 0.043744802474975586,
      "error": null
    },
    "assert find_peak([1, 2, 6, 6, 3], 1) == 0": {
      "result": true,
      "time": 0.04458260536193848,
      "error": null
    },
    "assert find_peak([7, 3, 8, 9, 8], 2) == 0": {
      "result": false,
      "time": 0.050684213638305664,
      "error": null
    },
    "assert find_peak([3, 4, 9, 1, 11], 3) == 2": {
      "result": false,
      "time": 0.03812885284423828,
      "error": null
    },
    "assert find_peak([6, 1, 4, 3, 2], 4) == 0": {
      "result": false,
      "time": 0.04255032539367676,
      "error": null
    },
    "assert find_peak([5, 6, 9, 3, 7], 1) == 0": {
      "result": true,
      "time": 0.04221463203430176,
      "error": null
    },
    "assert find_peak([4, 2, 8, 1, 8], 8) == 0": {
      "result": false,
      "time": 0.04684877395629883,
      "error": null
    },
    "assert find_peak([2, 1, 2, 8, 8], 1) == 0": {
      "result": true,
      "time": 0.042188167572021484,
      "error": null
    },
    "assert find_peak([2, 5, 9, 8, 2], 8) == 2": {
      "result": true,
      "time": 0.04647183418273926,
      "error": null
    },
    "assert find_peak([1, 6, 9, 5, 9], 1) == 0": {
      "result": true,
      "time": 0.0460202693939209,
      "error": null
    },
    "assert find_peak([6, 2, 3, 1, 6], 1) == 0": {
      "result": true,
      "time": 0.03608131408691406,
      "error": null
    },
    "assert find_peak([3, 3, 9, 5, 6], 7) == 2": {
      "result": true,
      "time": 0.03718423843383789,
      "error": null
    },
    "assert find_peak([6, 4, 1, 7, 7], 7) == 3": {
      "result": false,
      "time": 0.04277658462524414,
      "error": null
    },
    "assert find_peak([6, 6, 9, 4, 1], 8) == 2": {
      "result": true,
      "time": 0.03924417495727539,
      "error": null
    },
    "assert find_peak([5, 5, 6, 6, 10], 1) == 0": {
      "result": true,
      "time": 0.04461550712585449,
      "error": null
    },
    "assert find_peak([2, 7, 6, 9, 4], 2) == 1": {
      "result": false,
      "time": 0.0345613956451416,
      "error": null
    },
    "assert find_peak([2, 5, 6, 2, 6], 5) == 2": {
      "result": true,
      "time": 0.04198479652404785,
      "error": null
    },
    "assert find_peak([1, 8, 6, 9, 6], 10) == 1": {
      "result": true,
      "time": 0.045479536056518555,
      "error": null
    },
    "assert find_peak([5, 4, 8, 6, 5], 5) == 2": {
      "result": true,
      "time": 0.04028725624084473,
      "error": null
    },
    "assert find_peak([4, 8, 1, 2, 2], 4) == 1": {
      "result": true,