{
  "code": "def shell_sort(arr):\n    gap = len(arr) // 2\n    while gap > 0:\n        for i in range(gap, len(arr)):\n            temp = arr[i]\n            j = i\n            while j >= gap and arr[j - gap] > temp:\n                arr[j] = arr[j - gap]\n                j -= gap\n            arr[j] = temp\n        gap //= 2\n    return arr\n",
  "results": {
    "assert shell_sort([12, 23, 4, 5, 3, 2, 12, 81, 56, 95]) == [2, 3, 4, 5, 12, 12, 23, 56, 81, 95]": {
      "result": true,
      "time": 0.06291055679321289,
      "error": null
    },
    "assert shell_sort([24, 22, 39, 34, 87, 73, 68]) == [22, 24, 34, 39, 68, 73, 87]": {
      "result": true,
      "time": 0.05222344398498535,
      "error": null
    },
    "assert shell_sort([32, 30, 16, 96, 82, 83, 74]) == [16, 30, 32, 74, 82, 83, 96]": {
      "result": true,
      "time": 0.056298255920410156,
      "error": null
    },
    "assert shell_sort([8, 28, 2, 2, 8, 7, 11, 81, 55, 98]) == [2, 2, 7, 8, 8, 11, 28, 55, 81, 98]": {
      "result": true,
      "time": 0.060570716857910156,
      "error": null
    },
    "assert shell_sort([9, 21, 4, 9, 5, 7, 12, 77, 56, 91]) == [4, 5, 7, 9, 9, 12, 21, 56, 77, 91]": {
      "result": true,
      "time": 0.0530853271484375,
      "error": null
    },
    "assert shell_sort([12, 18, 8, 4, 8, 6, 16, 79, 51, 96]) == [4, 6, 8, 8, 12, 16, 18, 51, 79, 96]": {
      "result": true,
      "time": 0.05302238464355469,
      "error": null
    },
    "assert shell_sort([7, 25, 8, 10, 5, 7, 12, 79, 59, 92]) == [5, 7, 7, 8, 10, 12, 25, 59, 79, 92]": {
      "result": true,
      "time": 0.055724143981933594,
      "error": null
    },
    "assert shell_sort([17, 20, 4, 8, 6, 4, 15, 86, 55, 95]) == [4, 4, 6, 8, 15, 17, 20, 55, 86, 95]": {
      "result": true,
      "time": 0.05224895477294922,
      "error": null
    },
    "assert shell_sort([17, 23, 7, 1, 5, 7, 9, 76, 57, 92]) == [1, 5, 7, 7, 9, 17, 23, 57, 76, 92]": {
      "result": true,
      "time": 0.04680800437927246,
      "error": null
    },
    "assert shell_sort([14, 20, 6, 10, 1, 4, 16, 76, 55, 96]) == [1, 4, 6, 10, 14, 16, 20, 55, 76, 96]": {
      "result": true,
      "time": 0.04668235778808594,
      "error": null
    },
    "assert shell_sort([10, 25, 9, 3, 2, 7, 11, 83, 61, 94]) == [2, 3, 7, 9, 10, 11, 25, 61, 83, 94]": {
      "result": true,
      "time": 0.06409001350402832,
      "error": null
    },
    "assert shell_sort([9, 22, 7, 10, 7, 2, 13, 78, 52, 92]) == [2, 7, 7, 9, 10, 13, 22, 52, 78, 92]": {
      "result": true,
      "time": 0.048337459564208984,
      "error": null
    },
    "assert shell_sort([11, 22, 6, 6, 5, 3, 11, 78, 54, 97]) == [3, 5, 6, 6, 11, 11, 22, 54, 78, 97]": {
      "result": true,
      "time": 0.05189037322998047,
      "error": null
    },
    "assert shell_sort([10, 21, 7, 1, 1, 2, 16, 84, 58, 100]) == [1, 1, 2, 7, 10, 16, 21, 58, 84, 100]": {
      "result": true,
      "time": 0.05688762664794922,
      "error": null
    },
    "assert shell_sort([10, 26, 5, 5, 8, 6, 11, 83, 61, 98]) == [5, 5, 6, 8, 10, 11, 26, 61, 83, 98]": {
      "result": true,
      "time": 0.050145626068115234,
      "error": null
    },
    "assert shell_sort([17, 26, 6, 8, 4, 2, 12, 82, 52, 91]) == [2, 4, 6, 8, 12, 17, 26, 52, 82, 91]": {
      "result": true,
      "time": 0.053528547286987305,
      "error": null
    },
    "assert shell_sort([12, 22, 6, 6, 1, 3, 9, 76, 51, 100]) == [1, 3, 6, 6, 9, 12, 22, 51, 76, 100]": {
      "result": true,
      "time": 0.06896448135375977,
      "error": null
    },
    "assert shell_sort([7, 27, 6, 1, 5, 7, 13, 77, 59, 90]) == [1, 5, 6, 7, 7, 13, 27, 59, 77, 90]": {
      "result": true,
      "time": 0.060270071029663086,
      "error": null
    },
    "assert shell_sort([10, 22, 2, 7, 8, 6, 14, 77, 58, 94]) == [2, 6, 7, 8, 10, 14, 22, 58, 77, 94]": {
      "result": true,
      "time": 0.054230690002441406,
      "error": null
    },
    "assert shell_sort([9, 25, 1, 5, 3, 3, 17, 84, 57, 93]) == [1, 3, 3, 5, 9, 17, 25, 57, 84, 93]": {
      "result": true,
      "time": 0.05972456932067871,
      "error": null
    },
    "assert shell_sort([7, 23, 3, 6, 5, 5, 15, 84, 51, 92]) == [3, 5, 5, 6, 7, 15, 23, 51, 84, 92]": {
      "result": true,
      "time": 0.051722049713134766,
      "error": null
    },
    "assert shell_sort([12, 18, 1, 10, 3, 2, 8, 81, 51, 100]) == [1, 2, 3, 8, 10, 12, 18, 51, 81, 100]": {
      "result": true,
      "time": 0.06165170669555664,
      "error": null
    },
    "assert shell_sort([16, 25, 8, 2, 6, 3, 17, 85, 51, 99]) == [2, 3, 6, 8, 16, 17, 25, 51, 85, 99]": {
      "result": true,
      "time": 0.05382871627807617,
      "error": null
    },
    "assert shell_sort([12, 22, 8, 5, 7, 6, 7, 76, 54, 98]) == [5, 6, 7, 7, 8, 12, 22, 54, 76, 98]": {
      "result": true,
      "time": 0.03963732719421387,
      "error": null
    },
    "assert shell_sort([13, 23, 6, 6, 5, 2, 10, 78, 60, 92]) == [2, 5, 6, 6, 10, 13, 23, 60, 78, 92]": {
      "result": true,
      "time": 0.034203290939331055,
      "error": null
    },
    "assert shell_sort([12, 26, 1, 8, 3, 6, 7, 82, 56, 90]) == [1, 3, 6, 7, 8, 12, 26, 56, 82, 90]": {
      "result": true,
      "time": 0.03835797309875488,
      "error": null
    },
    "assert shell_sort([8, 23, 6, 4, 5, 3, 15, 84, 51, 96]) == [3, 4, 5, 6, 8, 15, 23, 51, 84, 96]": {
      "result": true,
      "time": 0.04236769676208496,
      "error": null
    },
    "assert shell_sort([15, 19, 6, 8, 6, 4, 8, 79, 52, 93]) == [4, 6, 6, 8, 8, 15, 19, 52, 79, 93]": {
      "result": true,
      "time": 0.038826704025268555,
      "error": null
    },
    "assert shell_sort([8, 27, 6, 8, 2, 6, 8, 84, 55, 98]) == [2, 6, 6, 8, 8, 8, 27, 55, 84, 98]": {
      "result": true,
      "time": 0.03526949882507324,
      "error": null
    },
    "assert shell_sort([11, 28, 7, 3, 8, 5, 12, 81, 53, 90]) == [3, 5, 7, 8, 11, 12, 28, 53, 81, 90]": {
      "result": true,
      "time": 0.043669939041137695,
      "error": null
    },
    "assert shell_sort([11, 20, 3, 9, 7, 1, 12, 77, 61, 93]) == [1, 3, 7, 9, 11, 12, 20, 61, 77, 93]": {
      "result": true,
      "time": 0.03780174255371094,
      "error": null
    },
    "assert shell_sort([14, 21, 1, 2, 7, 5, 15, 77, 58, 97]) == [1, 2, 5, 7, 14, 15, 21, 58, 77, 97]": {
      "result": true,
      "time": 0.04576921463012695,
      "error": null
    },
    "assert shell_sort([16, 23, 8, 5, 3, 5, 15, 84, 56, 93]) == [3, 5, 5, 8, 15, 16, 23, 56, 84, 93]": {
      "result": true,
      "time": 0.040374755859375,
      "error": null
    },
    "assert shell_sort([8, 23, 6, 7, 1, 6, 14, 82, 56, 92]) == [1, 6, 6, 7, 8, 14, 23, 56, 82, 92]": {
      "result": true,
      "time": 0.05466961860656738,
      "error": null
    },
    "assert shell_sort([12, 22, 6, 5, 8, 3, 11, 78, 58, 99]) == [3, 5, 6, 8, 11, 12, 22, 58, 78, 99]": {
      "result": true,
      "time": 0.028033018112182617,
      "error": null
    },
    "assert shell_sort([12, 20, 3, 9, 3, 1, 8, 81, 53, 99]) == [1, 3, 3, 8, 9, 12, 20, 53, 81, 99]": {
      "result": true,
      "time": 0.042046546936035156,
      "error": null
    },
    "assert shell_sort([28, 20, 35, 36, 84, 73, 69]) == [20, 28, 35, 36, 69, 73, 84]": {
      "result": true,
      "time": 0.04883623123168945,
      "error": null
    },
    "assert shell_sort([22, 27, 40, 37, 90, 76, 70]) == [22, 27, 37, 40, 70, 76, 90]": {
      "result": true,
      "time": 0.043860673904418945,
      "error": null
    },
    "assert shell_sort([29, 25, 42, 31, 87, 74, 72]) == [25, 29, 31, 42, 72, 74, 87]": {
      "result": true,
      "time": 0.04199862480163574,
      "error": null
    },
    "assert shell_sort([25, 18, 37, 34, 91, 71, 67]) == [18, 25, 34, 37, 67, 71, 91]": {
      "result": true,
      "time": 0.042613983154296875,
      "error": null
    },
    "assert shell_sort([19, 17, 44, 34, 83, 74, 69]) == [17, 19, 34, 44, 69, 74, 83]": {
      "result": true,
      "time": 0.034682512283325195,
      "error": null
    },