{
  "code": "def find_remainder(arr, n, m):\n    product = 1\n    for num in arr:\n        product *= num\n    product %= n\n    remainder = product % m\n    return remainder",
  "results": {
    "assert find_remainder([ 100, 10, 5, 25, 35, 14 ],6,11) ==9": {
      "result": false,
      "time": 0.049314260482788086,
      "error": null
    },
    "assert find_remainder([1,1,1],3,1) == 0": {
      "result": true,
      "time": 0.04478311538696289,
      "error": null
    },
    "assert find_remainder([1,2,1],3,2) == 0": {
      "result": true,
      "time": 0.051627397537231445,
      "error": null
    },
    "assert find_remainder([96, 14, 8, 20, 36, 12], 1, 9) == 6": {
      "result": false,
      "time": 0.052276611328125,
      "error": null
    },
    "assert find_remainder([98, 13, 3, 29, 30, 15], 5, 8) == 4": {
      "result": false,
      "time": 0.039183616638183594,
      "error": null
    },
    "assert find_remainder([103, 12, 9, 26, 34, 13], 1, 11) == 4": {
      "result": false,
      "time": 0.040009260177612305,
      "error": null
    },
    "assert find_remainder([96, 11, 9, 22, 40, 19], 3, 9) == 0": {
      "result": true,
      "time": 0.05320239067077637,
      "error": null
    },
    "assert find_remainder([96, 14, 8, 27, 33, 17], 3, 10) == 2": {
      "result": false,
      "time": 0.046941280364990234,
      "error": null
    },
    "assert find_remainder([101, 9, 5, 24, 32, 19], 5, 9) == 0": {
      "result": true,
      "time": 0.04813408851623535,
      "error": null
    },
    "assert find_remainder([103, 10, 5, 22, 31, 13], 6, 9) == 2": {
      "result": true,
      "time": 0.050826072692871094,
      "error": null
    },
    "assert find_remainder([101, 6, 10, 29, 35, 10], 4, 15) == 0": {
      "result": true,
      "time": 0.04578542709350586,
      "error": null
    },
    "assert find_remainder([98, 8, 10, 20, 30, 16], 3, 8) == 0": {
      "result": true,
      "time": 0.055881500244140625,
      "error": null
    },
    "assert find_remainder([100, 13, 7, 26, 30, 16], 1, 12) == 4": {
      "result": false,
      "time": 0.04043412208557129,
      "error": null
    },
    "assert find_remainder([101, 14, 3, 27, 39, 11], 4, 13) == 4": {
      "result": false,
      "time": 0.04163789749145508,
      "error": null
    },
    "assert find_remainder([98, 12, 10, 25, 36, 19], 1, 10) == 8": {
      "result": false,
      "time": 0.0396115779876709,
      "error": null
    },
    "assert find_remainder([102, 12, 1, 25, 40, 15], 6, 14) == 8": {
      "result": false,
      "time": 0.03952836990356445,
      "error": null
    },
    "assert find_remainder([98, 5, 7, 24, 30, 14], 4, 16) == 0": {
      "result": true,
      "time": 0.04356241226196289,
      "error": null
    },
    "assert find_remainder([103, 9, 2, 28, 32, 10], 3, 16) == 14": {
      "result": false,
      "time": 0.04080605506896973,
      "error": null
    },
    "assert find_remainder([102, 5, 2, 30, 30, 14], 2, 15) == 0": {
      "result": true,
      "time": 0.03684639930725098,
      "error": null
    },
    "assert find_remainder([97, 5, 10, 27, 32, 11], 1, 15) == 7": {
      "result": false,
      "time": 0.03921627998352051,
      "error": null
    },
    "assert find_remainder([101, 13, 10, 26, 31, 15], 1, 6) == 5": {
      "result": false,
      "time": 0.03789377212524414,
      "error": null
    },
    "assert find_remainder([103, 14, 7, 20, 39, 19], 2, 15) == 2": {
      "result": false,
      "time": 0.04911351203918457,
      "error": null
    },
    "assert find_remainder([99, 14, 10, 26, 37, 18], 2, 12) == 6": {
      "result": false,
      "time": 0.04150843620300293,
      "error": null
    },
    "assert find_remainder([103, 5, 6, 27, 33, 17], 4, 6) == 0": {
      "result": false,
      "time": 0.03722238540649414,
      "error": null
    },
    "assert find_remainder([96, 12, 10, 25, 30, 14], 5, 7) == 5": {
      "result": false,
      "time": 0.04096508026123047,
      "error": null
    },
    "assert find_remainder([100, 11, 5, 28, 40, 10], 6, 8) == 0": {
      "result": false,
      "time": 0.036749839782714844,
      "error": null
    },
    "assert find_remainder([96, 15, 4, 23, 35, 15], 6, 14) == 0": {
      "result": true,
      "time": 0.04288601875305176,
      "error": null
    },
    "assert find_remainder([103, 15, 4, 27, 32, 18], 5, 8) == 0": {
      "result": true,
      "time": 0.04052329063415527,
      "error": null
    },
    "assert find_remainder([101, 6, 5, 25, 40, 18], 2, 8) == 6": {
      "result": false,
      "time": 0.03789782524108887,
      "error": null
    },
    "assert find_remainder([103, 14, 10, 22, 40, 13], 2, 15) == 2": {
      "result": false,
      "time": 0.04319357872009277,
      "error": null
    },
    "assert find_remainder([104, 9, 4, 30, 33, 9], 2, 7) == 5": {
      "result": false,
      "time": 0.04016375541687012,
      "error": null
    },
    "assert find_remainder([101, 10, 2, 25, 38, 15], 5, 9) == 2": {
      "result": false,
      "time": 0.03818178176879883,
      "error": null
    },
    "assert find_remainder([96, 11, 8, 22, 30, 17], 6, 11) == 0": {
      "result": true,
      "time": 0.040631771087646484,
      "error": null
    },
    "assert find_remainder([104, 7, 2, 24, 32, 11], 5, 9) == 3": {
      "result": true,
      "time": 0.03234386444091797,
      "error": null
    },
    "assert find_remainder([97, 5, 2, 30, 34, 9], 5, 8) == 0": {
      "result": true,
      "time": 0.04420161247253418,
      "error": null
    },
    "assert find_remainder([102, 14, 7, 29, 32, 14], 5, 13) == 8": {
      "result": false,
      "time": 0.04648303985595703,
      "error": null
    },
    "assert find_remainder([1, 1, 6], 3, 3) == 0": {
      "result": true,
      "time": 0.036522865295410156,
      "error": null
    },
    "assert find_remainder([3, 4, 6], 3, 3) == 0": {
      "result": true,
      "time": 0.04145169258117676,
      "error": null
    },
    "assert find_remainder([5, 3, 6], 1, 4) == 1": {
      "result": false,
      "time": 0.04024052619934082,
      "error": null
    },
    "assert find_remainder([3, 1, 3], 1, 5) == 3": {
      "result": false,
      "time": 0.04347586631774902,
      "error": null
    },
    "assert find_remainder([3, 1, 3], 1, 4) == 3": {
      "result": false,
      "time": 0.03844738006591797,
      "error": null
    },
    "assert find_remainder([2, 2, 5], 1, 3) == 2": {
      "result": false,
      "time": 0.034011125564575195,
      "error": null
    },
    "assert find_remainder([4, 1, 2], 2, 6) == 4": {
      "result": false,
      "time": 0.03931283950805664,
      "error": null
    },
    "assert find_remainder([5, 3, 1], 1, 1) == 0": {
      "result": true,
      "time": 0.0328831672668457,
      "error": null
    },
    "assert find_remainder([4, 3, 2], 1, 1) == 0": {
      "result": true,
      "time": 0.035909414291381836,
      "error": null
    },
    "assert find_remainder([6, 2, 4], 3, 5) == 3": {
      "result": false,
      "time": 0.05251502990722656,
      "error": null
    },
    "assert find_remainder([3, 5, 1], 2, 1) == 0": {
      "result": true,
      "time": 0.04055285453796387,
      "error": null
    },
    "assert find_remainder([6, 5, 5], 1, 3) == 0": {
      "result": true,
      "time": 0.04732561111450195,
      "error": null
    },
    "assert find_remainder([6, 3, 4], 2, 5) == 3": {
      "result": false,
      "time": 0.03548622131347656,
      "error": null
    },
    "assert find_remainder([3, 2, 1], 2, 4) == 2": {
      "result": false,
      "time": 0.037264108657836914,
      "error": null
    },
    "assert find_remainder([2, 5, 4], 1, 4) == 2": {
      "result": false,
      "time": 0.04210662841796875,
      "error": null
    },
    "assert find_remainder([2, 1, 2], 3, 5) == 4": {
      "result": false,
      "time": 0.04017829895019531,
      "error": null
    },
    "assert find_remainder([3, 6, 4], 2, 1) == 0": {
      "result": true,
      "time": 0.040148019790649414,
      "error": null
    },