{
  "code": "def find_tuples(tuples, k):\n    result = [t for t in tuples if all(i % k == 0 for i in t)]\n    return result",
  "results": {
    "assert find_tuples([(6, 24, 12), (7, 9, 6), (12, 18, 21)], 6) == '[(6, 24, 12)]'": {
      "result": false,
      "time": 0.03530526161193848,
      "error": null
    },
    "assert find_tuples([(5, 25, 30), (4, 2, 3), (7, 8, 9)], 5) == '[(5, 25, 30)]'": {
      "result": false,
      "time": 0.03663015365600586,
      "error": null
    },
    "assert find_tuples([(7, 9, 16), (8, 16, 4), (19, 17, 18)], 4) == '[(8, 16, 4)]'": {
      "result": false,
      "time": 0.038129568099975586,
      "error": null
    },
    "assert find_tuples([(11, 22, 15), (9, 11, 5), (16, 18, 25)], 11) == []": {
      "result": true,
      "time": 0.035994768142700195,
      "error": null
    },
    "assert find_tuples([(1, 26, 9), (2, 13, 6), (11, 23, 16)], 2) == []": {
      "result": true,
      "time": 0.03147172927856445,
      "error": null
    },
    "assert find_tuples([(5, 28, 10), (2, 6, 6), (9, 21, 21)], 11) == []": {
      "result": true,
      "time": 0.0329742431640625,
      "error": null
    },
    "assert find_tuples([(11, 26, 8), (4, 12, 5), (9, 19, 16)], 4) == []": {
      "result": true,
      "time": 0.03542828559875488,
      "error": null
    },
    "assert find_tuples([(5, 22, 10), (8, 12, 2), (7, 15, 19)], 2) == [(8, 12, 2)]": {
      "result": true,
      "time": 0.03224897384643555,
      "error": null
    },
    "assert find_tuples([(1, 20, 14), (11, 5, 10), (12, 20, 21)], 7) == []": {
      "result": true,
      "time": 0.043457984924316406,
      "error": null
    },
    "assert find_tuples([(1, 27, 14), (6, 12, 7), (10, 14, 23)], 5) == []": {
      "result": true,
      "time": 0.03154802322387695,
      "error": null
    },
    "assert find_tuples([(2, 28, 11), (2, 5, 4), (7, 14, 17)], 6) == []": {
      "result": true,
      "time": 0.03208112716674805,
      "error": null
    },
    "assert find_tuples([(8, 25, 15), (6, 6, 3), (10, 21, 24)], 2) == []": {
      "result": true,
      "time": 0.03133845329284668,
      "error": null
    },
    "assert find_tuples([(11, 23, 8), (12, 6, 4), (17, 16, 25)], 9) == []": {
      "result": true,
      "time": 0.034667015075683594,
      "error": null
    },
    "assert find_tuples([(9, 29, 10), (7, 10, 5), (10, 22, 24)], 1) == [(9, 29, 10), (7, 10, 5), (10, 22, 24)]": {
      "result": true,
      "time": 0.0354158878326416,
      "error": null
    },
    "assert find_tuples([(3, 28, 17), (3, 7, 2), (13, 15, 18)], 8) == []": {
      "result": true,
      "time": 0.03341078758239746,
      "error": null
    },
    "assert find_tuples([(6, 25, 16), (3, 7, 5), (7, 18, 16)], 9) == []": {
      "result": true,
      "time": 0.03533196449279785,
      "error": null
    },
    "assert find_tuples([(10, 23, 17), (6, 8, 6), (17, 19, 21)], 1) == [(10, 23, 17), (6, 8, 6), (17, 19, 21)]": {
      "result": true,
      "time": 0.03386330604553223,
      "error": null
    },
    "assert find_tuples([(8, 20, 10), (8, 14, 8), (14, 14, 19)], 3) == []": {
      "result": true,
      "time": 0.02954411506652832,
      "error": null
    },
    "assert find_tuples([(3, 23, 15), (9, 11, 1), (14, 23, 16)], 2) == []": {
      "result": true,
      "time": 0.03692150115966797,
      "error": null
    },
    "assert find_tuples([(11, 27, 17), (11, 11, 8), (14, 17, 26)], 9) == []": {
      "result": true,
      "time": 0.03982281684875488,
      "error": null
    },
    "assert find_tuples([(7, 21, 13), (6, 4, 2), (10, 20, 16)], 1) == [(7, 21, 13), (6, 4, 2), (10, 20, 16)]": {
      "result": true,
      "time": 0.04279160499572754,
      "error": null
    },
    "assert find_tuples([(7, 19, 8), (7, 6, 5), (13, 22, 20)], 4) == []": {
      "result": true,
      "time": 0.03542351722717285,
      "error": null
    },
    "assert find_tuples([(3, 21, 7), (9, 11, 8), (13, 13, 22)], 8) == []": {
      "result": true,
      "time": 0.03316640853881836,
      "error": null
    },
    "assert find_tuples([(11, 29, 16), (6, 5, 2), (17, 16, 20)], 5) == []": {
      "result": true,
      "time": 0.03570389747619629,
      "error": null
    },
    "assert find_tuples([(9, 20, 10), (8, 14, 1), (16, 15, 21)], 7) == []": {
      "result": true,
      "time": 0.03185534477233887,
      "error": null
    },
    "assert find_tuples([(5, 28, 12), (10, 9, 4), (17, 13, 19)], 11) == []": {
      "result": true,
      "time": 0.03280305862426758,
      "error": null
    },
    "assert find_tuples([(11, 24, 16), (11, 5, 6), (16, 16, 22)], 2) == [(16, 16, 22)]": {
      "result": true,
      "time": 0.028981447219848633,
      "error": null
    },
    "assert find_tuples([(7, 26, 12), (10, 14, 6), (17, 23, 19)], 8) == []": {
      "result": true,
      "time": 0.026955366134643555,
      "error": null
    },
    "assert find_tuples([(8, 28, 11), (5, 12, 3), (8, 14, 19)], 3) == []": {
      "result": true,
      "time": 0.03425455093383789,
      "error": null
    },
    "assert find_tuples([(7, 22, 12), (3, 13, 9), (11, 15, 23)], 4) == []": {
      "result": true,
      "time": 0.029907703399658203,
      "error": null
    },
    "assert find_tuples([(1, 24, 15), (5, 13, 7), (15, 22, 25)], 10) == []": {
      "result": true,
      "time": 0.03747749328613281,
      "error": null
    },
    "assert find_tuples([(5, 24, 13), (2, 12, 4), (17, 14, 23)], 5) == []": {
      "result": true,
      "time": 0.0350191593170166,
      "error": null
    },
    "assert find_tuples([(4, 26, 17), (4, 4, 10), (10, 19, 21)], 7) == []": {
      "result": true,
      "time": 0.02992701530456543,
      "error": null
    },
    "assert find_tuples([(5, 23, 15), (7, 8, 4), (9, 14, 20)], 11) == []": {
      "result": true,
      "time": 0.0362703800201416,
      "error": null
    },
    "assert find_tuples([(3, 29, 16), (9, 12, 8), (17, 18, 25)], 5) == []": {
      "result": true,
      "time": 0.03506159782409668,
      "error": null
    },
    "assert find_tuples([(5, 29, 15), (12, 13, 3), (13, 19, 18)], 8) == []": {
      "result": true,
      "time": 0.03510427474975586,
      "error": null
    },
    "assert find_tuples([(9, 27, 28), (7, 6, 5), (6, 6, 14)], 5) == []": {
      "result": true,
      "time": 0.04025602340698242,
      "error": null
    },
    "assert find_tuples([(3, 30, 34), (1, 7, 6), (4, 8, 9)], 6) == []": {
      "result": true,
      "time": 0.03475451469421387,
      "error": null
    },
    "assert find_tuples([(2, 30, 33), (1, 5, 8), (10, 12, 13)], 1) == [(2, 30, 33), (1, 5, 8), (10, 12, 13)]": {
      "result": true,
      "time": 0.03346729278564453,
      "error": null
    },
    "assert find_tuples([(2, 26, 26), (9, 4, 1), (6, 4, 10)], 2) == [(2, 26, 26), (6, 4, 10)]": {
      "result": true,
      "time": 0.03417825698852539,
      "error": null
    },
    "assert find_tuples([(2, 22, 29), (3, 7, 6), (4, 9, 4)], 7) == []": {
      "result": true,
      "time": 0.034147024154663086,
      "error": null
    },
    "assert find_tuples([(6, 25, 34), (8, 3, 5), (2, 13, 6)], 3) == []": {
      "result": true,
      "time": 0.033036231994628906,
      "error": null
    },
    "assert find_tuples([(4, 21, 25), (6, 2, 4), (5, 9, 9)], 3) == []": {
      "result": true,
      "time": 0.034098148345947266,
      "error": null
    },
    "assert find_tuples([(7, 29, 28), (1, 6, 2), (9, 9, 12)], 3) == [(9, 9, 12)]": {
      "result": true,
      "time": 0.03440356254577637,
      "error": null
    },
    "assert find_tuples([(7, 29, 30), (4, 5, 4), (8, 5, 9)], 6) == []": {
      "result": true,
      "time": 0.035486698150634766,
      "error": null
    },
    "assert find_tuples([(6, 24, 30), (5, 2, 4), (6, 11, 5)], 7) == []": {
      "result": true,
      "time": 0.032433271408081055,
      "error": null
    },
    "assert find_tuples([(3, 24, 33), (6, 2, 7), (8, 13, 9)], 10) == []": {
      "result": true,
      "time": 0.03508138656616211,
      "error": null
    },