{
  "code": "def inversion_elements(test_tup):\n    inverted_tup = tuple(sorted(test_tup, reverse=True))\n    return inverted_tup",
  "results": {
    "assert inversion_elements((7, 8, 9, 1, 10, 7)) == (-8, -9, -10, -2, -11, -8)": {
      "result": false,
      "time": 0.03594207763671875,
      "error": null
    },
    "assert inversion_elements((2, 4, 5, 6, 1, 7)) == (-3, -5, -6, -7, -2, -8)": {
      "result": false,
      "time": 0.040825843811035156,
      "error": null
    },
    "assert inversion_elements((8, 9, 11, 14, 12, 13)) == (-9, -10, -12, -15, -13, -14)": {
      "result": false,
      "time": 0.044313669204711914,
      "error": null
    },
    "assert inversion_elements((6, 6, 4, 2, 9, 5)) == (-7, -7, -5, -3, -10, -6)": {
      "result": false,
      "time": 0.037575483322143555,
      "error": null
    },
    "assert inversion_elements((2, 6, 13, 2, 13, 6)) == (-3, -7, -14, -3, -14, -7)": {
      "result": false,
      "time": 0.040294647216796875,
      "error": null
    },
    "assert inversion_elements((6, 3, 4, 3, 9, 6)) == (-7, -4, -5, -4, -10, -7)": {
      "result": false,
      "time": 0.050733327865600586,
      "error": null
    },
    "assert inversion_elements((3, 12, 10, 1, 7, 12)) == (-4, -13, -11, -2, -8, -13)": {
      "result": false,
      "time": 0.05247998237609863,
      "error": null
    },
    "assert inversion_elements((5, 8, 8, 6, 13, 3)) == (-6, -9, -9, -7, -14, -4)": {
      "result": false,
      "time": 0.0426175594329834,
      "error": null
    },
    "assert inversion_elements((11, 12, 14, 1, 5, 11)) == (-12, -13, -15, -2, -6, -12)": {
      "result": false,
      "time": 0.03506159782409668,
      "error": null
    },
    "assert inversion_elements((8, 4, 7, 6, 11, 7)) == (-9, -5, -8, -7, -12, -8)": {
      "result": false,
      "time": 0.03740334510803223,
      "error": null
    },
    "assert inversion_elements((9, 13, 10, 2, 13, 11)) == (-10, -14, -11, -3, -14, -12)": {
      "result": false,
      "time": 0.03654146194458008,
      "error": null
    },
    "assert inversion_elements((11, 12, 6, 2, 10, 4)) == (-12, -13, -7, -3, -11, -5)": {
      "result": false,
      "time": 0.0379185676574707,
      "error": null
    },
    "assert inversion_elements((5, 13, 5, 1, 7, 8)) == (-6, -14, -6, -2, -8, -9)": {
      "result": false,
      "time": 0.03637528419494629,
      "error": null
    },
    "assert inversion_elements((4, 9, 8, 5, 9, 3)) == (-5, -10, -9, -6, -10, -4)": {
      "result": false,
      "time": 0.036096811294555664,
      "error": null
    },
    "assert inversion_elements((3, 7, 13, 3, 14, 8)) == (-4, -8, -14, -4, -15, -9)": {
      "result": false,
      "time": 0.030282974243164062,
      "error": null
    },
    "assert inversion_elements((6, 3, 9, 6, 12, 9)) == (-7, -4, -10, -7, -13, -10)": {
      "result": false,
      "time": 0.04570198059082031,
      "error": null
    },
    "assert inversion_elements((12, 3, 8, 5, 14, 11)) == (-13, -4, -9, -6, -15, -12)": {
      "result": false,
      "time": 0.03512120246887207,
      "error": null
    },
    "assert inversion_elements((6, 3, 13, 4, 9, 11)) == (-7, -4, -14, -5, -10, -12)": {
      "result": false,
      "time": 0.03312182426452637,
      "error": null
    },
    "assert inversion_elements((9, 6, 11, 5, 12, 4)) == (-10, -7, -12, -6, -13, -5)": {
      "result": false,
      "time": 0.03798317909240723,
      "error": null
    },
    "assert inversion_elements((11, 11, 7, 1, 5, 3)) == (-12, -12, -8, -2, -6, -4)": {
      "result": false,
      "time": 0.03639030456542969,
      "error": null
    },
    "assert inversion_elements((9, 4, 10, 5, 14, 8)) == (-10, -5, -11, -6, -15, -9)": {
      "result": false,
      "time": 0.03848123550415039,
      "error": null
    },
    "assert inversion_elements((12, 5, 10, 5, 9, 3)) == (-13, -6, -11, -6, -10, -4)": {
      "result": false,
      "time": 0.0314478874206543,
      "error": null
    },
    "assert inversion_elements((12, 4, 10, 5, 15, 9)) == (-13, -5, -11, -6, -16, -10)": {
      "result": false,
      "time": 0.04105734825134277,
      "error": null
    },
    "assert inversion_elements((9, 5, 14, 6, 5, 2)) == (-10, -6, -15, -7, -6, -3)": {
      "result": false,
      "time": 0.038521528244018555,
      "error": null
    },
    "assert inversion_elements((9, 13, 10, 4, 14, 4)) == (-10, -14, -11, -5, -15, -5)": {
      "result": false,
      "time": 0.04442143440246582,
      "error": null
    },
    "assert inversion_elements((2, 8, 6, 3, 10, 12)) == (-3, -9, -7, -4, -11, -13)": {
      "result": false,
      "time": 0.044251203536987305,
      "error": null
    },
    "assert inversion_elements((6, 4, 13, 4, 11, 9)) == (-7, -5, -14, -5, -12, -10)": {
      "result": false,
      "time": 0.049813270568847656,
      "error": null
    },
    "assert inversion_elements((10, 6, 4, 5, 8, 11)) == (-11, -7, -5, -6, -9, -12)": {
      "result": false,
      "time": 0.04076838493347168,
      "error": null
    },
    "assert inversion_elements((5, 6, 7, 6, 14, 6)) == (-6, -7, -8, -7, -15, -7)": {
      "result": false,
      "time": 0.03586411476135254,
      "error": null
    },
    "assert inversion_elements((12, 10, 10, 2, 14, 5)) == (-13, -11, -11, -3, -15, -6)": {
      "result": false,
      "time": 0.04445815086364746,
      "error": null
    },
    "assert inversion_elements((7, 7, 14, 1, 6, 3)) == (-8, -8, -15, -2, -7, -4)": {
      "result": false,
      "time": 0.040799617767333984,
      "error": null
    },
    "assert inversion_elements((5, 5, 5, 5, 14, 6)) == (-6, -6, -6, -6, -15, -7)": {
      "result": false,
      "time": 0.042009592056274414,
      "error": null
    },
    "assert inversion_elements((4, 4, 5, 4, 6, 6)) == (-5, -5, -6, -5, -7, -7)": {
      "result": false,
      "time": 0.04840850830078125,
      "error": null
    },
    "assert inversion_elements((2, 6, 6, 2, 8, 12)) == (-3, -7, -7, -3, -9, -13)": {
      "result": false,
      "time": 0.0392918586730957,
      "error": null
    },
    "assert inversion_elements((8, 4, 11, 3, 12, 10)) == (-9, -5, -12, -4, -13, -11)": {
      "result": false,
      "time": 0.038912296295166016,
      "error": null
    },
    "assert inversion_elements((3, 12, 8, 1, 9, 5)) == (-4, -13, -9, -2, -10, -6)": {
      "result": false,
      "time": 0.04591965675354004,
      "error": null
    },
    "assert inversion_elements((3, 1, 1, 9, 5, 10)) == (-4, -2, -2, -10, -6, -11)": {
      "result": false,
      "time": 0.04141807556152344,
      "error": null
    },
    "assert inversion_elements((3, 4, 6, 2, 6, 8)) == (-4, -5, -7, -3, -7, -9)": {
      "result": false,
      "time": 0.036504507064819336,
      "error": null
    },
    "assert inversion_elements((2, 1, 10, 10, 5, 9)) == (-3, -2, -11, -11, -6, -10)": {
      "result": false,
      "time": 0.03944683074951172,
      "error": null
    },
    "assert inversion_elements((2, 2, 10, 11, 5, 10)) == (-3, -3, -11, -12, -6, -11)": {
      "result": false,
      "time": 0.04254031181335449,
      "error": null
    },
    "assert inversion_elements((1, 7, 2, 1, 6, 4)) == (-2, -8, -3, -2, -7, -5)": {
      "result": false,
      "time": 0.04682517051696777,
      "error": null
    },
    "assert inversion_elements((1, 3, 2, 1, 6, 10)) == (-2, -4, -3, -2, -7, -11)": {
      "result": false,
      "time": 0.03524184226989746,
      "error": null
    },
    "assert inversion_elements((5, 8, 2, 5, 6, 6)) == (-6, -9, -3, -6, -7, -7)": {
      "result": false,
      "time": 0.03909754753112793,
      "error": null
    },
    "assert inversion_elements((4, 8, 3, 8, 6, 4)) == (-5, -9, -4, -9, -7, -5)": {
      "result": false,
      "time": 0.042135000228881836,
      "error": null
    },
    "assert inversion_elements((4, 9, 6, 10, 4, 2)) == (-5, -10, -7, -11, -5, -3)": {
      "result": false,
      "time": 0.04276156425476074,
      "error": null
    },
    "assert inversion_elements((3, 8, 1, 9, 3, 5)) == (-4, -9, -2, -10, -4, -6)": {
      "result": false,