{
  "code": "def remove_tuple(test_tup):\n    res = tuple(set(test_tup))\n    return res\n",
  "results": {
    "assert remove_tuple((1, 3, 5, 2, 3, 5, 1, 1, 3)) == (1, 2, 3, 5)": {
      "result": true,
      "time": 0.04107546806335449,
      "error": null
    },
    "assert remove_tuple((2, 3, 4, 4, 5, 6, 6, 7, 8, 8)) == (2, 3, 4, 5, 6, 7, 8)": {
      "result": true,
      "time": 0.044564247131347656,
      "error": null
    },
    "assert remove_tuple((11, 12, 13, 11, 11, 12, 14, 13)) == (11, 12, 13, 14)": {
      "result": true,
      "time": 0.03988957405090332,
      "error": null
    },
    "assert remove_tuple((4, 7, 1, 3, 4, 6, 3, 5, 6)) == (1, 3, 4, 5, 6, 7)": {
      "result": true,
      "time": 0.042601585388183594,
      "error": null
    },
    "assert remove_tuple((6, 5, 6, 5, 2, 7, 5, 5, 5)) == (2, 5, 6, 7)": {
      "result": true,
      "time": 0.0550689697265625,
      "error": null
    },
    "assert remove_tuple((2, 6, 6, 6, 6, 9, 1, 5, 2)) == (1, 2, 5, 6, 9)": {
      "result": true,
      "time": 0.04482531547546387,
      "error": null
    },
    "assert remove_tuple((3, 6, 7, 5, 1, 4, 4, 5, 4)) == (1, 3, 4, 5, 6, 7)": {
      "result": true,
      "time": 0.03982281684875488,
      "error": null
    },
    "assert remove_tuple((2, 4, 10, 7, 7, 2, 3, 6, 6)) == (2, 3, 4, 6, 7, 10)": {
      "result": true,
      "time": 0.054683685302734375,
      "error": null
    },
    "assert remove_tuple((5, 7, 9, 3, 1, 8, 1, 1, 1)) == (1, 3, 5, 7, 8, 9)": {
      "result": true,
      "time": 0.0462186336517334,
      "error": null
    },
    "assert remove_tuple((5, 3, 10, 2, 8, 10, 6, 1, 7)) == (1, 2, 3, 5, 6, 7, 8, 10)": {
      "result": true,
      "time": 0.04380297660827637,
      "error": null
    },
    "assert remove_tuple((3, 1, 8, 3, 4, 9, 5, 4, 1)) == (1, 3, 4, 5, 8, 9)": {
      "result": true,
      "time": 0.040808677673339844,
      "error": null
    },
    "assert remove_tuple((2, 4, 3, 5, 6, 2, 3, 6, 4)) == (2, 3, 4, 5, 6)": {
      "result": true,
      "time": 0.03891420364379883,
      "error": null
    },
    "assert remove_tuple((2, 2, 1, 6, 6, 10, 3, 5, 3)) == (1, 2, 3, 5, 6, 10)": {
      "result": true,
      "time": 0.03951311111450195,
      "error": null
    },
    "assert remove_tuple((6, 6, 5, 3, 5, 10, 2, 4, 5)) == (2, 3, 4, 5, 6, 10)": {
      "result": true,
      "time": 0.039221763610839844,
      "error": null
    },
    "assert remove_tuple((2, 7, 4, 2, 7, 6, 5, 6, 6)) == (2, 4, 5, 6, 7)": {
      "result": true,
      "time": 0.055246829986572266,
      "error": null
    },
    "assert remove_tuple((3, 6, 8, 2, 2, 3, 4, 5, 7)) == (2, 3, 4, 5, 6, 7, 8)": {
      "result": true,
      "time": 0.055368661880493164,
      "error": null
    },
    "assert remove_tuple((2, 5, 3, 6, 6, 4, 4, 2, 2)) == (2, 3, 4, 5, 6)": {
      "result": true,
      "time": 0.04550623893737793,
      "error": null
    },
    "assert remove_tuple((6, 4, 1, 6, 1, 9, 3, 1, 5)) == (1, 3, 4, 5, 6, 9)": {
      "result": true,
      "time": 0.056516170501708984,
      "error": null
    },
    "assert remove_tuple((3, 2, 4, 5, 6, 7, 4, 1, 4)) == (1, 2, 3, 4, 5, 6, 7)": {
      "result": true,
      "time": 0.05447030067443848,
      "error": null
    },
    "assert remove_tuple((6, 4, 3, 7, 2, 4, 3, 5, 7)) == (2, 3, 4, 5, 6, 7)": {
      "result": true,
      "time": 0.04611945152282715,
      "error": null
    },
    "assert remove_tuple((1, 5, 3, 2, 6, 9, 4, 3, 4)) == (1, 2, 3, 4, 5, 6, 9)": {
      "result": true,
      "time": 0.04772067070007324,
      "error": null
    },
    "assert remove_tuple((6, 8, 5, 2, 8, 2, 5, 6, 7)) == (2, 5, 6, 7, 8)": {
      "result": true,
      "time": 0.0438227653503418,
      "error": null
    },
    "assert remove_tuple((2, 6, 6, 3, 4, 2, 5, 1, 8)) == (1, 2, 3, 4, 5, 6, 8)": {
      "result": true,
      "time": 0.049533843994140625,
      "error": null
    },
    "assert remove_tuple((2, 7, 6, 5, 8, 7, 2, 4, 1)) == (1, 2, 4, 5, 6, 7, 8)": {
      "result": true,
      "time": 0.04360079765319824,
      "error": null
    },
    "assert remove_tuple((2, 2, 4, 3, 5, 1, 3, 5, 6)) == (1, 2, 3, 4, 5, 6)": {
      "result": true,
      "time": 0.056355953216552734,
      "error": null
    },
    "assert remove_tuple((4, 5, 6, 7, 8, 2, 3, 1, 2)) == (1, 2, 3, 4, 5, 6, 7, 8)": {
      "result": true,
      "time": 0.0488431453704834,
      "error": null
    },
    "assert remove_tuple((6, 6, 5, 7, 3, 5, 1, 4, 5)) == (1, 3, 4, 5, 6, 7)": {
      "result": true,
      "time": 0.05383443832397461,
      "error": null
    },
    "assert remove_tuple((3, 4, 2, 6, 5, 4, 1, 1, 8)) == (1, 2, 3, 4, 5, 6, 8)": {
      "result": true,
      "time": 0.04892539978027344,
      "error": null
    },
    "assert remove_tuple((2, 3, 5, 6, 6, 2, 5, 5, 1)) == (1, 2, 3, 5, 6)": {
      "result": true,
      "time": 0.05867576599121094,
      "error": null
    },
    "assert remove_tuple((6, 5, 10, 2, 7, 6, 5, 1, 7)) == (1, 2, 5, 6, 7, 10)": {
      "result": true,
      "time": 0.05480480194091797,
      "error": null
    },
    "assert remove_tuple((1, 6, 5, 3, 3, 7, 1, 1, 2)) == (1, 2, 3, 5, 6, 7)": {
      "result": true,
      "time": 0.05427885055541992,
      "error": null
    },
    "assert remove_tuple((6, 2, 4, 2, 1, 5, 3, 5, 1)) == (1, 2, 3, 4, 5, 6)": {
      "result": true,
      "time": 0.04691481590270996,
      "error": null
    },
    "assert remove_tuple((6, 5, 6, 1, 6, 9, 2, 1, 7)) == (1, 2, 5, 6, 7, 9)": {
      "result": true,
      "time": 0.05528974533081055,
      "error": null
    },
    "assert remove_tuple((1, 8, 3, 6, 1, 2, 6, 6, 6)) == (1, 2, 3, 6, 8)": {
      "result": true,
      "time": 0.0455014705657959,
      "error": null
    },
    "assert remove_tuple((6, 5, 5, 6, 3, 3, 2, 5, 2)) == (2, 3, 5, 6)": {
      "result": true,
      "time": 0.04996752738952637,
      "error": null
    },
    "assert remove_tuple((3, 7, 10, 6, 8, 9, 3, 6, 6)) == (3, 6, 7, 8, 9, 10)": {
      "result": true,
      "time": 0.05164146423339844,
      "error": null
    },
    "assert remove_tuple((1, 1, 9, 5, 1, 3, 11, 10, 9, 3)) == (1, 3, 5, 9, 10, 11)": {
      "result": true,
      "time": 0.04847097396850586,
      "error": null
    },
    "assert remove_tuple((5, 4, 9, 6, 5, 9, 8, 10, 6, 9)) == (4, 5, 6, 8, 9, 10)": {
      "result": true,
      "time": 0.0515446662902832,
      "error": null
    },
    "assert remove_tuple((5, 1, 2, 1, 8, 4, 11, 2, 11, 13)) == (1, 2, 4, 5, 8, 11, 13)": {
      "result": true,
      "time": 0.04583001136779785,
      "error": null
    },
    "assert remove_tuple((7, 5, 1, 4, 1, 7, 3, 11, 13, 5)) == (1, 3, 4, 5, 7, 11, 13)": {
      "result": true,
      "time": 0.05402874946594238,
      "error": null
    },
    "assert remove_tuple((4, 6, 4, 4, 10, 3, 7, 3, 11, 12)) == (3, 4, 6, 7, 10, 11, 12)": {
      "result": true,
      "time": 0.04575467109680176,
      "error": null
    },
    "assert remove_tuple((7, 3, 4, 2, 4, 6, 8, 8, 11, 9)) == (2, 3, 4, 6, 7, 8, 9, 11)": {
      "result": true,
      "time": 0.04928946495056152,
      "error": null
    },
    "assert remove_tuple((6, 4, 4, 6, 7, 4, 9, 5, 13, 6)) == (4, 5, 6, 7, 9, 13)": {
      "result": true,
      "time": 0.054772377014160156,
      "error": null
    },
    "assert remove_tuple((4, 5, 8, 8, 2, 11, 4, 8, 10, 12)) == (2, 4, 5, 8, 10, 11, 12)": {
      "result": true,
      "time": 0.05060243606567383,
      "error": null
    },
    "assert remove_tuple((6, 1, 1, 1, 4, 1, 2, 3, 6, 8)) == (1, 2, 3, 4, 6, 8)": {
      "result": true,
      "time": 0.05183076858520508,
      "error": null
    },
    "assert remove_tuple((2, 3, 9, 7, 6, 7, 11, 10, 12, 5)) == (2, 3, 5, 6, 7, 9, 10, 11, 12)": {
      "result": true,
      "time": 0.05767631530761719,
      "error": null
    },
    "assert remove_tuple((6, 7, 9, 7, 8, 3, 10, 7, 12, 6)) == (3, 6, 7, 8, 9, 10, 12)": {
      "result": true,
      "time": 0.044429779052734375,
      "error": null
    },