{
  "code": "def add_consecutive_nums(nums):\n    result = [nums[0]]\n    for i in range(1, len(nums)):\n        result.append(nums[i] + result[-1])\n    return result",
  "results": {
    "assert add_consecutive_nums([1, 1, 3, 4, 4, 5, 6, 7])==[2, 4, 7, 8, 9, 11, 13]": {
      "result": false,
      "time": 0.03486037254333496,
      "error": null
    },
    "assert add_consecutive_nums([4, 5, 8, 9, 6, 10])==[9, 13, 17, 15, 16]": {
      "result": false,
      "time": 0.03339791297912598,
      "error": null
    },
    "assert add_consecutive_nums([1, 2, 3, 4, 5, 6, 7, 8, 9, 10])==[3, 5, 7, 9, 11, 13, 15, 17, 19]": {
      "result": false,
      "time": 0.03273582458496094,
      "error": null
    },
    "assert add_consecutive_nums([1, 4, 1, 5, 7, 8, 1, 10]) == [5, 5, 6, 12, 15, 9, 11]": {
      "result": false,
      "time": 0.03136134147644043,
      "error": null
    },
    "assert add_consecutive_nums([6, 1, 8, 3, 1, 10, 9, 12]) == [7, 9, 11, 4, 11, 19, 21]": {
      "result": false,
      "time": 0.03507542610168457,
      "error": null
    },
    "assert add_consecutive_nums([1, 5, 2, 3, 9, 2, 4, 6]) == [6, 7, 5, 12, 11, 6, 10]": {
      "result": false,
      "time": 0.03267693519592285,
      "error": null
    },
    "assert add_consecutive_nums([4, 1, 7, 5, 5, 3, 7, 11]) == [5, 8, 12, 10, 8, 10, 18]": {
      "result": false,
      "time": 0.03477001190185547,
      "error": null
    },
    "assert add_consecutive_nums([6, 5, 1, 8, 1, 5, 9, 3]) == [11, 6, 9, 9, 6, 14, 12]": {
      "result": false,
      "time": 0.03235650062561035,
      "error": null
    },
    "assert add_consecutive_nums([2, 2, 7, 1, 9, 4, 11, 6]) == [4, 9, 8, 10, 13, 15, 17]": {
      "result": false,
      "time": 0.03464627265930176,
      "error": null
    },
    "assert add_consecutive_nums([4, 6, 6, 1, 3, 3, 10, 8]) == [10, 12, 7, 4, 6, 13, 18]": {
      "result": false,
      "time": 0.03639698028564453,
      "error": null
    },
    "assert add_consecutive_nums([6, 1, 2, 9, 4, 2, 3, 3]) == [7, 3, 11, 13, 6, 5, 6]": {
      "result": false,
      "time": 0.03408002853393555,
      "error": null
    },
    "assert add_consecutive_nums([1, 1, 8, 4, 9, 9, 4, 8]) == [2, 9, 12, 13, 18, 13, 12]": {
      "result": false,
      "time": 0.02888774871826172,
      "error": null
    },
    "assert add_consecutive_nums([1, 5, 6, 5, 7, 7, 3, 7]) == [6, 11, 11, 12, 14, 10, 10]": {
      "result": false,
      "time": 0.02878713607788086,
      "error": null
    },
    "assert add_consecutive_nums([2, 2, 2, 6, 2, 6, 1, 6]) == [4, 4, 8, 8, 8, 7, 7]": {
      "result": false,
      "time": 0.03278088569641113,
      "error": null
    },
    "assert add_consecutive_nums([3, 6, 3, 7, 5, 2, 1, 3]) == [9, 9, 10, 12, 7, 3, 4]": {
      "result": false,
      "time": 0.032692909240722656,
      "error": null
    },
    "assert add_consecutive_nums([2, 3, 1, 6, 9, 1, 1, 9]) == [5, 4, 7, 15, 10, 2, 10]": {
      "result": false,
      "time": 0.031569480895996094,
      "error": null
    },
    "assert add_consecutive_nums([1, 1, 1, 4, 2, 3, 6, 3]) == [2, 2, 5, 6, 5, 9, 9]": {
      "result": false,
      "time": 0.03130340576171875,
      "error": null
    },
    "assert add_consecutive_nums([1, 5, 5, 3, 3, 10, 11, 5]) == [6, 10, 8, 6, 13, 21, 16]": {
      "result": false,
      "time": 0.032195091247558594,
      "error": null
    },
    "assert add_consecutive_nums([1, 6, 8, 3, 3, 5, 1, 12]) == [7, 14, 11, 6, 8, 6, 13]": {
      "result": false,
      "time": 0.03297901153564453,
      "error": null
    },
    "assert add_consecutive_nums([1, 2, 4, 2, 1, 8, 11, 8]) == [3, 6, 6, 3, 9, 19, 19]": {
      "result": false,
      "time": 0.03181028366088867,
      "error": null
    },
    "assert add_consecutive_nums([6, 6, 1, 6, 2, 8, 3, 6]) == [12, 7, 7, 8, 10, 11, 9]": {
      "result": false,
      "time": 0.03310537338256836,
      "error": null
    },
    "assert add_consecutive_nums([3, 1, 7, 9, 9, 5, 9, 9]) == [4, 8, 16, 18, 14, 14, 18]": {
      "result": false,
      "time": 0.032761335372924805,
      "error": null
    },
    "assert add_consecutive_nums([4, 4, 6, 6, 8, 8, 2, 3]) == [8, 10, 12, 14, 16, 10, 5]": {
      "result": false,
      "time": 0.03384280204772949,
      "error": null
    },
    "assert add_consecutive_nums([4, 5, 2, 6, 8, 10, 11, 3]) == [9, 7, 8, 14, 18, 21, 14]": {
      "result": false,
      "time": 0.029413938522338867,
      "error": null
    },
    "assert add_consecutive_nums([1, 6, 6, 9, 6, 2, 11, 9]) == [7, 12, 15, 15, 8, 13, 20]": {
      "result": false,
      "time": 0.03252148628234863,
      "error": null
    },
    "assert add_consecutive_nums([4, 5, 2, 1, 5, 5, 11, 11]) == [9, 7, 3, 6, 10, 16, 22]": {
      "result": false,
      "time": 0.032248497009277344,
      "error": null
    },
    "assert add_consecutive_nums([5, 4, 8, 6, 8, 1, 2, 6]) == [9, 12, 14, 14, 9, 3, 8]": {
      "result": false,
      "time": 0.03427433967590332,
      "error": null
    },
    "assert add_consecutive_nums([3, 2, 2, 9, 3, 4, 5, 11]) == [5, 4, 11, 12, 7, 9, 16]": {
      "result": false,
      "time": 0.030131101608276367,
      "error": null
    },
    "assert add_consecutive_nums([6, 6, 3, 4, 5, 5, 9, 4]) == [12, 9, 7, 9, 10, 14, 13]": {
      "result": false,
      "time": 0.03300142288208008,
      "error": null
    },
    "assert add_consecutive_nums([5, 4, 3, 1, 9, 2, 7, 10]) == [9, 7, 4, 10, 11, 9, 17]": {
      "result": false,
      "time": 0.031191587448120117,
      "error": null
    },
    "assert add_consecutive_nums([5, 6, 1, 3, 3, 8, 9, 8]) == [11, 7, 4, 6, 11, 17, 17]": {
      "result": false,
      "time": 0.03084588050842285,
      "error": null
    },
    "assert add_consecutive_nums([4, 1, 2, 2, 7, 5, 2, 10]) == [5, 3, 4, 9, 12, 7, 12]": {
      "result": false,
      "time": 0.03313469886779785,
      "error": null
    },
    "assert add_consecutive_nums([2, 1, 4, 9, 1, 8, 8, 10]) == [3, 5, 13, 10, 9, 16, 18]": {
      "result": false,
      "time": 0.03441357612609863,
      "error": null
    },
    "assert add_consecutive_nums([5, 1, 5, 8, 6, 10, 1, 4]) == [6, 6, 13, 14, 16, 11, 5]": {
      "result": false,
      "time": 0.03490185737609863,
      "error": null
    },
    "assert add_consecutive_nums([4, 3, 5, 9, 6, 10, 9, 11]) == [7, 8, 14, 15, 16, 19, 20]": {
      "result": false,
      "time": 0.03786325454711914,
      "error": null
    },
    "assert add_consecutive_nums([6, 2, 7, 5, 9, 7, 3, 11]) == [8, 9, 12, 14, 16, 10, 14]": {
      "result": false,
      "time": 0.03341031074523926,
      "error": null
    },
    "assert add_consecutive_nums([7, 4, 6, 11, 5, 9]) == [11, 10, 17, 16, 14]": {
      "result": false,
      "time": 0.034105777740478516,
      "error": null
    },
    "assert add_consecutive_nums([5, 7, 7, 5, 8, 14]) == [12, 14, 12, 13, 22]": {
      "result": false,
      "time": 0.03620791435241699,
      "error": null
    },
    "assert add_consecutive_nums([8, 5, 4, 12, 6, 12]) == [13, 9, 16, 18, 18]": {
      "result": false,
      "time": 0.043114423751831055,
      "error": null
    },
    "assert add_consecutive_nums([6, 4, 4, 14, 10, 13]) == [10, 8, 18, 24, 23]": {
      "result": false,
      "time": 0.03793525695800781,
      "error": null
    },
    "assert add_consecutive_nums([4, 10, 12, 6, 11, 7]) == [14, 22, 18, 17, 18]": {
      "result": false,
      "time": 0.03236103057861328,
      "error": null
    },
    "assert add_consecutive_nums([9, 4, 7, 14, 5, 14]) == [13, 11, 21, 19, 19]": {
      "result": false,
      "time": 0.03532695770263672,
      "error": null
    },
    "assert add_consecutive_nums([6, 1, 4, 9, 7, 9]) == [7, 5, 13, 16, 16]": {
      "result": false,
      "time": 0.030964136123657227,
      "error": null
    },
    "assert add_consecutive_nums([9, 4, 8, 7, 1, 6]) == [13, 12, 15, 8, 7]": {
      "result": false,
      "time": 0.03507256507873535,
      "error": null
    },