{
  "code": "def replace_list(input_list, replacement_list):\n    input_list[-1] = replacement_list\n    return input_list",
  "results": {
    "assert replace_list([1, 3, 5, 7, 9, 10],[2, 4, 6, 8])==[1, 3, 5, 7, 9, 2, 4, 6, 8]": {
      "result": false,
      "time": 0.03582763671875,
      "error": null
    },
    "assert replace_list([1,2,3,4,5],[5,6,7,8])==[1,2,3,4,5,6,7,8]": {
      "result": false,
      "time": 0.03775310516357422,
      "error": null
    },
    "assert replace_list([\"red\",\"blue\",\"green\"],[\"yellow\"])==[\"red\",\"blue\",\"yellow\"]": {
      "result": false,
      "time": 0.04285168647766113,
      "error": null
    },
    "assert replace_list([3, 3, 5, 10, 12, 14], [5, 5, 9, 9]) == [3, 3, 5, 10, 12, 5, 5, 9, 9]": {
      "result": false,
      "time": 0.03110647201538086,
      "error": null
    },
    "assert replace_list([1, 2, 4, 7, 4, 10], [3, 5, 4, 8]) == [1, 2, 4, 7, 4, 3, 5, 4, 8]": {
      "result": false,
      "time": 0.034361839294433594,
      "error": null
    },
    "assert replace_list([1, 5, 8, 4, 8, 13], [7, 2, 10, 4]) == [1, 5, 8, 4, 8, 7, 2, 10, 4]": {
      "result": false,
      "time": 0.03504681587219238,
      "error": null
    },
    "assert replace_list([3, 1, 6, 3, 7, 7], [4, 6, 9, 13]) == [3, 1, 6, 3, 7, 4, 6, 9, 13]": {
      "result": false,
      "time": 0.03252434730529785,
      "error": null
    },
    "assert replace_list([5, 5, 6, 2, 7, 12], [1, 1, 2, 12]) == [5, 5, 6, 2, 7, 1, 1, 2, 12]": {
      "result": false,
      "time": 0.03466033935546875,
      "error": null
    },
    "assert replace_list([2, 2, 2, 2, 5, 15], [7, 9, 11, 4]) == [2, 2, 2, 2, 5, 7, 9, 11, 4]": {
      "result": false,
      "time": 0.038642168045043945,
      "error": null
    },
    "assert replace_list([5, 3, 4, 9, 4, 8], [5, 3, 11, 3]) == [5, 3, 4, 9, 4, 5, 3, 11, 3]": {
      "result": false,
      "time": 0.03683948516845703,
      "error": null
    },
    "assert replace_list([1, 2, 6, 6, 9, 5], [2, 3, 8, 7]) == [1, 2, 6, 6, 9, 2, 3, 8, 7]": {
      "result": false,
      "time": 0.03441476821899414,
      "error": null
    },
    "assert replace_list([1, 2, 4, 5, 5, 13], [7, 9, 10, 8]) == [1, 2, 4, 5, 5, 7, 9, 10, 8]": {
      "result": false,
      "time": 0.034639835357666016,
      "error": null
    },
    "assert replace_list([4, 1, 9, 4, 10, 14], [3, 2, 2, 13]) == [4, 1, 9, 4, 10, 3, 2, 2, 13]": {
      "result": false,
      "time": 0.034781694412231445,
      "error": null
    },
    "assert replace_list([6, 8, 9, 5, 4, 13], [4, 1, 4, 9]) == [6, 8, 9, 5, 4, 4, 1, 4, 9]": {
      "result": false,
      "time": 0.031020164489746094,
      "error": null
    },
    "assert replace_list([6, 7, 5, 10, 12, 14], [1, 7, 3, 12]) == [6, 7, 5, 10, 12, 1, 7, 3, 12]": {
      "result": false,
      "time": 0.04430508613586426,
      "error": null
    },
    "assert replace_list([6, 1, 4, 12, 4, 11], [3, 1, 8, 10]) == [6, 1, 4, 12, 4, 3, 1, 8, 10]": {
      "result": false,
      "time": 0.03680753707885742,
      "error": null
    },
    "assert replace_list([2, 7, 5, 11, 13, 13], [1, 8, 10, 13]) == [2, 7, 5, 11, 13, 1, 8, 10, 13]": {
      "result": false,
      "time": 0.03756141662597656,
      "error": null
    },
    "assert replace_list([5, 7, 1, 7, 13, 7], [3, 1, 8, 9]) == [5, 7, 1, 7, 13, 3, 1, 8, 9]": {
      "result": false,
      "time": 0.04028010368347168,
      "error": null
    },
    "assert replace_list([3, 2, 6, 2, 10, 8], [5, 1, 9, 5]) == [3, 2, 6, 2, 10, 5, 1, 9, 5]": {
      "result": false,
      "time": 0.03707480430603027,
      "error": null
    },
    "assert replace_list([4, 2, 2, 12, 7, 13], [5, 9, 2, 11]) == [4, 2, 2, 12, 7, 5, 9, 2, 11]": {
      "result": false,
      "time": 0.03138017654418945,
      "error": null
    },
    "assert replace_list([6, 8, 2, 12, 9, 15], [7, 1, 3, 8]) == [6, 8, 2, 12, 9, 7, 1, 3, 8]": {
      "result": false,
      "time": 0.035738468170166016,
      "error": null
    },
    "assert replace_list([5, 4, 5, 9, 10, 6], [5, 5, 4, 7]) == [5, 4, 5, 9, 10, 5, 5, 4, 7]": {
      "result": false,
      "time": 0.036069393157958984,
      "error": null
    },
    "assert replace_list([4, 8, 9, 6, 9, 11], [1, 9, 2, 9]) == [4, 8, 9, 6, 9, 1, 9, 2, 9]": {
      "result": false,
      "time": 0.038416385650634766,
      "error": null
    },
    "assert replace_list([3, 7, 10, 6, 14, 14], [3, 8, 3, 7]) == [3, 7, 10, 6, 14, 3, 8, 3, 7]": {
      "result": false,
      "time": 0.03797578811645508,
      "error": null
    },
    "assert replace_list([3, 5, 7, 4, 4, 6], [4, 5, 11, 11]) == [3, 5, 7, 4, 4, 4, 5, 11, 11]": {
      "result": false,
      "time": 0.04161715507507324,
      "error": null
    },
    "assert replace_list([5, 3, 7, 8, 4, 5], [7, 7, 9, 3]) == [5, 3, 7, 8, 4, 7, 7, 9, 3]": {
      "result": false,
      "time": 0.0410158634185791,
      "error": null
    },
    "assert replace_list([3, 1, 9, 4, 13, 9], [5, 6, 7, 13]) == [3, 1, 9, 4, 13, 5, 6, 7, 13]": {
      "result": false,
      "time": 0.03478693962097168,
      "error": null
    },
    "assert replace_list([3, 2, 4, 7, 6, 9], [4, 7, 7, 12]) == [3, 2, 4, 7, 6, 4, 7, 7, 12]": {
      "result": false,
      "time": 0.03452253341674805,
      "error": null
    },
    "assert replace_list([4, 3, 1, 10, 7, 9], [4, 2, 6, 8]) == [4, 3, 1, 10, 7, 4, 2, 6, 8]": {
      "result": false,
      "time": 0.04367351531982422,
      "error": null
    },
    "assert replace_list([5, 4, 9, 3, 13, 10], [1, 1, 7, 13]) == [5, 4, 9, 3, 13, 1, 1, 7, 13]": {
      "result": false,
      "time": 0.03602147102355957,
      "error": null
    },
    "assert replace_list([5, 8, 3, 8, 9, 8], [7, 7, 3, 7]) == [5, 8, 3, 8, 9, 7, 7, 3, 7]": {
      "result": false,
      "time": 0.038556575775146484,
      "error": null
    },
    "assert replace_list([6, 2, 4, 7, 9, 11], [5, 9, 9, 9]) == [6, 2, 4, 7, 9, 5, 9, 9, 9]": {
      "result": false,
      "time": 0.04369854927062988,
      "error": null
    },
    "assert replace_list([1, 7, 10, 11, 8, 15], [7, 1, 5, 9]) == [1, 7, 10, 11, 8, 7, 1, 5, 9]": {
      "result": false,
      "time": 0.04289412498474121,
      "error": null
    },
    "assert replace_list([2, 3, 4, 11, 13, 15], [3, 2, 8, 11]) == [2, 3, 4, 11, 13, 3, 2, 8, 11]": {
      "result": false,
      "time": 0.04562091827392578,
      "error": null
    },
    "assert replace_list([4, 1, 4, 3, 7, 12], [3, 2, 10, 10]) == [4, 1, 4, 3, 7, 3, 2, 10, 10]": {
      "result": false,
      "time": 0.04723620414733887,
      "error": null
    },
    "assert replace_list([2, 2, 5, 4, 5, 14], [7, 6, 10, 10]) == [2, 2, 5, 4, 5, 7, 6, 10, 10]": {
      "result": false,
      "time": 0.03142094612121582,
      "error": null
    },
    "assert replace_list([3, 3, 8, 8, 5], [1, 4, 11, 8]) == [3, 3, 8, 8, 1, 4, 11, 8]": {
      "result": false,
      "time": 0.044930458068847656,
      "error": null
    },
    "assert replace_list([1, 1, 1, 2, 4], [7, 9, 8, 6]) == [1, 1, 1, 2, 7, 9, 8, 6]": {
      "result": false,
      "time": 0.04101920127868652,
      "error": null
    },
    "assert replace_list([5, 3, 3, 6, 1], [5, 4, 5, 5]) == [5, 3, 3, 6, 5, 4, 5, 5]": {
      "result": false,
      "time": 0.04315328598022461,
      "error": null
    },
    "assert replace_list([1, 2, 7, 3, 3], [2, 5, 2, 11]) == [1, 2, 7, 3, 2, 5, 2, 11]": {
      "result": false,
      "time": 0.04290604591369629,
      "error": null
    },
    "assert replace_list([4, 5, 4, 4, 3], [10, 10, 12, 7]) == [4, 5, 4, 4, 10, 10, 12, 7]": {
      "result": false,
      "time": 0.038147687911987305,
      "error": null
    },
    "assert replace_list([5, 5, 4, 3, 6], [10, 10, 9, 4]) == [5, 5, 4, 3, 10, 10, 9, 4]": {
      "result": false,
      "time": 0.03371596336364746,
      "error": null
    },
    "assert replace_list([5, 7, 2, 2, 10], [1, 2, 4, 6]) == [5, 7, 2, 2, 1, 2, 4, 6]": {
      "result": false,
      "time": 0.038987159729003906,
      "error": null
    },