{
  "code": "def odd_Equivalent(binary_string, n):\n    count = 0\n    for i in range(n):\n        if binary_string[i] == '1':\n            count += 1\n    return count\n",
  "results": {
    "assert odd_Equivalent(\"011001\",6) == 3": {
      "result": true,
      "time": 0.03424382209777832,
      "error": null
    },
    "assert odd_Equivalent(\"11011\",5) == 4": {
      "result": true,
      "time": 0.035260677337646484,
      "error": null
    },
    "assert odd_Equivalent(\"1010\",4) == 2": {
      "result": true,
      "time": 0.036768436431884766,
      "error": null
    },
    "assert odd_Equivalent('359859369', 7) == 0": {
      "result": true,
      "time": 0.036280155181884766,
      "error": null
    },
    "assert odd_Equivalent('382', 3) == 0": {
      "result": true,
      "time": 0.03504443168640137,
      "error": null
    },
    "assert odd_Equivalent('6907', 4) == 0": {
      "result": true,
      "time": 0.03378915786743164,
      "error": null
    },
    "assert odd_Equivalent('4861725470', 4) == 1": {
      "result": true,
      "time": 0.0326080322265625,
      "error": null
    },
    "assert odd_Equivalent('162635864', 1) == 1": {
      "result": true,
      "time": 0.03310585021972656,
      "error": null
    },
    "assert odd_Equivalent('513597339167', 8) == 1": {
      "result": true,
      "time": 0.03436994552612305,
      "error": null
    },
    "assert odd_Equivalent('22733630', 2) == 0": {
      "result": true,
      "time": 0.03143000602722168,
      "error": null
    },
    "assert odd_Equivalent('78965751', 1) == 0": {
      "result": true,
      "time": 0.03135800361633301,
      "error": null
    },
    "assert odd_Equivalent('386348765', 6) == 0": {
      "result": true,
      "time": 0.03856396675109863,
      "error": null
    },
    "assert odd_Equivalent('42774053838', 11) == 0": {
      "result": true,
      "time": 0.03863835334777832,
      "error": null
    },
    "assert odd_Equivalent('390843807478', 1) == 0": {
      "result": true,
      "time": 0.03684353828430176,
      "error": null
    },
    "assert odd_Equivalent('85463911351', 9) == 2": {
      "result": true,
      "time": 0.0383453369140625,
      "error": null
    },
    "assert odd_Equivalent('891721922', 2) == 0": {
      "result": true,
      "time": 0.03448605537414551,
      "error": null
    },
    "assert odd_Equivalent('33763768', 1) == 0": {
      "result": true,
      "time": 0.034239768981933594,
      "error": null
    },
    "assert odd_Equivalent('0470019556', 2) == 0": {
      "result": true,
      "time": 0.03802204132080078,
      "error": null
    },
    "assert odd_Equivalent('60350740424', 5) == 0": {
      "result": true,
      "time": 0.032646894454956055,
      "error": null
    },
    "assert odd_Equivalent('782545839688', 1) == 0": {
      "result": true,
      "time": 0.03773784637451172,
      "error": null
    },
    "assert odd_Equivalent('01693138664', 4) == 1": {
      "result": true,
      "time": 0.038970232009887695,
      "error": null
    },
    "assert odd_Equivalent('059193', 5) == 1": {
      "result": true,
      "time": 0.03450489044189453,
      "error": null
    },
    "assert odd_Equivalent('28372444', 3) == 0": {
      "result": true,
      "time": 0.03998208045959473,
      "error": null
    },
    "assert odd_Equivalent('073909165803', 7) == 1": {
      "result": true,
      "time": 0.03259587287902832,
      "error": null
    },
    "assert odd_Equivalent('7835812605', 4) == 0": {
      "result": true,
      "time": 0.03573441505432129,
      "error": null
    },
    "assert odd_Equivalent('16415648955', 7) == 2": {
      "result": true,
      "time": 0.037995100021362305,
      "error": null
    },
    "assert odd_Equivalent('80546042', 4) == 0": {
      "result": true,
      "time": 0.029430627822875977,
      "error": null
    },
    "assert odd_Equivalent('7643480688', 8) == 0": {
      "result": true,
      "time": 0.02950739860534668,
      "error": null
    },
    "assert odd_Equivalent('97089506885', 4) == 0": {
      "result": true,
      "time": 0.031185388565063477,
      "error": null
    },
    "assert odd_Equivalent('20469', 3) == 0": {
      "result": true,
      "time": 0.0360107421875,
      "error": null
    },
    "assert odd_Equivalent('985080499', 1) == 0": {
      "result": true,
      "time": 0.03392219543457031,
      "error": null
    },
    "assert odd_Equivalent('560898', 3) == 0": {
      "result": true,
      "time": 0.036089420318603516,
      "error": null
    },
    "assert odd_Equivalent('51802065', 3) == 1": {
      "result": true,
      "time": 0.03801870346069336,
      "error": null
    },
    "assert odd_Equivalent('7892', 2) == 0": {
      "result": true,
      "time": 0.030654430389404297,
      "error": null
    },
    "assert odd_Equivalent('77777', 5) == 0": {
      "result": true,
      "time": 0.029941082000732422,
      "error": null
    },
    "assert odd_Equivalent('500756037043', 7) == 0": {
      "result": true,
      "time": 0.037976741790771484,
      "error": null
    },
    "assert odd_Equivalent('34451887', 3) == 0": {
      "result": true,
      "time": 0.03448176383972168,
      "error": null
    },
    "assert odd_Equivalent('091479187', 6) == 1": {
      "result": true,
      "time": 0.03668665885925293,
      "error": null
    },
    "assert odd_Equivalent('849486362', 6) == 0": {
      "result": true,
      "time": 0.04067707061767578,
      "error": null
    },
    "assert odd_Equivalent('9974480', 4) == 0": {
      "result": true,
      "time": 0.033780574798583984,
      "error": null
    },
    "assert odd_Equivalent('682433', 5) == 0": {
      "result": true,
      "time": 0.037862539291381836,
      "error": null
    },
    "assert odd_Equivalent('048', 3) == 0": {
      "result": true,
      "time": 0.037171363830566406,
      "error": null
    },
    "assert odd_Equivalent('10212', 1) == 1": {
      "result": true,
      "time": 0.028284788131713867,
      "error": null
    },
    "assert odd_Equivalent('06155360', 2) == 0": {
      "result": true,
      "time": 0.034371376037597656,
      "error": null
    },
    "assert odd_Equivalent('158926692', 7) == 1": {
      "result": true,
      "time": 0.04075932502746582,
      "error": null
    },
    "assert odd_Equivalent('78362994', 5) == 0": {
      "result": true,
      "time": 0.032437801361083984,
      "error": null
    },
    "assert odd_Equivalent('289184', 5) == 1": {
      "result": true,
      "time": 0.03146815299987793,
      "error": null
    },
    "assert odd_Equivalent('816066', 4) == 1": {
      "result": true,
      "time": 0.03261852264404297,
      "error": null
    },
    "assert odd_Equivalent('96085774', 5) == 0": {
      "result": true,
      "time": 0.03713059425354004,
      "error": null
    },
    "assert odd_Equivalent('670050', 5) == 0": {
      "result": true,
      "time": 0.034833431243896484,
      "error": null
    },
    "assert odd_Equivalent('128080550', 4) == 1": {
      "result": true,
      "time": 0.03464365005493164,
      "error": null
    },
    "assert odd_Equivalent('2113135', 6) == 3": {
      "result": true,
      "time": 0.0334172248840332,
      "error": null
    },
    "assert odd_Equivalent('130286528', 9) == 1": {
      "result": true,
      "time": 0.038262128829956055,
      "error": null
    },
    "assert odd_Equivalent('67433', 4) == 0": {
      "result": true,
      "time": 0.04053449630737305,
      "error": null
    },
    "assert odd_Equivalent('026068291', 5) == 0": {
      "result": true,
      "time": 0.03154897689819336,
      "error": null
    },
    "assert odd_Equivalent('51413674', 3) == 1": {
      "result": true,
      "time": 0.040285348892211914,
      "error": null
    },
    "assert odd_Equivalent('7692962', 6) == 0": {
      "result": true,
      "time": 0.03272294998168945,
      "error": null
    },
    "assert odd_Equivalent('933575241', 1) == 0": {
      "result": true,