{
  "code": "def dog_age(age):\n    if age <= 0:\n        return 0\n    elif age == 1:\n        return 15\n    elif age == 2:\n        return 24\n    else:\n        return 24 + (age - 2) * 4",
  "results": {
    "assert dog_age(12)==61": {
      "result": false,
      "time": 0.04601764678955078,
      "error": null
    },
    "assert dog_age(15)==73": {
      "result": false,
      "time": 0.058838844299316406,
      "error": null
    },
    "assert dog_age(24)==109": {
      "result": false,
      "time": 0.05172467231750488,
      "error": null
    },
    "assert dog_age(17) == 81": {
      "result": false,
      "time": 0.06180238723754883,
      "error": null
    },
    "assert dog_age(14) == 69": {
      "result": false,
      "time": 0.05070638656616211,
      "error": null
    },
    "assert dog_age(9) == 49": {
      "result": false,
      "time": 0.04911375045776367,
      "error": null
    },
    "assert dog_age(8) == 45": {
      "result": false,
      "time": 0.05612683296203613,
      "error": null
    },
    "assert dog_age(11) == 57": {
      "result": false,
      "time": 0.04822969436645508,
      "error": null
    },
    "assert dog_age(12) == 61": {
      "result": false,
      "time": 0.06423306465148926,
      "error": null
    },
    "assert dog_age(10) == 53": {
      "result": false,
      "time": 0.0547327995300293,
      "error": null
    },
    "assert dog_age(7) == 41": {
      "result": false,
      "time": 0.062101125717163086,
      "error": null
    },
    "assert dog_age(15) == 73": {
      "result": false,
      "time": 0.0492548942565918,
      "error": null
    },
    "assert dog_age(16) == 77": {
      "result": false,
      "time": 0.049180030822753906,
      "error": null
    },
    "assert dog_age(13) == 65": {
      "result": false,
      "time": 0.03883004188537598,
      "error": null
    },
    "assert dog_age(18) == 85": {
      "result": false,
      "time": 0.037505149841308594,
      "error": null
    },
    "assert dog_age(20) == 93": {
      "result": false,
      "time": 0.03631401062011719,
      "error": null
    },
    "assert dog_age(19) == 89": {
      "result": false,
      "time": 0.03944230079650879,
      "error": null
    },
    "assert dog_age(22) == 101": {
      "result": false,
      "time": 0.03826761245727539,
      "error": null
    },
    "assert dog_age(25) == 113": {
      "result": false,
      "time": 0.03684258460998535,
      "error": null
    },
    "assert dog_age(24) == 109": {
      "result": false,
      "time": 0.03824567794799805,
      "error": null
    },
    "assert dog_age(23) == 105": {
      "result": false,
      "time": 0.03515315055847168,
      "error": null
    },
    "assert dog_age(28) == 125": {
      "result": false,
      "time": 0.03521561622619629,
      "error": null
    },
    "assert dog_age(26) == 117": {
      "result": false,
      "time": 0.036843061447143555,
      "error": null
    },
    "assert dog_age(29) == 129": {
      "result": false,
      "time": 0.03385353088378906,
      "error": null
    },
    "assert dog_age(27) == 121": {
      "result": false,
      "time": 0.036850929260253906,
      "error": null
    }
  },
  "passed": false,
  "accuracy": 0.0,
  "general_error": "",
  "has_testcase_error": false
}