{
  "code": "def count_integer(lst):\n    count = 0\n    for i in lst:\n        if isinstance(i, int):\n            count += 1\n    return count\n",
  "results": {
    "assert count_integer([1,2,'abc',1.2]) == 2": {
      "result": true,
      "time": 0.05281186103820801,
      "error": null
    },
    "assert count_integer([1,2,3]) == 3": {
      "result": true,
      "time": 0.043750762939453125,
      "error": null
    },
    "assert count_integer([1,1.2,4,5.1]) == 2": {
      "result": true,
      "time": 0.04448890686035156,
      "error": null
    },
    "assert count_integer([4, 4, 'tbbohpcdo', 1.3819276930997435]) == 2": {
      "result": true,
      "time": 0.04491615295410156,
      "error": null
    },
    "assert count_integer([1, 4, 'vrhssdg', 3.184857428276234]) == 2": {
      "result": true,
      "time": 0.049164772033691406,
      "error": null
    },
    "assert count_integer([6, 6, 'koqqn', 4.664490846542019]) == 2": {
      "result": true,
      "time": 0.05263352394104004,
      "error": null
    },
    "assert count_integer([3, 3, 'mgkgdwnp', 4.910749338331247]) == 2": {
      "result": true,
      "time": 0.042981624603271484,
      "error": null
    },
    "assert count_integer([1, 1, 'rehe', 6.896289190674974]) == 2": {
      "result": true,
      "time": 0.04079294204711914,
      "error": null
    },
    "assert count_integer([4, 7, 'yvywu', 2.7854057560811474]) == 2": {
      "result": true,
      "time": 0.03897356986999512,
      "error": null
    },
    "assert count_integer([3, 3, 'bsdvmmw', 5.406689836350308]) == 2": {
      "result": true,
      "time": 0.042256832122802734,
      "error": null
    },
    "assert count_integer([1, 2, 'ciri', 4.460898131752047]) == 2": {
      "result": true,
      "time": 0.0409092903137207,
      "error": null
    },
    "assert count_integer([1, 6, 'zgke', 2.057090695795378]) == 2": {
      "result": true,
      "time": 0.04624319076538086,
      "error": null
    },
    "assert count_integer([6, 6, 'hfy', 4.275763066540621]) == 2": {
      "result": true,
      "time": 0.0454106330871582,
      "error": null
    },
    "assert count_integer([2, 6, 'ljc', 2.6967758594845153]) == 2": {
      "result": true,
      "time": 0.036864519119262695,
      "error": null
    },
    "assert count_integer([1, 4, 'bkg', 6.24691070946794]) == 2": {
      "result": true,
      "time": 0.04181027412414551,
      "error": null
    },
    "assert count_integer([5, 1, 'iqaaspcp', 2.45142217965316]) == 2": {
      "result": true,
      "time": 0.0478668212890625,
      "error": null
    },
    "assert count_integer([2, 4, 'jttvzefc', 6.229186129356008]) == 2": {
      "result": true,
      "time": 0.0332942008972168,
      "error": null
    },
    "assert count_integer([4, 7, 'xnawa', 5.215399261634855]) == 2": {
      "result": true,
      "time": 0.03606295585632324,
      "error": null
    },
    "assert count_integer([3, 3, 'ejvusc', 3.821102763143713]) == 2": {
      "result": true,
      "time": 0.043732404708862305,
      "error": null
    },
    "assert count_integer([6, 3, 'lzfartq', 4.606454965987902]) == 2": {
      "result": true,
      "time": 0.041512250900268555,
      "error": null
    },
    "assert count_integer([5, 3, 'tdzaehmir', 1.794751772181998]) == 2": {
      "result": true,
      "time": 0.03949427604675293,
      "error": null
    },
    "assert count_integer([5, 7, 'gnco', 3.1311480117552524]) == 2": {
      "result": true,
      "time": 0.04082179069519043,
      "error": null
    },
    "assert count_integer([1, 6, 'sequpbkna', 4.013411988800485]) == 2": {
      "result": true,
      "time": 0.039257049560546875,
      "error": null
    },
    "assert count_integer([5, 2, 'gmwfdcq', 6.050550619652883]) == 2": {
      "result": true,
      "time": 0.0374913215637207,
      "error": null
    },
    "assert count_integer([5, 1, 'ucxal', 3.64190277338864]) == 2": {
      "result": true,
      "time": 0.03432965278625488,
      "error": null
    },
    "assert count_integer([5, 3, 'grzktoce', 2.667710939106369]) == 2": {
      "result": true,
      "time": 0.040259599685668945,
      "error": null
    },
    "assert count_integer([1, 4, 'qtsyvqzrs', 6.404173960439104]) == 2": {
      "result": true,
      "time": 0.033380985260009766,
      "error": null
    },
    "assert count_integer([3, 5, 'szpef', 1.420197230040209]) == 2": {
      "result": true,
      "time": 0.04122161865234375,
      "error": null
    },
    "assert count_integer([1, 3, 'wmxwmate', 2.6538211206524833]) == 2": {
      "result": true,
      "time": 0.03654026985168457,
      "error": null
    },
    "assert count_integer([2, 1, 'gzngzu', 4.647783645299926]) == 2": {
      "result": true,
      "time": 0.03739476203918457,
      "error": null
    },
    "assert count_integer([1, 4, 'wtuswvg', 1.3053978342747832]) == 2": {
      "result": true,
      "time": 0.030898094177246094,
      "error": null
    },
    "assert count_integer([6, 7, 'ecfcvieds', 4.901728806465941]) == 2": {
      "result": true,
      "time": 0.0333101749420166,
      "error": null
    },
    "assert count_integer([4, 4, 'hubv', 5.475782201127471]) == 2": {
      "result": true,
      "time": 0.03632164001464844,
      "error": null
    },
    "assert count_integer([5, 5, 'aosew', 6.538951602826536]) == 2": {
      "result": true,
      "time": 0.036646127700805664,
      "error": null
    },
    "assert count_integer([1, 7, 'qcnkhrz', 4.302273628063601]) == 2": {
      "result": true,
      "time": 0.02673625946044922,
      "error": null
    },
    "assert count_integer([5, 6, 'muf', 5.3165437084197205]) == 2": {
      "result": true,
      "time": 0.04362797737121582,
      "error": null
    },
    "assert count_integer([6, 4, 1]) == 3": {
      "result": true,
      "time": 0.037932395935058594,
      "error": null
    },
    "assert count_integer([3, 2, 8]) == 3": {
      "result": true,
      "time": 0.045514583587646484,
      "error": null
    },
    "assert count_integer([5, 2, 4]) == 3": {
      "result": true,
      "time": 0.03760123252868652,
      "error": null
    },
    "assert count_integer([4, 1, 4]) == 3": {
      "result": true,
      "time": 0.04133939743041992,
      "error": null
    },
    "assert count_integer([6, 4, 3]) == 3": {
      "result": true,
      "time": 0.04526376724243164,
      "error": null
    },
    "assert count_integer([1, 7, 7]) == 3": {
      "result": true,
      "time": 0.041957855224609375,
      "error": null
    },
    "assert count_integer([3, 7, 1]) == 3": {
      "result": true,
      "time": 0.03907632827758789,
      "error": null
    },
    "assert count_integer([3, 3, 7]) == 3": {
      "result": true,
      "time": 0.035001277923583984,
      "error": null
    },
    "assert count_integer([5, 6, 8]) == 3": {
      "result": true,
      "time": 0.033265113830566406,
      "error": null
    },
    "assert count_integer([6, 4, 4]) == 3": {
      "result": true,
      "time": 0.03517723083496094,
      "error": null
    },
    "assert count_integer([1, 4, 7]) == 3": {
      "result": true,
      "time": 0.03426551818847656,
      "error": null
    },
    "assert count_integer([5, 7, 1]) == 3": {
      "result": true,
      "time": 0.035553693771362305,
      "error": null
    },
    "assert count_integer([2, 7, 5]) == 3": {
      "result": true,
      "time": 0.044260501861572266,
      "error": null
    },
    "assert count_integer([6, 3, 4]) == 3": {
      "result": true,
      "time": 0.03907656669616699,
      "error": null
    },
    "assert count_integer([1, 4, 5]) == 3": {
      "result": true,
      "time": 0.03865814208984375,
      "error": null
    },
    "assert count_integer([2, 1, 3]) == 3": {
      "result": true,
      "time": 0.03873777389526367,
      "error": null
    },
    "assert count_integer([2, 3, 3]) == 3": {
      "result": true,
      "time": 0.037026166915893555,
      "error": null
    },