{
  "code": "def harmonic_sum(n):\n    return sum(1/i for i in range(1, n))",
  "results": {
    "assert harmonic_sum(7) == 2.5928571428571425": {
      "result": false,
      "time": 0.05211234092712402,
      "error": null
    },
    "assert harmonic_sum(4) == 2.083333333333333": {
      "result": false,
      "time": 0.04032778739929199,
      "error": null
    },
    "assert harmonic_sum(19) == 3.547739657143682": {
      "result": false,
      "time": 0.03986787796020508,
      "error": null
    },
    "assert harmonic_sum(9) == 2.8289682539682537": {
      "result": false,
      "time": 0.04506993293762207,
      "error": null
    },
    "assert harmonic_sum(3) == 1.8333333333333333": {
      "result": false,
      "time": 0.042200326919555664,
      "error": null
    },
    "assert harmonic_sum(10) == 2.9289682539682538": {
      "result": false,
      "time": 0.0541539192199707,
      "error": null
    },
    "assert harmonic_sum(2) == 1.5": {
      "result": false,
      "time": 0.041821956634521484,
      "error": null
    },
    "assert harmonic_sum(11) == 3.0198773448773446": {
      "result": false,
      "time": 0.040894269943237305,
      "error": null
    },
    "assert harmonic_sum(5) == 2.283333333333333": {
      "result": false,
      "time": 0.03912186622619629,
      "error": null
    },
    "assert harmonic_sum(6) == 2.4499999999999997": {
      "result": false,
      "time": 0.04572725296020508,
      "error": null
    },
    "assert harmonic_sum(1) == 1": {
      "result": false,
      "time": 0.038741111755371094,
      "error": null
    },
    "assert harmonic_sum(8) == 2.7178571428571425": {
      "result": false,
      "time": 0.03955483436584473,
      "error": null
    },
    "assert harmonic_sum(23) == 3.73429151108684": {
      "result": false,
      "time": 0.038222312927246094,
      "error": null
    },
    "assert harmonic_sum(18) == 3.4951080781963135": {
      "result": false,
      "time": 0.03886246681213379,
      "error": null
    },
    "assert harmonic_sum(24) == 3.7759581777535067": {
      "result": false,
      "time": 0.030231475830078125,
      "error": null
    },
    "assert harmonic_sum(16) == 3.3807289932289937": {
      "result": false,
      "time": 0.0365447998046875,
      "error": null
    },
    "assert harmonic_sum(22) == 3.690813250217275": {
      "result": false,
      "time": 0.042260169982910156,
      "error": null
    },
    "assert harmonic_sum(15) == 3.3182289932289937": {
      "result": false,
      "time": 0.03624868392944336,
      "error": null
    },
    "assert harmonic_sum(17) == 3.439552522640758": {
      "result": false,
      "time": 0.039365530014038086,
      "error": null
    },
    "assert harmonic_sum(21) == 3.6453587047627294": {
      "result": false,
      "time": 0.039002180099487305,
      "error": null
    },
    "assert harmonic_sum(14) == 3.251562326562327": {
      "result": false,
      "time": 0.03926229476928711,
      "error": null
    }
  },
  "passed": false,
  "accuracy": 0.0,
  "general_error": "",
  "has_testcase_error": false
}