{
  "code": "def set_to_tuple(input_set):\n    return tuple(sorted(input_set))\n",
  "results": {
    "assert set_to_tuple({1, 2, 3, 4, 5}) == (1, 2, 3, 4, 5)": {
      "result": true,
      "time": 0.04346275329589844,
      "error": null
    },
    "assert set_to_tuple({6, 7, 8, 9, 10, 11}) == (6, 7, 8, 9, 10, 11)": {
      "result": true,
      "time": 0.04371190071105957,
      "error": null
    },
    "assert set_to_tuple({12, 13, 14, 15, 16}) == (12, 13, 14, 15, 16)": {
      "result": true,
      "time": 0.03970026969909668,
      "error": null
    },
    "assert set_to_tuple({3, 4, 5, 6, 7}) == (3, 4, 5, 6, 7)": {
      "result": true,
      "time": 0.04364585876464844,
      "error": null
    },
    "assert set_to_tuple({2, 4, 5, 7, 9}) == (2, 4, 5, 7, 9)": {
      "result": true,
      "time": 0.041929006576538086,
      "error": null
    },
    "assert set_to_tuple({1, 3, 5, 6, 10}) == (1, 3, 5, 6, 10)": {
      "result": true,
      "time": 0.03953886032104492,
      "error": null
    },
    "assert set_to_tuple({2, 3, 5, 7, 9}) == (2, 3, 5, 7, 9)": {
      "result": true,
      "time": 0.0417788028717041,
      "error": null
    },
    "assert set_to_tuple({1, 2, 3, 7, 8}) == (1, 2, 3, 7, 8)": {
      "result": true,
      "time": 0.04099535942077637,
      "error": null
    },
    "assert set_to_tuple({2, 3, 5, 7, 8}) == (2, 3, 5, 7, 8)": {
      "result": true,
      "time": 0.04033851623535156,
      "error": null
    },
    "assert set_to_tuple({1, 2, 3, 4, 10}) == (1, 2, 3, 4, 10)": {
      "result": true,
      "time": 0.04382634162902832,
      "error": null
    },
    "assert set_to_tuple({1, 3, 4, 8, 9}) == (1, 3, 4, 8, 9)": {
      "result": true,
      "time": 0.038578033447265625,
      "error": null
    },
    "assert set_to_tuple({4, 5, 7, 8, 9}) == (4, 5, 7, 8, 9)": {
      "result": true,
      "time": 0.03743696212768555,
      "error": null
    },
    "assert set_to_tuple({1, 2, 4, 5, 7}) == (1, 2, 4, 5, 7)": {
      "result": true,
      "time": 0.04317426681518555,
      "error": null
    },
    "assert set_to_tuple({1, 2, 5, 7, 8}) == (1, 2, 5, 7, 8)": {
      "result": true,
      "time": 0.03262448310852051,
      "error": null
    },
    "assert set_to_tuple({1, 2, 5, 7, 9}) == (1, 2, 5, 7, 9)": {
      "result": true,
      "time": 0.030637741088867188,
      "error": null
    },
    "assert set_to_tuple({4, 5, 6, 8, 9}) == (4, 5, 6, 8, 9)": {
      "result": true,
      "time": 0.035416603088378906,
      "error": null
    },
    "assert set_to_tuple({2, 3, 4, 5, 8}) == (2, 3, 4, 5, 8)": {
      "result": true,
      "time": 0.029059886932373047,
      "error": null
    },
    "assert set_to_tuple({1, 3, 5, 7, 8}) == (1, 3, 5, 7, 8)": {
      "result": true,
      "time": 0.040410757064819336,
      "error": null
    },
    "assert set_to_tuple({1, 2, 3, 7, 9}) == (1, 2, 3, 7, 9)": {
      "result": true,
      "time": 0.04154348373413086,
      "error": null
    },
    "assert set_to_tuple({2, 4, 6, 7, 10}) == (2, 4, 6, 7, 10)": {
      "result": true,
      "time": 0.040677785873413086,
      "error": null
    },
    "assert set_to_tuple({2, 3, 5, 6, 7}) == (2, 3, 5, 6, 7)": {
      "result": true,
      "time": 0.043187618255615234,
      "error": null
    },
    "assert set_to_tuple({1, 4, 5, 7, 8}) == (1, 4, 5, 7, 8)": {
      "result": true,
      "time": 0.05028867721557617,
      "error": null
    },
    "assert set_to_tuple({1, 4, 6, 7, 10}) == (1, 4, 6, 7, 10)": {
      "result": true,
      "time": 0.0476994514465332,
      "error": null
    },
    "assert set_to_tuple({2, 5, 6, 7, 9}) == (2, 5, 6, 7, 9)": {
      "result": true,
      "time": 0.045308589935302734,
      "error": null
    },
    "assert set_to_tuple({2, 4, 5, 8, 9}) == (2, 4, 5, 8, 9)": {
      "result": true,
      "time": 0.03770565986633301,
      "error": null
    },
    "assert set_to_tuple({3, 5, 7, 9, 10}) == (3, 5, 7, 9, 10)": {
      "result": true,
      "time": 0.04201674461364746,
      "error": null
    },
    "assert set_to_tuple({1, 2, 3, 4, 9}) == (1, 2, 3, 4, 9)": {
      "result": true,
      "time": 0.03774523735046387,
      "error": null
    },
    "assert set_to_tuple({3, 4, 7, 8, 9}) == (3, 4, 7, 8, 9)": {
      "result": true,
      "time": 0.040755510330200195,
      "error": null
    },
    "assert set_to_tuple({1, 2, 4, 8, 10}) == (1, 2, 4, 8, 10)": {
      "result": true,
      "time": 0.0469670295715332,
      "error": null
    },
    "assert set_to_tuple({1, 3, 6, 7, 8}) == (1, 3, 6, 7, 8)": {
      "result": true,
      "time": 0.04725980758666992,
      "error": null
    },
    "assert set_to_tuple({2, 4, 5, 6, 8}) == (2, 4, 5, 6, 8)": {
      "result": true,
      "time": 0.04882407188415527,
      "error": null
    },
    "assert set_to_tuple({1, 2, 3, 5, 7}) == (1, 2, 3, 5, 7)": {
      "result": true,
      "time": 0.04671812057495117,
      "error": null
    },
    "assert set_to_tuple({2, 3, 4, 5, 9}) == (2, 3, 4, 5, 9)": {
      "result": true,
      "time": 0.05591416358947754,
      "error": null
    },
    "assert set_to_tuple({3, 10, 11, 12, 13, 14}) == (3, 10, 11, 12, 13, 14)": {
      "result": true,
      "time": 0.03841972351074219,
      "error": null
    },
    "assert set_to_tuple({3, 5, 6, 11, 12, 15}) == (3, 5, 6, 11, 12, 15)": {
      "result": true,
      "time": 0.03990960121154785,
      "error": null
    },
    "assert set_to_tuple({1, 7, 9, 11, 14, 15}) == (1, 7, 9, 11, 14, 15)": {
      "result": true,
      "time": 0.03728985786437988,
      "error": null
    },
    "assert set_to_tuple({4, 7, 8, 11, 14, 16}) == (4, 7, 8, 11, 14, 16)": {
      "result": true,
      "time": 0.04508018493652344,
      "error": null
    },
    "assert set_to_tuple({6, 7, 9, 11, 12, 13}) == (6, 7, 9, 11, 12, 13)": {
      "result": true,
      "time": 0.044049739837646484,
      "error": null
    },
    "assert set_to_tuple({6, 8, 10, 11, 12, 13}) == (6, 8, 10, 11, 12, 13)": {
      "result": true,
      "time": 0.048720359802246094,
      "error": null
    },
    "assert set_to_tuple({2, 4, 6, 9, 11, 13}) == (2, 4, 6, 9, 11, 13)": {
      "result": true,
      "time": 0.048670053482055664,
      "error": null
    },
    "assert set_to_tuple({1, 3, 7, 12, 13, 14}) == (1, 3, 7, 12, 13, 14)": {
      "result": true,
      "time": 0.039548397064208984,
      "error": null
    },
    "assert set_to_tuple({3, 6, 8, 11, 12, 13}) == (3, 6, 8, 11, 12, 13)": {
      "result": true,
      "time": 0.04147911071777344,
      "error": null
    },
    "assert set_to_tuple({5, 6, 9, 12, 13, 16}) == (5, 6, 9, 12, 13, 16)": {
      "result": true,
      "time": 0.0444796085357666,
      "error": null
    },
    "assert set_to_tuple({6, 7, 9, 10, 13, 14}) == (6, 7, 9, 10, 13, 14)": {
      "result": true,
      "time": 0.04933047294616699,
      "error": null
    },
    "assert set_to_tuple({3, 5, 6, 10, 12, 14}) == (3, 5, 6, 10, 12, 14)": {
      "result": true,
      "time": 0.04427838325500488,
      "error": null
    },
    "assert set_to_tuple({4, 5, 6, 7, 9, 16}) == (4, 5, 6, 7, 9, 16)": {
      "result": true,
      "time": 0.0395503044128418,
      "error": null
    },
    "assert set_to_tuple({4, 8, 11, 13, 14, 15}) == (4, 8, 11, 13, 14, 15)": {
      "result": true,
      "time": 0.04689145088195801,
      "error": null
    },
    "assert set_to_tuple({2, 8, 9, 11, 13, 14}) == (2, 8, 9, 11, 13, 14)": {
      "result": true,
      "time": 0.03806877136230469,
      "error": null
    },
    "assert set_to_tuple({2, 7, 8, 9, 12, 13}) == (2, 7, 8, 9, 12, 13)": {
      "result": true,
      "time": 0.049896955490112305,
      "error": null
    },
    "assert set_to_tuple({1, 9, 10, 11, 12, 14}) == (1, 9, 10, 11, 12, 14)": {
      "result": true,
      "time": 0.047658443450927734,
      "error": null
    },
    "assert set_to_tuple({3, 5, 7, 8, 14, 16}) == (3, 5, 7, 8, 14, 16)": {
      "result": true,
      "time": 0.037950754165649414,
      "error": null
    },