{
  "code": "def find_lists(tup):\n    count = 0\n    for i in tup:\n        if isinstance(i, list):\n            count += 1\n    return count",
  "results": {
    "assert find_lists(([1, 2, 3, 4], [5, 6, 7, 8])) == 2": {
      "result": true,
      "time": 0.034789323806762695,
      "error": null
    },
    "assert find_lists(([1, 2], [3, 4], [5, 6]))  == 3": {
      "result": true,
      "time": 0.03899812698364258,
      "error": null
    },
    "assert find_lists(([9, 8, 7, 6, 5, 4, 3, 2, 1])) == 1": {
      "result": false,
      "time": 0.04017376899719238,
      "error": null
    },
    "assert find_lists(([3, 3, 3, 2], [9, 2, 11, 8])) == 2": {
      "result": true,
      "time": 0.039048194885253906,
      "error": null
    },
    "assert find_lists(([5, 5, 4, 4], [9, 2, 6, 13])) == 2": {
      "result": true,
      "time": 0.03635668754577637,
      "error": null
    },
    "assert find_lists(([6, 2, 1, 5], [1, 3, 6, 11])) == 2": {
      "result": true,
      "time": 0.03439211845397949,
      "error": null
    },
    "assert find_lists(([4, 2, 2, 7], [6, 2, 3, 11])) == 2": {
      "result": true,
      "time": 0.035187721252441406,
      "error": null
    },
    "assert find_lists(([4, 1, 2, 7], [3, 3, 5, 3])) == 2": {
      "result": true,
      "time": 0.03433704376220703,
      "error": null
    },
    "assert find_lists(([2, 5, 4, 2], [9, 6, 7, 10])) == 2": {
      "result": true,
      "time": 0.04093599319458008,
      "error": null
    },
    "assert find_lists(([1, 6, 2, 5], [8, 7, 8, 10])) == 2": {
      "result": true,
      "time": 0.03788924217224121,
      "error": null
    },
    "assert find_lists(([5, 3, 4, 5], [7, 9, 8, 3])) == 2": {
      "result": true,
      "time": 0.037450313568115234,
      "error": null
    },
    "assert find_lists(([1, 4, 3, 9], [10, 10, 2, 13])) == 2": {
      "result": true,
      "time": 0.038184165954589844,
      "error": null
    },
    "assert find_lists(([2, 5, 3, 3], [3, 1, 5, 12])) == 2": {
      "result": true,
      "time": 0.031041383743286133,
      "error": null
    },
    "assert find_lists(([1, 7, 2, 4], [9, 10, 10, 12])) == 2": {
      "result": true,
      "time": 0.036248207092285156,
      "error": null
    },
    "assert find_lists(([4, 1, 8, 1], [1, 6, 2, 3])) == 2": {
      "result": true,
      "time": 0.041103363037109375,
      "error": null
    },
    "assert find_lists(([5, 2, 8, 4], [9, 3, 7, 6])) == 2": {
      "result": true,
      "time": 0.0362086296081543,
      "error": null
    },
    "assert find_lists(([6, 3, 7, 6], [6, 3, 6, 9])) == 2": {
      "result": true,
      "time": 0.034006595611572266,
      "error": null
    },
    "assert find_lists(([4, 5, 5, 5], [4, 10, 12, 10])) == 2": {
      "result": true,
      "time": 0.03468728065490723,
      "error": null
    },
    "assert find_lists(([4, 4, 4, 3], [3, 1, 12, 13])) == 2": {
      "result": true,
      "time": 0.03707289695739746,
      "error": null
    },
    "assert find_lists(([2, 4, 6, 2], [10, 9, 11, 4])) == 2": {
      "result": true,
      "time": 0.03742647171020508,
      "error": null
    },
    "assert find_lists(([2, 2, 3, 8], [7, 1, 8, 12])) == 2": {
      "result": true,
      "time": 0.040302276611328125,
      "error": null
    },
    "assert find_lists(([1, 4, 8, 1], [3, 5, 9, 11])) == 2": {
      "result": true,
      "time": 0.039788007736206055,
      "error": null
    },
    "assert find_lists(([1, 7, 1, 3], [10, 10, 4, 12])) == 2": {
      "result": true,
      "time": 0.035767555236816406,
      "error": null
    },
    "assert find_lists(([3, 4, 2, 9], [10, 5, 11, 10])) == 2": {
      "result": true,
      "time": 0.033117055892944336,
      "error": null
    },
    "assert find_lists(([4, 3, 5, 3], [1, 3, 7, 7])) == 2": {
      "result": true,
      "time": 0.038010358810424805,
      "error": null
    },
    "assert find_lists(([6, 1, 8, 2], [2, 2, 7, 9])) == 2": {
      "result": true,
      "time": 0.03580427169799805,
      "error": null
    },
    "assert find_lists(([1, 4, 3, 8], [5, 11, 6, 3])) == 2": {
      "result": true,
      "time": 0.035722970962524414,
      "error": null
    },
    "assert find_lists(([6, 2, 2, 1], [8, 9, 4, 11])) == 2": {
      "result": true,
      "time": 0.029761552810668945,
      "error": null
    },
    "assert find_lists(([3, 5, 5, 5], [3, 7, 10, 7])) == 2": {
      "result": true,
      "time": 0.041049957275390625,
      "error": null
    },
    "assert find_lists(([2, 3, 5, 6], [3, 9, 7, 6])) == 2": {
      "result": true,
      "time": 0.044296979904174805,
      "error": null
    },
    "assert find_lists(([4, 3, 2, 9], [4, 1, 2, 11])) == 2": {
      "result": true,
      "time": 0.03842806816101074,
      "error": null
    },
    "assert find_lists(([6, 3, 2, 6], [5, 3, 7, 4])) == 2": {
      "result": true,
      "time": 0.040601491928100586,
      "error": null
    },
    "assert find_lists(([6, 3, 5, 9], [5, 1, 7, 3])) == 2": {
      "result": true,
      "time": 0.03775763511657715,
      "error": null
    },
    "assert find_lists(([5, 2, 3, 7], [6, 10, 6, 3])) == 2": {
      "result": true,
      "time": 0.04336261749267578,
      "error": null
    },
    "assert find_lists(([1, 4, 7, 4], [5, 3, 11, 9])) == 2": {
      "result": true,
      "time": 0.03613734245300293,
      "error": null
    },
    "assert find_lists(([3, 6, 2, 7], [2, 8, 5, 6])) == 2": {
      "result": true,
      "time": 0.03818559646606445,
      "error": null
    },
    "assert find_lists(([3, 6], [8, 5], [1, 7])) == 3": {
      "result": true,
      "time": 0.04482889175415039,
      "error": null
    },
    "assert find_lists(([4, 2], [3, 6], [10, 7])) == 3": {
      "result": true,
      "time": 0.03750896453857422,
      "error": null
    },
    "assert find_lists(([3, 2], [6, 9], [4, 6])) == 3": {
      "result": true,
      "time": 0.036792755126953125,
      "error": null
    },
    "assert find_lists(([6, 7], [1, 8], [9, 4])) == 3": {
      "result": true,
      "time": 0.04117989540100098,
      "error": null
    },
    "assert find_lists(([4, 4], [8, 2], [6, 7])) == 3": {
      "result": true,
      "time": 0.03687095642089844,
      "error": null
    },
    "assert find_lists(([1, 5], [8, 9], [10, 8])) == 3": {
      "result": true,
      "time": 0.040174245834350586,
      "error": null
    },
    "assert find_lists(([5, 1], [4, 2], [8, 6])) == 3": {
      "result": true,
      "time": 0.035166263580322266,
      "error": null
    },
    "assert find_lists(([3, 2], [4, 2], [1, 10])) == 3": {
      "result": true,
      "time": 0.035967350006103516,
      "error": null
    },
    "assert find_lists(([3, 1], [1, 7], [4, 1])) == 3": {
      "result": true,
      "time": 0.0385439395904541,
      "error": null
    },
    "assert find_lists(([6, 6], [1, 9], [10, 3])) == 3": {
      "result": true,
      "time": 0.03754067420959473,
      "error": null
    },
    "assert find_lists(([1, 4], [5, 5], [6, 2])) == 3": {
      "result": true,
      "time": 0.03781914710998535,
      "error": null
    },
    "assert find_lists(([2, 1], [7, 9], [10, 8])) == 3": {
      "result": true,
      "time": 0.040872812271118164,
      "error": null
    },
    "assert find_lists(([5, 1], [2, 7], [9, 2])) == 3": {
      "result": true,
      "time": 0.037817955017089844,
      "error": null
    },
    "assert find_lists(([3, 7], [1, 4], [3, 9])) == 3": {
      "result": true,
      "time": 0.02935934066772461,
      "error": null
    },
    "assert find_lists(([2, 2], [2, 8], [9, 1])) == 3": {
      "result": true,
      "time": 0.04236721992492676,
      "error": null
    },
    "assert find_lists(([1, 4], [5, 8], [4, 10])) == 3": {
      "result": true,
      "time": 0.04080939292907715,
      "error": null
    },
    "assert find_lists(([3, 6], [6, 5], [5, 5])) == 3": {
      "result": true,
      "time": 0.038857460021972656,
      "error": null
    },
    "assert find_lists(([3, 1], [1, 1], [4, 7])) == 3": {
      "result": true,