{
  "code": "def round_num(num, multiple):\n    return round(num / multiple) * multiple",
  "results": {
    "assert round_num(4722,10)==4720": {
      "result": true,
      "time": 0.03297591209411621,
      "error": null
    },
    "assert round_num(1111,5)==1110": {
      "result": true,
      "time": 0.030391693115234375,
      "error": null
    },
    "assert round_num(219,2)==218": {
      "result": false,
      "time": 0.033974409103393555,
      "error": null
    },
    "assert round_num(5091, 9) == 5094": {
      "result": true,
      "time": 0.04691314697265625,
      "error": null
    },
    "assert round_num(5326, 8) == 5328": {
      "result": true,
      "time": 0.03942108154296875,
      "error": null
    },
    "assert round_num(5141, 11) == 5137": {
      "result": true,
      "time": 0.03587150573730469,
      "error": null
    },
    "assert round_num(4194, 9) == 4194": {
      "result": true,
      "time": 0.03691887855529785,
      "error": null
    },
    "assert round_num(4406, 9) == 4410": {
      "result": true,
      "time": 0.0387730598449707,
      "error": null
    },
    "assert round_num(4821, 7) == 4823": {
      "result": true,
      "time": 0.03774261474609375,
      "error": null
    },
    "assert round_num(4141, 13) == 4147": {
      "result": true,
      "time": 0.03976035118103027,
      "error": null
    },
    "assert round_num(4945, 11) == 4950": {
      "result": true,
      "time": 0.03526926040649414,
      "error": null
    },
    "assert round_num(5182, 6) == 5184": {
      "result": true,
      "time": 0.03534340858459473,
      "error": null
    },
    "assert round_num(4787, 6) == 4788": {
      "result": true,
      "time": 0.03294944763183594,
      "error": null
    },
    "assert round_num(4099, 12) == 4104": {
      "result": true,
      "time": 0.03534841537475586,
      "error": null
    },
    "assert round_num(5152, 11) == 5148": {
      "result": true,
      "time": 0.02980327606201172,
      "error": null
    },
    "assert round_num(5669, 13) == 5668": {
      "result": true,
      "time": 0.0329437255859375,
      "error": null
    },
    "assert round_num(4550, 12) == 4548": {
      "result": true,
      "time": 0.03301858901977539,
      "error": null
    },
    "assert round_num(4959, 7) == 4956": {
      "result": true,
      "time": 0.03374910354614258,
      "error": null
    },
    "assert round_num(5318, 9) == 5319": {
      "result": true,
      "time": 0.032387495040893555,
      "error": null
    },
    "assert round_num(4914, 11) == 4917": {
      "result": true,
      "time": 0.03434324264526367,
      "error": null
    },
    "assert round_num(4006, 5) == 4005": {
      "result": true,
      "time": 0.0377039909362793,
      "error": null
    },
    "assert round_num(4834, 14) == 4830": {
      "result": true,
      "time": 0.03275918960571289,
      "error": null
    },
    "assert round_num(5003, 13) == 5005": {
      "result": true,
      "time": 0.03886270523071289,
      "error": null
    },
    "assert round_num(4989, 15) == 4995": {
      "result": true,
      "time": 0.03318500518798828,
      "error": null
    },
    "assert round_num(4787, 5) == 4785": {
      "result": true,
      "time": 0.03494000434875488,
      "error": null
    },
    "assert round_num(5581, 15) == 5580": {
      "result": true,
      "time": 0.029633522033691406,
      "error": null
    },
    "assert round_num(3947, 12) == 3948": {
      "result": true,
      "time": 0.040683746337890625,
      "error": null
    },
    "assert round_num(5208, 6) == 5208": {
      "result": true,
      "time": 0.02964615821838379,
      "error": null
    },
    "assert round_num(4300, 9) == 4302": {
      "result": true,
      "time": 0.02765178680419922,
      "error": null
    },
    "assert round_num(4308, 14) == 4312": {
      "result": true,
      "time": 0.03204917907714844,
      "error": null
    },
    "assert round_num(5583, 9) == 5580": {
      "result": true,
      "time": 0.03151369094848633,
      "error": null
    },
    "assert round_num(3800, 9) == 3798": {
      "result": true,
      "time": 0.02811574935913086,
      "error": null
    },
    "assert round_num(4179, 13) == 4173": {
      "result": true,
      "time": 0.033942222595214844,
      "error": null
    },
    "assert round_num(3719, 15) == 3720": {
      "result": true,
      "time": 0.03126358985900879,
      "error": null
    },
    "assert round_num(4335, 13) == 4329": {
      "result": true,
      "time": 0.033612966537475586,
      "error": null
    },
    "assert round_num(4846, 15) == 4845": {
      "result": true,
      "time": 0.03377819061279297,
      "error": null
    },
    "assert round_num(120, 4) == 120": {
      "result": true,
      "time": 0.029456377029418945,
      "error": null
    },
    "assert round_num(2064, 9) == 2061": {
      "result": true,
      "time": 0.03379559516906738,
      "error": null
    },
    "assert round_num(1603, 7) == 1603": {
      "result": true,
      "time": 0.029914379119873047,
      "error": null
    },
    "assert round_num(1338, 6) == 1338": {
      "result": true,
      "time": 0.034918785095214844,
      "error": null
    },
    "assert round_num(337, 8) == 336": {
      "result": true,
      "time": 0.03626680374145508,
      "error": null
    },
    "assert round_num(1352, 5) == 1350": {
      "result": true,
      "time": 0.0365900993347168,
      "error": null
    },
    "assert round_num(1713, 5) == 1715": {
      "result": true,
      "time": 0.02782726287841797,
      "error": null
    },
    "assert round_num(1057, 10) == 1060": {
      "result": true,
      "time": 0.03658723831176758,
      "error": null
    },
    "assert round_num(437, 7) == 434": {
      "result": true,
      "time": 0.03980374336242676,
      "error": null
    },
    "assert round_num(1821, 6) == 1818": {
      "result": false,
      "time": 0.029937744140625,
      "error": null
    },
    "assert round_num(1486, 2) == 1486": {
      "result": true,
      "time": 0.02966475486755371,
      "error": null
    },
    "assert round_num(1134, 4) == 1132": {
      "result": false,
      "time": 0.03348803520202637,
      "error": null
    },
    "assert round_num(106, 9) == 108": {
      "result": true,
      "time": 0.03521871566772461,
      "error": null
    },
    "assert round_num(1399, 9) == 1395": {
      "result": true,
      "time": 0.02849555015563965,
      "error": null
    },
    "assert round_num(779, 2) == 778": {
      "result": false,
      "time": 0.03630256652832031,
      "error": null
    },
    "assert round_num(890, 5) == 890": {
      "result": true,
      "time": 0.0326390266418457,
      "error": null
    },
    "assert round_num(959, 6) == 960": {
      "result": true,
      "time": 0.033888816833496094,
      "error": null
    },
    "assert round_num(1189, 6) == 1188": {
      "result": true,
      "time": 0.0355074405670166,
      "error": null
    },
    "assert round_num(1587, 8) == 1584": {
      "result": true,
      "time": 0.03544044494628906,
      "error": null
    },
    "assert round_num(657, 10) == 660": {
      "result": true,
      "time": 0.03196597099304199,
      "error": null
    },
    "assert round_num(1804, 8) == 1800": {
      "result": false,
      "time": 0.03038954734802246,
      "error": null
    },
    "assert round_num(1016, 9) == 1017": {
      "result": true,
      "time": 0.038109779357910156,
      "error": null
    },
    "assert round_num(850, 4) == 848": {
      "result": true,
      "time": 0.03587913513183594,
      "error": null
    },
    "assert round_num(1862, 10) == 1860": {
      "result": true,
      "time": 0.0394744873046875,
      "error": null
    },
    "assert round_num(1860, 4) == 1860": {
      "result": true,
      "time": 0.026209592819213867,
      "error": null
    },
    "assert round_num(488, 7) == 490": {
      "result": true,
      "time": 0.03491091728210449,
      "error": null
    },