{
  "code": "def rectangle_area(length, width):\n    return length * width\n",
  "results": {
    "assert rectangle_area(10,20)==200": {
      "result": true,
      "time": 0.03216195106506348,
      "error": null
    },
    "assert rectangle_area(10,5)==50": {
      "result": true,
      "time": 0.03757333755493164,
      "error": null
    },
    "assert rectangle_area(4,2)==8": {
      "result": true,
      "time": 0.04020810127258301,
      "error": null
    },
    "assert rectangle_area(15, 21) == 315": {
      "result": true,
      "time": 0.03453516960144043,
      "error": null
    },
    "assert rectangle_area(7, 25) == 175": {
      "result": true,
      "time": 0.04015636444091797,
      "error": null
    },
    "assert rectangle_area(5, 19) == 95": {
      "result": true,
      "time": 0.0409245491027832,
      "error": null
    },
    "assert rectangle_area(5, 22) == 110": {
      "result": true,
      "time": 0.03774309158325195,
      "error": null
    },
    "assert rectangle_area(7, 23) == 161": {
      "result": true,
      "time": 0.03970599174499512,
      "error": null
    },
    "assert rectangle_area(10, 16) == 160": {
      "result": true,
      "time": 0.040606021881103516,
      "error": null
    },
    "assert rectangle_area(10, 15) == 150": {
      "result": true,
      "time": 0.035726308822631836,
      "error": null
    },
    "assert rectangle_area(6, 16) == 96": {
      "result": true,
      "time": 0.036913394927978516,
      "error": null
    },
    "assert rectangle_area(8, 18) == 144": {
      "result": true,
      "time": 0.036905527114868164,
      "error": null
    },
    "assert rectangle_area(13, 24) == 312": {
      "result": true,
      "time": 0.036834001541137695,
      "error": null
    },
    "assert rectangle_area(8, 21) == 168": {
      "result": true,
      "time": 0.036142587661743164,
      "error": null
    },
    "assert rectangle_area(13, 22) == 286": {
      "result": true,
      "time": 0.0380253791809082,
      "error": null
    },
    "assert rectangle_area(10, 17) == 170": {
      "result": true,
      "time": 0.0340883731842041,
      "error": null
    },
    "assert rectangle_area(11, 22) == 242": {
      "result": true,
      "time": 0.041426658630371094,
      "error": null
    },
    "assert rectangle_area(12, 23) == 276": {
      "result": true,
      "time": 0.03432130813598633,
      "error": null
    },
    "assert rectangle_area(6, 24) == 144": {
      "result": true,
      "time": 0.04000687599182129,
      "error": null
    },
    "assert rectangle_area(7, 18) == 126": {
      "result": true,
      "time": 0.04475760459899902,
      "error": null
    },
    "assert rectangle_area(9, 23) == 207": {
      "result": true,
      "time": 0.045560598373413086,
      "error": null
    },
    "assert rectangle_area(14, 24) == 336": {
      "result": true,
      "time": 0.044115543365478516,
      "error": null
    },
    "assert rectangle_area(7, 20) == 140": {
      "result": true,
      "time": 0.04694867134094238,
      "error": null
    },
    "assert rectangle_area(6, 25) == 150": {
      "result": true,
      "time": 0.04529452323913574,
      "error": null
    },
    "assert rectangle_area(6, 21) == 126": {
      "result": true,
      "time": 0.047065019607543945,
      "error": null
    },
    "assert rectangle_area(8, 25) == 200": {
      "result": true,
      "time": 0.039916038513183594,
      "error": null
    },
    "assert rectangle_area(10, 20) == 200": {
      "result": true,
      "time": 0.048703908920288086,
      "error": null
    },
    "assert rectangle_area(14, 16) == 224": {
      "result": true,
      "time": 0.04543638229370117,
      "error": null
    },
    "assert rectangle_area(9, 25) == 225": {
      "result": true,
      "time": 0.05327939987182617,
      "error": null
    },
    "assert rectangle_area(11, 19) == 209": {
      "result": true,
      "time": 0.04976511001586914,
      "error": null
    },
    "assert rectangle_area(15, 15) == 225": {
      "result": true,
      "time": 0.044771671295166016,
      "error": null
    },
    "assert rectangle_area(6, 20) == 120": {
      "result": true,
      "time": 0.04208683967590332,
      "error": null
    },
    "assert rectangle_area(14, 15) == 210": {
      "result": true,
      "time": 0.051050424575805664,
      "error": null
    },
    "assert rectangle_area(12, 4) == 48": {
      "result": true,
      "time": 0.04494810104370117,
      "error": null
    },
    "assert rectangle_area(11, 1) == 11": {
      "result": true,
      "time": 0.04619264602661133,
      "error": null
    },
    "assert rectangle_area(13, 8) == 104": {
      "result": true,
      "time": 0.057662248611450195,
      "error": null
    },
    "assert rectangle_area(10, 10) == 100": {
      "result": true,
      "time": 0.04291033744812012,
      "error": null
    },
    "assert rectangle_area(15, 3) == 45": {
      "result": true,
      "time": 0.05582094192504883,
      "error": null
    },
    "assert rectangle_area(5, 6) == 30": {
      "result": true,
      "time": 0.05126619338989258,
      "error": null
    },
    "assert rectangle_area(9, 10) == 90": {
      "result": true,
      "time": 0.05527949333190918,
      "error": null
    },
    "assert rectangle_area(13, 10) == 130": {
      "result": true,
      "time": 0.04417157173156738,
      "error": null
    },
    "assert rectangle_area(13, 1) == 13": {
      "result": true,
      "time": 0.04909825325012207,
      "error": null
    },
    "assert rectangle_area(15, 2) == 30": {
      "result": true,
      "time": 0.03727078437805176,
      "error": null
    },
    "assert rectangle_area(10, 6) == 60": {
      "result": true,
      "time": 0.050817251205444336,
      "error": null
    },
    "assert rectangle_area(7, 6) == 42": {
      "result": true,
      "time": 0.04431748390197754,
      "error": null
    },
    "assert rectangle_area(6, 2) == 12": {
      "result": true,
      "time": 0.04862785339355469,
      "error": null
    },
    "assert rectangle_area(6, 1) == 6": {
      "result": true,
      "time": 0.05088019371032715,
      "error": null
    },
    "assert rectangle_area(7, 5) == 35": {
      "result": true,
      "time": 0.052544355392456055,
      "error": null
    },
    "assert rectangle_area(8, 7) == 56": {
      "result": true,
      "time": 0.04566478729248047,
      "error": null
    },
    "assert rectangle_area(11, 9) == 99": {
      "result": true,
      "time": 0.04988574981689453,
      "error": null
    },
    "assert rectangle_area(11, 2) == 22": {
      "result": true,
      "time": 0.0494692325592041,
      "error": null
    },
    "assert rectangle_area(10, 5) == 50": {
      "result": true,
      "time": 0.04485011100769043,
      "error": null
    },
    "assert rectangle_area(6, 5) == 30": {
      "result": true,
      "time": 0.039611101150512695,
      "error": null
    },
    "assert rectangle_area(10, 7) == 70": {
      "result": true,
      "time": 0.0478971004486084,
      "error": null
    },
    "assert rectangle_area(5, 4) == 20": {
      "result": true,
      "time": 0.04374217987060547,
      "error": null
    },
    "assert rectangle_area(9, 1) == 9": {
      "result": true,
      "time": 0.048421621322631836,
      "error": null
    },
    "assert rectangle_area(7, 9) == 63": {
      "result": true,
      "time": 0.048317670822143555,
      "error": null
    },
    "assert rectangle_area(15, 8) == 120": {
      "result": true,
      "time": 0.04884958267211914,
      "error": null
    },
    "assert rectangle_area(8, 3) == 24": {
      "result": true,
      "time": 0.04387497901916504,
      "error": null
    },
    "assert rectangle_area(5, 9) == 45": {
      "result": true,
      "time": 0.04522991180419922,
      "error": null
    },
    "assert rectangle_area(11, 3) == 33": {
      "result": true,
      "time": 0.04255819320678711,
      "error": null
    },