{
  "code": "def find_Sum(arr, sum_val):\n    count_dict = {}\n    for i in arr:\n        if i in count_dict:\n            count_dict[i] += 1\n        else:\n            count_dict[i] = 1\n    repeated_elements_sum = sum(i * v for i, v in count_dict.items() if v > 1)\n    return repeated_elements_sum",
  "results": {
    "assert find_Sum([1,2,3,1,1,4,5,6],8) == 3": {
      "result": true,
      "time": 0.04427146911621094,
      "error": null
    },
    "assert find_Sum([1,2,3,1,1],5) == 3": {
      "result": true,
      "time": 0.05637550354003906,
      "error": null
    },
    "assert find_Sum([1,1,2],3) == 2": {
      "result": true,
      "time": 0.046855926513671875,
      "error": null
    },
    "assert find_Sum([2, 2, 5, 2, 3, 6, 2, 3], 12) == 14": {
      "result": true,
      "time": 0.05118131637573242,
      "error": null
    },
    "assert find_Sum([3, 1, 7, 6, 4, 5, 3, 10], 10) == 6": {
      "result": true,
      "time": 0.06610798835754395,
      "error": null
    },
    "assert find_Sum([4, 4, 5, 3, 6, 5, 5, 7], 8) == 23": {
      "result": true,
      "time": 0.06113123893737793,
      "error": null
    },
    "assert find_Sum([2, 2, 3, 1, 4, 3, 1, 3], 11) == 15": {
      "result": true,
      "time": 0.05653095245361328,
      "error": null
    },
    "assert find_Sum([4, 7, 2, 3, 6, 5, 10, 3], 5) == 6": {
      "result": true,
      "time": 0.06094026565551758,
      "error": null
    },
    "assert find_Sum([3, 3, 1, 6, 2, 2, 6, 10], 6) == 22": {
      "result": true,
      "time": 0.05042386054992676,
      "error": null
    },
    "assert find_Sum([1, 2, 8, 1, 5, 5, 3, 7], 13) == 12": {
      "result": true,
      "time": 0.06527185440063477,
      "error": null
    },
    "assert find_Sum([4, 1, 5, 2, 5, 8, 7, 2], 13) == 14": {
      "result": true,
      "time": 0.04285120964050293,
      "error": null
    },
    "assert find_Sum([6, 5, 5, 3, 5, 4, 4, 1], 13) == 23": {
      "result": true,
      "time": 0.03882241249084473,
      "error": null
    },
    "assert find_Sum([6, 6, 8, 5, 6, 1, 7, 4], 7) == 18": {
      "result": true,
      "time": 0.03760504722595215,
      "error": null
    },
    "assert find_Sum([4, 4, 3, 1, 3, 7, 4, 9], 11) == 18": {
      "result": true,
      "time": 0.03943777084350586,
      "error": null
    },
    "assert find_Sum([1, 5, 8, 2, 2, 3, 7, 9], 8) == 4": {
      "result": true,
      "time": 0.04022789001464844,
      "error": null
    },
    "assert find_Sum([4, 4, 8, 3, 1, 9, 4, 4], 8) == 16": {
      "result": true,
      "time": 0.03521108627319336,
      "error": null
    },
    "assert find_Sum([1, 5, 8, 2, 6, 7, 4, 10], 3) == 0": {
      "result": true,
      "time": 0.04128861427307129,
      "error": null
    },
    "assert find_Sum([2, 6, 5, 5, 3, 6, 6, 8], 11) == 28": {
      "result": true,
      "time": 0.042415618896484375,
      "error": null
    },
    "assert find_Sum([5, 1, 7, 2, 3, 3, 6, 10], 7) == 6": {
      "result": true,
      "time": 0.039629220962524414,
      "error": null
    },
    "assert find_Sum([3, 7, 8, 5, 3, 3, 1, 4], 5) == 9": {
      "result": true,
      "time": 0.051766395568847656,
      "error": null
    },
    "assert find_Sum([6, 6, 2, 3, 3, 7, 3, 11], 12) == 21": {
      "result": true,
      "time": 0.04873490333557129,
      "error": null
    },
    "assert find_Sum([1, 1, 4, 6, 1, 9, 2, 7], 7) == 3": {
      "result": true,
      "time": 0.04602956771850586,
      "error": null
    },
    "assert find_Sum([3, 5, 6, 2, 1, 5, 9, 10], 5) == 10": {
      "result": true,
      "time": 0.041948556900024414,
      "error": null
    },
    "assert find_Sum([1, 4, 3, 3, 1, 4, 2, 11], 10) == 16": {
      "result": true,
      "time": 0.04958462715148926,
      "error": null
    },
    "assert find_Sum([6, 3, 8, 6, 6, 5, 1, 6], 5) == 24": {
      "result": true,
      "time": 0.04440879821777344,
      "error": null
    },
    "assert find_Sum([2, 2, 1, 2, 2, 2, 8, 7], 8) == 10": {
      "result": true,
      "time": 0.04156947135925293,
      "error": null
    },
    "assert find_Sum([3, 4, 6, 6, 5, 7, 5, 1], 9) == 22": {
      "result": true,
      "time": 0.043058156967163086,
      "error": null
    },
    "assert find_Sum([2, 1, 8, 5, 6, 8, 1, 2], 7) == 22": {
      "result": true,
      "time": 0.04018807411193848,
      "error": null
    },
    "assert find_Sum([3, 2, 4, 6, 6, 6, 5, 1], 10) == 18": {
      "result": true,
      "time": 0.039845943450927734,
      "error": null
    },
    "assert find_Sum([5, 7, 1, 1, 5, 8, 8, 11], 5) == 28": {
      "result": true,
      "time": 0.03982949256896973,
      "error": null
    },
    "assert find_Sum([2, 1, 7, 5, 1, 2, 6, 10], 8) == 6": {
      "result": true,
      "time": 0.049308061599731445,
      "error": null
    },
    "assert find_Sum([3, 6, 5, 1, 5, 2, 6, 11], 4) == 22": {
      "result": true,
      "time": 0.04282951354980469,
      "error": null
    },
    "assert find_Sum([1, 5, 7, 4, 6, 7, 6, 10], 8) == 26": {
      "result": true,
      "time": 0.042934417724609375,
      "error": null
    },
    "assert find_Sum([1, 7, 1, 5, 6, 1, 6, 7], 9) == 29": {
      "result": true,
      "time": 0.04098677635192871,
      "error": null
    },
    "assert find_Sum([5, 1, 1, 3, 2, 5, 6, 2], 8) == 16": {
      "result": true,
      "time": 0.03807234764099121,
      "error": null
    },
    "assert find_Sum([5, 1, 7, 1, 6, 1, 6, 7], 4) == 29": {
      "result": true,
      "time": 0.04720044136047363,
      "error": null
    },
    "assert find_Sum([5, 2, 3, 1, 1], 10) == 2": {
      "result": true,
      "time": 0.04209637641906738,
      "error": null
    },
    "assert find_Sum([1, 7, 7, 3, 1], 1) == 16": {
      "result": true,
      "time": 0.04085040092468262,
      "error": null
    },
    "assert find_Sum([2, 1, 4, 5, 4], 3) == 8": {
      "result": true,
      "time": 0.03985857963562012,
      "error": null
    },
    "assert find_Sum([6, 1, 4, 2, 5], 10) == 0": {
      "result": true,
      "time": 0.04237079620361328,
      "error": null
    },
    "assert find_Sum([5, 3, 7, 3, 2], 5) == 6": {
      "result": true,
      "time": 0.04080605506896973,
      "error": null
    },
    "assert find_Sum([5, 1, 7, 1, 4], 1) == 2": {
      "result": true,
      "time": 0.040802955627441406,
      "error": null
    },
    "assert find_Sum([1, 4, 6, 6, 1], 6) == 14": {
      "result": true,
      "time": 0.042086124420166016,
      "error": null
    },
    "assert find_Sum([6, 1, 2, 4, 1], 8) == 2": {
      "result": true,
      "time": 0.03993797302246094,
      "error": null
    },
    "assert find_Sum([1, 7, 1, 2, 2], 7) == 6": {
      "result": true,
      "time": 0.037270545959472656,
      "error": null
    },
    "assert find_Sum([5, 7, 5, 4, 2], 6) == 10": {
      "result": true,
      "time": 0.04436302185058594,
      "error": null
    },
    "assert find_Sum([2, 3, 5, 5, 6], 2) == 10": {
      "result": true,
      "time": 0.046401023864746094,
      "error": null
    },
    "assert find_Sum([4, 3, 1, 3, 6], 4) == 6": {
      "result": true,
      "time": 0.04492950439453125,
      "error": null
    },
    "assert find_Sum([5, 4, 3, 4, 3], 9) == 14": {
      "result": true,
      "time": 0.043125152587890625,
      "error": null
    },
    "assert find_Sum([1, 1, 8, 5, 5], 7) == 12": {
      "result": true,
      "time": 0.039347171783447266,
      "error": null
    },
    "assert find_Sum([3, 7, 8, 1, 1], 10) == 2": {
      "result": true,
      "time": 0.04819202423095703,
      "error": null
    },
    "assert find_Sum([1, 6, 8, 1, 3], 4) == 2": {
      "result": true,
      "time": 0.04226088523864746,
      "error": null
    },
    "assert find_Sum([3, 1, 4, 4, 6], 5) == 8": {
      "result": true,
      "time": 0.04486703872680664,
      "error": null
    },
    "assert find_Sum([5, 2, 3, 1, 6], 10) == 0": {
      "result": true,
      "time": 0.047333478927612305,
      "error": null
    },
    "assert find_Sum([5, 5, 5, 6, 5], 5) == 20": {
      "result": true,