{
  "code": "import math\n\ndef find_angle(angle1, angle2):\n    # Calculate the third angle\n    angle3 = 180 - (angle1 + angle2)\n    return angle3\n",
  "results": {
    "assert find_angle(47,89)==44": {
      "result": true,
      "time": 0.0802457332611084,
      "error": null
    },
    "assert find_angle(45,95)==40": {
      "result": true,
      "time": 0.09916281700134277,
      "error": null
    },
    "assert find_angle(50,40)==90": {
      "result": true,
      "time": 0.10238385200500488,
      "error": null
    },
    "assert find_angle(50, 86) == 44": {
      "result": true,
      "time": 0.08293437957763672,
      "error": null
    },
    "assert find_angle(47, 94) == 39": {
      "result": true,
      "time": 0.11486601829528809,
      "error": null
    },
    "assert find_angle(51, 89) == 40": {
      "result": true,
      "time": 0.08445358276367188,
      "error": null
    },
    "assert find_angle(46, 86) == 48": {
      "result": true,
      "time": 0.09455156326293945,
      "error": null
    },
    "assert find_angle(46, 85) == 49": {
      "result": true,
      "time": 0.0821676254272461,
      "error": null
    },
    "assert find_angle(46, 93) == 41": {
      "result": true,
      "time": 0.09358668327331543,
      "error": null
    },
    "assert find_angle(47, 91) == 42": {
      "result": true,
      "time": 0.08447790145874023,
      "error": null
    },
    "assert find_angle(48, 88) == 44": {
      "result": true,
      "time": 0.0846700668334961,
      "error": null
    },
    "assert find_angle(51, 87) == 42": {
      "result": true,
      "time": 0.09657788276672363,
      "error": null
    },
    "assert find_angle(48, 86) == 46": {
      "result": true,
      "time": 0.0936594009399414,
      "error": null
    },
    "assert find_angle(44, 94) == 42": {
      "result": true,
      "time": 0.07925081253051758,
      "error": null
    },
    "assert find_angle(42, 91) == 47": {
      "result": true,
      "time": 0.10030579566955566,
      "error": null
    },
    "assert find_angle(49, 89) == 42": {
      "result": true,
      "time": 0.08525419235229492,
      "error": null
    },
    "assert find_angle(46, 92) == 42": {
      "result": true,
      "time": 0.09615921974182129,
      "error": null
    },
    "assert find_angle(52, 94) == 34": {
      "result": true,
      "time": 0.08037877082824707,
      "error": null
    },
    "assert find_angle(52, 93) == 35": {
      "result": true,
      "time": 0.08904218673706055,
      "error": null
    },
    "assert find_angle(51, 88) == 41": {
      "result": true,
      "time": 0.07744169235229492,
      "error": null
    },
    "assert find_angle(47, 90) == 43": {
      "result": true,
      "time": 0.08259892463684082,
      "error": null
    },
    "assert find_angle(44, 87) == 49": {
      "result": true,
      "time": 0.0841670036315918,
      "error": null
    },
    "assert find_angle(47, 84) == 49": {
      "result": true,
      "time": 0.0996556282043457,
      "error": null
    },
    "assert find_angle(50, 92) == 38": {
      "result": true,
      "time": 0.08014512062072754,
      "error": null
    },
    "assert find_angle(43, 85) == 52": {
      "result": true,
      "time": 0.08175373077392578,
      "error": null
    },
    "assert find_angle(44, 90) == 46": {
      "result": true,
      "time": 0.08385038375854492,
      "error": null
    },
    "assert find_angle(42, 92) == 46": {
      "result": true,
      "time": 0.08215498924255371,
      "error": null
    },
    "assert find_angle(48, 84) == 48": {
      "result": true,
      "time": 0.07722210884094238,
      "error": null
    },
    "assert find_angle(50, 89) == 41": {
      "result": true,
      "time": 0.0939779281616211,
      "error": null
    },
    "assert find_angle(51, 90) == 39": {
      "result": true,
      "time": 0.0854043960571289,
      "error": null
    },
    "assert find_angle(43, 93) == 44": {
      "result": true,
      "time": 0.0902247428894043,
      "error": null
    },
    "assert find_angle(42, 90) == 48": {
      "result": true,
      "time": 0.09651494026184082,
      "error": null
    },
    "assert find_angle(50, 98) == 32": {
      "result": true,
      "time": 0.07488441467285156,
      "error": null
    },
    "assert find_angle(44, 98) == 38": {
      "result": true,
      "time": 0.09853100776672363,
      "error": null
    },
    "assert find_angle(49, 95) == 36": {
      "result": true,
      "time": 0.0849606990814209,
      "error": null
    },
    "assert find_angle(46, 95) == 39": {
      "result": true,
      "time": 0.07566714286804199,
      "error": null
    },
    "assert find_angle(40, 95) == 45": {
      "result": true,
      "time": 0.07733535766601562,
      "error": null
    },
    "assert find_angle(42, 93) == 45": {
      "result": true,
      "time": 0.07628011703491211,
      "error": null
    },
    "assert find_angle(40, 92) == 48": {
      "result": true,
      "time": 0.07934451103210449,
      "error": null
    },
    "assert find_angle(50, 97) == 33": {
      "result": true,
      "time": 0.09151029586791992,
      "error": null
    },
    "assert find_angle(43, 94) == 43": {
      "result": true,
      "time": 0.09418010711669922,
      "error": null
    },
    "assert find_angle(50, 99) == 31": {
      "result": true,
      "time": 0.0908360481262207,
      "error": null
    },
    "assert find_angle(45, 90) == 45": {
      "result": true,
      "time": 0.07915616035461426,
      "error": null
    },
    "assert find_angle(43, 91) == 46": {
      "result": true,
      "time": 0.08829784393310547,
      "error": null
    },
    "assert find_angle(44, 92) == 44": {
      "result": true,
      "time": 0.08411407470703125,
      "error": null
    },
    "assert find_angle(41, 100) == 39": {
      "result": true,
      "time": 0.08853411674499512,
      "error": null
    },
    "assert find_angle(48, 96) == 36": {
      "result": true,
      "time": 0.08488059043884277,
      "error": null
    },
    "assert find_angle(41, 90) == 49": {
      "result": true,
      "time": 0.06554651260375977,
      "error": null
    },
    "assert find_angle(42, 94) == 44": {
      "result": true,
      "time": 0.09438729286193848,
      "error": null
    },
    "assert find_angle(44, 91) == 45": {
      "result": true,
      "time": 0.07726502418518066,
      "error": null
    },
    "assert find_angle(49, 100) == 31": {
      "result": true,
      "time": 0.09693408012390137,
      "error": null
    },
    "assert find_angle(49, 96) == 35": {
      "result": true,
      "time": 0.0885307788848877,
      "error": null
    },
    "assert find_angle(47, 100) == 33": {
      "result": true,
      "time": 0.08230376243591309,
      "error": null
    },
    "assert find_angle(42, 98) == 40": {
      "result": true,
      "time": 0.09787201881408691,
      "error": null
    },
    "assert find_angle(50, 90) == 40": {
      "result": true,
      "time": 0.08084273338317871,
      "error": null
    },
    "assert find_angle(50, 93) == 37": {
      "result": true,
      "time": 0.09508681297302246,
      "error": null
    },
    "assert find_angle(47, 98) == 35": {
      "result": true,
      "time": 0.08794498443603516,
      "error": null
    },
    "assert find_angle(46, 100) == 34": {
      "result": true,
      "time": 0.07634139060974121,
      "error": null
    },
    "assert find_angle(41, 92) == 47": {
      "result": true,
      "time": 0.08624100685119629,
      "error": null
    },
    "assert find_angle(47, 92) == 41": {
      "result": true,
      "time": 0.09278607368469238,
      "error": null
    },
    "assert find_angle(49, 42) == 89": {
      "result": true,
      "time": 0.07434964179992676,
      "error": null
    },
    "assert find_angle(52, 43) == 85": {
      "result": true,
      "time": 0.08266139030456543,
      "error": null
    },
    "assert find_angle(48, 38) == 94": {
      "result": true,
      "time": 0.06885170936584473,