{
  "code": "cube_nums = lambda nums: [num**3 for num in nums]\n",
  "results": {
    "assert cube_nums([1, 2, 3, 4, 5, 6, 7, 8, 9, 10])==[1, 8, 27, 64, 125, 216, 343, 512, 729, 1000]": {
      "result": true,
      "time": 0.03860783576965332,
      "error": null
    },
    "assert cube_nums([10,20,30])==([1000, 8000, 27000])": {
      "result": true,
      "time": 0.04809904098510742,
      "error": null
    },
    "assert cube_nums([12,15])==([1728, 3375])": {
      "result": true,
      "time": 0.03885769844055176,
      "error": null
    },
    "assert cube_nums([3, 6, 6, 4, 4, 9, 5, 11, 11, 12]) == [27, 216, 216, 64, 64, 729, 125, 1331, 1331, 1728]": {
      "result": true,
      "time": 0.036902666091918945,
      "error": null
    },
    "assert cube_nums([4, 3, 5, 5, 1, 8, 5, 5, 4, 6]) == [64, 27, 125, 125, 1, 512, 125, 125, 64, 216]": {
      "result": true,
      "time": 0.03851652145385742,
      "error": null
    },
    "assert cube_nums([2, 1, 3, 4, 5, 8, 4, 5, 11, 12]) == [8, 1, 27, 64, 125, 512, 64, 125, 1331, 1728]": {
      "result": true,
      "time": 0.04204297065734863,
      "error": null
    },
    "assert cube_nums([5, 2, 1, 4, 6, 2, 4, 13, 10, 11]) == [125, 8, 1, 64, 216, 8, 64, 2197, 1000, 1331]": {
      "result": true,
      "time": 0.0391392707824707,
      "error": null
    },
    "assert cube_nums([6, 5, 2, 2, 7, 4, 11, 12, 6, 5]) == [216, 125, 8, 8, 343, 64, 1331, 1728, 216, 125]": {
      "result": true,
      "time": 0.03781771659851074,
      "error": null
    },
    "assert cube_nums([6, 5, 1, 7, 1, 7, 6, 11, 9, 10]) == [216, 125, 1, 343, 1, 343, 216, 1331, 729, 1000]": {
      "result": true,
      "time": 0.04087328910827637,
      "error": null
    },
    "assert cube_nums([3, 1, 2, 8, 10, 11, 7, 5, 13, 10]) == [27, 1, 8, 512, 1000, 1331, 343, 125, 2197, 1000]": {
      "result": true,
      "time": 0.04160189628601074,
      "error": null
    },
    "assert cube_nums([4, 5, 7, 8, 4, 7, 2, 13, 4, 11]) == [64, 125, 343, 512, 64, 343, 8, 2197, 64, 1331]": {
      "result": true,
      "time": 0.046154022216796875,
      "error": null
    },
    "assert cube_nums([2, 4, 8, 9, 1, 7, 7, 4, 14, 6]) == [8, 64, 512, 729, 1, 343, 343, 64, 2744, 216]": {
      "result": true,
      "time": 0.035565853118896484,
      "error": null
    },
    "assert cube_nums([1, 3, 8, 1, 2, 10, 5, 9, 7, 6]) == [1, 27, 512, 1, 8, 1000, 125, 729, 343, 216]": {
      "result": true,
      "time": 0.03992581367492676,
      "error": null
    },
    "assert cube_nums([2, 4, 5, 2, 4, 8, 6, 10, 7, 12]) == [8, 64, 125, 8, 64, 512, 216, 1000, 343, 1728]": {
      "result": true,
      "time": 0.0382390022277832,
      "error": null
    },
    "assert cube_nums([5, 2, 6, 3, 3, 1, 10, 4, 10, 7]) == [125, 8, 216, 27, 27, 1, 1000, 64, 1000, 343]": {
      "result": true,
      "time": 0.0379328727722168,
      "error": null
    },
    "assert cube_nums([4, 5, 1, 7, 1, 6, 6, 4, 9, 10]) == [64, 125, 1, 343, 1, 216, 216, 64, 729, 1000]": {
      "result": true,
      "time": 0.039372920989990234,
      "error": null
    },
    "assert cube_nums([5, 5, 4, 4, 3, 10, 10, 7, 14, 13]) == [125, 125, 64, 64, 27, 1000, 1000, 343, 2744, 2197]": {
      "result": true,
      "time": 0.03648734092712402,
      "error": null
    },
    "assert cube_nums([2, 2, 4, 3, 9, 6, 3, 11, 11, 11]) == [8, 8, 64, 27, 729, 216, 27, 1331, 1331, 1331]": {
      "result": true,
      "time": 0.03426313400268555,
      "error": null
    },
    "assert cube_nums([4, 4, 3, 1, 7, 6, 4, 9, 11, 13]) == [64, 64, 27, 1, 343, 216, 64, 729, 1331, 2197]": {
      "result": true,
      "time": 0.03800511360168457,
      "error": null
    },
    "assert cube_nums([2, 4, 4, 5, 3, 3, 7, 10, 4, 6]) == [8, 64, 64, 125, 27, 27, 343, 1000, 64, 216]": {
      "result": true,
      "time": 0.039502620697021484,
      "error": null
    },
    "assert cube_nums([3, 7, 1, 9, 8, 8, 9, 9, 8, 15]) == [27, 343, 1, 729, 512, 512, 729, 729, 512, 3375]": {
      "result": true,
      "time": 0.03284120559692383,
      "error": null
    },
    "assert cube_nums([1, 3, 2, 2, 2, 7, 9, 10, 13, 12]) == [1, 27, 8, 8, 8, 343, 729, 1000, 2197, 1728]": {
      "result": true,
      "time": 0.03343319892883301,
      "error": null
    },
    "assert cube_nums([2, 3, 7, 9, 4, 6, 3, 4, 5, 6]) == [8, 27, 343, 729, 64, 216, 27, 64, 125, 216]": {
      "result": true,
      "time": 0.037220001220703125,
      "error": null
    },
    "assert cube_nums([5, 3, 8, 9, 3, 5, 7, 12, 8, 5]) == [125, 27, 512, 729, 27, 125, 343, 1728, 512, 125]": {
      "result": true,
      "time": 0.04324841499328613,
      "error": null
    },
    "assert cube_nums([5, 6, 3, 5, 1, 1, 6, 8, 14, 7]) == [125, 216, 27, 125, 1, 1, 216, 512, 2744, 343]": {
      "result": true,
      "time": 0.03999972343444824,
      "error": null
    },
    "assert cube_nums([1, 5, 4, 1, 8, 2, 3, 4, 10, 11]) == [1, 125, 64, 1, 512, 8, 27, 64, 1000, 1331]": {
      "result": true,
      "time": 0.04174208641052246,
      "error": null
    },
    "assert cube_nums([1, 3, 2, 1, 1, 9, 6, 5, 8, 7]) == [1, 27, 8, 1, 1, 729, 216, 125, 512, 343]": {
      "result": true,
      "time": 0.03921771049499512,
      "error": null
    },
    "assert cube_nums([3, 3, 7, 3, 3, 2, 12, 10, 13, 15]) == [27, 27, 343, 27, 27, 8, 1728, 1000, 2197, 3375]": {
      "result": true,
      "time": 0.04172921180725098,
      "error": null
    },
    "assert cube_nums([5, 4, 4, 9, 5, 4, 2, 6, 4, 9]) == [125, 64, 64, 729, 125, 64, 8, 216, 64, 729]": {
      "result": true,
      "time": 0.04217863082885742,
      "error": null
    },
    "assert cube_nums([1, 2, 5, 7, 7, 5, 3, 8, 8, 7]) == [1, 8, 125, 343, 343, 125, 27, 512, 512, 343]": {
      "result": true,
      "time": 0.03995180130004883,
      "error": null
    },
    "assert cube_nums([2, 1, 1, 4, 2, 9, 9, 8, 6, 5]) == [8, 1, 1, 64, 8, 729, 729, 512, 216, 125]": {
      "result": true,
      "time": 0.04130983352661133,
      "error": null
    },
    "assert cube_nums([6, 3, 1, 5, 5, 11, 11, 11, 7, 5]) == [216, 27, 1, 125, 125, 1331, 1331, 1331, 343, 125]": {
      "result": true,
      "time": 0.039948463439941406,
      "error": null
    },
    "assert cube_nums([5, 1, 4, 7, 9, 2, 4, 7, 4, 8]) == [125, 1, 64, 343, 729, 8, 64, 343, 64, 512]": {
      "result": true,
      "time": 0.03946375846862793,
      "error": null
    },
    "assert cube_nums([4, 3, 7, 8, 7, 9, 9, 6, 5, 9]) == [64, 27, 343, 512, 343, 729, 729, 216, 125, 729]": {
      "result": true,
      "time": 0.03980827331542969,
      "error": null
    },
    "assert cube_nums([3, 3, 2, 8, 1, 1, 9, 9, 4, 6]) == [27, 27, 8, 512, 1, 1, 729, 729, 64, 216]": {
      "result": true,
      "time": 0.0354769229888916,
      "error": null
    },
    "assert cube_nums([4, 5, 1, 9, 8, 1, 12, 13, 9, 10]) == [64, 125, 1, 729, 512, 1, 1728, 2197, 729, 1000]": {
      "result": true,
      "time": 0.03959155082702637,
      "error": null
    },
    "assert cube_nums([6, 15, 34]) == [216, 3375, 39304]": {
      "result": true,
      "time": 0.04052090644836426,
      "error": null
    },
    "assert cube_nums([12, 23, 28]) == [1728, 12167, 21952]": {
      "result": true,
      "time": 0.036514997482299805,
      "error": null
    },
    "assert cube_nums([6, 16, 32]) == [216, 4096, 32768]": {
      "result": true,
      "time": 0.04040098190307617,
      "error": null
    },
    "assert cube_nums([8, 25, 26]) == [512, 15625, 17576]": {
      "result": true,
      "time": 0.04101848602294922,
      "error": null
    },
    "assert cube_nums([6, 20, 34]) == [216, 8000, 39304]": {
      "result": true,
      "time": 0.03539848327636719,
      "error": null
    },
    "assert cube_nums([15, 23, 29]) == [3375, 12167, 24389]": {
      "result": true,
      "time": 0.044736385345458984,
      "error": null
    },
    "assert cube_nums([9, 22, 31]) == [729, 10648, 29791]": {
      "result": true,
      "time": 0.04174661636352539,
      "error": null
    },