{
  "code": "def median_trapezium(a, b, c):\n    s = (a + b + c) / 2\n    return (s - a) * (s - b) * (s - c) ** 0.5",
  "results": {
    "assert median_trapezium(15,25,35)==20": {
      "result": false,
      "time": 0.06993746757507324,
      "error": null
    },
    "assert median_trapezium(10,20,30)==15": {
      "result": false,
      "time": 0.05712723731994629,
      "error": null
    },
    "assert median_trapezium(6,9,4)==7.5": {
      "result": false,
      "time": 0.06826424598693848,
      "error": null
    },
    "assert median_trapezium(20, 25, 31) == 22.5": {
      "result": false,
      "time": 0.058679819107055664,
      "error": null
    },
    "assert median_trapezium(12, 30, 31) == 21.0": {
      "result": false,
      "time": 0.06899523735046387,
      "error": null
    },
    "assert median_trapezium(19, 22, 30) == 20.5": {
      "result": false,
      "time": 0.0634622573852539,
      "error": null
    },
    "assert median_trapezium(13, 20, 37) == 16.5": {
      "result": false,
      "time": 0.0463559627532959,
      "error": null
    },
    "assert median_trapezium(13, 30, 40) == 21.5": {
      "result": false,
      "time": 0.042221784591674805,
      "error": null
    },
    "assert median_trapezium(17, 23, 38) == 20.0": {
      "result": false,
      "time": 0.04564833641052246,
      "error": null
    },
    "assert median_trapezium(10, 23, 39) == 16.5": {
      "result": false,
      "time": 0.05449843406677246,
      "error": null
    },
    "assert median_trapezium(12, 21, 40) == 16.5": {
      "result": false,
      "time": 0.0412144660949707,
      "error": null
    },
    "assert median_trapezium(19, 30, 39) == 24.5": {
      "result": false,
      "time": 0.04962420463562012,
      "error": null
    },
    "assert median_trapezium(11, 29, 30) == 20.0": {
      "result": false,
      "time": 0.048302412033081055,
      "error": null
    },
    "assert median_trapezium(10, 28, 31) == 19.0": {
      "result": false,
      "time": 0.042791128158569336,
      "error": null
    },
    "assert median_trapezium(16, 25, 32) == 20.5": {
      "result": false,
      "time": 0.03953862190246582,
      "error": null
    },
    "assert median_trapezium(12, 23, 38) == 17.5": {
      "result": false,
      "time": 0.049994707107543945,
      "error": null
    },
    "assert median_trapezium(15, 29, 34) == 22.0": {
      "result": false,
      "time": 0.05005049705505371,
      "error": null
    },
    "assert median_trapezium(20, 30, 32) == 25.0": {
      "result": false,
      "time": 0.03711891174316406,
      "error": null
    },
    "assert median_trapezium(20, 24, 30) == 22.0": {
      "result": false,
      "time": 0.034323930740356445,
      "error": null
    },
    "assert median_trapezium(15, 22, 35) == 18.5": {
      "result": false,
      "time": 0.037705183029174805,
      "error": null
    },
    "assert median_trapezium(18, 29, 32) == 23.5": {
      "result": false,
      "time": 0.03672194480895996,
      "error": null
    },
    "assert median_trapezium(11, 29, 31) == 20.0": {
      "result": false,
      "time": 0.0372309684753418,
      "error": null
    },
    "assert median_trapezium(13, 24, 30) == 18.5": {
      "result": false,
      "time": 0.03874540328979492,
      "error": null
    },
    "assert median_trapezium(13, 30, 35) == 21.5": {
      "result": false,
      "time": 0.03467059135437012,
      "error": null
    },
    "assert median_trapezium(17, 27, 32) == 22.0": {
      "result": false,
      "time": 0.03744387626647949,
      "error": null
    },
    "assert median_trapezium(16, 30, 30) == 23.0": {
      "result": false,
      "time": 0.03963899612426758,
      "error": null
    },
    "assert median_trapezium(13, 20, 34) == 16.5": {
      "result": false,
      "time": 0.03705954551696777,
      "error": null
    },
    "assert median_trapezium(15, 22, 36) == 18.5": {
      "result": false,
      "time": 0.03374123573303223,
      "error": null
    },
    "assert median_trapezium(12, 20, 34) == 16.0": {
      "result": false,
      "time": 0.03767251968383789,
      "error": null
    },
    "assert median_trapezium(16, 24, 39) == 20.0": {
      "result": false,
      "time": 0.043083906173706055,
      "error": null
    },
    "assert median_trapezium(13, 28, 30) == 20.5": {
      "result": false,
      "time": 0.035910844802856445,
      "error": null
    },
    "assert median_trapezium(15, 21, 33) == 18.0": {
      "result": false,
      "time": 0.039563894271850586,
      "error": null
    },
    "assert median_trapezium(13, 27, 40) == 20.0": {
      "result": false,
      "time": 0.03413987159729004,
      "error": null
    },
    "assert median_trapezium(13, 26, 31) == 19.5": {
      "result": false,
      "time": 0.04463458061218262,
      "error": null
    },
    "assert median_trapezium(17, 23, 36) == 20.0": {
      "result": false,
      "time": 0.034421443939208984,
      "error": null
    },
    "assert median_trapezium(13, 30, 38) == 21.5": {
      "result": false,
      "time": 0.030302047729492188,
      "error": null
    },
    "assert median_trapezium(13, 15, 32) == 14.0": {
      "result": false,
      "time": 0.036229848861694336,
      "error": null
    },
    "assert median_trapezium(5, 24, 33) == 14.5": {
      "result": false,
      "time": 0.03755521774291992,
      "error": null
    },
    "assert median_trapezium(5, 15, 35) == 10.0": {
      "result": false,
      "time": 0.03876852989196777,
      "error": null
    },
    "assert median_trapezium(9, 25, 28) == 17.0": {
      "result": false,
      "time": 0.04034161567687988,
      "error": null
    },
    "assert median_trapezium(10, 25, 34) == 17.5": {
      "result": false,
      "time": 0.04072308540344238,
      "error": null
    },
    "assert median_trapezium(9, 18, 35) == 13.5": {
      "result": false,
      "time": 0.03518319129943848,
      "error": null
    },
    "assert median_trapezium(15, 18, 33) == 16.5": {
      "result": false,
      "time": 0.03648638725280762,
      "error": null
    },
    "assert median_trapezium(6, 21, 28) == 13.5": {
      "result": false,
      "time": 0.0353550910949707,
      "error": null
    },
    "assert median_trapezium(8, 21, 31) == 14.5": {
      "result": false,
      "time": 0.03319525718688965,
      "error": null
    },
    "assert median_trapezium(13, 21, 30) == 17.0": {
      "result": false,
      "time": 0.03781867027282715,
      "error": null
    },
    "assert median_trapezium(11, 23, 29) == 17.0": {
      "result": false,
      "time": 0.04120302200317383,
      "error": null
    },
    "assert median_trapezium(8, 23, 35) == 15.5": {
      "result": false,
      "time": 0.03786206245422363,
      "error": null
    },
    "assert median_trapezium(12, 17, 25) == 14.5": {
      "result": false,
      "time": 0.04468178749084473,
      "error": null
    },
    "assert median_trapezium(13, 18, 32) == 15.5": {
      "result": false,
      "time": 0.04245448112487793,
      "error": null
    },
    "assert median_trapezium(8, 15, 27) == 11.5": {
      "result": false,
      "time": 0.037430763244628906,
      "error": null
    },
    "assert median_trapezium(14, 20, 26) == 17.0": {
      "result": false,
      "time": 0.03783726692199707,
      "error": null
    },
    "assert median_trapezium(14, 21, 25) == 17.5": {
      "result": false,
      "time": 0.03847670555114746,
      "error": null
    },
    "assert median_trapezium(9, 18, 32) == 13.5": {
      "result": false,
      "time": 0.040007829666137695,
      "error": null
    },
    "assert median_trapezium(5, 15, 32) == 10.0": {
      "result": false,
      "time": 0.04163336753845215,
      "error": null
    },
    "assert median_trapezium(15, 19, 30) == 17.0": {
      "result": false,
      "time": 0.03723549842834473,
      "error": null
    },
    "assert median_trapezium(14, 21, 30) == 17.5": {
      "result": false,
      "time": 0.039711713790893555,
      "error": null
    },