{
  "code": "def power(a, b):\n    return a ** b\n",
  "results": {
    "assert power(3,4) == 81": {
      "result": true,
      "time": 0.04241180419921875,
      "error": null
    },
    "assert power(2,3) == 8": {
      "result": true,
      "time": 0.03687930107116699,
      "error": null
    },
    "assert power(5,5) == 3125": {
      "result": true,
      "time": 0.03776097297668457,
      "error": null
    },
    "assert power(1, 5) == 1": {
      "result": true,
      "time": 0.03731560707092285,
      "error": null
    },
    "assert power(8, 5) == 32768": {
      "result": true,
      "time": 0.037230491638183594,
      "error": null
    },
    "assert power(3, 9) == 19683": {
      "result": true,
      "time": 0.04107546806335449,
      "error": null
    },
    "assert power(6, 2) == 36": {
      "result": true,
      "time": 0.04401373863220215,
      "error": null
    },
    "assert power(1, 6) == 1": {
      "result": true,
      "time": 0.03955197334289551,
      "error": null
    },
    "assert power(2, 9) == 512": {
      "result": true,
      "time": 0.04130053520202637,
      "error": null
    },
    "assert power(4, 3) == 64": {
      "result": true,
      "time": 0.04084634780883789,
      "error": null
    },
    "assert power(7, 3) == 343": {
      "result": true,
      "time": 0.039522647857666016,
      "error": null
    },
    "assert power(2, 2) == 4": {
      "result": true,
      "time": 0.03932356834411621,
      "error": null
    },
    "assert power(7, 5) == 16807": {
      "result": true,
      "time": 0.03331780433654785,
      "error": null
    },
    "assert power(5, 7) == 78125": {
      "result": true,
      "time": 0.03295111656188965,
      "error": null
    },
    "assert power(3, 2) == 9": {
      "result": true,
      "time": 0.03431415557861328,
      "error": null
    },
    "assert power(8, 7) == 2097152": {
      "result": true,
      "time": 0.0370783805847168,
      "error": null
    },
    "assert power(1, 2) == 1": {
      "result": true,
      "time": 0.03728342056274414,
      "error": null
    },
    "assert power(6, 9) == 10077696": {
      "result": true,
      "time": 0.037923336029052734,
      "error": null
    },
    "assert power(4, 5) == 1024": {
      "result": true,
      "time": 0.03873801231384277,
      "error": null
    },
    "assert power(2, 8) == 256": {
      "result": true,
      "time": 0.03742623329162598,
      "error": null
    },
    "assert power(8, 4) == 4096": {
      "result": true,
      "time": 0.035338640213012695,
      "error": null
    },
    "assert power(3, 7) == 2187": {
      "result": true,
      "time": 0.03244376182556152,
      "error": null
    },
    "assert power(4, 2) == 16": {
      "result": true,
      "time": 0.03667306900024414,
      "error": null
    },
    "assert power(6, 1) == 6": {
      "result": true,
      "time": 0.03750777244567871,
      "error": null
    },
    "assert power(4, 4) == 256": {
      "result": true,
      "time": 0.037384748458862305,
      "error": null
    },
    "assert power(3, 6) == 729": {
      "result": true,
      "time": 0.033924102783203125,
      "error": null
    },
    "assert power(7, 4) == 2401": {
      "result": true,
      "time": 0.03379487991333008,
      "error": null
    },
    "assert power(4, 6) == 4096": {
      "result": true,
      "time": 0.034383535385131836,
      "error": null
    },
    "assert power(6, 8) == 1679616": {
      "result": true,
      "time": 0.03410172462463379,
      "error": null
    },
    "assert power(2, 4) == 16": {
      "result": true,
      "time": 0.03648734092712402,
      "error": null
    },
    "assert power(2, 3) == 8": {
      "result": true,
      "time": 0.03275728225708008,
      "error": null
    },
    "assert power(7, 8) == 5764801": {
      "result": true,
      "time": 0.03280353546142578,
      "error": null
    },
    "assert power(4, 8) == 65536": {
      "result": true,
      "time": 0.03559398651123047,
      "error": null
    },
    "assert power(2, 7) == 128": {
      "result": true,
      "time": 0.04243588447570801,
      "error": null
    },
    "assert power(5, 6) == 15625": {
      "result": true,
      "time": 0.045496463775634766,
      "error": null
    },
    "assert power(2, 6) == 64": {
      "result": true,
      "time": 0.04028797149658203,
      "error": null
    },
    "assert power(3, 5) == 243": {
      "result": true,
      "time": 0.03889584541320801,
      "error": null
    },
    "assert power(7, 2) == 49": {
      "result": true,
      "time": 0.030488014221191406,
      "error": null
    },
    "assert power(4, 7) == 16384": {
      "result": true,
      "time": 0.04288005828857422,
      "error": null
    },
    "assert power(3, 3) == 27": {
      "result": true,
      "time": 0.04044198989868164,
      "error": null
    },
    "assert power(7, 7) == 823543": {
      "result": true,
      "time": 0.03574848175048828,
      "error": null
    },
    "assert power(5, 5) == 3125": {
      "result": true,
      "time": 0.03454899787902832,
      "error": null
    },
    "assert power(3, 4) == 81": {
      "result": true,
      "time": 0.03993415832519531,
      "error": null
    },
    "assert power(6, 10) == 60466176": {
      "result": true,
      "time": 0.03361916542053223,
      "error": null
    },
    "assert power(10, 5) == 100000": {
      "result": true,
      "time": 0.03456592559814453,
      "error": null
    },
    "assert power(8, 10) == 1073741824": {
      "result": true,
      "time": 0.03796577453613281,
      "error": null
    },
    "assert power(5, 10) == 9765625": {
      "result": true,
      "time": 0.0341644287109375,
      "error": null
    },
    "assert power(10, 1) == 10": {
      "result": true,
      "time": 0.030878543853759766,
      "error": null
    },
    "assert power(5, 1) == 5": {
      "result": true,
      "time": 0.04228091239929199,
      "error": null
    },
    "assert power(2, 10) == 1024": {
      "result": true,
      "time": 0.03573155403137207,
      "error": null
    },
    "assert power(10, 9) == 1000000000": {
      "result": true,
      "time": 0.03427410125732422,
      "error": null
    },
    "assert power(9, 5) == 59049": {
      "result": true,
      "time": 0.036919355392456055,
      "error": null
    },
    "assert power(10, 8) == 100000000": {
      "result": true,
      "time": 0.040802001953125,
      "error": null
    },
    "assert power(7, 6) == 117649": {
      "result": true,
      "time": 0.04411029815673828,
      "error": null
    },
    "assert power(6, 4) == 1296": {
      "result": true,
      "time": 0.03667926788330078,
      "error": null
    },
    "assert power(6, 7) == 279936": {
      "result": true,
      "time": 0.03728795051574707,
      "error": null
    },
    "assert power(6, 6) == 46656": {
      "result": true,
      "time": 0.04223895072937012,
      "error": null
    },
    "assert power(8, 1) == 8": {
      "result": true,
      "time": 0.03872251510620117,
      "error": null
    },
    "assert power(5, 9) == 1953125": {
      "result": true,
      "time": 0.03669381141662598,
      "error": null
    },
    "assert power(5, 4) == 625": {
      "result": true,
      "time": 0.03308701515197754,
      "error": null
    },
    "assert power(3, 8) == 6561": {
      "result": true,
      "time": 0.03371620178222656,
      "error": null
    }
  },
  "passed": true,
  "accuracy": 1.0,
  "general_error": "",
  "has_testcase_error": false
}