{
  "code": "def add_pairwise(test_tup):\n    return tuple(i + j for i, j in zip(test_tup, test_tup[1:]))\n",
  "results": {
    "assert add_pairwise((1, 5, 7, 8, 10)) == (6, 12, 15, 18)": {
      "result": true,
      "time": 0.05034780502319336,
      "error": null
    },
    "assert add_pairwise((2, 6, 8, 9, 11)) == (8, 14, 17, 20)": {
      "result": true,
      "time": 0.0523226261138916,
      "error": null
    },
    "assert add_pairwise((3, 7, 9, 10, 12)) == (10, 16, 19, 22)": {
      "result": true,
      "time": 0.05632948875427246,
      "error": null
    },
    "assert add_pairwise((5, 10, 3, 6, 13)) == (15, 13, 9, 19)": {
      "result": true,
      "time": 0.044771671295166016,
      "error": null
    },
    "assert add_pairwise((1, 9, 2, 5, 14)) == (10, 11, 7, 19)": {
      "result": true,
      "time": 0.05100274085998535,
      "error": null
    },
    "assert add_pairwise((3, 2, 8, 12, 10)) == (5, 10, 20, 22)": {
      "result": true,
      "time": 0.04671478271484375,
      "error": null
    },
    "assert add_pairwise((1, 8, 3, 6, 14)) == (9, 11, 9, 20)": {
      "result": true,
      "time": 0.038364410400390625,
      "error": null
    },
    "assert add_pairwise((4, 8, 2, 9, 13)) == (12, 10, 11, 22)": {
      "result": true,
      "time": 0.03988766670227051,
      "error": null
    },
    "assert add_pairwise((2, 3, 3, 10, 8)) == (5, 6, 13, 18)": {
      "result": true,
      "time": 0.050684452056884766,
      "error": null
    },
    "assert add_pairwise((6, 1, 8, 11, 10)) == (7, 9, 19, 21)": {
      "result": true,
      "time": 0.0439000129699707,
      "error": null
    },
    "assert add_pairwise((1, 8, 12, 7, 9)) == (9, 20, 19, 16)": {
      "result": true,
      "time": 0.03699803352355957,
      "error": null
    },
    "assert add_pairwise((1, 4, 8, 8, 15)) == (5, 12, 16, 23)": {
      "result": true,
      "time": 0.05114483833312988,
      "error": null
    },
    "assert add_pairwise((5, 7, 10, 13, 7)) == (12, 17, 23, 20)": {
      "result": true,
      "time": 0.040976762771606445,
      "error": null
    },
    "assert add_pairwise((5, 1, 9, 7, 10)) == (6, 10, 16, 17)": {
      "result": true,
      "time": 0.04166102409362793,
      "error": null
    },
    "assert add_pairwise((5, 9, 10, 10, 12)) == (14, 19, 20, 22)": {
      "result": true,
      "time": 0.05159473419189453,
      "error": null
    },
    "assert add_pairwise((2, 6, 3, 8, 11)) == (8, 9, 11, 19)": {
      "result": true,
      "time": 0.046381473541259766,
      "error": null
    },
    "assert add_pairwise((6, 3, 10, 6, 6)) == (9, 13, 16, 12)": {
      "result": true,
      "time": 0.04779863357543945,
      "error": null
    },
    "assert add_pairwise((5, 6, 3, 4, 9)) == (11, 9, 7, 13)": {
      "result": true,
      "time": 0.04413652420043945,
      "error": null
    },
    "assert add_pairwise((4, 7, 7, 3, 6)) == (11, 14, 10, 9)": {
      "result": true,
      "time": 0.0398411750793457,
      "error": null
    },
    "assert add_pairwise((5, 5, 6, 12, 11)) == (10, 11, 18, 23)": {
      "result": true,
      "time": 0.04181528091430664,
      "error": null
    },
    "assert add_pairwise((1, 8, 9, 13, 5)) == (9, 17, 22, 18)": {
      "result": true,
      "time": 0.04439592361450195,
      "error": null
    },
    "assert add_pairwise((4, 4, 9, 6, 6)) == (8, 13, 15, 12)": {
      "result": true,
      "time": 0.037396907806396484,
      "error": null
    },
    "assert add_pairwise((3, 9, 8, 4, 15)) == (12, 17, 12, 19)": {
      "result": true,
      "time": 0.04117107391357422,
      "error": null
    },
    "assert add_pairwise((1, 7, 10, 5, 7)) == (8, 17, 15, 12)": {
      "result": true,
      "time": 0.03792142868041992,
      "error": null
    },
    "assert add_pairwise((1, 3, 5, 8, 5)) == (4, 8, 13, 13)": {
      "result": true,
      "time": 0.038843393325805664,
      "error": null
    },
    "assert add_pairwise((1, 1, 11, 12, 10)) == (2, 12, 23, 22)": {
      "result": true,
      "time": 0.043456315994262695,
      "error": null
    },
    "assert add_pairwise((1, 5, 11, 13, 14)) == (6, 16, 24, 27)": {
      "result": true,
      "time": 0.044156551361083984,
      "error": null
    },
    "assert add_pairwise((1, 8, 6, 10, 10)) == (9, 14, 16, 20)": {
      "result": true,
      "time": 0.04270505905151367,
      "error": null
    },
    "assert add_pairwise((1, 1, 6, 6, 7)) == (2, 7, 12, 13)": {
      "result": true,
      "time": 0.03759932518005371,
      "error": null
    },
    "assert add_pairwise((2, 1, 7, 9, 14)) == (3, 8, 16, 23)": {
      "result": true,
      "time": 0.03860735893249512,
      "error": null
    },
    "assert add_pairwise((3, 5, 8, 7, 8)) == (8, 13, 15, 15)": {
      "result": true,
      "time": 0.043329477310180664,
      "error": null
    },
    "assert add_pairwise((3, 6, 4, 5, 6)) == (9, 10, 9, 11)": {
      "result": true,
      "time": 0.044747114181518555,
      "error": null
    },
    "assert add_pairwise((1, 7, 5, 12, 11)) == (8, 12, 17, 23)": {
      "result": true,
      "time": 0.04186844825744629,
      "error": null
    },
    "assert add_pairwise((4, 4, 6, 5, 10)) == (8, 10, 11, 15)": {
      "result": true,
      "time": 0.040323495864868164,
      "error": null
    },
    "assert add_pairwise((5, 7, 6, 12, 14)) == (12, 13, 18, 26)": {
      "result": true,
      "time": 0.035390615463256836,
      "error": null
    },
    "assert add_pairwise((2, 9, 10, 6, 10)) == (11, 19, 16, 16)": {
      "result": true,
      "time": 0.03401041030883789,
      "error": null
    },
    "assert add_pairwise((7, 5, 13, 11, 6)) == (12, 18, 24, 17)": {
      "result": true,
      "time": 0.03794121742248535,
      "error": null
    },
    "assert add_pairwise((6, 4, 13, 11, 14)) == (10, 17, 24, 25)": {
      "result": true,
      "time": 0.03412365913391113,
      "error": null
    },
    "assert add_pairwise((3, 4, 3, 7, 10)) == (7, 7, 10, 17)": {
      "result": true,
      "time": 0.0400693416595459,
      "error": null
    },
    "assert add_pairwise((2, 7, 11, 14, 15)) == (9, 18, 25, 29)": {
      "result": true,
      "time": 0.04326057434082031,
      "error": null
    },
    "assert add_pairwise((6, 1, 10, 5, 13)) == (7, 11, 15, 18)": {
      "result": true,
      "time": 0.04221701622009277,
      "error": null
    },
    "assert add_pairwise((4, 8, 4, 11, 16)) == (12, 12, 15, 27)": {
      "result": true,
      "time": 0.03721737861633301,
      "error": null
    },
    "assert add_pairwise((2, 10, 6, 8, 7)) == (12, 16, 14, 15)": {
      "result": true,
      "time": 0.04043889045715332,
      "error": null
    },
    "assert add_pairwise((5, 5, 8, 13, 16)) == (10, 13, 21, 29)": {
      "result": true,
      "time": 0.0397794246673584,
      "error": null
    },
    "assert add_pairwise((3, 6, 12, 12, 14)) == (9, 18, 24, 26)": {
      "result": true,
      "time": 0.045027732849121094,
      "error": null
    },
    "assert add_pairwise((7, 8, 7, 12, 8)) == (15, 15, 19, 20)": {
      "result": true,
      "time": 0.029680967330932617,
      "error": null
    },
    "assert add_pairwise((1, 3, 7, 12, 12)) == (4, 10, 19, 24)": {
      "result": true,
      "time": 0.04604029655456543,
      "error": null
    },
    "assert add_pairwise((1, 2, 9, 11, 10)) == (3, 11, 20, 21)": {
      "result": true,
      "time": 0.03887057304382324,
      "error": null
    },
    "assert add_pairwise((7, 4, 4, 13, 10)) == (11, 8, 17, 23)": {
      "result": true,
      "time": 0.03961181640625,
      "error": null
    },
    "assert add_pairwise((2, 11, 13, 8, 15)) == (13, 24, 21, 23)": {
      "result": true,
      "time": 0.03840804100036621,
      "error": null
    },
    "assert add_pairwise((1, 3, 12, 11, 15)) == (4, 15, 23, 26)": {
      "result": true,
      "time": 0.03762555122375488,
      "error": null
    },
    "assert add_pairwise((3, 6, 5, 13, 14)) == (9, 11, 18, 27)": {
      "result": true,
      "time": 0.042856454849243164,
      "error": null
    },