{
  "code": "def max_product(nums, k):\n    # Sort the list in descending order\n    nums.sort(reverse=True)\n    # Get the product of the first k numbers\n    product = 1\n    for i in range(k):\n        product *= nums[i]\n    # Return the product\n    return product",
  "results": {
    "assert max_product([3, 100, 4, 5, 150, 6], 6) == 45000 ": {
      "result": false,
      "time": 0.04915666580200195,
      "error": null
    },
    "assert max_product([4, 42, 55, 68, 80], 5) == 50265600": {
      "result": true,
      "time": 0.05042290687561035,
      "error": null
    },
    "assert max_product([10, 22, 9, 33, 21, 50, 41, 60], 8) == 21780000 ": {
      "result": false,
      "time": 0.041771888732910156,
      "error": null
    },
    "assert max_product([8, 96, 2, 8, 154, 4], 6) == 118272": {
      "result": false,
      "time": 0.04380178451538086,
      "error": null
    },
    "assert max_product([7, 95, 8, 9, 155, 9], 3) == 665": {
      "result": false,
      "time": 0.050083160400390625,
      "error": null
    },
    "assert max_product([2, 105, 2, 10, 145, 1], 5) == 30450": {
      "result": false,
      "time": 0.04224205017089844,
      "error": null
    },
    "assert max_product([4, 104, 9, 9, 150, 3], 1) == 4": {
      "result": false,
      "time": 0.0417325496673584,
      "error": null
    },
    "assert max_product([4, 100, 5, 7, 149, 7], 1) == 4": {
      "result": false,
      "time": 0.04549694061279297,
      "error": null
    },
    "assert max_product([8, 103, 2, 4, 149, 2], 2) == 824": {
      "result": false,
      "time": 0.045320987701416016,
      "error": null
    },
    "assert max_product([3, 105, 4, 9, 150, 10], 4) == 315": {
      "result": false,
      "time": 0.05774331092834473,
      "error": null
    },
    "assert max_product([6, 98, 5, 5, 147, 5], 5) == 86436": {
      "result": false,
      "time": 0.04607653617858887,
      "error": null
    },
    "assert max_product([7, 100, 6, 10, 155, 8], 4) == 700": {
      "result": false,
      "time": 0.050750732421875,
      "error": null
    },
    "assert max_product([5, 100, 5, 8, 150, 4], 5) == 75000": {
      "result": false,
      "time": 0.03766131401062012,
      "error": null
    },
    "assert max_product([1, 97, 6, 4, 155, 7], 5) == 15035": {
      "result": false,
      "time": 0.04382920265197754,
      "error": null
    },
    "assert max_product([2, 100, 6, 10, 153, 10], 6) == 30600": {
      "result": false,
      "time": 0.03569793701171875,
      "error": null
    },
    "assert max_product([8, 99, 1, 1, 145, 7], 3) == 792": {
      "result": false,
      "time": 0.0361638069152832,
      "error": null
    },
    "assert max_product([1, 95, 4, 10, 150, 1], 2) == 95": {
      "result": false,
      "time": 0.053388357162475586,
      "error": null
    },
    "assert max_product([7, 100, 3, 9, 147, 4], 6) == 102900": {
      "result": false,
      "time": 0.0406186580657959,
      "error": null
    },
    "assert max_product([8, 97, 4, 3, 145, 7], 1) == 8": {
      "result": false,
      "time": 0.04715776443481445,
      "error": null
    },
    "assert max_product([7, 96, 2, 2, 152, 5], 5) == 102144": {
      "result": false,
      "time": 0.04444098472595215,
      "error": null
    },
    "assert max_product([3, 100, 6, 7, 154, 8], 1) == 3": {
      "result": false,
      "time": 0.0468297004699707,
      "error": null
    },
    "assert max_product([4, 95, 3, 8, 148, 11], 3) == 380": {
      "result": false,
      "time": 0.05782485008239746,
      "error": null
    },
    "assert max_product([4, 101, 5, 8, 155, 11], 3) == 404": {
      "result": false,
      "time": 0.04533743858337402,
      "error": null
    },
    "assert max_product([1, 104, 4, 8, 145, 11], 4) == 104": {
      "result": false,
      "time": 0.0431058406829834,
      "error": null
    },
    "assert max_product([6, 103, 2, 2, 155, 7], 4) == 618": {
      "result": false,
      "time": 0.04730510711669922,
      "error": null
    },
    "assert max_product([5, 99, 8, 8, 155, 3], 2) == 495": {
      "result": false,
      "time": 0.050779104232788086,
      "error": null
    },
    "assert max_product([6, 105, 5, 4, 146, 3], 3) == 630": {
      "result": false,
      "time": 0.04059410095214844,
      "error": null
    },
    "assert max_product([1, 100, 2, 6, 153, 2], 5) == 15300": {
      "result": false,
      "time": 0.04355907440185547,
      "error": null
    },
    "assert max_product([7, 95, 1, 1, 148, 11], 1) == 7": {
      "result": false,
      "time": 0.04694366455078125,
      "error": null
    },
    "assert max_product([8, 97, 8, 2, 155, 3], 3) == 776": {
      "result": false,
      "time": 0.04418754577636719,
      "error": null
    },
    "assert max_product([2, 101, 4, 10, 151, 11], 3) == 202": {
      "result": false,
      "time": 0.04931831359863281,
      "error": null
    },
    "assert max_product([7, 101, 7, 3, 148, 3], 5) == 104636": {
      "result": false,
      "time": 0.04252815246582031,
      "error": null
    },
    "assert max_product([6, 95, 8, 1, 147, 7], 1) == 6": {
      "result": false,
      "time": 0.050736188888549805,
      "error": null
    },
    "assert max_product([4, 99, 5, 1, 148, 6], 3) == 396": {
      "result": false,
      "time": 0.045429229736328125,
      "error": null
    },
    "assert max_product([8, 100, 8, 6, 149, 8], 4) == 800": {
      "result": false,
      "time": 0.04712986946105957,
      "error": null
    },
    "assert max_product([5, 103, 2, 7, 145, 6], 4) == 515": {
      "result": false,
      "time": 0.03251218795776367,
      "error": null
    },
    "assert max_product([6, 45, 59, 70, 81], 3) == 15930": {
      "result": false,
      "time": 0.03574824333190918,
      "error": null
    },
    "assert max_product([7, 43, 51, 73, 77], 2) == 301": {
      "result": false,
      "time": 0.04939842224121094,
      "error": null
    },
    "assert max_product([1, 39, 52, 68, 82], 1) == 1": {
      "result": false,
      "time": 0.043993473052978516,
      "error": null
    },
    "assert max_product([8, 40, 58, 71, 84], 4) == 1317760": {
      "result": false,
      "time": 0.0477747917175293,
      "error": null
    },
    "assert max_product([6, 37, 60, 68, 80], 2) == 222": {
      "result": false,
      "time": 0.04545402526855469,
      "error": null
    },
    "assert max_product([6, 41, 53, 65, 80], 3) == 13038": {
      "result": false,
      "time": 0.04272651672363281,
      "error": null
    },
    "assert max_product([4, 44, 59, 69, 84], 4) == 716496": {
      "result": false,
      "time": 0.052771568298339844,
      "error": null
    },
    "assert max_product([9, 43, 59, 64, 79], 3) == 22833": {
      "result": false,
      "time": 0.04614877700805664,
      "error": null
    },
    "assert max_product([5, 42, 50, 66, 81], 4) == 693000": {
      "result": false,
      "time": 0.046469688415527344,
      "error": null
    },
    "assert max_product([4, 44, 53, 71, 85], 5) == 56294480": {
      "result": true,
      "time": 0.04959249496459961,
      "error": null
    },
    "assert max_product([7, 47, 56, 66, 78], 5) == 94846752": {
      "result": true,
      "time": 0.04853391647338867,
      "error": null
    },
    "assert max_product([9, 45, 51, 68, 82], 5) == 115172280": {
      "result": true,
      "time": 0.04426455497741699,
      "error": null
    },
    "assert max_product([9, 47, 51, 69, 82], 4) == 1488537": {
      "result": false,
      "time": 0.04954266548156738,
      "error": null
    },
    "assert max_product([8, 37, 58, 68, 77], 4) == 1167424": {
      "result": false,
      "time": 0.040531158447265625,
      "error": null
    },
    "assert max_product([1, 38, 60, 65, 78], 5) == 11559600": {
      "result": true,
      "time": 0.05254697799682617,
      "error": null
    },
    "assert max_product([3, 39, 54, 63, 78], 3) == 6318": {
      "result": false,
      "time": 0.0395045280456543,
      "error": null
    },