{
  "code": "def sum_negativenum(nums):\n    return sum(i for i in nums if i < 0)\n",
  "results": {
    "assert sum_negativenum([2, 4, -6, -9, 11, -12, 14, -5, 17])==-32": {
      "result": true,
      "time": 0.03789854049682617,
      "error": null
    },
    "assert sum_negativenum([10,15,-14,13,-18,12,-20])==-52": {
      "result": true,
      "time": 0.03545212745666504,
      "error": null
    },
    "assert sum_negativenum([19, -65, 57, 39, 152,-639, 121, 44, 90, -190])==-894": {
      "result": true,
      "time": 0.03193402290344238,
      "error": null
    },
    "assert sum_negativenum([6, 4, -9, -8, 12, -14, 12, -9, 22]) == -40": {
      "result": true,
      "time": 0.03451037406921387,
      "error": null
    },
    "assert sum_negativenum([6, 4, -1, -12, 12, -12, 13, -5, 20]) == -30": {
      "result": true,
      "time": 0.03609824180603027,
      "error": null
    },
    "assert sum_negativenum([6, 7, -9, -13, 12, -10, 11, -2, 13]) == -34": {
      "result": true,
      "time": 0.04109025001525879,
      "error": null
    },
    "assert sum_negativenum([2, 7, -6, -14, 8, -8, 18, 0, 15]) == -28": {
      "result": true,
      "time": 0.037366628646850586,
      "error": null
    },
    "assert sum_negativenum([4, 4, -2, -13, 6, -7, 16, -4, 20]) == -26": {
      "result": true,
      "time": 0.038016319274902344,
      "error": null
    },
    "assert sum_negativenum([2, 3, -1, -12, 9, -11, 13, -6, 21]) == -30": {
      "result": true,
      "time": 0.031804561614990234,
      "error": null
    },
    "assert sum_negativenum([5, 1, -8, -5, 10, -13, 12, -9, 19]) == -35": {
      "result": true,
      "time": 0.03534674644470215,
      "error": null
    },
    "assert sum_negativenum([4, 8, -4, -8, 16, -7, 16, -2, 14]) == -21": {
      "result": true,
      "time": 0.04080033302307129,
      "error": null
    },
    "assert sum_negativenum([6, 1, -5, -13, 10, -17, 13, -9, 18]) == -44": {
      "result": true,
      "time": 0.03470897674560547,
      "error": null
    },
    "assert sum_negativenum([6, 1, -2, -14, 12, -13, 19, -3, 20]) == -32": {
      "result": true,
      "time": 0.033072471618652344,
      "error": null
    },
    "assert sum_negativenum([3, 9, -6, -7, 12, -13, 15, -2, 20]) == -28": {
      "result": true,
      "time": 0.03806257247924805,
      "error": null
    },
    "assert sum_negativenum([5, 7, -1, -14, 13, -11, 9, -4, 12]) == -30": {
      "result": true,
      "time": 0.03122854232788086,
      "error": null
    },
    "assert sum_negativenum([6, 9, -11, -12, 11, -11, 15, 0, 22]) == -34": {
      "result": true,
      "time": 0.03941082954406738,
      "error": null
    },
    "assert sum_negativenum([2, 1, -1, -13, 13, -16, 19, -2, 19]) == -32": {
      "result": true,
      "time": 0.034447669982910156,
      "error": null
    },
    "assert sum_negativenum([4, 4, -7, -5, 15, -16, 12, -6, 17]) == -34": {
      "result": true,
      "time": 0.03878474235534668,
      "error": null
    },
    "assert sum_negativenum([2, 1, -7, -9, 14, -10, 10, -7, 15]) == -33": {
      "result": true,
      "time": 0.03255414962768555,
      "error": null
    },
    "assert sum_negativenum([3, 3, -8, -11, 15, -13, 19, -3, 18]) == -35": {
      "result": true,
      "time": 0.03619527816772461,
      "error": null
    },
    "assert sum_negativenum([6, 7, -4, -12, 10, -8, 13, -1, 16]) == -25": {
      "result": true,
      "time": 0.03440117835998535,
      "error": null
    },
    "assert sum_negativenum([1, 8, -7, -8, 13, -9, 17, -2, 22]) == -26": {
      "result": true,
      "time": 0.038109540939331055,
      "error": null
    },
    "assert sum_negativenum([5, 4, -3, -13, 16, -11, 17, -10, 12]) == -37": {
      "result": true,
      "time": 0.03632688522338867,
      "error": null
    },
    "assert sum_negativenum([5, 6, -4, -10, 6, -7, 10, -7, 14]) == -28": {
      "result": true,
      "time": 0.035164833068847656,
      "error": null
    },
    "assert sum_negativenum([1, 8, -6, -9, 11, -14, 18, -8, 15]) == -37": {
      "result": true,
      "time": 0.03892827033996582,
      "error": null
    },
    "assert sum_negativenum([5, 1, -10, -10, 14, -8, 10, -10, 15]) == -38": {
      "result": true,
      "time": 0.03955721855163574,
      "error": null
    },
    "assert sum_negativenum([4, 6, -11, -4, 14, -16, 10, -10, 19]) == -41": {
      "result": true,
      "time": 0.031607866287231445,
      "error": null
    },
    "assert sum_negativenum([6, 2, -6, -14, 16, -8, 9, -10, 18]) == -38": {
      "result": true,
      "time": 0.03194093704223633,
      "error": null
    },
    "assert sum_negativenum([6, 7, -8, -5, 15, -13, 13, -8, 16]) == -34": {
      "result": true,
      "time": 0.029689550399780273,
      "error": null
    },
    "assert sum_negativenum([2, 1, -4, -7, 10, -9, 12, -2, 15]) == -22": {
      "result": true,
      "time": 0.031273841857910156,
      "error": null
    },
    "assert sum_negativenum([5, 6, -5, -7, 16, -11, 13, -9, 22]) == -32": {
      "result": true,
      "time": 0.035917043685913086,
      "error": null
    },
    "assert sum_negativenum([4, 7, -4, -11, 15, -15, 12, -8, 16]) == -38": {
      "result": true,
      "time": 0.043892621994018555,
      "error": null
    },
    "assert sum_negativenum([2, 2, -10, -7, 10, -7, 19, -8, 20]) == -32": {
      "result": true,
      "time": 0.03458714485168457,
      "error": null
    },
    "assert sum_negativenum([2, 3, -7, -9, 16, -16, 19, -9, 13]) == -41": {
      "result": true,
      "time": 0.034256935119628906,
      "error": null
    },
    "assert sum_negativenum([5, 1, -5, -9, 11, -9, 18, -8, 16]) == -31": {
      "result": true,
      "time": 0.04226255416870117,
      "error": null
    },
    "assert sum_negativenum([1, 5, -6, -4, 6, -8, 18, 0, 21]) == -18": {
      "result": true,
      "time": 0.03202629089355469,
      "error": null
    },
    "assert sum_negativenum([9, 14, -11, 8, -18, 12, -15]) == -44": {
      "result": true,
      "time": 0.037255287170410156,
      "error": null
    },
    "assert sum_negativenum([9, 16, -12, 10, -21, 16, -16]) == -49": {
      "result": true,
      "time": 0.03782248497009277,
      "error": null
    },
    "assert sum_negativenum([14, 15, -19, 16, -22, 14, -15]) == -56": {
      "result": true,
      "time": 0.03266549110412598,
      "error": null
    },
    "assert sum_negativenum([11, 15, -17, 12, -18, 11, -21]) == -56": {
      "result": true,
      "time": 0.03802371025085449,
      "error": null
    },
    "assert sum_negativenum([7, 10, -14, 13, -20, 11, -21]) == -55": {
      "result": true,
      "time": 0.02859807014465332,
      "error": null
    },
    "assert sum_negativenum([5, 19, -13, 15, -14, 16, -21]) == -48": {
      "result": true,
      "time": 0.04164242744445801,
      "error": null
    },
    "assert sum_negativenum([7, 15, -11, 11, -14, 14, -24]) == -49": {
      "result": true,
      "time": 0.04472804069519043,
      "error": null
    },
    "assert sum_negativenum([10, 16, -18, 11, -22, 16, -21]) == -61": {
      "result": true,
      "time": 0.033722639083862305,
      "error": null
    },
    "assert sum_negativenum([13, 11, -17, 13, -13, 16, -16]) == -46": {
      "result": true,
      "time": 0.03715848922729492,
      "error": null
    },
    "assert sum_negativenum([10, 14, -9, 9, -21, 14, -18]) == -48": {
      "result": true,
      "time": 0.03583264350891113,
      "error": null
    },
    "assert sum_negativenum([11, 14, -17, 16, -20, 8, -24]) == -61": {
      "result": true,
      "time": 0.03357100486755371,
      "error": null
    },
    "assert sum_negativenum([14, 14, -9, 15, -13, 9, -23]) == -45": {
      "result": true,
      "time": 0.03639721870422363,
      "error": null
    },
    "assert sum_negativenum([5, 14, -15, 12, -13, 12, -19]) == -47": {
      "result": true,
      "time": 0.03432130813598633,
      "error": null
    },
    "assert sum_negativenum([9, 10, -15, 14, -15, 8, -19]) == -49": {
      "result": true,