{
  "code": "def find_max(tuples):\n    max_element = max(tuples, key=lambda x: x[1])[1]\n    return max_element\n",
  "results": {
    "assert find_max([(2, 4), (6, 7), (5, 1), (6, 10), (8, 7)]) == 10": {
      "result": true,
      "time": 0.04745149612426758,
      "error": null
    },
    "assert find_max([(3, 5), (7, 8), (6, 2), (7, 11), (9, 8)]) == 11": {
      "result": true,
      "time": 0.04561209678649902,
      "error": null
    },
    "assert find_max([(4, 6), (8, 9), (7, 3), (8, 12), (10, 9)]) == 12": {
      "result": true,
      "time": 0.04717731475830078,
      "error": null
    },
    "assert find_max([(3, 8), (10, 2), (2, 2), (6, 9), (3, 9)]) == 10": {
      "result": false,
      "time": 0.04395127296447754,
      "error": null
    },
    "assert find_max([(7, 1), (2, 5), (4, 6), (1, 9), (6, 8)]) == 9": {
      "result": true,
      "time": 0.04373788833618164,
      "error": null
    },
    "assert find_max([(1, 3), (1, 8), (9, 3), (1, 14), (6, 9)]) == 14": {
      "result": true,
      "time": 0.04354739189147949,
      "error": null
    },
    "assert find_max([(7, 2), (5, 6), (3, 3), (6, 11), (3, 9)]) == 11": {
      "result": true,
      "time": 0.05259561538696289,
      "error": null
    },
    "assert find_max([(5, 1), (8, 8), (10, 3), (2, 6), (3, 5)]) == 10": {
      "result": false,
      "time": 0.06339550018310547,
      "error": null
    },
    "assert find_max([(5, 2), (3, 7), (7, 4), (6, 15), (10, 10)]) == 15": {
      "result": true,
      "time": 0.048204898834228516,
      "error": null
    },
    "assert find_max([(7, 2), (2, 10), (8, 5), (6, 12), (10, 9)]) == 12": {
      "result": true,
      "time": 0.0445406436920166,
      "error": null
    },
    "assert find_max([(2, 5), (7, 10), (2, 5), (6, 10), (7, 5)]) == 10": {
      "result": true,
      "time": 0.04877519607543945,
      "error": null
    },
    "assert find_max([(4, 9), (8, 5), (6, 3), (9, 14), (3, 3)]) == 14": {
      "result": true,
      "time": 0.047013044357299805,
      "error": null
    },
    "assert find_max([(6, 9), (3, 9), (6, 5), (9, 13), (7, 11)]) == 13": {
      "result": true,
      "time": 0.0443727970123291,
      "error": null
    },
    "assert find_max([(6, 8), (8, 9), (8, 4), (3, 10), (6, 8)]) == 10": {
      "result": true,
      "time": 0.04154777526855469,
      "error": null
    },
    "assert find_max([(5, 8), (6, 12), (7, 4), (11, 11), (5, 12)]) == 12": {
      "result": true,
      "time": 0.04821372032165527,
      "error": null
    },
    "assert find_max([(7, 4), (3, 5), (3, 2), (2, 13), (6, 10)]) == 13": {
      "result": true,
      "time": 0.03848767280578613,
      "error": null
    },
    "assert find_max([(5, 4), (7, 4), (6, 6), (11, 6), (3, 2)]) == 11": {
      "result": false,
      "time": 0.04244661331176758,
      "error": null
    },
    "assert find_max([(5, 6), (10, 8), (10, 2), (11, 7), (10, 6)]) == 11": {
      "result": false,
      "time": 0.04293370246887207,
      "error": null
    },
    "assert find_max([(7, 8), (6, 3), (9, 2), (5, 12), (6, 10)]) == 12": {
      "result": true,
      "time": 0.04075193405151367,
      "error": null
    },
    "assert find_max([(3, 4), (2, 5), (10, 3), (1, 6), (11, 11)]) == 11": {
      "result": true,
      "time": 0.04100227355957031,
      "error": null
    },
    "assert find_max([(4, 2), (8, 4), (8, 4), (4, 7), (8, 6)]) == 8": {
      "result": false,
      "time": 0.0458827018737793,
      "error": null
    },
    "assert find_max([(7, 5), (9, 3), (7, 1), (11, 5), (4, 3)]) == 11": {
      "result": false,
      "time": 0.034906864166259766,
      "error": null
    },
    "assert find_max([(2, 7), (11, 12), (4, 1), (10, 13), (10, 4)]) == 13": {
      "result": true,
      "time": 0.04262065887451172,
      "error": null
    },
    "assert find_max([(3, 7), (10, 6), (6, 3), (5, 7), (6, 8)]) == 10": {
      "result": false,
      "time": 0.03795123100280762,
      "error": null
    },
    "assert find_max([(5, 6), (10, 5), (5, 5), (6, 11), (9, 9)]) == 11": {
      "result": true,
      "time": 0.03797173500061035,
      "error": null
    },
    "assert find_max([(6, 2), (8, 4), (1, 6), (1, 13), (4, 12)]) == 13": {
      "result": true,
      "time": 0.03843259811401367,
      "error": null
    },
    "assert find_max([(7, 4), (10, 5), (10, 3), (10, 7), (12, 11)]) == 12": {
      "result": false,
      "time": 0.039642333984375,
      "error": null
    },
    "assert find_max([(7, 3), (6, 10), (3, 6), (1, 15), (5, 8)]) == 15": {
      "result": true,
      "time": 0.03941512107849121,
      "error": null
    },
    "assert find_max([(4, 3), (1, 5), (10, 4), (4, 13), (10, 7)]) == 13": {
      "result": true,
      "time": 0.03959989547729492,
      "error": null
    },
    "assert find_max([(2, 8), (7, 9), (7, 5), (2, 7), (5, 10)]) == 10": {
      "result": true,
      "time": 0.03573489189147949,
      "error": null
    },
    "assert find_max([(5, 1), (5, 6), (10, 4), (11, 14), (13, 8)]) == 14": {
      "result": true,
      "time": 0.03213620185852051,
      "error": null
    },
    "assert find_max([(5, 1), (4, 2), (10, 3), (7, 12), (9, 9)]) == 12": {
      "result": true,
      "time": 0.03614401817321777,
      "error": null
    },
    "assert find_max([(5, 1), (8, 2), (10, 3), (3, 13), (6, 6)]) == 13": {
      "result": true,
      "time": 0.04055905342102051,
      "error": null
    },
    "assert find_max([(4, 5), (6, 7), (6, 3), (10, 10), (8, 3)]) == 10": {
      "result": true,
      "time": 0.03455781936645508,
      "error": null
    },
    "assert find_max([(7, 4), (10, 9), (8, 2), (10, 8), (12, 11)]) == 12": {
      "result": false,
      "time": 0.03891777992248535,
      "error": null
    },
    "assert find_max([(4, 9), (9, 12), (6, 4), (8, 14), (12, 7)]) == 14": {
      "result": true,
      "time": 0.040639638900756836,
      "error": null
    },
    "assert find_max([(6, 6), (2, 13), (8, 3), (3, 14), (10, 3)]) == 14": {
      "result": true,
      "time": 0.04290366172790527,
      "error": null
    },
    "assert find_max([(6, 1), (8, 12), (1, 1), (7, 16), (6, 6)]) == 16": {
      "result": true,
      "time": 0.03588724136352539,
      "error": null
    },
    "assert find_max([(6, 7), (2, 3), (10, 6), (11, 8), (4, 7)]) == 11": {
      "result": false,
      "time": 0.03936290740966797,
      "error": null
    },
    "assert find_max([(4, 5), (4, 5), (2, 4), (8, 9), (5, 10)]) == 10": {
      "result": true,
      "time": 0.03357291221618652,
      "error": null
    },
    "assert find_max([(6, 5), (10, 9), (8, 6), (6, 16), (12, 4)]) == 16": {
      "result": true,
      "time": 0.03621387481689453,
      "error": null
    },
    "assert find_max([(5, 10), (10, 11), (1, 4), (11, 10), (6, 3)]) == 11": {
      "result": true,
      "time": 0.0410158634185791,
      "error": null
    },
    "assert find_max([(5, 4), (11, 3), (2, 7), (7, 9), (4, 3)]) == 11": {
      "result": false,
      "time": 0.03660225868225098,
      "error": null
    },
    "assert find_max([(7, 1), (12, 8), (3, 6), (9, 6), (14, 3)]) == 14": {
      "result": false,
      "time": 0.042259931564331055,
      "error": null
    },
    "assert find_max([(1, 1), (3, 6), (1, 7), (9, 15), (8, 6)]) == 15": {
      "result": true,
      "time": 0.03876829147338867,
      "error": null
    },
    "assert find_max([(4, 2), (5, 9), (2, 3), (5, 8), (5, 3)]) == 9": {
      "result": true,
      "time": 0.035481929779052734,
      "error": null
    },
    "assert find_max([(1, 7), (6, 3), (5, 4), (10, 7), (9, 9)]) == 10": {
      "result": false,
      "time": 0.03538966178894043,
      "error": null
    },
    "assert find_max([(6, 2), (4, 6), (6, 4), (8, 12), (13, 7)]) == 13": {
      "result": false,
      "time": 0.03850245475769043,
      "error": null
    },
    "assert find_max([(6, 4), (2, 6), (4, 2), (4, 9), (4, 7)]) == 9": {
      "result": true,
      "time": 0.03505873680114746,
      "error": null
    },