{
  "code": "def zigzag(n, k):\n    if k == 1:\n        return n\n    else:\n        return n + (k - 1) * (n - 1)",
  "results": {
    "assert zigzag(4, 3) == 5": {
      "result": false,
      "time": 0.0468287467956543,
      "error": null
    },
    "assert zigzag(4, 2) == 4": {
      "result": false,
      "time": 0.04046440124511719,
      "error": null
    },
    "assert zigzag(3, 1) == 1": {
      "result": false,
      "time": 0.043828487396240234,
      "error": null
    },
    "assert zigzag(9, 8) == 7936": {
      "result": false,
      "time": 0.04167509078979492,
      "error": null
    },
    "assert zigzag(9, 2) == 2770": {
      "result": false,
      "time": 0.04192161560058594,
      "error": null
    },
    "assert zigzag(7, 7) == 272": {
      "result": false,
      "time": 0.04346585273742676,
      "error": null
    },
    "assert zigzag(6, 1) == 16": {
      "result": false,
      "time": 0.04692816734313965,
      "error": null
    },
    "assert zigzag(8, 7) == 1385": {
      "result": false,
      "time": 0.04629802703857422,
      "error": null
    },
    "assert zigzag(8, 8) == 1385": {
      "result": false,
      "time": 0.0507047176361084,
      "error": null
    },
    "assert zigzag(5, 1) == 5": {
      "result": true,
      "time": 0.05043220520019531,
      "error": null
    },
    "assert zigzag(5, 3) == 14": {
      "result": false,
      "time": 0.04584693908691406,
      "error": null
    },
    "assert zigzag(4, 1) == 2": {
      "result": false,
      "time": 0.041246652603149414,
      "error": null
    },
    "assert zigzag(8, 6) == 1324": {
      "result": false,
      "time": 0.04788064956665039,
      "error": null
    },
    "assert zigzag(8, 4) == 1024": {
      "result": false,
      "time": 0.044544219970703125,
      "error": null
    },
    "assert zigzag(6, 2) == 32": {
      "result": false,
      "time": 0.045604705810546875,
      "error": null
    },
    "assert zigzag(1, 1) == 1": {
      "result": true,
      "time": 0.035918474197387695,
      "error": null
    },
    "assert zigzag(6, 5) == 61": {
      "result": false,
      "time": 0.04376649856567383,
      "error": null
    },
    "assert zigzag(2, 1) == 1": {
      "result": false,
      "time": 0.053429365158081055,
      "error": null
    },
    "assert zigzag(5, 5) == 16": {
      "result": false,
      "time": 0.04387378692626953,
      "error": null
    },
    "assert zigzag(9, 5) == 6320": {
      "result": false,
      "time": 0.04823017120361328,
      "error": null
    },
    "assert zigzag(9, 7) == 7664": {
      "result": false,
      "time": 0.04566192626953125,
      "error": null
    },
    "assert zigzag(9, 3) == 4094": {
      "result": false,
      "time": 0.04062604904174805,
      "error": null
    },
    "assert zigzag(6, 6) == 61": {
      "result": false,
      "time": 0.03760194778442383,
      "error": null
    },
    "assert zigzag(9, 6) == 7120": {
      "result": false,
      "time": 0.04662489891052246,
      "error": null
    },
    "assert zigzag(8, 5) == 1202": {
      "result": false,
      "time": 0.04343891143798828,
      "error": null
    },
    "assert zigzag(9, 4) == 5296": {
      "result": false,
      "time": 0.047019004821777344,
      "error": null
    },
    "assert zigzag(5, 4) == 16": {
      "result": false,
      "time": 0.03912854194641113,
      "error": null
    },
    "assert zigzag(5, 2) == 10": {
      "result": false,
      "time": 0.044896602630615234,
      "error": null
    },
    "assert zigzag(7, 3) == 178": {
      "result": false,
      "time": 0.04228377342224121,
      "error": null
    },
    "assert zigzag(7, 2) == 122": {
      "result": false,
      "time": 0.045786380767822266,
      "error": null
    },
    "assert zigzag(8, 2) == 544": {
      "result": false,
      "time": 0.0500032901763916,
      "error": null
    },
    "assert zigzag(7, 6) == 272": {
      "result": false,
      "time": 0.03529834747314453,
      "error": null
    },
    "assert zigzag(7, 5) == 256": {
      "result": false,
      "time": 0.04893803596496582,
      "error": null
    },
    "assert zigzag(6, 3) == 46": {
      "result": false,
      "time": 0.039270639419555664,
      "error": null
    },
    "assert zigzag(8, 3) == 800": {
      "result": false,
      "time": 0.0343625545501709,
      "error": null
    },
    "assert zigzag(7, 1) == 61": {
      "result": false,
      "time": 0.04499340057373047,
      "error": null
    },
    "assert zigzag(6, 4) == 56": {
      "result": false,
      "time": 0.045172929763793945,
      "error": null
    },
    "assert zigzag(3, 3) == 2": {
      "result": false,
      "time": 0.038715362548828125,
      "error": null
    },
    "assert zigzag(8, 1) == 272": {
      "result": false,
      "time": 0.04101991653442383,
      "error": null
    },
    "assert zigzag(2, 2) == 1": {
      "result": false,
      "time": 0.04181647300720215,
      "error": null
    },
    "assert zigzag(7, 4) == 224": {
      "result": false,
      "time": 0.041239023208618164,
      "error": null
    }
  },
  "passed": false,
  "accuracy": 0.04878048780487805,
  "general_error": "",
  "has_testcase_error": false
}