{
  "code": "def neg_nos(lst):\n    for i in lst:\n        if i < 0:\n            print(i)",
  "results": {
    "assert neg_nos([-1,4,5,-6]) == -1,-6": {
      "result": false,
      "time": 0.04175901412963867,
      "error": null
    },
    "assert neg_nos([-1,-2,3,4]) == -1,-2": {
      "result": false,
      "time": 0.04291558265686035,
      "error": null
    },
    "assert neg_nos([-7,-6,8,9]) == -7,-6": {
      "result": false,
      "time": 0.04765915870666504,
      "error": null
    },
    "assert neg_nos([-5, 7, 8, -1]) == -5": {
      "result": false,
      "time": 0.04069662094116211,
      "error": null
    },
    "assert neg_nos([0, 2, 8, -7]) == -7": {
      "result": false,
      "time": 0.0404667854309082,
      "error": null
    },
    "assert neg_nos([-1, 7, 5, -11]) == -1": {
      "result": false,
      "time": 0.04955911636352539,
      "error": null
    },
    "assert neg_nos([2, 4, 6, -10]) == -10": {
      "result": false,
      "time": 0.043131113052368164,
      "error": null
    },
    "assert neg_nos([-6, 6, 1, -5]) == -6": {
      "result": false,
      "time": 0.03537154197692871,
      "error": null
    },
    "assert neg_nos([1, 6, 4, -1]) == -1": {
      "result": false,
      "time": 0.051416635513305664,
      "error": null
    },
    "assert neg_nos([-2, 4, 2, -4]) == -2": {
      "result": false,
      "time": 0.041521310806274414,
      "error": null
    },
    "assert neg_nos([1, 5, 4, -3]) == -3": {
      "result": false,
      "time": 0.0419008731842041,
      "error": null
    },
    "assert neg_nos([4, 9, 9, -2]) == -2": {
      "result": false,
      "time": 0.04472994804382324,
      "error": null
    },
    "assert neg_nos([-5, 2, 7, -11]) == -5": {
      "result": false,
      "time": 0.048006534576416016,
      "error": null
    },
    "assert neg_nos([-2, 6, 9, -6]) == -2": {
      "result": false,
      "time": 0.039374351501464844,
      "error": null
    },
    "assert neg_nos([0, 7, 7, -11]) == -11": {
      "result": false,
      "time": 0.04051637649536133,
      "error": null
    },
    "assert neg_nos([-4, 6, 4, -5]) == -4": {
      "result": false,
      "time": 0.036379098892211914,
      "error": null
    },
    "assert neg_nos([-4, 3, 9, -7]) == -4": {
      "result": false,
      "time": 0.03716707229614258,
      "error": null
    },
    "assert neg_nos([0, 6, 3, -4]) == -4": {
      "result": false,
      "time": 0.03576254844665527,
      "error": null
    },
    "assert neg_nos([-4, 5, 10, -8]) == -4": {
      "result": false,
      "time": 0.040770530700683594,
      "error": null
    },
    "assert neg_nos([3, 7, 7, -4]) == -4": {
      "result": false,
      "time": 0.041077375411987305,
      "error": null
    },
    "assert neg_nos([-4, 2, 2, -3]) == -4": {
      "result": false,
      "time": 0.03827333450317383,
      "error": null
    },
    "assert neg_nos([1, 8, 7, -10]) == -10": {
      "result": false,
      "time": 0.038600921630859375,
      "error": null
    },
    "assert neg_nos([-4, 2, 6, -9]) == -4": {
      "result": false,
      "time": 0.04379153251647949,
      "error": null
    },
    "assert neg_nos([-5, 8, 7, -7]) == -5": {
      "result": false,
      "time": 0.044438838958740234,
      "error": null
    },
    "assert neg_nos([-2, 3, 1, -5]) == -2": {
      "result": false,
      "time": 0.0425717830657959,
      "error": null
    },
    "assert neg_nos([-3, 4, 3, -10]) == -3": {
      "result": false,
      "time": 0.04592084884643555,
      "error": null
    },
    "assert neg_nos([-5, 7, 10, -7]) == -5": {
      "result": false,
      "time": 0.038700103759765625,
      "error": null
    },
    "assert neg_nos([-5, 4, 6, -11]) == -5": {
      "result": false,
      "time": 0.0346522331237793,
      "error": null
    },
    "assert neg_nos([-2, 3, 6, -11]) == -2": {
      "result": false,
      "time": 0.03928184509277344,
      "error": null
    },
    "assert neg_nos([-2, 8, 2, -4]) == -2": {
      "result": false,
      "time": 0.04004478454589844,
      "error": null
    },
    "assert neg_nos([-3, 6, 4, -4]) == -3": {
      "result": false,
      "time": 0.03684210777282715,
      "error": null
    },
    "assert neg_nos([1, 7, 8, -5]) == -5": {
      "result": false,
      "time": 0.04671216011047363,
      "error": null
    },
    "assert neg_nos([3, 1, 2, -3]) == -3": {
      "result": false,
      "time": 0.04111289978027344,
      "error": null
    },
    "assert neg_nos([0, 2, 3, -11]) == -11": {
      "result": false,
      "time": 0.039380550384521484,
      "error": null
    },
    "assert neg_nos([0, 6, 2, -3]) == -3": {
      "result": false,
      "time": 0.03719735145568848,
      "error": null
    },
    "assert neg_nos([4, 7, 9, -11]) == -11": {
      "result": false,
      "time": 0.04077410697937012,
      "error": null
    },
    "assert neg_nos([-5, 1, 5, 1]) == -5": {
      "result": false,
      "time": 0.0424962043762207,
      "error": null
    },
    "assert neg_nos([-6, -3, 3, 1]) == -6": {
      "result": false,
      "time": 0.03830766677856445,
      "error": null
    },
    "assert neg_nos([-3, -4, 4, 6]) == -3": {
      "result": false,
      "time": 0.03832650184631348,
      "error": null
    },
    "assert neg_nos([-3, 0, 6, 5]) == -3": {
      "result": false,
      "time": 0.04226112365722656,
      "error": null
    },
    "assert neg_nos([-4, -1, 7, 2]) == -4": {
      "result": false,
      "time": 0.03374528884887695,
      "error": null
    },
    "assert neg_nos([0, -1, 2, 6]) == -1": {
      "result": false,
      "time": 0.0378572940826416,
      "error": null
    },
    "assert neg_nos([-1, -4, 4, 3]) == -1": {
      "result": false,
      "time": 0.04008126258850098,
      "error": null
    },
    "assert neg_nos([4, 2, 6, 8]) == None": {
      "result": true,
      "time": 0.03645610809326172,
      "error": null
    },
    "assert neg_nos([-3, 2, 6, 5]) == -3": {
      "result": false,
      "time": 0.0432744026184082,
      "error": null
    },
    "assert neg_nos([-2, 1, 3, 8]) == -2": {
      "result": false,
      "time": 0.03303194046020508,
      "error": null
    },
    "assert neg_nos([-4, 1, 3, 2]) == -4": {
      "result": false,
      "time": 0.0361485481262207,
      "error": null
    },
    "assert neg_nos([-5, 0, 7, 8]) == -5": {
      "result": false,
      "time": 0.0343172550201416,
      "error": null
    },
    "assert neg_nos([0, -3, 4, 4]) == -3": {
      "result": false,
      "time": 0.034268856048583984,
      "error": null
    },
    "assert neg_nos([-2, -1, 5, 7]) == -2": {
      "result": false,
      "time": 0.038556814193725586,
      "error": null
    },
    "assert neg_nos([-5, -5, 4, 8]) == -5": {
      "result": false,
      "time": 0.03710007667541504,
      "error": null
    },
    "assert neg_nos([1, -3, 1, 5]) == -3": {
      "result": false,
      "time": 0.0371251106262207,
      "error": null
    },
    "assert neg_nos([-5, 2, 7, 6]) == -5": {
      "result": false,
      "time": 0.03786611557006836,
      "error": null
    },
    "assert neg_nos([-5, 1, 7, 5]) == -5": {
      "result": false,
      "time": 0.03994464874267578,
      "error": null
    },
    "assert neg_nos([0, -6, 7, 5]) == -6": {
      "result": false,
      "time": 0.03303933143615723,
      "error": null
    },
    "assert neg_nos([1, 2, 6, 7]) == None": {
      "result": true,
      "time": 0.038257598876953125,
      "error": null
    },
    "assert neg_nos([-2, 2, 3, 7]) == -2": {
      "result": false,
      "time": 0.03833913803100586,
      "error": null
    },
    "assert neg_nos([-3, -7, 4, 8]) == -3": {
      "result": false,
      "time": 0.03714346885681152,
      "error": null
    },
    "assert neg_nos([-4, -2, 6, 7]) == -4": {
      "result": false,
      "time": 0.0377354621887207,
      "error": null
    },
    "assert neg_nos([-1, -5, 2, 9]) == -1": {
      "result": false,
      "time": 0.035886287689208984,
      "error": null
    },