{
  "code": "def moddiv_list(list1, list2):\n    return list(map(lambda x, y: x % y, list1, list2))\n",
  "results": {
    "assert moddiv_list([4,5,6],[1, 2, 3])==[0, 1, 0]": {
      "result": true,
      "time": 0.03582406044006348,
      "error": null
    },
    "assert moddiv_list([3,2],[1,4])==[0, 2]": {
      "result": true,
      "time": 0.03435969352722168,
      "error": null
    },
    "assert moddiv_list([90,120],[50,70])==[40, 50]": {
      "result": true,
      "time": 0.041628122329711914,
      "error": null
    },
    "assert moddiv_list([4, 3, 3], [3, 4, 3]) == [1, 3, 0]": {
      "result": true,
      "time": 0.03868889808654785,
      "error": null
    },
    "assert moddiv_list([8, 8, 4], [5, 2, 2]) == [3, 0, 0]": {
      "result": true,
      "time": 0.03503918647766113,
      "error": null
    },
    "assert moddiv_list([6, 4, 7], [1, 1, 3]) == [0, 0, 1]": {
      "result": true,
      "time": 0.031152009963989258,
      "error": null
    },
    "assert moddiv_list([8, 3, 5], [5, 5, 7]) == [3, 3, 5]": {
      "result": true,
      "time": 0.036229610443115234,
      "error": null
    },
    "assert moddiv_list([6, 2, 8], [6, 7, 3]) == [0, 2, 2]": {
      "result": true,
      "time": 0.03761148452758789,
      "error": null
    },
    "assert moddiv_list([6, 5, 11], [4, 2, 7]) == [2, 1, 4]": {
      "result": true,
      "time": 0.03790426254272461,
      "error": null
    },
    "assert moddiv_list([5, 8, 4], [3, 5, 7]) == [2, 3, 4]": {
      "result": true,
      "time": 0.0382685661315918,
      "error": null
    },
    "assert moddiv_list([8, 9, 4], [4, 2, 6]) == [0, 1, 4]": {
      "result": true,
      "time": 0.03882646560668945,
      "error": null
    },
    "assert moddiv_list([8, 6, 10], [5, 6, 6]) == [3, 0, 4]": {
      "result": true,
      "time": 0.034152984619140625,
      "error": null
    },
    "assert moddiv_list([6, 3, 8], [6, 1, 4]) == [0, 0, 0]": {
      "result": true,
      "time": 0.03620266914367676,
      "error": null
    },
    "assert moddiv_list([6, 9, 7], [4, 7, 1]) == [2, 2, 0]": {
      "result": true,
      "time": 0.03982043266296387,
      "error": null
    },
    "assert moddiv_list([5, 7, 5], [2, 7, 1]) == [1, 0, 0]": {
      "result": true,
      "time": 0.03588461875915527,
      "error": null
    },
    "assert moddiv_list([3, 2, 6], [4, 6, 5]) == [3, 2, 1]": {
      "result": true,
      "time": 0.03879523277282715,
      "error": null
    },
    "assert moddiv_list([7, 9, 3], [3, 6, 3]) == [1, 3, 0]": {
      "result": true,
      "time": 0.03995680809020996,
      "error": null
    },
    "assert moddiv_list([1, 8, 10], [6, 5, 6]) == [1, 3, 4]": {
      "result": true,
      "time": 0.0330960750579834,
      "error": null
    },
    "assert moddiv_list([5, 9, 10], [5, 6, 1]) == [0, 3, 0]": {
      "result": true,
      "time": 0.037613630294799805,
      "error": null
    },
    "assert moddiv_list([1, 8, 4], [1, 1, 8]) == [0, 0, 4]": {
      "result": true,
      "time": 0.03651905059814453,
      "error": null
    },
    "assert moddiv_list([4, 8, 5], [5, 7, 1]) == [4, 1, 0]": {
      "result": true,
      "time": 0.03779411315917969,
      "error": null
    },
    "assert moddiv_list([4, 9, 3], [3, 2, 7]) == [1, 1, 3]": {
      "result": true,
      "time": 0.03632378578186035,
      "error": null
    },
    "assert moddiv_list([9, 6, 4], [3, 4, 2]) == [0, 2, 0]": {
      "result": true,
      "time": 0.03196454048156738,
      "error": null
    },
    "assert moddiv_list([8, 2, 5], [6, 1, 4]) == [2, 0, 1]": {
      "result": true,
      "time": 0.0318150520324707,
      "error": null
    },
    "assert moddiv_list([6, 7, 10], [5, 6, 8]) == [1, 1, 2]": {
      "result": true,
      "time": 0.033833980560302734,
      "error": null
    },
    "assert moddiv_list([3, 1, 10], [1, 4, 8]) == [0, 1, 2]": {
      "result": true,
      "time": 0.03530526161193848,
      "error": null
    },
    "assert moddiv_list([6, 10, 9], [1, 4, 8]) == [0, 2, 1]": {
      "result": true,
      "time": 0.024172544479370117,
      "error": null
    },
    "assert moddiv_list([1, 9, 8], [5, 1, 5]) == [1, 0, 3]": {
      "result": true,
      "time": 0.03005385398864746,
      "error": null
    },
    "assert moddiv_list([7, 1, 5], [2, 3, 8]) == [1, 1, 5]": {
      "result": true,
      "time": 0.031122207641601562,
      "error": null
    },
    "assert moddiv_list([8, 3, 4], [4, 7, 7]) == [0, 3, 4]": {
      "result": true,
      "time": 0.03644895553588867,
      "error": null
    },
    "assert moddiv_list([1, 7, 4], [4, 6, 1]) == [1, 1, 0]": {
      "result": true,
      "time": 0.040032148361206055,
      "error": null
    },
    "assert moddiv_list([7, 8, 5], [6, 6, 5]) == [1, 2, 0]": {
      "result": true,
      "time": 0.037667036056518555,
      "error": null
    },
    "assert moddiv_list([5, 6, 5], [2, 2, 8]) == [1, 0, 5]": {
      "result": true,
      "time": 0.038294315338134766,
      "error": null
    },
    "assert moddiv_list([7, 2, 6], [2, 1, 3]) == [1, 0, 0]": {
      "result": true,
      "time": 0.03773760795593262,
      "error": null
    },
    "assert moddiv_list([7, 8, 2], [4, 5, 8]) == [3, 3, 2]": {
      "result": true,
      "time": 0.04054665565490723,
      "error": null
    },
    "assert moddiv_list([2, 1, 6], [3, 3, 8]) == [2, 1, 6]": {
      "result": true,
      "time": 0.03780364990234375,
      "error": null
    },
    "assert moddiv_list([1, 2], [5, 7]) == [1, 2]": {
      "result": true,
      "time": 0.03448319435119629,
      "error": null
    },
    "assert moddiv_list([4, 2], [6, 9]) == [4, 2]": {
      "result": true,
      "time": 0.0372316837310791,
      "error": null
    },
    "assert moddiv_list([7, 1], [3, 1]) == [1, 0]": {
      "result": true,
      "time": 0.03169584274291992,
      "error": null
    },
    "assert moddiv_list([4, 6], [4, 4]) == [0, 2]": {
      "result": true,
      "time": 0.040680646896362305,
      "error": null
    },
    "assert moddiv_list([5, 3], [5, 4]) == [0, 3]": {
      "result": true,
      "time": 0.03403639793395996,
      "error": null
    },
    "assert moddiv_list([2, 7], [5, 5]) == [2, 2]": {
      "result": true,
      "time": 0.0403294563293457,
      "error": null
    },
    "assert moddiv_list([1, 5], [4, 1]) == [1, 0]": {
      "result": true,
      "time": 0.043709754943847656,
      "error": null
    },
    "assert moddiv_list([4, 2], [3, 4]) == [1, 2]": {
      "result": true,
      "time": 0.040265560150146484,
      "error": null
    },
    "assert moddiv_list([8, 3], [1, 4]) == [0, 3]": {
      "result": true,
      "time": 0.03866147994995117,
      "error": null
    },
    "assert moddiv_list([5, 7], [1, 6]) == [0, 1]": {
      "result": true,
      "time": 0.04463362693786621,
      "error": null
    },
    "assert moddiv_list([1, 7], [3, 7]) == [1, 0]": {
      "result": true,
      "time": 0.03975200653076172,
      "error": null
    },
    "assert moddiv_list([2, 7], [3, 6]) == [2, 1]": {
      "result": true,
      "time": 0.035715579986572266,
      "error": null
    },
    "assert moddiv_list([2, 7], [1, 2]) == [0, 1]": {
      "result": true,
      "time": 0.04026961326599121,
      "error": null
    },
    "assert moddiv_list([4, 1], [5, 5]) == [4, 1]": {
      "result": true,
      "time": 0.03606605529785156,
      "error": null
    },
    "assert moddiv_list([6, 6], [5, 2]) == [1, 0]": {
      "result": true,
      "time": 0.035189151763916016,
      "error": null
    },
    "assert moddiv_list([4, 7], [6, 3]) == [4, 1]": {
      "result": true,
      "time": 0.035948991775512695,
      "error": null
    },
    "assert moddiv_list([8, 6], [3, 8]) == [2, 6]": {
      "result": true,
      "time": 0.04252219200134277,
      "error": null
    },
    "assert moddiv_list([7, 2], [6, 9]) == [1, 2]": {
      "result": true,
      "time": 0.03985118865966797,
      "error": null
    },
    "assert moddiv_list([6, 5], [2, 4]) == [0, 1]": {
      "result": true,
      "time": 0.04416012763977051,