{
  "code": "def sum_range_list(nums, start, end):\n    return sum(nums[start:end+1])\n",
  "results": {
    "assert sum_range_list( [2,1,5,6,8,3,4,9,10,11,8,12],8,10)==29": {
      "result": true,
      "time": 0.04390692710876465,
      "error": null
    },
    "assert sum_range_list( [2,1,5,6,8,3,4,9,10,11,8,12],5,7)==16": {
      "result": true,
      "time": 0.04306745529174805,
      "error": null
    },
    "assert sum_range_list( [2,1,5,6,8,3,4,9,10,11,8,12],7,10)==38": {
      "result": true,
      "time": 0.043755292892456055,
      "error": null
    },
    "assert sum_range_list([4, 5, 6, 6, 13, 1, 2, 5, 5, 10, 8, 15], 7, 6) == 0": {
      "result": true,
      "time": 0.03764939308166504,
      "error": null
    },
    "assert sum_range_list([6, 1, 2, 9, 6, 7, 3, 7, 5, 6, 10, 16], 13, 7) == 0": {
      "result": true,
      "time": 0.04073309898376465,
      "error": null
    },
    "assert sum_range_list([4, 3, 7, 7, 3, 4, 3, 7, 6, 6, 5, 7], 9, 7) == 0": {
      "result": true,
      "time": 0.04326462745666504,
      "error": null
    },
    "assert sum_range_list([4, 3, 8, 6, 5, 8, 6, 5, 7, 15, 4, 14], 8, 7) == 0": {
      "result": true,
      "time": 0.03954577445983887,
      "error": null
    },
    "assert sum_range_list([1, 3, 2, 9, 7, 5, 4, 10, 13, 14, 9, 9], 10, 5) == 0": {
      "result": true,
      "time": 0.04355216026306152,
      "error": null
    },
    "assert sum_range_list([2, 4, 1, 10, 10, 4, 3, 9, 9, 11, 5, 14], 10, 7) == 0": {
      "result": true,
      "time": 0.044008731842041016,
      "error": null
    },
    "assert sum_range_list([2, 4, 1, 3, 11, 1, 1, 11, 9, 11, 11, 13], 3, 10) == 58": {
      "result": true,
      "time": 0.04062056541442871,
      "error": null
    },
    "assert sum_range_list([6, 1, 6, 11, 6, 1, 4, 7, 13, 8, 9, 16], 12, 7) == 0": {
      "result": true,
      "time": 0.041494131088256836,
      "error": null
    },
    "assert sum_range_list([1, 3, 5, 9, 10, 3, 5, 9, 11, 16, 5, 16], 9, 10) == 21": {
      "result": true,
      "time": 0.04411959648132324,
      "error": null
    },
    "assert sum_range_list([1, 4, 7, 1, 4, 4, 7, 10, 6, 7, 7, 12], 9, 8) == 0": {
      "result": true,
      "time": 0.04447603225708008,
      "error": null
    },
    "assert sum_range_list([1, 1, 10, 9, 7, 2, 5, 7, 12, 16, 9, 14], 4, 6) == 14": {
      "result": true,
      "time": 0.04694867134094238,
      "error": null
    },
    "assert sum_range_list([2, 6, 9, 10, 10, 6, 8, 5, 11, 14, 4, 12], 9, 11) == 30": {
      "result": true,
      "time": 0.038805246353149414,
      "error": null
    },
    "assert sum_range_list([4, 1, 9, 3, 9, 8, 6, 4, 6, 12, 13, 11], 4, 8) == 33": {
      "result": true,
      "time": 0.04329538345336914,
      "error": null
    },
    "assert sum_range_list([3, 4, 1, 1, 13, 7, 7, 8, 8, 16, 7, 16], 5, 9) == 46": {
      "result": true,
      "time": 0.040128231048583984,
      "error": null
    },
    "assert sum_range_list([5, 1, 9, 4, 13, 1, 2, 12, 15, 15, 3, 14], 7, 8) == 27": {
      "result": true,
      "time": 0.047472476959228516,
      "error": null
    },
    "assert sum_range_list([5, 2, 2, 8, 9, 7, 4, 11, 15, 8, 6, 9], 7, 11) == 49": {
      "result": true,
      "time": 0.05065751075744629,
      "error": null
    },
    "assert sum_range_list([5, 5, 6, 11, 3, 5, 4, 7, 5, 11, 9, 11], 12, 10) == 0": {
      "result": true,
      "time": 0.04987168312072754,
      "error": null
    },
    "assert sum_range_list([5, 3, 10, 9, 4, 1, 8, 12, 7, 12, 12, 11], 9, 5) == 0": {
      "result": true,
      "time": 0.0653836727142334,
      "error": null
    },
    "assert sum_range_list([2, 6, 3, 6, 6, 6, 1, 14, 13, 13, 7, 7], 6, 11) == 55": {
      "result": true,
      "time": 0.045841217041015625,
      "error": null
    },
    "assert sum_range_list([6, 3, 4, 6, 3, 1, 5, 5, 8, 7, 12, 13], 4, 9) == 29": {
      "result": true,
      "time": 0.04873371124267578,
      "error": null
    },
    "assert sum_range_list([7, 4, 6, 1, 9, 7, 6, 7, 11, 7, 6, 17], 10, 11) == 23": {
      "result": true,
      "time": 0.05293536186218262,
      "error": null
    },
    "assert sum_range_list([4, 6, 3, 11, 7, 2, 9, 11, 12, 14, 13, 14], 4, 11) == 82": {
      "result": true,
      "time": 0.04981064796447754,
      "error": null
    },
    "assert sum_range_list([3, 1, 7, 10, 10, 8, 3, 13, 12, 11, 6, 13], 5, 8) == 36": {
      "result": true,
      "time": 0.054154396057128906,
      "error": null
    },
    "assert sum_range_list([3, 4, 7, 9, 13, 4, 3, 11, 7, 10, 6, 7], 12, 8) == 0": {
      "result": true,
      "time": 0.04861807823181152,
      "error": null
    },
    "assert sum_range_list([7, 2, 10, 11, 4, 4, 5, 7, 5, 7, 12, 10], 12, 10) == 0": {
      "result": true,
      "time": 0.04954051971435547,
      "error": null
    },
    "assert sum_range_list([1, 4, 3, 2, 10, 6, 1, 10, 11, 8, 7, 7], 6, 6) == 1": {
      "result": true,
      "time": 0.05162954330444336,
      "error": null
    },
    "assert sum_range_list([5, 4, 10, 7, 3, 3, 5, 9, 13, 12, 10, 17], 13, 9) == 0": {
      "result": true,
      "time": 0.05896878242492676,
      "error": null
    },
    "assert sum_range_list([1, 5, 1, 10, 3, 1, 7, 13, 5, 6, 6, 10], 13, 9) == 0": {
      "result": true,
      "time": 0.04899406433105469,
      "error": null
    },
    "assert sum_range_list([5, 2, 8, 9, 10, 6, 1, 14, 13, 14, 13, 9], 3, 7) == 40": {
      "result": true,
      "time": 0.05287885665893555,
      "error": null
    },
    "assert sum_range_list([3, 2, 1, 8, 12, 2, 8, 5, 13, 6, 3, 13], 12, 11) == 0": {
      "result": true,
      "time": 0.058301687240600586,
      "error": null
    },
    "assert sum_range_list([4, 4, 2, 3, 12, 2, 5, 9, 12, 7, 5, 10], 8, 7) == 0": {
      "result": true,
      "time": 0.048361778259277344,
      "error": null
    },
    "assert sum_range_list([5, 5, 9, 2, 11, 2, 8, 8, 13, 10, 9, 11], 3, 8) == 44": {
      "result": true,
      "time": 0.06266260147094727,
      "error": null
    },
    "assert sum_range_list([6, 4, 10, 7, 12, 5, 9, 9, 15, 15, 7, 16], 7, 5) == 0": {
      "result": true,
      "time": 0.058924198150634766,
      "error": null
    },
    "assert sum_range_list([7, 6, 3, 8, 9, 4, 7, 4, 15, 11, 8, 9], 6, 9) == 37": {
      "result": true,
      "time": 0.0508885383605957,
      "error": null
    },
    "assert sum_range_list([5, 6, 2, 8, 5, 1, 2, 6, 15, 11, 6, 9], 3, 8) == 37": {
      "result": true,
      "time": 0.04012584686279297,
      "error": null
    },
    "assert sum_range_list([4, 2, 4, 11, 6, 1, 4, 9, 10, 16, 12, 10], 6, 11) == 61": {
      "result": true,
      "time": 0.05043601989746094,
      "error": null
    },
    "assert sum_range_list([7, 3, 4, 5, 12, 2, 2, 14, 14, 7, 4, 17], 8, 5) == 0": {
      "result": true,
      "time": 0.061766624450683594,
      "error": null
    },
    "assert sum_range_list([3, 3, 2, 2, 13, 1, 4, 4, 8, 6, 10, 13], 1, 3) == 7": {
      "result": true,
      "time": 0.0668020248413086,
      "error": null
    },
    "assert sum_range_list([2, 1, 7, 10, 4, 8, 2, 9, 5, 6, 13, 7], 3, 3) == 10": {
      "result": true,
      "time": 0.05559420585632324,
      "error": null
    },
    "assert sum_range_list([1, 1, 5, 11, 12, 1, 4, 9, 12, 14, 11, 15], 8, 10) == 37": {
      "result": true,
      "time": 0.05666327476501465,
      "error": null
    },
    "assert sum_range_list([3, 6, 5, 2, 11, 4, 9, 11, 10, 6, 3, 11], 5, 9) == 40": {
      "result": true,
      "time": 0.052678585052490234,
      "error": null
    },
    "assert sum_range_list([6, 4, 9, 9, 10, 5, 5, 7, 6, 16, 12, 11], 4, 10) == 61": {
      "result": true,
      "time": 0.05195808410644531,
      "error": null
    },
    "assert sum_range_list([6, 6, 9, 9, 10, 3, 5, 5, 7, 14, 3, 7], 10, 5) == 0": {
      "result": true,
      "time": 0.050795793533325195,
      "error": null
    },
    "assert sum_range_list([7, 6, 8, 7, 13, 6, 3, 6, 10, 13, 9, 11], 5, 3) == 0": {
      "result": true,
      "time": 0.05499839782714844,
      "error": null
    },