{
  "code": "def max_length(list_of_lists):\n    max_length_list = max(list_of_lists, key=len)\n    return len(max_length_list), max_length_list\n",
  "results": {
    "assert max_length([[0], [1, 3], [5, 7], [9, 11], [13, 15, 17]])==(3, [13, 15, 17])": {
      "result": true,
      "time": 0.04939627647399902,
      "error": null
    },
    "assert max_length([[1], [5, 7], [10, 12, 14,15]])==(4, [10, 12, 14,15])": {
      "result": true,
      "time": 0.06151294708251953,
      "error": null
    },
    "assert max_length([[5], [15,20,25]])==(3, [15,20,25])": {
      "result": true,
      "time": 0.055351972579956055,
      "error": null
    },
    "assert max_length([[3], [1, 6], [3, 8], [10, 7], [14, 14, 19]]) == (3, [14, 14, 19])": {
      "result": true,
      "time": 0.06119108200073242,
      "error": null
    },
    "assert max_length([[1], [2, 8], [2, 9], [8, 12], [12, 19, 13]]) == (3, [12, 19, 13])": {
      "result": true,
      "time": 0.06310486793518066,
      "error": null
    },
    "assert max_length([[3], [5, 6], [9, 4], [10, 11], [10, 17, 18]]) == (3, [10, 17, 18])": {
      "result": true,
      "time": 0.056815385818481445,
      "error": null
    },
    "assert max_length([[1], [2, 5], [10, 4], [13, 6], [10, 10, 21]]) == (3, [13, 6])": {
      "result": false,
      "time": 0.0419621467590332,
      "error": null
    },
    "assert max_length([[2], [4, 3], [6, 4], [11, 11], [9, 20, 18]]) == (3, [11, 11])": {
      "result": false,
      "time": 0.037447214126586914,
      "error": null
    },
    "assert max_length([[4], [1, 5], [4, 9], [4, 10], [14, 20, 13]]) == (3, [14, 20, 13])": {
      "result": true,
      "time": 0.037828683853149414,
      "error": null
    },
    "assert max_length([[5], [4, 5], [1, 10], [10, 11], [10, 15, 13]]) == (3, [10, 15, 13])": {
      "result": true,
      "time": 0.03542661666870117,
      "error": null
    },
    "assert max_length([[4], [4, 6], [9, 9], [5, 8], [9, 18, 19]]) == (3, [9, 18, 19])": {
      "result": true,
      "time": 0.04241943359375,
      "error": null
    },
    "assert max_length([[4], [5, 3], [8, 8], [4, 16], [18, 14, 17]]) == (3, [18, 14, 17])": {
      "result": true,
      "time": 0.030831098556518555,
      "error": null
    },
    "assert max_length([[5], [1, 4], [7, 6], [9, 12], [17, 17, 17]]) == (3, [17, 17, 17])": {
      "result": true,
      "time": 0.044289350509643555,
      "error": null
    },
    "assert max_length([[1], [4, 2], [3, 3], [11, 12], [14, 11, 14]]) == (3, [14, 11, 14])": {
      "result": true,
      "time": 0.03933548927307129,
      "error": null
    },
    "assert max_length([[4], [5, 6], [7, 8], [8, 10], [16, 13, 20]]) == (3, [16, 13, 20])": {
      "result": true,
      "time": 0.036432504653930664,
      "error": null
    },
    "assert max_length([[3], [2, 7], [9, 7], [13, 16], [12, 17, 19]]) == (3, [13, 16])": {
      "result": false,
      "time": 0.03858804702758789,
      "error": null
    },
    "assert max_length([[3], [4, 3], [4, 5], [4, 12], [15, 18, 12]]) == (3, [15, 18, 12])": {
      "result": true,
      "time": 0.03591322898864746,
      "error": null
    },
    "assert max_length([[1], [4, 7], [1, 5], [9, 6], [14, 17, 22]]) == (3, [14, 17, 22])": {
      "result": true,
      "time": 0.03392791748046875,
      "error": null
    },
    "assert max_length([[4], [2, 1], [8, 12], [11, 8], [16, 20, 13]]) == (3, [16, 20, 13])": {
      "result": true,
      "time": 0.03507375717163086,
      "error": null
    },
    "assert max_length([[4], [4, 5], [6, 8], [14, 13], [9, 10, 18]]) == (3, [14, 13])": {
      "result": false,
      "time": 0.040566205978393555,
      "error": null
    },
    "assert max_length([[1], [5, 7], [4, 11], [9, 14], [13, 14, 21]]) == (3, [13, 14, 21])": {
      "result": true,
      "time": 0.03806114196777344,
      "error": null
    },
    "assert max_length([[2], [2, 8], [1, 9], [9, 8], [13, 10, 18]]) == (3, [13, 10, 18])": {
      "result": true,
      "time": 0.0327305793762207,
      "error": null
    },
    "assert max_length([[1], [1, 3], [9, 10], [14, 12], [15, 18, 12]]) == (3, [15, 18, 12])": {
      "result": true,
      "time": 0.03946232795715332,
      "error": null
    },
    "assert max_length([[5], [2, 4], [2, 4], [9, 8], [18, 16, 14]]) == (3, [18, 16, 14])": {
      "result": true,
      "time": 0.03833794593811035,
      "error": null
    },
    "assert max_length([[3], [3, 4], [5, 8], [4, 14], [18, 10, 14]]) == (3, [18, 10, 14])": {
      "result": true,
      "time": 0.04323077201843262,
      "error": null
    },
    "assert max_length([[4], [2, 8], [4, 12], [8, 13], [10, 18, 15]]) == (3, [10, 18, 15])": {
      "result": true,
      "time": 0.03227972984313965,
      "error": null
    },
    "assert max_length([[4], [1, 7], [6, 10], [13, 14], [15, 12, 17]]) == (3, [15, 12, 17])": {
      "result": true,
      "time": 0.03672981262207031,
      "error": null
    },
    "assert max_length([[1], [5, 4], [3, 12], [11, 13], [16, 14, 14]]) == (3, [16, 14, 14])": {
      "result": true,
      "time": 0.03647661209106445,
      "error": null
    },
    "assert max_length([[3], [4, 8], [7, 12], [8, 8], [16, 12, 17]]) == (3, [16, 12, 17])": {
      "result": true,
      "time": 0.034120798110961914,
      "error": null
    },
    "assert max_length([[3], [2, 2], [1, 9], [6, 15], [16, 10, 16]]) == (3, [16, 10, 16])": {
      "result": true,
      "time": 0.040975093841552734,
      "error": null
    },
    "assert max_length([[3], [4, 7], [9, 5], [6, 16], [18, 15, 15]]) == (3, [18, 15, 15])": {
      "result": true,
      "time": 0.03844761848449707,
      "error": null
    },
    "assert max_length([[4], [6, 2], [3, 5], [13, 10], [18, 12, 14]]) == (3, [18, 12, 14])": {
      "result": true,
      "time": 0.03794360160827637,
      "error": null
    },
    "assert max_length([[2], [2, 4], [5, 11], [9, 16], [13, 19, 15]]) == (3, [13, 19, 15])": {
      "result": true,
      "time": 0.03300642967224121,
      "error": null
    },
    "assert max_length([[5], [3, 2], [6, 9], [12, 14], [15, 12, 12]]) == (3, [15, 12, 12])": {
      "result": true,
      "time": 0.03735613822937012,
      "error": null
    },
    "assert max_length([[3], [5, 2], [2, 10], [13, 6], [12, 14, 15]]) == (3, [13, 6])": {
      "result": false,
      "time": 0.03913140296936035,
      "error": null
    },
    "assert max_length([[4], [6, 6], [3, 8], [13, 9], [8, 20, 15]]) == (3, [13, 9])": {
      "result": false,
      "time": 0.06680178642272949,
      "error": null
    },
    "assert max_length([[6], [1, 7], [15, 9, 17, 19]]) == (4, [15, 9, 17, 19])": {
      "result": true,
      "time": 0.04409217834472656,
      "error": null
    },
    "assert max_length([[6], [10, 9], [12, 13, 16, 17]]) == (4, [12, 13, 16, 17])": {
      "result": true,
      "time": 0.05510663986206055,
      "error": null
    },
    "assert max_length([[5], [6, 4], [7, 13, 14, 19]]) == (4, [7, 13, 14, 19])": {
      "result": true,
      "time": 0.044450998306274414,
      "error": null
    },
    "assert max_length([[6], [1, 11], [6, 17, 11, 20]]) == (4, [6, 17, 11, 20])": {
      "result": true,
      "time": 0.05661201477050781,
      "error": null
    },
    "assert max_length([[3], [10, 4], [10, 13, 15, 19]]) == (4, [10, 13, 15, 19])": {
      "result": true,
      "time": 0.04627656936645508,
      "error": null
    },
    "assert max_length([[6], [6, 11], [7, 17, 14, 14]]) == (4, [7, 17, 14, 14])": {
      "result": true,
      "time": 0.06387734413146973,
      "error": null
    },
    "assert max_length([[4], [6, 11], [9, 15, 17, 13]]) == (4, [9, 15, 17, 13])": {
      "result": true,
      "time": 0.05279231071472168,
      "error": null
    },
    "assert max_length([[6], [6, 10], [14, 14, 16, 13]]) == (4, [14, 14, 16, 13])": {
      "result": true,
      "time": 0.04499387741088867,
      "error": null
    },
    "assert max_length([[5], [1, 9], [11, 11, 10, 16]]) == (4, [11, 11, 10, 16])": {
      "result": true,