{
  "code": "def greater_specificnum(nums, num):\n    return all(i > num for i in nums)\n",
  "results": {
    "assert greater_specificnum([220, 330, 500],200)==True": {
      "result": true,
      "time": 0.03727245330810547,
      "error": null
    },
    "assert greater_specificnum([12, 17, 21],20)==False": {
      "result": true,
      "time": 0.03271889686584473,
      "error": null
    },
    "assert greater_specificnum([1,2,3,4],10)==False": {
      "result": true,
      "time": 0.040474653244018555,
      "error": null
    },
    "assert greater_specificnum([222, 335, 496], 203) == True": {
      "result": true,
      "time": 0.03596162796020508,
      "error": null
    },
    "assert greater_specificnum([220, 326, 501], 201) == True": {
      "result": true,
      "time": 0.04458475112915039,
      "error": null
    },
    "assert greater_specificnum([221, 330, 505], 195) == True": {
      "result": true,
      "time": 0.03728485107421875,
      "error": null
    },
    "assert greater_specificnum([221, 326, 495], 203) == True": {
      "result": true,
      "time": 0.03835868835449219,
      "error": null
    },
    "assert greater_specificnum([221, 333, 495], 205) == True": {
      "result": true,
      "time": 0.041390419006347656,
      "error": null
    },
    "assert greater_specificnum([224, 327, 505], 205) == True": {
      "result": true,
      "time": 0.03817415237426758,
      "error": null
    },
    "assert greater_specificnum([215, 335, 499], 196) == True": {
      "result": true,
      "time": 0.03763604164123535,
      "error": null
    },
    "assert greater_specificnum([221, 327, 504], 195) == True": {
      "result": true,
      "time": 0.03705120086669922,
      "error": null
    },
    "assert greater_specificnum([219, 333, 503], 200) == True": {
      "result": true,
      "time": 0.033243417739868164,
      "error": null
    },
    "assert greater_specificnum([220, 332, 498], 204) == True": {
      "result": true,
      "time": 0.031069040298461914,
      "error": null
    },
    "assert greater_specificnum([223, 326, 502], 201) == True": {
      "result": true,
      "time": 0.039411067962646484,
      "error": null
    },
    "assert greater_specificnum([218, 329, 504], 202) == True": {
      "result": true,
      "time": 0.03349900245666504,
      "error": null
    },
    "assert greater_specificnum([218, 335, 499], 199) == True": {
      "result": true,
      "time": 0.03854942321777344,
      "error": null
    },
    "assert greater_specificnum([225, 332, 497], 200) == True": {
      "result": true,
      "time": 0.03343486785888672,
      "error": null
    },
    "assert greater_specificnum([221, 331, 503], 204) == True": {
      "result": true,
      "time": 0.0346674919128418,
      "error": null
    },
    "assert greater_specificnum([217, 332, 501], 203) == True": {
      "result": true,
      "time": 0.037439584732055664,
      "error": null
    },
    "assert greater_specificnum([218, 329, 495], 203) == True": {
      "result": true,
      "time": 0.03758573532104492,
      "error": null
    },
    "assert greater_specificnum([220, 325, 502], 196) == True": {
      "result": true,
      "time": 0.033884525299072266,
      "error": null
    },
    "assert greater_specificnum([217, 333, 504], 200) == True": {
      "result": true,
      "time": 0.03784322738647461,
      "error": null
    },
    "assert greater_specificnum([215, 329, 503], 195) == True": {
      "result": true,
      "time": 0.03443479537963867,
      "error": null
    },
    "assert greater_specificnum([215, 326, 501], 196) == True": {
      "result": true,
      "time": 0.03802084922790527,
      "error": null
    },
    "assert greater_specificnum([225, 331, 503], 200) == True": {
      "result": true,
      "time": 0.03995203971862793,
      "error": null
    },
    "assert greater_specificnum([224, 335, 501], 195) == True": {
      "result": true,
      "time": 0.03232836723327637,
      "error": null
    },
    "assert greater_specificnum([216, 331, 498], 205) == True": {
      "result": true,
      "time": 0.03740096092224121,
      "error": null
    },
    "assert greater_specificnum([223, 326, 504], 204) == True": {
      "result": true,
      "time": 0.037774085998535156,
      "error": null
    },
    "assert greater_specificnum([222, 326, 503], 201) == True": {
      "result": true,
      "time": 0.037987709045410156,
      "error": null
    },
    "assert greater_specificnum([221, 333, 498], 201) == True": {
      "result": true,
      "time": 0.04063701629638672,
      "error": null
    },
    "assert greater_specificnum([221, 332, 502], 200) == True": {
      "result": true,
      "time": 0.03429865837097168,
      "error": null
    },
    "assert greater_specificnum([224, 331, 504], 197) == True": {
      "result": true,
      "time": 0.041846513748168945,
      "error": null
    },
    "assert greater_specificnum([223, 330, 502], 199) == True": {
      "result": true,
      "time": 0.03635096549987793,
      "error": null
    },
    "assert greater_specificnum([224, 329, 505], 201) == True": {
      "result": true,
      "time": 0.034421443939208984,
      "error": null
    },
    "assert greater_specificnum([222, 329, 496], 205) == True": {
      "result": true,
      "time": 0.03313159942626953,
      "error": null
    },
    "assert greater_specificnum([218, 333, 500], 200) == True": {
      "result": true,
      "time": 0.03320503234863281,
      "error": null
    },
    "assert greater_specificnum([15, 16, 21], 22) == False": {
      "result": true,
      "time": 0.03532910346984863,
      "error": null
    },
    "assert greater_specificnum([14, 21, 23], 18) == False": {
      "result": true,
      "time": 0.033734798431396484,
      "error": null
    },
    "assert greater_specificnum([13, 14, 18], 21) == False": {
      "result": true,
      "time": 0.028273820877075195,
      "error": null
    },
    "assert greater_specificnum([17, 19, 22], 24) == False": {
      "result": true,
      "time": 0.03170061111450195,
      "error": null
    },
    "assert greater_specificnum([11, 20, 16], 17) == False": {
      "result": true,
      "time": 0.033594608306884766,
      "error": null
    },
    "assert greater_specificnum([9, 12, 19], 20) == False": {
      "result": true,
      "time": 0.04152655601501465,
      "error": null
    },
    "assert greater_specificnum([11, 17, 20], 19) == False": {
      "result": true,
      "time": 0.04328489303588867,
      "error": null
    },
    "assert greater_specificnum([16, 22, 16], 20) == False": {
      "result": true,
      "time": 0.0381624698638916,
      "error": null
    },
    "assert greater_specificnum([8, 20, 18], 15) == False": {
      "result": true,
      "time": 0.04259085655212402,
      "error": null
    },
    "assert greater_specificnum([13, 16, 21], 19) == False": {
      "result": true,
      "time": 0.040863037109375,
      "error": null
    },
    "assert greater_specificnum([17, 17, 23], 15) == True": {
      "result": true,
      "time": 0.04325294494628906,
      "error": null
    },
    "assert greater_specificnum([8, 17, 22], 18) == False": {
      "result": true,
      "time": 0.040361881256103516,
      "error": null
    },
    "assert greater_specificnum([17, 14, 19], 17) == False": {
      "result": true,
      "time": 0.04329729080200195,
      "error": null
    },
    "assert greater_specificnum([14, 19, 16], 20) == False": {
      "result": true,
      "time": 0.03710627555847168,
      "error": null
    },
    "assert greater_specificnum([11, 20, 22], 16) == False": {
      "result": true,
      "time": 0.03967618942260742,
      "error": null
    },
    "assert greater_specificnum([8, 15, 26], 19) == False": {
      "result": true,
      "time": 0.03847646713256836,
      "error": null
    },
    "assert greater_specificnum([11, 19, 16], 21) == False": {
      "result": true,
      "time": 0.04149794578552246,
      "error": null
    },