{
  "code": "def max_sum(triangle, n):\n    dp = triangle[n-1]\n    for i in range(n-2, -1, -1):\n        for j in range(i+1):\n            dp[j] = max(dp[j], dp[j+1]) + triangle[i][j]\n    return max(dp)\n",
  "results": {
    "assert max_sum([[1], [2,1], [3,3,2]], 3) == 6": {
      "result": true,
      "time": 0.028252601623535156,
      "error": null
    },
    "assert max_sum([[1], [1, 2], [4, 1, 12]], 3) == 15 ": {
      "result": true,
      "time": 0.034606218338012695,
      "error": null
    },
    "assert max_sum([[2], [3,2], [13,23,12]], 3) == 28": {
      "result": true,
      "time": 0.037676334381103516,
      "error": null
    },
    "assert max_sum([[2], [6, 5], [1, 4, 2]], 2) == 8": {
      "result": true,
      "time": 0.053839921951293945,
      "error": null
    },
    "assert max_sum([[2], [1, 1], [7, 2, 3]], 3) == 10": {
      "result": true,
      "time": 0.04214048385620117,
      "error": null
    },
    "assert max_sum([[2], [4, 4], [6, 8, 3]], 3) == 14": {
      "result": true,
      "time": 0.04201245307922363,
      "error": null
    },
    "assert max_sum([[1], [2, 2], [8, 8, 6]], 3) == 11": {
      "result": true,
      "time": 0.03454089164733887,
      "error": null
    },
    "assert max_sum([[4], [3, 5], [6, 4, 4]], 2) == 9": {
      "result": true,
      "time": 0.03497648239135742,
      "error": null
    },
    "assert max_sum([[2], [3, 1], [2, 3, 7]], 1) == 2": {
      "result": true,
      "time": 0.051364898681640625,
      "error": null
    },
    "assert max_sum([[2], [3, 4], [1, 2, 5]], 3) == 11": {
      "result": true,
      "time": 0.03616666793823242,
      "error": null
    },
    "assert max_sum([[5], [3, 6], [5, 3, 5]], 2) == 11": {
      "result": true,
      "time": 0.042496681213378906,
      "error": null
    },
    "assert max_sum([[1], [7, 2], [7, 1, 5]], 1) == 1": {
      "result": true,
      "time": 0.04981398582458496,
      "error": null
    },
    "assert max_sum([[2], [4, 3], [7, 7, 6]], 2) == 6": {
      "result": true,
      "time": 0.03820443153381348,
      "error": null
    },
    "assert max_sum([[1], [1, 5], [5, 4, 6]], 3) == 12": {
      "result": true,
      "time": 0.03856086730957031,
      "error": null
    },
    "assert max_sum([[4], [7, 6], [8, 3, 4]], 2) == 11": {
      "result": true,
      "time": 0.046335697174072266,
      "error": null
    },
    "assert max_sum([[3], [6, 3], [2, 7, 1]], 1) == 3": {
      "result": true,
      "time": 0.03598332405090332,
      "error": null
    },
    "assert max_sum([[5], [6, 1], [2, 3, 3]], 3) == 14": {
      "result": true,
      "time": 0.04470181465148926,
      "error": null
    },
    "assert max_sum([[6], [5, 5], [2, 4, 5]], 3) == 16": {
      "result": true,
      "time": 0.043190956115722656,
      "error": null
    },
    "assert max_sum([[4], [6, 1], [5, 3, 6]], 1) == 4": {
      "result": true,
      "time": 0.0403437614440918,
      "error": null
    },
    "assert max_sum([[6], [2, 4], [2, 1, 4]], 1) == 6": {
      "result": true,
      "time": 0.045671939849853516,
      "error": null
    },
    "assert max_sum([[1], [2, 5], [3, 7, 3]], 3) == 13": {
      "result": true,
      "time": 0.04954862594604492,
      "error": null
    },
    "assert max_sum([[5], [7, 3], [6, 8, 6]], 1) == 5": {
      "result": true,
      "time": 0.03498530387878418,
      "error": null
    },
    "assert max_sum([[4], [3, 1], [6, 1, 5]], 1) == 4": {
      "result": true,
      "time": 0.04792904853820801,
      "error": null
    },
    "assert max_sum([[2], [4, 5], [5, 3, 6]], 2) == 7": {
      "result": true,
      "time": 0.043823957443237305,
      "error": null
    },
    "assert max_sum([[2], [5, 4], [1, 5, 5]], 3) == 12": {
      "result": true,
      "time": 0.0440673828125,
      "error": null
    },
    "assert max_sum([[4], [5, 5], [1, 6, 6]], 3) == 15": {
      "result": true,
      "time": 0.04891324043273926,
      "error": null
    },
    "assert max_sum([[5], [7, 4], [1, 4, 4]], 2) == 12": {
      "result": true,
      "time": 0.05358719825744629,
      "error": null
    },
    "assert max_sum([[2], [7, 4], [2, 2, 5]], 1) == 2": {
      "result": true,
      "time": 0.0556640625,
      "error": null
    },
    "assert max_sum([[5], [7, 5], [6, 1, 5]], 3) == 18": {
      "result": true,
      "time": 0.04436635971069336,
      "error": null
    },
    "assert max_sum([[1], [7, 4], [7, 1, 7]], 3) == 15": {
      "result": true,
      "time": 0.04997897148132324,
      "error": null
    },
    "assert max_sum([[1], [4, 5], [8, 3, 2]], 2) == 6": {
      "result": true,
      "time": 0.044576168060302734,
      "error": null
    },
    "assert max_sum([[6], [6, 6], [1, 2, 5]], 3) == 17": {
      "result": true,
      "time": 0.04156160354614258,
      "error": null
    },
    "assert max_sum([[5], [6, 2], [7, 3, 6]], 2) == 11": {
      "result": true,
      "time": 0.04399704933166504,
      "error": null
    },
    "assert max_sum([[1], [7, 2], [7, 4, 2]], 1) == 1": {
      "result": true,
      "time": 0.03426957130432129,
      "error": null
    },
    "assert max_sum([[6], [7, 1], [7, 6, 6]], 2) == 13": {
      "result": true,
      "time": 0.04238080978393555,
      "error": null
    },
    "assert max_sum([[6], [1, 3], [2, 4, 3]], 3) == 13": {
      "result": true,
      "time": 0.04349017143249512,
      "error": null
    },
    "assert max_sum([[5], [3, 7], [3, 1, 7]], 3) == 19": {
      "result": true,
      "time": 0.03880953788757324,
      "error": null
    },
    "assert max_sum([[6], [4, 3], [6, 3, 8]], 2) == 10": {
      "result": true,
      "time": 0.039806365966796875,
      "error": null
    },
    "assert max_sum([[5], [6, 3], [9, 6, 11]], 2) == 11": {
      "result": true,
      "time": 0.03350639343261719,
      "error": null
    },
    "assert max_sum([[5], [1, 6], [2, 1, 12]], 1) == 5": {
      "result": true,
      "time": 0.03936910629272461,
      "error": null
    },
    "assert max_sum([[4], [3, 7], [2, 5, 12]], 1) == 4": {
      "result": true,
      "time": 0.04552817344665527,
      "error": null
    },
    "assert max_sum([[1], [4, 5], [9, 2, 8]], 3) == 14": {
      "result": true,
      "time": 0.04456448554992676,
      "error": null
    },
    "assert max_sum([[6], [1, 4], [2, 6, 17]], 1) == 6": {
      "result": true,
      "time": 0.04968404769897461,
      "error": null
    },
    "assert max_sum([[6], [5, 7], [2, 4, 7]], 1) == 6": {
      "result": true,
      "time": 0.04400062561035156,
      "error": null
    },
    "assert max_sum([[4], [5, 3], [8, 4, 8]], 2) == 9": {
      "result": true,
      "time": 0.038255929946899414,
      "error": null
    },
    "assert max_sum([[6], [3, 5], [4, 4, 15]], 3) == 26": {
      "result": true,
      "time": 0.046640872955322266,
      "error": null
    },
    "assert max_sum([[1], [4, 2], [3, 3, 10]], 1) == 1": {
      "result": true,
      "time": 0.04406547546386719,
      "error": null
    },
    "assert max_sum([[5], [3, 7], [9, 4, 14]], 1) == 5": {
      "result": true,
      "time": 0.04475522041320801,
      "error": null
    },
    "assert max_sum([[2], [4, 2], [3, 4, 14]], 1) == 2": {
      "result": true,
      "time": 0.038953542709350586,
      "error": null
    },
    "assert max_sum([[3], [2, 7], [4, 1, 14]], 2) == 10": {
      "result": true,
      "time": 0.04000043869018555,
      "error": null
    },
    "assert max_sum([[6], [2, 3], [5, 1, 11]], 3) == 20": {
      "result": true,
      "time": 0.03817486763000488,
      "error": null
    },
    "assert max_sum([[2], [3, 7], [1, 6, 8]], 2) == 9": {
      "result": true,
      "time": 0.047660112380981445,
      "error": null
    },
    "assert max_sum([[1], [4, 1], [7, 5, 8]], 2) == 5": {
      "result": true,
      "time": 0.04764866828918457,
      "error": null
    },
    "assert max_sum([[2], [4, 4], [8, 5, 10]], 2) == 6": {
      "result": true,
      "time": 0.04177498817443848,
      "error": null
    },