{
  "code": "def remove_column(lst, col):\n    return [row[:col] + row[col+1:] for row in lst]\n",
  "results": {
    "assert remove_column([[1, 2, 3], [2, 4, 5], [1, 1, 1]],0)==[[2, 3], [4, 5], [1, 1]]": {
      "result": true,
      "time": 0.03287959098815918,
      "error": null
    },
    "assert remove_column([[1, 2, 3], [-2, 4, -5], [1, -1, 1]],2)==[[1, 2], [-2, 4], [1, -1]]": {
      "result": true,
      "time": 0.03776383399963379,
      "error": null
    },
    "assert remove_column([[1, 3], [5, 7], [1, 3], [13, 15, 17], [5, 7], [9, 11]],0)==[[3], [7], [3], [15, 17], [7], [11]]": {
      "result": true,
      "time": 0.04261302947998047,
      "error": null
    },
    "assert remove_column([[4, 5, 5], [4, 1, 4], [3, 6, 6]], 1) == [[4, 5], [4, 4], [3, 6]]": {
      "result": true,
      "time": 0.04405069351196289,
      "error": null
    },
    "assert remove_column([[3, 7, 1], [1, 6, 7], [6, 4, 1]], 2) == [[3, 7], [1, 6], [6, 4]]": {
      "result": true,
      "time": 0.03126358985900879,
      "error": null
    },
    "assert remove_column([[2, 6, 3], [1, 9, 2], [4, 2, 6]], 1) == [[2, 3], [1, 2], [4, 6]]": {
      "result": true,
      "time": 0.03139662742614746,
      "error": null
    },
    "assert remove_column([[3, 5, 5], [4, 4, 6], [5, 4, 1]], 2) == [[3, 5], [4, 4], [5, 4]]": {
      "result": true,
      "time": 0.0327763557434082,
      "error": null
    },
    "assert remove_column([[5, 1, 2], [1, 2, 5], [5, 1, 5]], 1) == [[5, 2], [1, 5], [5, 5]]": {
      "result": true,
      "time": 0.034013986587524414,
      "error": null
    },
    "assert remove_column([[5, 2, 8], [2, 3, 5], [6, 6, 5]], 1) == [[5, 8], [2, 5], [6, 5]]": {
      "result": true,
      "time": 0.036206722259521484,
      "error": null
    },
    "assert remove_column([[2, 5, 7], [7, 4, 5], [1, 3, 5]], 2) == [[2, 5], [7, 4], [1, 3]]": {
      "result": true,
      "time": 0.03876900672912598,
      "error": null
    },
    "assert remove_column([[1, 7, 1], [2, 3, 1], [6, 5, 3]], 2) == [[1, 7], [2, 3], [6, 5]]": {
      "result": true,
      "time": 0.04040193557739258,
      "error": null
    },
    "assert remove_column([[4, 2, 6], [6, 8, 8], [4, 3, 5]], 2) == [[4, 2], [6, 8], [4, 3]]": {
      "result": true,
      "time": 0.03696274757385254,
      "error": null
    },
    "assert remove_column([[6, 2, 6], [2, 4, 8], [3, 6, 1]], 2) == [[6, 2], [2, 4], [3, 6]]": {
      "result": true,
      "time": 0.03606915473937988,
      "error": null
    },
    "assert remove_column([[6, 2, 7], [4, 8, 3], [6, 2, 6]], 2) == [[6, 2], [4, 8], [6, 2]]": {
      "result": true,
      "time": 0.03616499900817871,
      "error": null
    },
    "assert remove_column([[4, 7, 1], [6, 5, 9], [2, 3, 6]], 2) == [[4, 7], [6, 5], [2, 3]]": {
      "result": true,
      "time": 0.03502774238586426,
      "error": null
    },
    "assert remove_column([[5, 4, 4], [1, 6, 3], [4, 3, 3]], 2) == [[5, 4], [1, 6], [4, 3]]": {
      "result": true,
      "time": 0.046018362045288086,
      "error": null
    },
    "assert remove_column([[5, 6, 8], [2, 7, 6], [1, 2, 2]], 1) == [[5, 8], [2, 6], [1, 2]]": {
      "result": true,
      "time": 0.03266286849975586,
      "error": null
    },
    "assert remove_column([[2, 2, 2], [7, 4, 4], [5, 3, 4]], 1) == [[2, 2], [7, 4], [5, 4]]": {
      "result": true,
      "time": 0.03246760368347168,
      "error": null
    },
    "assert remove_column([[3, 6, 7], [1, 5, 4], [4, 5, 2]], 1) == [[3, 7], [1, 4], [4, 2]]": {
      "result": true,
      "time": 0.037286996841430664,
      "error": null
    },
    "assert remove_column([[4, 2, 3], [7, 2, 10], [4, 1, 2]], 2) == [[4, 2], [7, 2], [4, 1]]": {
      "result": true,
      "time": 0.035597801208496094,
      "error": null
    },
    "assert remove_column([[2, 7, 4], [1, 3, 1], [2, 5, 6]], 1) == [[2, 4], [1, 1], [2, 6]]": {
      "result": true,
      "time": 0.03692626953125,
      "error": null
    },
    "assert remove_column([[6, 7, 3], [7, 7, 1], [2, 4, 4]], 1) == [[6, 3], [7, 1], [2, 4]]": {
      "result": true,
      "time": 0.03629279136657715,
      "error": null
    },
    "assert remove_column([[2, 7, 2], [6, 4, 7], [1, 3, 3]], 2) == [[2, 7], [6, 4], [1, 3]]": {
      "result": true,
      "time": 0.041259765625,
      "error": null
    },
    "assert remove_column([[3, 4, 8], [2, 1, 3], [3, 1, 4]], 2) == [[3, 4], [2, 1], [3, 1]]": {
      "result": true,
      "time": 0.046544790267944336,
      "error": null
    },
    "assert remove_column([[1, 3, 2], [5, 5, 9], [6, 4, 5]], 2) == [[1, 3], [5, 5], [6, 4]]": {
      "result": true,
      "time": 0.04257702827453613,
      "error": null
    },
    "assert remove_column([[1, 7, 3], [2, 2, 1], [6, 4, 6]], 1) == [[1, 3], [2, 1], [6, 6]]": {
      "result": true,
      "time": 0.034296274185180664,
      "error": null
    },
    "assert remove_column([[2, 6, 3], [6, 4, 3], [3, 3, 4]], 2) == [[2, 6], [6, 4], [3, 3]]": {
      "result": true,
      "time": 0.05046987533569336,
      "error": null
    },
    "assert remove_column([[1, 6, 3], [4, 3, 8], [4, 6, 1]], 1) == [[1, 3], [4, 8], [4, 1]]": {
      "result": true,
      "time": 0.0430150032043457,
      "error": null
    },
    "assert remove_column([[2, 4, 8], [2, 4, 3], [6, 5, 2]], 2) == [[2, 4], [2, 4], [6, 5]]": {
      "result": true,
      "time": 0.03788614273071289,
      "error": null
    },
    "assert remove_column([[5, 6, 6], [5, 1, 1], [2, 4, 5]], 1) == [[5, 6], [5, 1], [2, 5]]": {
      "result": true,
      "time": 0.041335344314575195,
      "error": null
    },
    "assert remove_column([[5, 5, 6], [5, 6, 7], [6, 3, 1]], 1) == [[5, 6], [5, 7], [6, 1]]": {
      "result": true,
      "time": 0.033402204513549805,
      "error": null
    },
    "assert remove_column([[3, 1, 7], [6, 6, 6], [5, 6, 3]], 1) == [[3, 7], [6, 6], [5, 3]]": {
      "result": true,
      "time": 0.03313565254211426,
      "error": null
    },
    "assert remove_column([[4, 2, 1], [6, 4, 4], [1, 1, 2]], 2) == [[4, 2], [6, 4], [1, 1]]": {
      "result": true,
      "time": 0.03749895095825195,
      "error": null
    },
    "assert remove_column([[2, 4, 6], [4, 1, 10], [5, 1, 2]], 1) == [[2, 6], [4, 10], [5, 2]]": {
      "result": true,
      "time": 0.03544330596923828,
      "error": null
    },
    "assert remove_column([[6, 3, 4], [2, 2, 8], [5, 6, 2]], 1) == [[6, 4], [2, 8], [5, 2]]": {
      "result": true,
      "time": 0.04110884666442871,
      "error": null
    },
    "assert remove_column([[2, 2, 1], [7, 8, 3], [6, 3, 5]], 1) == [[2, 1], [7, 3], [6, 5]]": {
      "result": true,
      "time": 0.0339512825012207,
      "error": null
    },
    "assert remove_column([[6, 4, 6], [1, 8, -8], [3, -4, 6]], 1) == [[6, 6], [1, -8], [3, 6]]": {
      "result": true,
      "time": 0.03575539588928223,
      "error": null
    },
    "assert remove_column([[5, 5, 5], [-2, 1, -9], [4, 1, 1]], 1) == [[5, 5], [-2, -9], [4, 1]]": {
      "result": true,
      "time": 0.03680706024169922,
      "error": null
    },
    "assert remove_column([[4, 7, 8], [-4, 1, -10], [6, 2, 2]], 2) == [[4, 7], [-4, 1], [6, 2]]": {
      "result": true,
      "time": 0.037650346755981445,
      "error": null
    },
    "assert remove_column([[4, 6, 6], [-5, 8, -5], [3, -3, 6]], 2) == [[4, 6], [-5, 8], [3, -3]]": {
      "result": true,
      "time": 0.03883028030395508,
      "error": null
    },
    "assert remove_column([[3, 3, 1], [0, 1, -9], [2, -6, 3]], 2) == [[3, 3], [0, 1], [2, -6]]": {
      "result": true,
      "time": 0.03620457649230957,
      "error": null
    },
    "assert remove_column([[1, 3, 1], [-4, 5, -4], [6, 4, 1]], 1) == [[1, 1], [-4, -4], [6, 1]]": {
      "result": true,
      "time": 0.04129171371459961,
      "error": null
    },
    "assert remove_column([[4, 4, 2], [-2, 8, -2], [3, 0, 3]], 2) == [[4, 4], [-2, 8], [3, 0]]": {
      "result": true,
      "time": 0.040274620056152344,
      "error": null
    },