{
  "code": "def overlapping(list1, list2):\n    return set(list1).intersection(set(list2))",
  "results": {
    "assert overlapping([1,2,3,4,5],[6,7,8,9]) == False": {
      "result": false,
      "time": 0.04988670349121094,
      "error": null
    },
    "assert overlapping([1,2,3],[4,5,6]) == False": {
      "result": false,
      "time": 0.046465158462524414,
      "error": null
    },
    "assert overlapping([1,4,5],[1,4,5]) == True": {
      "result": false,
      "time": 0.0512537956237793,
      "error": null
    },
    "assert overlapping([1, 3, 7, 9, 1], [6, 11, 4, 12]) == 0": {
      "result": false,
      "time": 0.042072296142578125,
      "error": null
    },
    "assert overlapping([2, 2, 5, 3, 2], [1, 9, 12, 6]) == 0": {
      "result": false,
      "time": 0.04522991180419922,
      "error": null
    },
    "assert overlapping([3, 6, 3, 3, 9], [1, 6, 11, 14]) == 1": {
      "result": false,
      "time": 0.03412318229675293,
      "error": null
    },
    "assert overlapping([3, 6, 5, 9, 6], [10, 3, 12, 13]) == 1": {
      "result": false,
      "time": 0.04743695259094238,
      "error": null
    },
    "assert overlapping([2, 5, 2, 2, 5], [1, 8, 12, 13]) == 0": {
      "result": false,
      "time": 0.048458099365234375,
      "error": null
    },
    "assert overlapping([1, 7, 8, 2, 7], [4, 6, 13, 8]) == 1": {
      "result": false,
      "time": 0.046417236328125,
      "error": null
    },
    "assert overlapping([1, 5, 1, 1, 7], [2, 11, 7, 4]) == 1": {
      "result": false,
      "time": 0.04568982124328613,
      "error": null
    },
    "assert overlapping([3, 2, 7, 7, 4], [3, 11, 5, 14]) == 1": {
      "result": false,
      "time": 0.0563199520111084,
      "error": null
    },
    "assert overlapping([3, 7, 1, 6, 7], [3, 2, 6, 13]) == 1": {
      "result": false,
      "time": 0.039986371994018555,
      "error": null
    },
    "assert overlapping([5, 6, 8, 4, 4], [7, 3, 8, 11]) == 1": {
      "result": false,
      "time": 0.03466916084289551,
      "error": null
    },
    "assert overlapping([3, 4, 5, 2, 3], [10, 11, 9, 6]) == 0": {
      "result": false,
      "time": 0.04346895217895508,
      "error": null
    },
    "assert overlapping([5, 4, 4, 2, 5], [8, 6, 13, 12]) == 0": {
      "result": false,
      "time": 0.04686164855957031,
      "error": null
    },
    "assert overlapping([3, 3, 3, 3, 9], [2, 3, 12, 7]) == 1": {
      "result": false,
      "time": 0.0493626594543457,
      "error": null
    },
    "assert overlapping([6, 1, 3, 5, 5], [2, 7, 3, 13]) == 1": {
      "result": false,
      "time": 0.04243159294128418,
      "error": null
    },
    "assert overlapping([4, 5, 4, 7, 1], [6, 8, 6, 14]) == 0": {
      "result": false,
      "time": 0.04183053970336914,
      "error": null
    },
    "assert overlapping([6, 1, 1, 5, 2], [6, 5, 10, 8]) == 1": {
      "result": false,
      "time": 0.042029380798339844,
      "error": null
    },
    "assert overlapping([5, 1, 4, 3, 10], [9, 10, 6, 12]) == 1": {
      "result": false,
      "time": 0.05046844482421875,
      "error": null
    },
    "assert overlapping([2, 5, 7, 9, 1], [6, 10, 11, 4]) == 0": {
      "result": false,
      "time": 0.049700021743774414,
      "error": null
    },
    "assert overlapping([1, 7, 8, 3, 1], [9, 11, 12, 12]) == 0": {
      "result": false,
      "time": 0.0553131103515625,
      "error": null
    },
    "assert overlapping([6, 4, 4, 5, 2], [7, 8, 3, 4]) == 1": {
      "result": false,
      "time": 0.052030086517333984,
      "error": null
    },
    "assert overlapping([4, 1, 5, 6, 8], [1, 4, 9, 14]) == 1": {
      "result": false,
      "time": 0.043996334075927734,
      "error": null
    },
    "assert overlapping([5, 2, 4, 4, 2], [4, 7, 9, 6]) == 1": {
      "result": false,
      "time": 0.05948376655578613,
      "error": null
    },
    "assert overlapping([2, 1, 3, 8, 9], [9, 4, 6, 4]) == 1": {
      "result": false,
      "time": 0.04663491249084473,
      "error": null
    },
    "assert overlapping([5, 2, 5, 8, 3], [6, 7, 5, 14]) == 1": {
      "result": false,
      "time": 0.06103825569152832,
      "error": null
    },
    "assert overlapping([5, 3, 2, 6, 10], [4, 9, 9, 11]) == 0": {
      "result": false,
      "time": 0.04883384704589844,
      "error": null
    },
    "assert overlapping([6, 7, 7, 8, 10], [7, 6, 10, 12]) == 1": {
      "result": false,
      "time": 0.0507662296295166,
      "error": null
    },
    "assert overlapping([3, 6, 4, 3, 2], [1, 7, 11, 11]) == 0": {
      "result": false,
      "time": 0.051766395568847656,
      "error": null
    },
    "assert overlapping([6, 5, 8, 4, 5], [2, 4, 12, 12]) == 1": {
      "result": false,
      "time": 0.061798095703125,
      "error": null
    },
    "assert overlapping([5, 7, 5, 9, 5], [2, 3, 12, 12]) == 0": {
      "result": false,
      "time": 0.0626835823059082,
      "error": null
    },
    "assert overlapping([1, 7, 4, 7, 9], [7, 11, 8, 12]) == 1": {
      "result": false,
      "time": 0.05893373489379883,
      "error": null
    },
    "assert overlapping([6, 4, 1, 1, 10], [2, 5, 5, 10]) == 1": {
      "result": false,
      "time": 0.05397963523864746,
      "error": null
    },
    "assert overlapping([3, 7, 6, 8, 8], [10, 11, 6, 10]) == 1": {
      "result": false,
      "time": 0.06245064735412598,
      "error": null
    },
    "assert overlapping([3, 1, 3, 9, 5], [9, 3, 10, 6]) == 1": {
      "result": false,
      "time": 0.05603289604187012,
      "error": null
    },
    "assert overlapping([6, 7, 5], [6, 10, 2]) == 1": {
      "result": false,
      "time": 0.04283571243286133,
      "error": null
    },
    "assert overlapping([6, 1, 5], [7, 8, 2]) == 0": {
      "result": false,
      "time": 0.06839728355407715,
      "error": null
    },
    "assert overlapping([2, 3, 2], [6, 10, 3]) == 1": {
      "result": false,
      "time": 0.05402207374572754,
      "error": null
    },
    "assert overlapping([4, 7, 1], [4, 1, 8]) == 1": {
      "result": false,
      "time": 0.06543469429016113,
      "error": null
    },
    "assert overlapping([4, 5, 3], [9, 5, 8]) == 1": {
      "result": false,
      "time": 0.052343130111694336,
      "error": null
    },
    "assert overlapping([3, 5, 3], [7, 2, 1]) == 0": {
      "result": false,
      "time": 0.06120419502258301,
      "error": null
    },
    "assert overlapping([6, 5, 6], [6, 10, 4]) == 1": {
      "result": false,
      "time": 0.05384182929992676,
      "error": null
    },
    "assert overlapping([5, 4, 2], [9, 6, 4]) == 1": {
      "result": false,
      "time": 0.062006235122680664,
      "error": null
    },
    "assert overlapping([4, 7, 2], [6, 4, 3]) == 1": {
      "result": false,
      "time": 0.0530095100402832,
      "error": null
    },
    "assert overlapping([3, 3, 2], [7, 6, 3]) == 1": {
      "result": false,
      "time": 0.06453871726989746,
      "error": null
    },
    "assert overlapping([1, 7, 6], [6, 6, 2]) == 1": {
      "result": false,
      "time": 0.05689096450805664,
      "error": null
    },
    "assert overlapping([2, 1, 3], [9, 1, 1]) == 1": {
      "result": false,
      "time": 0.06292319297790527,
      "error": null
    },
    "assert overlapping([2, 5, 1], [8, 2, 8]) == 1": {
      "result": false,
      "time": 0.04845166206359863,
      "error": null
    },
    "assert overlapping([1, 1, 8], [9, 3, 4]) == 0": {
      "result": false,
      "time": 0.057975053787231445,
      "error": null
    },
    "assert overlapping([6, 2, 7], [6, 5, 7]) == 1": {
      "result": false,
      "time": 0.04796862602233887,
      "error": null
    },
    "assert overlapping([2, 1, 2], [2, 8, 7]) == 1": {
      "result": false,
      "time": 0.06554126739501953,
      "error": null
    },
    "assert overlapping([5, 6, 1], [2, 2, 3]) == 0": {
      "result": false,
      "time": 0.05063676834106445,
      "error": null
    },
    "assert overlapping([6, 2, 2], [8, 10, 2]) == 1": {
      "result": false,
      "time": 0.052098989486694336,