{
  "code": "def counting_sort(arr):\n    max_val = max(arr)\n    count = [0] * (max_val + 1)\n    for num in arr:\n        count[num] += 1\n    sorted_arr = []\n    for i, frequency in enumerate(count):\n        sorted_arr.extend([i] * frequency)\n    return sorted_arr\n",
  "results": {
    "assert counting_sort([1,23,4,5,6,7,8]) == [1, 4, 5, 6, 7, 8, 23]": {
      "result": true,
      "time": 0.043160438537597656,
      "error": null
    },
    "assert counting_sort([12, 9, 28, 33, 69, 45]) == [9, 12, 28, 33, 45, 69]": {
      "result": true,
      "time": 0.043740272521972656,
      "error": null
    },
    "assert counting_sort([8, 4, 14, 3, 2, 1]) == [1, 2, 3, 4, 8, 14]": {
      "result": true,
      "time": 0.0341792106628418,
      "error": null
    },
    "assert counting_sort([5, 18, 8, 3, 7, 11, 11]) == [3, 5, 7, 8, 11, 11, 18]": {
      "result": true,
      "time": 0.04218411445617676,
      "error": null
    },
    "assert counting_sort([2, 23, 5, 7, 7, 9, 10]) == [2, 5, 7, 7, 9, 10, 23]": {
      "result": true,
      "time": 0.040589094161987305,
      "error": null
    },
    "assert counting_sort([2, 23, 7, 4, 11, 12, 8]) == [2, 4, 7, 8, 11, 12, 23]": {
      "result": true,
      "time": 0.0462343692779541,
      "error": null
    },
    "assert counting_sort([3, 26, 6, 9, 5, 12, 10]) == [3, 5, 6, 9, 10, 12, 26]": {
      "result": true,
      "time": 0.04196476936340332,
      "error": null
    },
    "assert counting_sort([3, 27, 3, 7, 6, 9, 9]) == [3, 3, 6, 7, 9, 9, 27]": {
      "result": true,
      "time": 0.03401994705200195,
      "error": null
    },
    "assert counting_sort([2, 18, 9, 10, 9, 12, 6]) == [2, 6, 9, 9, 10, 12, 18]": {
      "result": true,
      "time": 0.042353153228759766,
      "error": null
    },
    "assert counting_sort([5, 24, 2, 8, 2, 8, 3]) == [2, 2, 3, 5, 8, 8, 24]": {
      "result": true,
      "time": 0.03683018684387207,
      "error": null
    },
    "assert counting_sort([1, 21, 9, 7, 4, 5, 11]) == [1, 4, 5, 7, 9, 11, 21]": {
      "result": true,
      "time": 0.036653995513916016,
      "error": null
    },
    "assert counting_sort([3, 19, 6, 5, 2, 5, 11]) == [2, 3, 5, 5, 6, 11, 19]": {
      "result": true,
      "time": 0.033967018127441406,
      "error": null
    },
    "assert counting_sort([1, 22, 4, 9, 7, 4, 4]) == [1, 4, 4, 4, 7, 9, 22]": {
      "result": true,
      "time": 0.02736806869506836,
      "error": null
    },
    "assert counting_sort([2, 21, 9, 4, 6, 3, 9]) == [2, 3, 4, 6, 9, 9, 21]": {
      "result": true,
      "time": 0.03249478340148926,
      "error": null
    },
    "assert counting_sort([6, 25, 8, 2, 6, 10, 7]) == [2, 6, 6, 7, 8, 10, 25]": {
      "result": true,
      "time": 0.03827333450317383,
      "error": null
    },
    "assert counting_sort([3, 26, 6, 8, 5, 2, 7]) == [2, 3, 5, 6, 7, 8, 26]": {
      "result": true,
      "time": 0.038520097732543945,
      "error": null
    },
    "assert counting_sort([5, 18, 8, 2, 8, 3, 5]) == [2, 3, 5, 5, 8, 8, 18]": {
      "result": true,
      "time": 0.04297637939453125,
      "error": null
    },
    "assert counting_sort([5, 22, 8, 3, 4, 12, 5]) == [3, 4, 5, 5, 8, 12, 22]": {
      "result": true,
      "time": 0.03934311866760254,
      "error": null
    },
    "assert counting_sort([3, 20, 3, 8, 6, 10, 13]) == [3, 3, 6, 8, 10, 13, 20]": {
      "result": true,
      "time": 0.03569388389587402,
      "error": null
    },
    "assert counting_sort([6, 23, 7, 1, 1, 10, 11]) == [1, 1, 6, 7, 10, 11, 23]": {
      "result": true,
      "time": 0.04681992530822754,
      "error": null
    },
    "assert counting_sort([4, 28, 7, 3, 11, 12, 11]) == [3, 4, 7, 11, 11, 12, 28]": {
      "result": true,
      "time": 0.03560495376586914,
      "error": null
    },
    "assert counting_sort([4, 28, 9, 3, 4, 4, 5]) == [3, 4, 4, 4, 5, 9, 28]": {
      "result": true,
      "time": 0.03605294227600098,
      "error": null
    },
    "assert counting_sort([6, 24, 7, 1, 10, 11, 9]) == [1, 6, 7, 9, 10, 11, 24]": {
      "result": true,
      "time": 0.0406496524810791,
      "error": null
    },
    "assert counting_sort([3, 23, 6, 1, 11, 11, 6]) == [1, 3, 6, 6, 11, 11, 23]": {
      "result": true,
      "time": 0.0397791862487793,
      "error": null
    },
    "assert counting_sort([3, 18, 9, 8, 2, 2, 7]) == [2, 2, 3, 7, 8, 9, 18]": {
      "result": true,
      "time": 0.03534746170043945,
      "error": null
    },
    "assert counting_sort([6, 21, 5, 4, 4, 9, 11]) == [4, 4, 5, 6, 9, 11, 21]": {
      "result": true,
      "time": 0.03140854835510254,
      "error": null
    },
    "assert counting_sort([4, 21, 1, 7, 6, 5, 5]) == [1, 4, 5, 5, 6, 7, 21]": {
      "result": true,
      "time": 0.04702115058898926,
      "error": null
    },
    "assert counting_sort([3, 21, 1, 6, 8, 4, 13]) == [1, 3, 4, 6, 8, 13, 21]": {
      "result": true,
      "time": 0.038460493087768555,
      "error": null
    },
    "assert counting_sort([2, 23, 8, 9, 1, 6, 12]) == [1, 2, 6, 8, 9, 12, 23]": {
      "result": true,
      "time": 0.038832664489746094,
      "error": null
    },
    "assert counting_sort([4, 19, 8, 9, 8, 11, 10]) == [4, 8, 8, 9, 10, 11, 19]": {
      "result": true,
      "time": 0.04173111915588379,
      "error": null
    },
    "assert counting_sort([3, 27, 8, 5, 2, 6, 13]) == [2, 3, 5, 6, 8, 13, 27]": {
      "result": true,
      "time": 0.03959989547729492,
      "error": null
    },
    "assert counting_sort([4, 20, 3, 7, 8, 10, 7]) == [3, 4, 7, 7, 8, 10, 20]": {
      "result": true,
      "time": 0.03811240196228027,
      "error": null
    },
    "assert counting_sort([4, 28, 4, 9, 1, 12, 12]) == [1, 4, 4, 9, 12, 12, 28]": {
      "result": true,
      "time": 0.03416585922241211,
      "error": null
    },
    "assert counting_sort([4, 22, 3, 4, 3, 10, 5]) == [3, 3, 4, 4, 5, 10, 22]": {
      "result": true,
      "time": 0.03924679756164551,
      "error": null
    },
    "assert counting_sort([6, 20, 1, 5, 3, 9, 10]) == [1, 3, 5, 6, 9, 10, 20]": {
      "result": true,
      "time": 0.039965152740478516,
      "error": null
    },
    "assert counting_sort([5, 24, 5, 10, 8, 12, 7]) == [5, 5, 7, 8, 10, 12, 24]": {
      "result": true,
      "time": 0.044892072677612305,
      "error": null
    },
    "assert counting_sort([15, 7, 25, 28, 68, 46]) == [7, 15, 25, 28, 46, 68]": {
      "result": true,
      "time": 0.04007720947265625,
      "error": null
    },
    "assert counting_sort([14, 10, 26, 30, 71, 41]) == [10, 14, 26, 30, 41, 71]": {
      "result": true,
      "time": 0.03862118721008301,
      "error": null
    },
    "assert counting_sort([7, 6, 30, 38, 69, 45]) == [6, 7, 30, 38, 45, 69]": {
      "result": true,
      "time": 0.03838777542114258,
      "error": null
    },
    "assert counting_sort([17, 13, 27, 28, 67, 40]) == [13, 17, 27, 28, 40, 67]": {
      "result": true,
      "time": 0.045346736907958984,
      "error": null
    },
    "assert counting_sort([8, 4, 23, 29, 71, 42]) == [4, 8, 23, 29, 42, 71]": {
      "result": true,
      "time": 0.06023669242858887,
      "error": null
    },
    "assert counting_sort([17, 6, 23, 38, 66, 50]) == [6, 17, 23, 38, 50, 66]": {
      "result": true,
      "time": 0.04412698745727539,
      "error": null
    },
    "assert counting_sort([13, 12, 28, 32, 69, 44]) == [12, 13, 28, 32, 44, 69]": {
      "result": true,
      "time": 0.04372406005859375,
      "error": null
    },
    "assert counting_sort([13, 13, 26, 37, 66, 41]) == [13, 13, 26, 37, 41, 66]": {
      "result": true,
      "time": 0.03876900672912598,
      "error": null
    },
    "assert counting_sort([14, 12, 31, 34, 73, 50]) == [12, 14, 31, 34, 50, 73]": {
      "result": true,
      "time": 0.04365086555480957,
      "error": null
    },
    "assert counting_sort([13, 6, 27, 29, 64, 42]) == [6, 13, 27, 29, 42, 64]": {
      "result": true,
      "time": 0.04969477653503418,
      "error": null
    },