{
  "code": "def zigzag(n, k):\n    if n == 0 and k == 0:\n        return 1\n    if k == 0:\n        return 0\n    return zigzag(n, k - 1) + zigzag(n - 1, n - k)",
  "results": {
    "assert zigzag(4, 3) == 5": {
      "result": true,
      "time": 0.044274330139160156,
      "error": null
    },
    "assert zigzag(4, 2) == 4": {
      "result": true,
      "time": 0.041379690170288086,
      "error": null
    },
    "assert zigzag(3, 1) == 1": {
      "result": true,
      "time": 0.035653114318847656,
      "error": null
    },
    "assert zigzag(9, 8) == 7936": {
      "result": true,
      "time": 0.06018424034118652,
      "error": null
    },
    "assert zigzag(9, 2) == 2770": {
      "result": true,
      "time": 0.05274677276611328,
      "error": null
    },
    "assert zigzag(7, 7) == 272": {
      "result": true,
      "time": 0.050391197204589844,
      "error": null
    },
    "assert zigzag(6, 1) == 16": {
      "result": true,
      "time": 0.051815032958984375,
      "error": null
    },
    "assert zigzag(8, 7) == 1385": {
      "result": true,
      "time": 0.04446554183959961,
      "error": null
    },
    "assert zigzag(8, 8) == 1385": {
      "result": true,
      "time": 0.04723405838012695,
      "error": null
    },
    "assert zigzag(5, 1) == 5": {
      "result": true,
      "time": 0.03904843330383301,
      "error": null
    },
    "assert zigzag(5, 3) == 14": {
      "result": true,
      "time": 0.04407763481140137,
      "error": null
    },
    "assert zigzag(4, 1) == 2": {
      "result": true,
      "time": 0.04657554626464844,
      "error": null
    },
    "assert zigzag(8, 6) == 1324": {
      "result": true,
      "time": 0.0440216064453125,
      "error": null
    },
    "assert zigzag(8, 4) == 1024": {
      "result": true,
      "time": 0.04895448684692383,
      "error": null
    },
    "assert zigzag(6, 2) == 32": {
      "result": true,
      "time": 0.04098629951477051,
      "error": null
    },
    "assert zigzag(1, 1) == 1": {
      "result": true,
      "time": 0.04754495620727539,
      "error": null
    },
    "assert zigzag(6, 5) == 61": {
      "result": true,
      "time": 0.03997230529785156,
      "error": null
    },
    "assert zigzag(2, 1) == 1": {
      "result": true,
      "time": 0.0364985466003418,
      "error": null
    },
    "assert zigzag(5, 5) == 16": {
      "result": true,
      "time": 0.036553144454956055,
      "error": null
    },
    "assert zigzag(9, 5) == 6320": {
      "result": true,
      "time": 0.05359601974487305,
      "error": null
    },
    "assert zigzag(9, 7) == 7664": {
      "result": true,
      "time": 0.06740021705627441,
      "error": null
    },
    "assert zigzag(9, 3) == 4094": {
      "result": true,
      "time": 0.046762943267822266,
      "error": null
    },
    "assert zigzag(6, 6) == 61": {
      "result": true,
      "time": 0.03900551795959473,
      "error": null
    },
    "assert zigzag(9, 6) == 7120": {
      "result": true,
      "time": 0.05944061279296875,
      "error": null
    },
    "assert zigzag(8, 5) == 1202": {
      "result": true,
      "time": 0.05182933807373047,
      "error": null
    },
    "assert zigzag(9, 4) == 5296": {
      "result": true,
      "time": 0.05656695365905762,
      "error": null
    },
    "assert zigzag(5, 4) == 16": {
      "result": true,
      "time": 0.04537034034729004,
      "error": null
    },
    "assert zigzag(5, 2) == 10": {
      "result": true,
      "time": 0.03859519958496094,
      "error": null
    },
    "assert zigzag(7, 3) == 178": {
      "result": true,
      "time": 0.04211258888244629,
      "error": null
    },
    "assert zigzag(7, 2) == 122": {
      "result": true,
      "time": 0.038532257080078125,
      "error": null
    },
    "assert zigzag(8, 2) == 544": {
      "result": true,
      "time": 0.047303199768066406,
      "error": null
    },
    "assert zigzag(7, 6) == 272": {
      "result": true,
      "time": 0.04665064811706543,
      "error": null
    },
    "assert zigzag(7, 5) == 256": {
      "result": true,
      "time": 0.04506993293762207,
      "error": null
    },
    "assert zigzag(6, 3) == 46": {
      "result": true,
      "time": 0.04371786117553711,
      "error": null
    },
    "assert zigzag(8, 3) == 800": {
      "result": true,
      "time": 0.0437467098236084,
      "error": null
    },
    "assert zigzag(7, 1) == 61": {
      "result": true,
      "time": 0.04251289367675781,
      "error": null
    },
    "assert zigzag(6, 4) == 56": {
      "result": true,
      "time": 0.05418825149536133,
      "error": null
    },
    "assert zigzag(3, 3) == 2": {
      "result": true,
      "time": 0.0477750301361084,
      "error": null
    },
    "assert zigzag(8, 1) == 272": {
      "result": true,
      "time": 0.04089498519897461,
      "error": null
    },
    "assert zigzag(2, 2) == 1": {
      "result": true,
      "time": 0.04827165603637695,
      "error": null
    },
    "assert zigzag(7, 4) == 224": {
      "result": true,
      "time": 0.047574520111083984,
      "error": null
    }
  },
  "passed": true,
  "accuracy": 1.0,
  "general_error": "",
  "has_testcase_error": false
}