{
  "code": "def comb_sort(arr):\n    n = len(arr)\n    gap = n\n    shrink = 1.3\n    swapped = True\n    \n    while gap > 1 or swapped:\n        # Update the gap value for the next comb\n        gap = max(1, int(gap / shrink))\n        swapped = False\n        \n        for i in range(n - gap):\n            if arr[i] > arr[i + gap]:\n                # Swap elements\n                arr[i], arr[i + gap] = arr[i + gap], arr[i]\n                swapped = True\n    return arr",
  "results": {
    "assert comb_sort([5, 15, 37, 25, 79]) == [5, 15, 25, 37, 79]": {
      "result": true,
      "time": 0.049326181411743164,
      "error": null
    },
    "assert comb_sort([41, 32, 15, 19, 22]) == [15, 19, 22, 32, 41]": {
      "result": true,
      "time": 0.0449676513671875,
      "error": null
    },
    "assert comb_sort([99, 15, 13, 47]) == [13, 15, 47, 99]": {
      "result": true,
      "time": 0.04166865348815918,
      "error": null
    },
    "assert comb_sort([7, 10, 39, 29, 78]) == [7, 10, 29, 39, 78]": {
      "result": true,
      "time": 0.04421257972717285,
      "error": null
    },
    "assert comb_sort([2, 19, 41, 28, 75]) == [2, 19, 28, 41, 75]": {
      "result": true,
      "time": 0.04283475875854492,
      "error": null
    },
    "assert comb_sort([9, 11, 37, 30, 83]) == [9, 11, 30, 37, 83]": {
      "result": true,
      "time": 0.045775651931762695,
      "error": null
    },
    "assert comb_sort([2, 10, 37, 27, 76]) == [2, 10, 27, 37, 76]": {
      "result": true,
      "time": 0.050801753997802734,
      "error": null
    },
    "assert comb_sort([1, 11, 37, 27, 75]) == [1, 11, 27, 37, 75]": {
      "result": true,
      "time": 0.03930020332336426,
      "error": null
    },
    "assert comb_sort([9, 12, 33, 24, 84]) == [9, 12, 24, 33, 84]": {
      "result": true,
      "time": 0.04628801345825195,
      "error": null
    },
    "assert comb_sort([10, 14, 41, 25, 82]) == [10, 14, 25, 41, 82]": {
      "result": true,
      "time": 0.04776310920715332,
      "error": null
    },
    "assert comb_sort([3, 20, 38, 27, 75]) == [3, 20, 27, 38, 75]": {
      "result": true,
      "time": 0.044127464294433594,
      "error": null
    },
    "assert comb_sort([7, 12, 40, 26, 76]) == [7, 12, 26, 40, 76]": {
      "result": true,
      "time": 0.04568648338317871,
      "error": null
    },
    "assert comb_sort([2, 19, 38, 24, 84]) == [2, 19, 24, 38, 84]": {
      "result": true,
      "time": 0.04636740684509277,
      "error": null
    },
    "assert comb_sort([3, 11, 34, 23, 77]) == [3, 11, 23, 34, 77]": {
      "result": true,
      "time": 0.03812718391418457,
      "error": null
    },
    "assert comb_sort([1, 12, 34, 20, 81]) == [1, 12, 20, 34, 81]": {
      "result": true,
      "time": 0.045977115631103516,
      "error": null
    },
    "assert comb_sort([6, 15, 38, 26, 77]) == [6, 15, 26, 38, 77]": {
      "result": true,
      "time": 0.047066450119018555,
      "error": null
    },
    "assert comb_sort([6, 10, 38, 22, 84]) == [6, 10, 22, 38, 84]": {
      "result": true,
      "time": 0.04229617118835449,
      "error": null
    },
    "assert comb_sort([7, 16, 38, 28, 75]) == [7, 16, 28, 38, 75]": {
      "result": true,
      "time": 0.04773974418640137,
      "error": null
    },
    "assert comb_sort([1, 14, 37, 26, 75]) == [1, 14, 26, 37, 75]": {
      "result": true,
      "time": 0.04880881309509277,
      "error": null
    },
    "assert comb_sort([8, 18, 36, 29, 80]) == [8, 18, 29, 36, 80]": {
      "result": true,
      "time": 0.047202348709106445,
      "error": null
    },
    "assert comb_sort([4, 16, 37, 28, 79]) == [4, 16, 28, 37, 79]": {
      "result": true,
      "time": 0.0534822940826416,
      "error": null
    },
    "assert comb_sort([8, 11, 37, 24, 84]) == [8, 11, 24, 37, 84]": {
      "result": true,
      "time": 0.04379415512084961,
      "error": null
    },
    "assert comb_sort([4, 10, 32, 25, 75]) == [4, 10, 25, 32, 75]": {
      "result": true,
      "time": 0.0489654541015625,
      "error": null
    },
    "assert comb_sort([2, 17, 38, 20, 78]) == [2, 17, 20, 38, 78]": {
      "result": true,
      "time": 0.05687284469604492,
      "error": null
    },
    "assert comb_sort([1, 16, 41, 30, 82]) == [1, 16, 30, 41, 82]": {
      "result": true,
      "time": 0.05765938758850098,
      "error": null
    },
    "assert comb_sort([5, 12, 32, 25, 83]) == [5, 12, 25, 32, 83]": {
      "result": true,
      "time": 0.048431396484375,
      "error": null
    },
    "assert comb_sort([5, 13, 32, 28, 74]) == [5, 13, 28, 32, 74]": {
      "result": true,
      "time": 0.05814337730407715,
      "error": null
    },
    "assert comb_sort([6, 20, 40, 26, 79]) == [6, 20, 26, 40, 79]": {
      "result": true,
      "time": 0.05201530456542969,
      "error": null
    },
    "assert comb_sort([1, 10, 34, 22, 80]) == [1, 10, 22, 34, 80]": {
      "result": true,
      "time": 0.055200815200805664,
      "error": null
    },
    "assert comb_sort([7, 10, 39, 20, 83]) == [7, 10, 20, 39, 83]": {
      "result": true,
      "time": 0.04604005813598633,
      "error": null
    },
    "assert comb_sort([1, 20, 38, 24, 74]) == [1, 20, 24, 38, 74]": {
      "result": true,
      "time": 0.052237510681152344,
      "error": null
    },
    "assert comb_sort([3, 14, 42, 29, 80]) == [3, 14, 29, 42, 80]": {
      "result": true,
      "time": 0.059831857681274414,
      "error": null
    },
    "assert comb_sort([4, 13, 38, 28, 83]) == [4, 13, 28, 38, 83]": {
      "result": true,
      "time": 0.05319571495056152,
      "error": null
    },
    "assert comb_sort([2, 20, 33, 24, 80]) == [2, 20, 24, 33, 80]": {
      "result": true,
      "time": 0.04131293296813965,
      "error": null
    },
    "assert comb_sort([2, 13, 32, 25, 79]) == [2, 13, 25, 32, 79]": {
      "result": true,
      "time": 0.05085349082946777,
      "error": null
    },
    "assert comb_sort([7, 12, 33, 29, 76]) == [7, 12, 29, 33, 76]": {
      "result": true,
      "time": 0.05323529243469238,
      "error": null
    },
    "assert comb_sort([42, 36, 20, 21, 24]) == [20, 21, 24, 36, 42]": {
      "result": true,
      "time": 0.054792165756225586,
      "error": null
    },
    "assert comb_sort([37, 32, 20, 21, 18]) == [18, 20, 21, 32, 37]": {
      "result": true,
      "time": 0.059073448181152344,
      "error": null
    },
    "assert comb_sort([36, 27, 16, 24, 21]) == [16, 21, 24, 27, 36]": {
      "result": true,
      "time": 0.048586130142211914,
      "error": null
    },
    "assert comb_sort([42, 27, 11, 19, 25]) == [11, 19, 25, 27, 42]": {
      "result": true,
      "time": 0.05093502998352051,
      "error": null
    },
    "assert comb_sort([43, 31, 19, 24, 23]) == [19, 23, 24, 31, 43]": {
      "result": true,
      "time": 0.06340479850769043,
      "error": null
    },
    "assert comb_sort([37, 31, 13, 16, 25]) == [13, 16, 25, 31, 37]": {
      "result": true,
      "time": 0.05582547187805176,
      "error": null
    },
    "assert comb_sort([40, 34, 14, 17, 26]) == [14, 17, 26, 34, 40]": {
      "result": true,
      "time": 0.06363058090209961,
      "error": null
    },
    "assert comb_sort([36, 27, 17, 20, 20]) == [17, 20, 20, 27, 36]": {
      "result": true,
      "time": 0.054026126861572266,
      "error": null
    },
    "assert comb_sort([44, 37, 15, 19, 20]) == [15, 19, 20, 37, 44]": {
      "result": true,
      "time": 0.05570387840270996,
      "error": null
    },
    "assert comb_sort([44, 32, 11, 14, 23]) == [11, 14, 23, 32, 44]": {
      "result": true,
      "time": 0.0665581226348877,
      "error": null
    },
    "assert comb_sort([45, 27, 19, 14, 23]) == [14, 19, 23, 27, 45]": {
      "result": true,
      "time": 0.06737780570983887,
      "error": null
    },
    "assert comb_sort([46, 35, 18, 22, 21]) == [18, 21, 22, 35, 46]": {
      "result": true,
      "time": 0.05737900733947754,
      "error": null
    },