{
  "code": "import heapq as hq\n\ndef heap_queue_smallest(nums, n):\n    smallest_nums = hq.nsmallest(n, nums)\n    return smallest_nums",
  "results": {
    "assert heap_queue_smallest( [25, 35, 22, 85, 14, 65, 75, 25, 58],3)==[14, 22, 25] ": {
      "result": true,
      "time": 0.13840174674987793,
      "error": null
    },
    "assert heap_queue_smallest( [25, 35, 22, 85, 14, 65, 75, 25, 58],2)==[14, 22]": {
      "result": true,
      "time": 0.1342935562133789,
      "error": null
    },
    "assert heap_queue_smallest( [25, 35, 22, 85, 14, 65, 75, 22, 58],5)==[14, 22, 22, 25, 35]": {
      "result": true,
      "time": 0.11014175415039062,
      "error": null
    },
    "assert heap_queue_smallest([22, 37, 21, 81, 12, 70, 70, 26, 63], 4) == [12, 21, 22, 26]": {
      "result": true,
      "time": 0.13579916954040527,
      "error": null
    },
    "assert heap_queue_smallest([26, 33, 23, 88, 18, 65, 75, 26, 57], 4) == [18, 23, 26, 26]": {
      "result": true,
      "time": 0.12197303771972656,
      "error": null
    },
    "assert heap_queue_smallest([21, 33, 17, 81, 18, 69, 79, 29, 59], 4) == [17, 18, 21, 29]": {
      "result": true,
      "time": 0.11478042602539062,
      "error": null
    },
    "assert heap_queue_smallest([24, 34, 26, 88, 11, 70, 79, 28, 56], 1) == [11]": {
      "result": true,
      "time": 0.11256718635559082,
      "error": null
    },
    "assert heap_queue_smallest([21, 31, 23, 83, 13, 64, 75, 25, 55], 6) == [13, 21, 23, 25, 31, 55]": {
      "result": true,
      "time": 0.12993979454040527,
      "error": null
    },
    "assert heap_queue_smallest([22, 31, 17, 88, 10, 63, 77, 27, 60], 3) == [10, 17, 22]": {
      "result": true,
      "time": 0.15346980094909668,
      "error": null
    },
    "assert heap_queue_smallest([23, 34, 24, 81, 16, 68, 79, 24, 61], 4) == [16, 23, 24, 24]": {
      "result": true,
      "time": 0.12321615219116211,
      "error": null
    },
    "assert heap_queue_smallest([28, 35, 27, 82, 15, 64, 71, 27, 54], 4) == [15, 27, 27, 28]": {
      "result": true,
      "time": 0.10667967796325684,
      "error": null
    },
    "assert heap_queue_smallest([29, 40, 24, 85, 12, 67, 73, 27, 63], 5) == [12, 24, 27, 29, 40]": {
      "result": true,
      "time": 0.1361370086669922,
      "error": null
    },
    "assert heap_queue_smallest([21, 38, 26, 80, 12, 61, 71, 26, 56], 2) == [12, 21]": {
      "result": true,
      "time": 0.11559939384460449,
      "error": null
    },
    "assert heap_queue_smallest([21, 35, 26, 86, 11, 68, 77, 23, 55], 1) == [11]": {
      "result": true,
      "time": 0.13982224464416504,
      "error": null
    },
    "assert heap_queue_smallest([22, 34, 19, 89, 14, 64, 72, 28, 61], 8) == [14, 19, 22, 28, 34, 61, 64, 72]": {
      "result": true,
      "time": 0.12931370735168457,
      "error": null
    },
    "assert heap_queue_smallest([27, 35, 18, 89, 18, 61, 75, 27, 54], 6) == [18, 18, 27, 27, 35, 54]": {
      "result": true,
      "time": 0.11510062217712402,
      "error": null
    },
    "assert heap_queue_smallest([25, 34, 22, 83, 15, 70, 75, 29, 62], 7) == [15, 22, 25, 29, 34, 62, 70]": {
      "result": true,
      "time": 0.12067556381225586,
      "error": null
    },
    "assert heap_queue_smallest([23, 31, 23, 81, 19, 61, 75, 23, 57], 1) == [19]": {
      "result": true,
      "time": 0.12910079956054688,
      "error": null
    },
    "assert heap_queue_smallest([23, 40, 23, 90, 14, 65, 79, 27, 63], 1) == [14]": {
      "result": true,
      "time": 0.12403655052185059,
      "error": null
    },
    "assert heap_queue_smallest([30, 39, 25, 83, 17, 69, 80, 27, 59], 2) == [17, 25]": {
      "result": true,
      "time": 0.15200138092041016,
      "error": null
    },
    "assert heap_queue_smallest([27, 35, 19, 84, 15, 69, 77, 30, 59], 6) == [15, 19, 27, 30, 35, 59]": {
      "result": true,
      "time": 0.11321783065795898,
      "error": null
    },
    "assert heap_queue_smallest([22, 33, 20, 89, 17, 65, 71, 23, 56], 8) == [17, 20, 22, 23, 33, 56, 65, 71]": {
      "result": true,
      "time": 0.12941265106201172,
      "error": null
    },
    "assert heap_queue_smallest([25, 30, 23, 87, 12, 66, 80, 23, 57], 1) == [12]": {
      "result": true,
      "time": 0.12315964698791504,
      "error": null
    },
    "assert heap_queue_smallest([22, 30, 23, 80, 11, 70, 70, 23, 61], 5) == [11, 22, 23, 23, 30]": {
      "result": true,
      "time": 0.13725638389587402,
      "error": null
    },
    "assert heap_queue_smallest([26, 33, 17, 84, 12, 63, 72, 30, 62], 8) == [12, 17, 26, 30, 33, 62, 63, 72]": {
      "result": true,
      "time": 0.1320815086364746,
      "error": null
    },
    "assert heap_queue_smallest([22, 31, 18, 83, 13, 60, 70, 25, 54], 2) == [13, 18]": {
      "result": true,
      "time": 0.13002920150756836,
      "error": null
    },
    "assert heap_queue_smallest([25, 31, 27, 84, 18, 69, 73, 29, 54], 6) == [18, 25, 27, 29, 31, 54]": {
      "result": true,
      "time": 0.12526679039001465,
      "error": null
    },
    "assert heap_queue_smallest([20, 30, 26, 81, 18, 69, 71, 30, 60], 2) == [18, 20]": {
      "result": true,
      "time": 0.15392208099365234,
      "error": null
    },
    "assert heap_queue_smallest([23, 32, 25, 89, 11, 66, 76, 26, 63], 4) == [11, 23, 25, 26]": {
      "result": true,
      "time": 0.14919734001159668,
      "error": null
    },
    "assert heap_queue_smallest([24, 35, 17, 85, 19, 60, 72, 26, 55], 4) == [17, 19, 24, 26]": {
      "result": true,
      "time": 0.11365699768066406,
      "error": null
    },
    "assert heap_queue_smallest([21, 32, 22, 81, 18, 60, 78, 28, 63], 2) == [18, 21]": {
      "result": true,
      "time": 0.13191962242126465,
      "error": null
    },
    "assert heap_queue_smallest([20, 37, 21, 86, 16, 61, 71, 30, 61], 4) == [16, 20, 21, 30]": {
      "result": true,
      "time": 0.114898681640625,
      "error": null
    },
    "assert heap_queue_smallest([20, 31, 23, 83, 16, 64, 79, 23, 61], 4) == [16, 20, 23, 23]": {
      "result": true,
      "time": 0.11623096466064453,
      "error": null
    },
    "assert heap_queue_smallest([24, 40, 23, 86, 15, 67, 77, 29, 55], 2) == [15, 23]": {
      "result": true,
      "time": 0.07134175300598145,
      "error": null
    },
    "assert heap_queue_smallest([20, 32, 26, 80, 10, 62, 70, 24, 61], 6) == [10, 20, 24, 26, 32, 61]": {
      "result": true,
      "time": 0.11856961250305176,
      "error": null
    },
    "assert heap_queue_smallest([29, 36, 25, 87, 18, 60, 73, 20, 62], 7) == [18, 20, 25, 29, 36, 60, 62]": {
      "result": true,
      "time": 0.12111091613769531,
      "error": null
    },
    "assert heap_queue_smallest([27, 34, 24, 80, 10, 64, 70, 23, 53], 3) == [10, 23, 24]": {
      "result": true,
      "time": 0.12192916870117188,
      "error": null
    },
    "assert heap_queue_smallest([25, 31, 23, 90, 10, 66, 73, 27, 61], 4) == [10, 23, 25, 27]": {
      "result": true,
      "time": 0.11914968490600586,
      "error": null
    },
    "assert heap_queue_smallest([21, 35, 20, 85, 17, 63, 74, 26, 53], 5) == [17, 20, 21, 26, 35]": {
      "result": true,
      "time": 0.13814187049865723,
      "error": null
    },
    "assert heap_queue_smallest([21, 34, 23, 86, 14, 60, 75, 28, 59], 7) == [14, 21, 23, 28, 34, 59, 60]": {
      "result": true,
      "time": 0.11251497268676758,
      "error": null
    },
    "assert heap_queue_smallest([23, 33, 18, 88, 19, 63, 78, 27, 57], 6) == [18, 19, 23, 27, 33, 57]": {
      "result": true,
      "time": 0.13113021850585938,
      "error": null
    },
    "assert heap_queue_smallest([27, 31, 25, 85, 10, 68, 80, 21, 55], 6) == [10, 21, 25, 27, 31, 55]": {
      "result": true,
      "time": 0.13237810134887695,
      "error": null
    },
    "assert heap_queue_smallest([26, 37, 21, 85, 18, 65, 79, 24, 53], 2) == [18, 21]": {
      "result": true,
      "time": 0.07209157943725586,
      "error": null
    },