{
  "code": "def find_exponentio(tuple1, tuple2):\n    \"\"\"\n    Performs exponentiation of corresponding elements from two tuples.\n    \n    Args:\n        tuple1: First tuple containing the bases.\n        tuple2: Second tuple containing the exponents.\n    \n    Returns:\n        A tuple with the results of raising each element of tuple1 to the power of the corresponding element in tuple2.\n    \"\"\"\n    return tuple(a ** b for a, b in zip(tuple1, tuple2))",
  "results": {
    "assert find_exponentio((10, 4, 5, 6), (5, 6, 7, 5)) == (100000, 4096, 78125, 7776)": {
      "result": true,
      "time": 0.054950714111328125,
      "error": null
    },
    "assert find_exponentio((11, 5, 6, 7), (6, 7, 8, 6)) == (1771561, 78125, 1679616, 117649)": {
      "result": true,
      "time": 0.05947589874267578,
      "error": null
    },
    "assert find_exponentio((12, 6, 7, 8), (7, 8, 9, 7)) == (35831808, 1679616, 40353607, 2097152)": {
      "result": true,
      "time": 0.05744433403015137,
      "error": null
    },
    "assert find_exponentio((7, 1, 6, 10), (4, 2, 8, 4)) == (2401, 1, 1679616, 10000)": {
      "result": true,
      "time": 0.06133532524108887,
      "error": null
    },
    "assert find_exponentio((6, 6, 4, 9), (8, 3, 7, 2)) == (1679616, 216, 16384, 81)": {
      "result": true,
      "time": 0.06694483757019043,
      "error": null
    },
    "assert find_exponentio((12, 3, 9, 10), (3, 4, 8, 4)) == (1728, 81, 43046721, 10000)": {
      "result": true,
      "time": 0.05819416046142578,
      "error": null
    },
    "assert find_exponentio((11, 5, 4, 8), (3, 7, 3, 9)) == (1331, 78125, 64, 134217728)": {
      "result": true,
      "time": 0.05157470703125,
      "error": null
    },
    "assert find_exponentio((5, 6, 2, 11), (3, 8, 3, 7)) == (125, 1679616, 8, 19487171)": {
      "result": true,
      "time": 0.0466771125793457,
      "error": null
    },
    "assert find_exponentio((14, 1, 3, 3), (7, 4, 12, 4)) == (105413504, 1, 531441, 81)": {
      "result": true,
      "time": 0.06643843650817871,
      "error": null
    },
    "assert find_exponentio((5, 4, 8, 3), (2, 10, 9, 2)) == (25, 1048576, 134217728, 9)": {
      "result": true,
      "time": 0.0462648868560791,
      "error": null
    },
    "assert find_exponentio((8, 7, 3, 1), (7, 6, 12, 4)) == (2097152, 117649, 531441, 1)": {
      "result": true,
      "time": 0.050588369369506836,
      "error": null
    },
    "assert find_exponentio((14, 3, 4, 8), (8, 5, 8, 4)) == (1475789056, 243, 65536, 4096)": {
      "result": true,
      "time": 0.049276113510131836,
      "error": null
    },
    "assert find_exponentio((8, 2, 8, 4), (5, 10, 11, 6)) == (32768, 1024, 8589934592, 4096)": {
      "result": true,
      "time": 0.04463362693786621,
      "error": null
    },
    "assert find_exponentio((11, 4, 8, 3), (8, 6, 12, 2)) == (214358881, 4096, 68719476736, 9)": {
      "result": true,
      "time": 0.05258035659790039,
      "error": null
    },
    "assert find_exponentio((7, 4, 1, 9), (5, 1, 10, 4)) == (16807, 4, 1, 6561)": {
      "result": true,
      "time": 0.05359458923339844,
      "error": null
    },
    "assert find_exponentio((15, 8, 10, 1), (2, 10, 4, 6)) == (225, 1073741824, 10000, 1)": {
      "result": true,
      "time": 0.06233835220336914,
      "error": null
    },
    "assert find_exponentio((14, 2, 3, 7), (8, 9, 9, 6)) == (1475789056, 512, 19683, 117649)": {
      "result": true,
      "time": 0.055924177169799805,
      "error": null
    },
    "assert find_exponentio((10, 7, 8, 2), (5, 3, 4, 3)) == (100000, 343, 4096, 8)": {
      "result": true,
      "time": 0.051021575927734375,
      "error": null
    },
    "assert find_exponentio((6, 6, 9, 1), (4, 3, 3, 2)) == (1296, 216, 729, 1)": {
      "result": true,
      "time": 0.05035734176635742,
      "error": null
    },
    "assert find_exponentio((12, 7, 9, 11), (3, 5, 9, 9)) == (1728, 16807, 387420489, 2357947691)": {
      "result": true,
      "time": 0.06027865409851074,
      "error": null
    },
    "assert find_exponentio((5, 6, 8, 5), (5, 8, 3, 9)) == (3125, 1679616, 512, 1953125)": {
      "result": true,
      "time": 0.04579639434814453,
      "error": null
    },
    "assert find_exponentio((5, 2, 9, 3), (7, 7, 12, 10)) == (78125, 128, 282429536481, 59049)": {
      "result": true,
      "time": 0.04429030418395996,
      "error": null
    },
    "assert find_exponentio((9, 2, 6, 2), (5, 2, 12, 2)) == (59049, 4, 2176782336, 4)": {
      "result": true,
      "time": 0.04697442054748535,
      "error": null
    },
    "assert find_exponentio((5, 7, 10, 9), (10, 2, 7, 8)) == (9765625, 49, 10000000, 43046721)": {
      "result": true,
      "time": 0.05842471122741699,
      "error": null
    },
    "assert find_exponentio((5, 4, 3, 9), (6, 10, 8, 8)) == (15625, 1048576, 6561, 43046721)": {
      "result": true,
      "time": 0.05773591995239258,
      "error": null
    },
    "assert find_exponentio((14, 8, 3, 1), (3, 1, 5, 10)) == (2744, 8, 243, 1)": {
      "result": true,
      "time": 0.045729637145996094,
      "error": null
    },
    "assert find_exponentio((11, 8, 8, 6), (1, 9, 5, 8)) == (11, 134217728, 32768, 1679616)": {
      "result": true,
      "time": 0.05440831184387207,
      "error": null
    },
    "assert find_exponentio((9, 4, 5, 3), (8, 2, 10, 10)) == (43046721, 16, 9765625, 59049)": {
      "result": true,
      "time": 0.047107696533203125,
      "error": null
    },
    "assert find_exponentio((11, 9, 4, 9), (3, 4, 3, 1)) == (1331, 6561, 64, 9)": {
      "result": true,
      "time": 0.06354951858520508,
      "error": null
    },
    "assert find_exponentio((7, 7, 2, 7), (5, 2, 3, 2)) == (16807, 49, 8, 49)": {
      "result": true,
      "time": 0.0500798225402832,
      "error": null
    },
    "assert find_exponentio((15, 8, 9, 4), (2, 1, 11, 2)) == (225, 8, 31381059609, 16)": {
      "result": true,
      "time": 0.052458763122558594,
      "error": null
    },
    "assert find_exponentio((5, 8, 8, 4), (6, 1, 8, 8)) == (15625, 8, 16777216, 65536)": {
      "result": true,
      "time": 0.05593609809875488,
      "error": null
    },
    "assert find_exponentio((11, 5, 3, 11), (5, 3, 2, 7)) == (161051, 125, 9, 19487171)": {
      "result": true,
      "time": 0.06287336349487305,
      "error": null
    },
    "assert find_exponentio((7, 4, 9, 2), (10, 6, 9, 3)) == (282475249, 4096, 387420489, 8)": {
      "result": true,
      "time": 0.07082104682922363,
      "error": null
    },
    "assert find_exponentio((7, 9, 6, 6), (1, 1, 8, 3)) == (7, 9, 1679616, 216)": {
      "result": true,
      "time": 0.06338238716125488,
      "error": null
    },
    "assert find_exponentio((10, 9, 5, 7), (3, 1, 5, 8)) == (1000, 9, 3125, 5764801)": {
      "result": true,
      "time": 0.0616152286529541,
      "error": null
    },
    "assert find_exponentio((7, 9, 10, 8), (8, 11, 10, 4)) == (5764801, 31381059609, 10000000000, 4096)": {
      "result": true,
      "time": 0.07705211639404297,
      "error": null
    },
    "assert find_exponentio((8, 4, 2, 9), (2, 7, 7, 4)) == (64, 16384, 128, 6561)": {
      "result": true,
      "time": 0.06684017181396484,
      "error": null
    },
    "assert find_exponentio((13, 3, 9, 8), (11, 5, 9, 7)) == (1792160394037, 243, 387420489, 2097152)": {
      "result": true,
      "time": 0.06510806083679199,
      "error": null
    },
    "assert find_exponentio((8, 6, 5, 6), (8, 12, 4, 3)) == (16777216, 2176782336, 625, 216)": {
      "result": true,
      "time": 0.0680999755859375,
      "error": null
    },
    "assert find_exponentio((13, 7, 11, 7), (2, 12, 7, 11)) == (169, 13841287201, 19487171, 1977326743)": {
      "result": true,
      "time": 0.06658792495727539,
      "error": null
    },
    "assert find_exponentio((15, 1, 1, 11), (6, 10, 10, 9)) == (11390625, 1, 1, 2357947691)": {
      "result": true,
      "time": 0.06415438652038574,
      "error": null
    },