{
  "code": "import math\n\ndef surfacearea_cone(radius, height):\n    \"\"\"\n    Calculate the surface area of a cone given its radius and height.\n    \n    Parameters:\n    radius (float): The radius of the base of the cone.\n    height (float): The height of the cone.\n    \n    Returns:\n    float: The surface area of the cone.\n    \"\"\"\n    slant_height = math.sqrt(radius**2 + height**2)\n    base_area = math.pi * radius**2\n    lateral_area = math.pi * radius * slant_height\n    total_surface_area = base_area + lateral_area\n    return total_surface_area",
  "results": {
    "assert surfacearea_cone(5,12)==282.7433388230814": {
      "result": true,
      "time": 0.08712196350097656,
      "error": null
    },
    "assert surfacearea_cone(10,15)==880.5179353159282": {
      "result": false,
      "time": 0.09096670150756836,
      "error": null
    },
    "assert surfacearea_cone(19,17)==2655.923961165254": {
      "result": true,
      "time": 0.08313179016113281,
      "error": null
    },
    "assert surfacearea_cone(3, 7) == 100.05130440467447": {
      "result": true,
      "time": 0.09009313583374023,
      "error": null
    },
    "assert surfacearea_cone(8, 12) == 563.531478602194": {
      "result": true,
      "time": 0.11169695854187012,
      "error": null
    },
    "assert surfacearea_cone(10, 9) == 736.8173300634368": {
      "result": false,
      "time": 0.1034705638885498,
      "error": null
    },
    "assert surfacearea_cone(6, 11) == 349.2815942658322": {
      "result": true,
      "time": 0.08722448348999023,
      "error": null
    },
    "assert surfacearea_cone(9, 8) == 594.9370705369382": {
      "result": true,
      "time": 0.09673404693603516,
      "error": null
    },
    "assert surfacearea_cone(6, 15) == 417.62123106558545": {
      "result": false,
      "time": 0.10785412788391113,
      "error": null
    },
    "assert surfacearea_cone(6, 8) == 301.59289474462014": {
      "result": true,
      "time": 0.07725024223327637,
      "error": null
    },
    "assert surfacearea_cone(6, 16) == 435.1986883116313": {
      "result": true,
      "time": 0.08583354949951172,
      "error": null
    },
    "assert surfacearea_cone(9, 14) == 725.0477060601949": {
      "result": true,
      "time": 0.0946352481842041,
      "error": null
    },
    "assert surfacearea_cone(7, 16) == 537.9969388608057": {
      "result": true,
      "time": 0.08332037925720215,
      "error": null
    },
    "assert surfacearea_cone(4, 11) == 197.35107946539623": {
      "result": true,
      "time": 0.08220028877258301,
      "error": null
    },
    "assert surfacearea_cone(4, 14) == 233.2346004213573": {
      "result": true,
      "time": 0.09310269355773926,
      "error": null
    },
    "assert surfacearea_cone(4, 8) == 162.6625181540883": {
      "result": false,
      "time": 0.10019803047180176,
      "error": null
    },
    "assert surfacearea_cone(2, 12) == 89.00461892922377": {
      "result": true,
      "time": 0.0898435115814209,
      "error": null
    },
    "assert surfacearea_cone(8, 9) == 503.7002103596712": {
      "result": true,
      "time": 0.08473396301269531,
      "error": null
    },
    "assert surfacearea_cone(1, 16) == 53.505154194449524": {
      "result": false,
      "time": 0.09569573402404785,
      "error": null
    },
    "assert surfacearea_cone(5, 10) == 254.160184615763": {
      "result": true,
      "time": 0.09397482872009277,
      "error": null
    },
    "assert surfacearea_cone(7, 15) == 517.9563207330997": {
      "result": false,
      "time": 0.07768917083740234,
      "error": null
    },
    "assert surfacearea_cone(9, 12) == 678.5840131753953": {
      "result": true,
      "time": 0.08214974403381348,
      "error": null
    },
    "assert surfacearea_cone(6, 7) == 286.8816543480875": {
      "result": true,
      "time": 0.09456634521484375,
      "error": null
    },
    "assert surfacearea_cone(4, 16) == 257.51537595207975": {
      "result": false,
      "time": 0.08063864707946777,
      "error": null
    },
    "assert surfacearea_cone(2, 9) == 70.49447688731084": {
      "result": true,
      "time": 0.07701230049133301,
      "error": null
    },
    "assert surfacearea_cone(6, 9) == 316.9864567137342": {
      "result": true,
      "time": 0.07504463195800781,
      "error": null
    },
    "assert surfacearea_cone(5, 12) == 282.7433388230814": {
      "result": true,
      "time": 0.08396744728088379,
      "error": null
    },
    "assert surfacearea_cone(9, 9) == 614.3425229316009": {
      "result": false,
      "time": 0.07154536247253418,
      "error": null
    },
    "assert surfacearea_cone(3, 8) == 108.79967207790783": {
      "result": true,
      "time": 0.08679819107055664,
      "error": null
    },
    "assert surfacearea_cone(5, 11) == 268.33985865790703": {
      "result": true,
      "time": 0.0847933292388916,
      "error": null
    },
    "assert surfacearea_cone(8, 10) == 522.9180588592153": {
      "result": true,
      "time": 0.09424948692321777,
      "error": null
    },
    "assert surfacearea_cone(10, 12) == 804.8917254495874": {
      "result": false,
      "time": 0.1000831127166748,
      "error": null
    },
    "assert surfacearea_cone(1, 15) == 50.37008611512417": {
      "result": true,
      "time": 0.08698511123657227,
      "error": null
    },
    "assert surfacearea_cone(2, 13) == 95.20877041950662": {
      "result": true,
      "time": 0.06990313529968262,
      "error": null
    },
    "assert surfacearea_cone(2, 11) == 82.81451792476643": {
      "result": true,
      "time": 0.0827174186706543,
      "error": null
    },
    "assert surfacearea_cone(15, 10) == 1556.3963519931267": {
      "result": true,
      "time": 0.09018707275390625,
      "error": null
    },
    "assert surfacearea_cone(14, 12) == 1426.7456479249227": {
      "result": true,
      "time": 0.07575488090515137,
      "error": null
    },
    "assert surfacearea_cone(8, 19) == 719.1866635663544": {
      "result": true,
      "time": 0.09772562980651855,
      "error": null
    },
    "assert surfacearea_cone(8, 18) == 696.1195188917173": {
      "result": false,
      "time": 0.09305167198181152,
      "error": null
    },
    "assert surfacearea_cone(15, 20) == 1884.9555921538758": {
      "result": true,
      "time": 0.0908041000366211,
      "error": null
    },
    "assert surfacearea_cone(13, 19) == 1471.152784093456": {
      "result": false,
      "time": 0.0914304256439209,
      "error": null
    },
    "assert surfacearea_cone(9, 20) == 874.5735582790329": {
      "result": false,
      "time": 0.08919286727905273,
      "error": null
    },
    "assert surfacearea_cone(14, 20) == 1689.496872648278": {
      "result": true,
      "time": 0.08519744873046875,
      "error": null
    },
    "assert surfacearea_cone(10, 10) == 758.447559174816": {
      "result": true,
      "time": 0.07887005805969238,
      "error": null
    },
    "assert surfacearea_cone(11, 15) == 1022.9397255576102": {
      "result": true,
      "time": 0.10097217559814453,
      "error": null
    },
    "assert surfacearea_cone(6, 12) == 365.99066584669873": {
      "result": true,
      "time": 0.10513687133789062,
      "error": null
    },
    "assert surfacearea_cone(5, 17) == 356.8856346100243": {
      "result": false,
      "time": 0.09900641441345215,
      "error": null
    },
    "assert surfacearea_cone(12, 13) == 1119.3547157053194": {
      "result": true,
      "time": 0.06215333938598633,
      "error": null
    },
    "assert surfacearea_cone(12, 10) == 1041.26829422566": {
      "result": true,
      "time": 0.08854460716247559,
      "error": null
    },
    "assert surfacearea_cone(10, 20) == 1016.640738463052": {
      "result": true,
      "time": 0.10378098487854004,
      "error": null
    },
    "assert surfacearea_cone(7, 19) == 599.2248604213447": {
      "result": false,
      "time": 0.07978677749633789,
      "error": null
    },