{
  "code": "def cal_electbill(units):\n    if units <= 50:\n        return units * 1.50\n    elif units <= 150:\n        return 50 * 1.50 + (units - 50) * 2.25\n    elif units <= 250:\n        return 50 * 1.50 + 100 * 2.25 + (units - 150) * 3.75\n    else:\n        return 50 * 1.50 + 100 * 2.25 + 100 * 3.75 + (units - 250) * 5.50",
  "results": {
    "assert cal_electbill(75)==246.25": {
      "result": false,
      "time": 0.04000282287597656,
      "error": null
    },
    "assert cal_electbill(265)==1442.75": {
      "result": false,
      "time": 0.03999590873718262,
      "error": null
    },
    "assert cal_electbill(100)==327.5": {
      "result": false,
      "time": 0.03814697265625,
      "error": null
    },
    "assert cal_electbill(73) == 239.75": {
      "result": false,
      "time": 0.0279388427734375,
      "error": null
    },
    "assert cal_electbill(74) == 243.0": {
      "result": false,
      "time": 0.03682279586791992,
      "error": null
    },
    "assert cal_electbill(78) == 256.0": {
      "result": false,
      "time": 0.038809776306152344,
      "error": null
    },
    "assert cal_electbill(76) == 249.5": {
      "result": false,
      "time": 0.033110857009887695,
      "error": null
    },
    "assert cal_electbill(71) == 233.25": {
      "result": false,
      "time": 0.03733038902282715,
      "error": null
    },
    "assert cal_electbill(72) == 236.5": {
      "result": false,
      "time": 0.03913116455078125,
      "error": null
    },
    "assert cal_electbill(80) == 262.5": {
      "result": false,
      "time": 0.043970584869384766,
      "error": null
    },
    "assert cal_electbill(75) == 246.25": {
      "result": false,
      "time": 0.04190373420715332,
      "error": null
    },
    "assert cal_electbill(79) == 259.25": {
      "result": false,
      "time": 0.03787422180175781,
      "error": null
    },
    "assert cal_electbill(77) == 252.75": {
      "result": false,
      "time": 0.04221367835998535,
      "error": null
    },
    "assert cal_electbill(263) == 1425.85": {
      "result": false,
      "time": 0.03611493110656738,
      "error": null
    },
    "assert cal_electbill(264) == 1434.3": {
      "result": false,
      "time": 0.03795790672302246,
      "error": null
    },
    "assert cal_electbill(269) == 1476.55": {
      "result": false,
      "time": 0.038671016693115234,
      "error": null
    },
    "assert cal_electbill(260) == 1400.5": {
      "result": false,
      "time": 0.03943777084350586,
      "error": null
    },
    "assert cal_electbill(268) == 1468.1": {
      "result": false,
      "time": 0.03386211395263672,
      "error": null
    },
    "assert cal_electbill(261) == 1408.9499999999998": {
      "result": false,
      "time": 0.033531904220581055,
      "error": null
    },
    "assert cal_electbill(262) == 1417.4": {
      "result": false,
      "time": 0.03791046142578125,
      "error": null
    },
    "assert cal_electbill(265) == 1442.75": {
      "result": false,
      "time": 0.031183958053588867,
      "error": null
    },
    "assert cal_electbill(270) == 1485.0": {
      "result": false,
      "time": 0.038524627685546875,
      "error": null
    },
    "assert cal_electbill(267) == 1459.65": {
      "result": false,
      "time": 0.030946969985961914,
      "error": null
    },
    "assert cal_electbill(266) == 1451.1999999999998": {
      "result": false,
      "time": 0.036588430404663086,
      "error": null
    },
    "assert cal_electbill(105) == 363.8": {
      "result": false,
      "time": 0.036797523498535156,
      "error": null
    },
    "assert cal_electbill(96) == 314.5": {
      "result": false,
      "time": 0.03415989875793457,
      "error": null
    },
    "assert cal_electbill(102) == 348.02": {
      "result": false,
      "time": 0.033034324645996094,
      "error": null
    },
    "assert cal_electbill(98) == 321.0": {
      "result": false,
      "time": 0.03381514549255371,
      "error": null
    },
    "assert cal_electbill(104) == 358.54": {
      "result": false,
      "time": 0.033678293228149414,
      "error": null
    },
    "assert cal_electbill(101) == 342.76": {
      "result": false,
      "time": 0.03321504592895508,
      "error": null
    },
    "assert cal_electbill(99) == 324.25": {
      "result": false,
      "time": 0.03625655174255371,
      "error": null
    },
    "assert cal_electbill(103) == 353.28": {
      "result": false,
      "time": 0.03308367729187012,
      "error": null
    },
    "assert cal_electbill(100) == 327.5": {
      "result": false,
      "time": 0.03012871742248535,
      "error": null
    },
    "assert cal_electbill(95) == 311.25": {
      "result": false,
      "time": 0.036486148834228516,
      "error": null
    },
    "assert cal_electbill(97) == 317.75": {
      "result": false,
      "time": 0.0334019660949707,
      "error": null
    }
  },
  "passed": false,
  "accuracy": 0.0,
  "general_error": "",
  "has_testcase_error": false
}