{
  "code": "def count(lst):\n    return sum(lst)",
  "results": {
    "assert count([True,False,True]) == 2": {
      "result": true,
      "time": 0.05370187759399414,
      "error": null
    },
    "assert count([False,False]) == 0": {
      "result": true,
      "time": 0.03775835037231445,
      "error": null
    },
    "assert count([True,True,True]) == 3": {
      "result": true,
      "time": 0.04445385932922363,
      "error": null
    },
    "assert count([1, 1, 4]) == 6": {
      "result": true,
      "time": 0.04075360298156738,
      "error": null
    },
    "assert count([5, 1, 1]) == 7": {
      "result": true,
      "time": 0.04035353660583496,
      "error": null
    },
    "assert count([1, 5, 2]) == 8": {
      "result": true,
      "time": 0.04027080535888672,
      "error": null
    },
    "assert count([4, 5, 5]) == 14": {
      "result": true,
      "time": 0.04409313201904297,
      "error": null
    },
    "assert count([6, 4, 1]) == 11": {
      "result": true,
      "time": 0.04646420478820801,
      "error": null
    },
    "assert count([5, 1, 6]) == 12": {
      "result": true,
      "time": 0.0457301139831543,
      "error": null
    },
    "assert count([1, 4, 6]) == 11": {
      "result": true,
      "time": 0.04396462440490723,
      "error": null
    },
    "assert count([3, 3, 2]) == 8": {
      "result": true,
      "time": 0.04184317588806152,
      "error": null
    },
    "assert count([1, 4, 4]) == 9": {
      "result": true,
      "time": 0.041814565658569336,
      "error": null
    },
    "assert count([2, 5, 4]) == 11": {
      "result": true,
      "time": 0.04350113868713379,
      "error": null
    },
    "assert count([6, 1, 2]) == 9": {
      "result": true,
      "time": 0.051566362380981445,
      "error": null
    },
    "assert count([5, 2, 4]) == 11": {
      "result": true,
      "time": 0.04265403747558594,
      "error": null
    },
    "assert count([5, 4, 6]) == 15": {
      "result": true,
      "time": 0.04679417610168457,
      "error": null
    },
    "assert count([1, 4, 2]) == 7": {
      "result": true,
      "time": 0.03706479072570801,
      "error": null
    },
    "assert count([4, 4, 1]) == 9": {
      "result": true,
      "time": 0.04148411750793457,
      "error": null
    },
    "assert count([1, 3, 1]) == 5": {
      "result": true,
      "time": 0.05695915222167969,
      "error": null
    },
    "assert count([4, 4, 6]) == 14": {
      "result": true,
      "time": 0.04126167297363281,
      "error": null
    },
    "assert count([5, 3, 3]) == 11": {
      "result": true,
      "time": 0.038335323333740234,
      "error": null
    },
    "assert count([5, 1, 2]) == 8": {
      "result": true,
      "time": 0.037622690200805664,
      "error": null
    },
    "assert count([1, 1, 3]) == 5": {
      "result": true,
      "time": 0.044228553771972656,
      "error": null
    },
    "assert count([1, 4, 3]) == 8": {
      "result": true,
      "time": 0.047623634338378906,
      "error": null
    },
    "assert count([6, 3, 2]) == 11": {
      "result": true,
      "time": 0.0443723201751709,
      "error": null
    },
    "assert count([2, 3, 2]) == 7": {
      "result": true,
      "time": 0.039188385009765625,
      "error": null
    },
    "assert count([6, 4, 4]) == 14": {
      "result": true,
      "time": 0.049294471740722656,
      "error": null
    },
    "assert count([4, 4, 5]) == 13": {
      "result": true,
      "time": 0.03697991371154785,
      "error": null
    },
    "assert count([5, 2, 6]) == 13": {
      "result": true,
      "time": 0.037136077880859375,
      "error": null
    },
    "assert count([5, 2, 5]) == 12": {
      "result": true,
      "time": 0.04368996620178223,
      "error": null
    },
    "assert count([6, 5, 5]) == 16": {
      "result": true,
      "time": 0.045617103576660156,
      "error": null
    },
    "assert count([2, 5, 2]) == 9": {
      "result": true,
      "time": 0.04320073127746582,
      "error": null
    },
    "assert count([3, 4, 1]) == 8": {
      "result": true,
      "time": 0.04413795471191406,
      "error": null
    },
    "assert count([6, 3, 1]) == 10": {
      "result": true,
      "time": 0.03403472900390625,
      "error": null
    },
    "assert count([5, 1, 3]) == 9": {
      "result": true,
      "time": 0.04293227195739746,
      "error": null
    },
    "assert count([2, 3]) == 5": {
      "result": true,
      "time": 0.03858208656311035,
      "error": null
    },
    "assert count([4, 5]) == 9": {
      "result": true,
      "time": 0.03917837142944336,
      "error": null
    },
    "assert count([5, 3]) == 8": {
      "result": true,
      "time": 0.0394136905670166,
      "error": null
    },
    "assert count([5, 4]) == 9": {
      "result": true,
      "time": 0.03815484046936035,
      "error": null
    },
    "assert count([4, 2]) == 6": {
      "result": true,
      "time": 0.03624916076660156,
      "error": null
    },
    "assert count([1, 3]) == 4": {
      "result": true,
      "time": 0.032735347747802734,
      "error": null
    },
    "assert count([1, 4]) == 5": {
      "result": true,
      "time": 0.03742051124572754,
      "error": null
    },
    "assert count([1, 5]) == 6": {
      "result": true,
      "time": 0.03956723213195801,
      "error": null
    },
    "assert count([2, 2]) == 4": {
      "result": true,
      "time": 0.03645443916320801,
      "error": null
    },
    "assert count([3, 5]) == 8": {
      "result": true,
      "time": 0.03774571418762207,
      "error": null
    },
    "assert count([4, 1]) == 5": {
      "result": true,
      "time": 0.04182839393615723,
      "error": null
    },
    "assert count([5, 5]) == 10": {
      "result": true,
      "time": 0.03575444221496582,
      "error": null
    },
    "assert count([2, 4]) == 6": {
      "result": true,
      "time": 0.035978078842163086,
      "error": null
    },
    "assert count([4, 3]) == 7": {
      "result": true,
      "time": 0.04138326644897461,
      "error": null
    },
    "assert count([5, 1]) == 6": {
      "result": true,
      "time": 0.03314566612243652,
      "error": null
    },
    "assert count([3, 4]) == 7": {
      "result": true,
      "time": 0.038042545318603516,
      "error": null
    },
    "assert count([2, 1]) == 3": {
      "result": true,
      "time": 0.036103248596191406,
      "error": null
    },
    "assert count([2, 4, 4]) == 10": {
      "result": true,
      "time": 0.037010908126831055,
      "error": null
    },
    "assert count([1, 5, 6]) == 12": {
      "result": true,
      "time": 0.033356428146362305,
      "error": null
    },
    "assert count([6, 3, 3]) == 12": {
      "result": true,
      "time": 0.043373823165893555,
      "error": null
    },
    "assert count([1, 3, 3]) == 7": {
      "result": true,
      "time": 0.0330507755279541,
      "error": null
    },
    "assert count([6, 2, 3]) == 11": {
      "result": true,
      "time": 0.03678417205810547,
      "error": null
    },
    "assert count([1, 6, 2]) == 9": {
      "result": true,
      "time": 0.03424692153930664,
      "error": null
    },
    "assert count([2, 4, 5]) == 11": {
      "result": true,
      "time": 0.03601670265197754,
      "error": null
    },
    "assert count([3, 5, 2]) == 10": {
      "result": true,
      "time": 0.03929567337036133,
      "error": null
    },
    "assert count([5, 1, 5]) == 11": {
      "result": true,
      "time": 0.03607344627380371,
      "error": null
    },
    "assert count([2, 6, 5]) == 13": {
      "result": true,
      "time": 0.03698468208312988,
      "error": null
    },
    "assert count([6, 5, 4]) == 15": {
      "result": true,
      "time": 0.04451584815979004,
      "error": null
    },
    "assert count([1, 3, 5]) == 9": {
      "result": true,
      "time": 0.033461570739746094,
      "error": null
    },
    "assert count([6, 4, 3]) == 13": {
      "result": true,
      "time": 0.03700876235961914,