{
  "code": "def maximum(a, b):\n    return a if a > b else b",
  "results": {
    "assert maximum(5,10) == 10": {
      "result": true,
      "time": 0.04370927810668945,
      "error": null
    },
    "assert maximum(-1,-2) == -1": {
      "result": true,
      "time": 0.04317355155944824,
      "error": null
    },
    "assert maximum(9,7) == 9": {
      "result": true,
      "time": 0.05202198028564453,
      "error": null
    },
    "assert maximum(1, 9) == 9": {
      "result": true,
      "time": 0.06519961357116699,
      "error": null
    },
    "assert maximum(6, 10) == 10": {
      "result": true,
      "time": 0.04893779754638672,
      "error": null
    },
    "assert maximum(6, 15) == 15": {
      "result": true,
      "time": 0.0451357364654541,
      "error": null
    },
    "assert maximum(1, 12) == 12": {
      "result": true,
      "time": 0.06094765663146973,
      "error": null
    },
    "assert maximum(6, 9) == 9": {
      "result": true,
      "time": 0.06912589073181152,
      "error": null
    },
    "assert maximum(3, 13) == 13": {
      "result": true,
      "time": 0.04222369194030762,
      "error": null
    },
    "assert maximum(9, 12) == 12": {
      "result": true,
      "time": 0.05118203163146973,
      "error": null
    },
    "assert maximum(8, 9) == 9": {
      "result": true,
      "time": 0.0505518913269043,
      "error": null
    },
    "assert maximum(2, 13) == 13": {
      "result": true,
      "time": 0.050278425216674805,
      "error": null
    },
    "assert maximum(4, 7) == 7": {
      "result": true,
      "time": 0.06726527214050293,
      "error": null
    },
    "assert maximum(4, 5) == 5": {
      "result": true,
      "time": 0.04870963096618652,
      "error": null
    },
    "assert maximum(1, 5) == 5": {
      "result": true,
      "time": 0.04878735542297363,
      "error": null
    },
    "assert maximum(9, 13) == 13": {
      "result": true,
      "time": 0.05085611343383789,
      "error": null
    },
    "assert maximum(2, 6) == 6": {
      "result": true,
      "time": 0.05270886421203613,
      "error": null
    },
    "assert maximum(2, 5) == 5": {
      "result": true,
      "time": 0.04859304428100586,
      "error": null
    },
    "assert maximum(3, 7) == 7": {
      "result": true,
      "time": 0.04623222351074219,
      "error": null
    },
    "assert maximum(9, 15) == 15": {
      "result": true,
      "time": 0.04910421371459961,
      "error": null
    },
    "assert maximum(5, 10) == 10": {
      "result": true,
      "time": 0.05068397521972656,
      "error": null
    },
    "assert maximum(5, 6) == 6": {
      "result": true,
      "time": 0.0482630729675293,
      "error": null
    },
    "assert maximum(3, 6) == 6": {
      "result": true,
      "time": 0.048316240310668945,
      "error": null
    },
    "assert maximum(10, 9) == 10": {
      "result": true,
      "time": 0.05755925178527832,
      "error": null
    },
    "assert maximum(7, 5) == 7": {
      "result": true,
      "time": 0.05706048011779785,
      "error": null
    },
    "assert maximum(10, 8) == 10": {
      "result": true,
      "time": 0.05288863182067871,
      "error": null
    },
    "assert maximum(8, 15) == 15": {
      "result": true,
      "time": 0.06548380851745605,
      "error": null
    },
    "assert maximum(2, 14) == 14": {
      "result": true,
      "time": 0.059945106506347656,
      "error": null
    },
    "assert maximum(6, 13) == 13": {
      "result": true,
      "time": 0.06601595878601074,
      "error": null
    },
    "assert maximum(6, 8) == 8": {
      "result": true,
      "time": 0.0583493709564209,
      "error": null
    },
    "assert maximum(9, 7) == 9": {
      "result": true,
      "time": 0.06411337852478027,
      "error": null
    },
    "assert maximum(10, 14) == 14": {
      "result": true,
      "time": 0.0650627613067627,
      "error": null
    },
    "assert maximum(-1, -3) == -1": {
      "result": true,
      "time": 0.07068753242492676,
      "error": null
    },
    "assert maximum(-6, 0) == 0": {
      "result": true,
      "time": 0.0658257007598877,
      "error": null
    },
    "assert maximum(-5, 2) == 2": {
      "result": true,
      "time": 0.06191849708557129,
      "error": null
    },
    "assert maximum(1, 2) == 2": {
      "result": true,
      "time": 0.061861515045166016,
      "error": null
    },
    "assert maximum(1, 1) == 1": {
      "result": true,
      "time": 0.057579755783081055,
      "error": null
    },
    "assert maximum(2, 1) == 2": {
      "result": true,
      "time": 0.06928038597106934,
      "error": null
    },
    "assert maximum(0, -6) == 0": {
      "result": true,
      "time": 0.0611414909362793,
      "error": null
    },
    "assert maximum(0, -4) == 0": {
      "result": true,
      "time": 0.07181859016418457,
      "error": null
    },
    "assert maximum(4, -4) == 4": {
      "result": true,
      "time": 0.0605621337890625,
      "error": null
    },
    "assert maximum(-2, -2) == -2": {
      "result": true,
      "time": 0.07279849052429199,
      "error": null
    },
    "assert maximum(2, 2) == 2": {
      "result": true,
      "time": 0.0628042221069336,
      "error": null
    },
    "assert maximum(-3, -2) == -2": {
      "result": true,
      "time": 0.061316728591918945,
      "error": null
    },
    "assert maximum(-2, 2) == 2": {
      "result": true,
      "time": 0.053315162658691406,
      "error": null
    },
    "assert maximum(3, 3) == 3": {
      "result": true,
      "time": 0.06791400909423828,
      "error": null
    },
    "assert maximum(0, 1) == 1": {
      "result": true,
      "time": 0.0710306167602539,
      "error": null
    },
    "assert maximum(-5, -7) == -5": {
      "result": true,
      "time": 0.05425000190734863,
      "error": null
    },
    "assert maximum(4, -2) == 4": {
      "result": true,
      "time": 0.06816411018371582,
      "error": null
    },
    "assert maximum(1, -5) == 1": {
      "result": true,
      "time": 0.057450294494628906,
      "error": null
    },
    "assert maximum(3, -7) == 3": {
      "result": true,
      "time": 0.055249691009521484,
      "error": null
    },
    "assert maximum(-4, -4) == -4": {
      "result": true,
      "time": 0.04542112350463867,
      "error": null
    },
    "assert maximum(-2, -7) == -2": {
      "result": true,
      "time": 0.062375545501708984,
      "error": null
    },
    "assert maximum(-2, 0) == 0": {
      "result": true,
      "time": 0.055725812911987305,
      "error": null
    },
    "assert maximum(-3, -3) == -3": {
      "result": true,
      "time": 0.07098960876464844,
      "error": null
    },
    "assert maximum(-4, -7) == -4": {
      "result": true,
      "time": 0.06159663200378418,
      "error": null
    },
    "assert maximum(4, -6) == 4": {
      "result": true,
      "time": 0.07312512397766113,
      "error": null
    },
    "assert maximum(-6, -3) == -3": {
      "result": true,
      "time": 0.054590702056884766,
      "error": null
    },
    "assert maximum(3, -1) == 3": {
      "result": true,
      "time": 0.0702512264251709,
      "error": null
    },
    "assert maximum(-5, -4) == -4": {
      "result": true,
      "time": 0.06674790382385254,
      "error": null
    },
    "assert maximum(-2, 1) == 1": {
      "result": true,
      "time": 0.06344819068908691,
      "error": null
    },
    "assert maximum(13, 8) == 13": {
      "result": true,
      "time": 0.06314706802368164,
      "error": null
    },
    "assert maximum(7, 4) == 7": {
      "result": true,
      "time": 0.0530085563659668,
      "error": null
    },
    "assert maximum(4, 2) == 4": {
      "result": true,
      "time": 0.0517573356628418,
      "error": null
    },
    "assert maximum(12, 7) == 12": {
      "result": true,
      "time": 0.07230043411254883,
      "error": null
    },
    "assert maximum(11, 7) == 11": {
      "result": true,
      "time": 0.06823945045471191,