{
  "code": "def count_integer(lst):\n    count = 0\n    for item in lst:\n        if isinstance(item, int) and not isinstance(item, bool):\n            count += 1\n    return count",
  "results": {
    "assert count_integer([1,2,'abc',1.2]) == 2": {
      "result": true,
      "time": 0.03612804412841797,
      "error": null
    },
    "assert count_integer([1,2,3]) == 3": {
      "result": true,
      "time": 0.03638720512390137,
      "error": null
    },
    "assert count_integer([1,1.2,4,5.1]) == 2": {
      "result": true,
      "time": 0.04310417175292969,
      "error": null
    },
    "assert count_integer([4, 4, 'tbbohpcdo', 1.3819276930997435]) == 2": {
      "result": true,
      "time": 0.036200523376464844,
      "error": null
    },
    "assert count_integer([1, 4, 'vrhssdg', 3.184857428276234]) == 2": {
      "result": true,
      "time": 0.04042363166809082,
      "error": null
    },
    "assert count_integer([6, 6, 'koqqn', 4.664490846542019]) == 2": {
      "result": true,
      "time": 0.051219940185546875,
      "error": null
    },
    "assert count_integer([3, 3, 'mgkgdwnp', 4.910749338331247]) == 2": {
      "result": true,
      "time": 0.030267715454101562,
      "error": null
    },
    "assert count_integer([1, 1, 'rehe', 6.896289190674974]) == 2": {
      "result": true,
      "time": 0.037000179290771484,
      "error": null
    },
    "assert count_integer([4, 7, 'yvywu', 2.7854057560811474]) == 2": {
      "result": true,
      "time": 0.04099321365356445,
      "error": null
    },
    "assert count_integer([3, 3, 'bsdvmmw', 5.406689836350308]) == 2": {
      "result": true,
      "time": 0.043906211853027344,
      "error": null
    },
    "assert count_integer([1, 2, 'ciri', 4.460898131752047]) == 2": {
      "result": true,
      "time": 0.03834795951843262,
      "error": null
    },
    "assert count_integer([1, 6, 'zgke', 2.057090695795378]) == 2": {
      "result": true,
      "time": 0.033917903900146484,
      "error": null
    },
    "assert count_integer([6, 6, 'hfy', 4.275763066540621]) == 2": {
      "result": true,
      "time": 0.034297943115234375,
      "error": null
    },
    "assert count_integer([2, 6, 'ljc', 2.6967758594845153]) == 2": {
      "result": true,
      "time": 0.03928399085998535,
      "error": null
    },
    "assert count_integer([1, 4, 'bkg', 6.24691070946794]) == 2": {
      "result": true,
      "time": 0.032044172286987305,
      "error": null
    },
    "assert count_integer([5, 1, 'iqaaspcp', 2.45142217965316]) == 2": {
      "result": true,
      "time": 0.03418850898742676,
      "error": null
    },
    "assert count_integer([2, 4, 'jttvzefc', 6.229186129356008]) == 2": {
      "result": true,
      "time": 0.03814697265625,
      "error": null
    },
    "assert count_integer([4, 7, 'xnawa', 5.215399261634855]) == 2": {
      "result": true,
      "time": 0.04217863082885742,
      "error": null
    },
    "assert count_integer([3, 3, 'ejvusc', 3.821102763143713]) == 2": {
      "result": true,
      "time": 0.030428409576416016,
      "error": null
    },
    "assert count_integer([6, 3, 'lzfartq', 4.606454965987902]) == 2": {
      "result": true,
      "time": 0.04724383354187012,
      "error": null
    },
    "assert count_integer([5, 3, 'tdzaehmir', 1.794751772181998]) == 2": {
      "result": true,
      "time": 0.03376436233520508,
      "error": null
    },
    "assert count_integer([5, 7, 'gnco', 3.1311480117552524]) == 2": {
      "result": true,
      "time": 0.04069399833679199,
      "error": null
    },
    "assert count_integer([1, 6, 'sequpbkna', 4.013411988800485]) == 2": {
      "result": true,
      "time": 0.03786611557006836,
      "error": null
    },
    "assert count_integer([5, 2, 'gmwfdcq', 6.050550619652883]) == 2": {
      "result": true,
      "time": 0.04016256332397461,
      "error": null
    },
    "assert count_integer([5, 1, 'ucxal', 3.64190277338864]) == 2": {
      "result": true,
      "time": 0.037523508071899414,
      "error": null
    },
    "assert count_integer([5, 3, 'grzktoce', 2.667710939106369]) == 2": {
      "result": true,
      "time": 0.03614211082458496,
      "error": null
    },
    "assert count_integer([1, 4, 'qtsyvqzrs', 6.404173960439104]) == 2": {
      "result": true,
      "time": 0.04241824150085449,
      "error": null
    },
    "assert count_integer([3, 5, 'szpef', 1.420197230040209]) == 2": {
      "result": true,
      "time": 0.0332639217376709,
      "error": null
    },
    "assert count_integer([1, 3, 'wmxwmate', 2.6538211206524833]) == 2": {
      "result": true,
      "time": 0.03521466255187988,
      "error": null
    },
    "assert count_integer([2, 1, 'gzngzu', 4.647783645299926]) == 2": {
      "result": true,
      "time": 0.036483049392700195,
      "error": null
    },
    "assert count_integer([1, 4, 'wtuswvg', 1.3053978342747832]) == 2": {
      "result": true,
      "time": 0.03836846351623535,
      "error": null
    },
    "assert count_integer([6, 7, 'ecfcvieds', 4.901728806465941]) == 2": {
      "result": true,
      "time": 0.03648710250854492,
      "error": null
    },
    "assert count_integer([4, 4, 'hubv', 5.475782201127471]) == 2": {
      "result": true,
      "time": 0.029388904571533203,
      "error": null
    },
    "assert count_integer([5, 5, 'aosew', 6.538951602826536]) == 2": {
      "result": true,
      "time": 0.03429555892944336,
      "error": null
    },
    "assert count_integer([1, 7, 'qcnkhrz', 4.302273628063601]) == 2": {
      "result": true,
      "time": 0.039913177490234375,
      "error": null
    },
    "assert count_integer([5, 6, 'muf', 5.3165437084197205]) == 2": {
      "result": true,
      "time": 0.049289703369140625,
      "error": null
    },
    "assert count_integer([6, 4, 1]) == 3": {
      "result": true,
      "time": 0.04122757911682129,
      "error": null
    },
    "assert count_integer([3, 2, 8]) == 3": {
      "result": true,
      "time": 0.038366079330444336,
      "error": null
    },
    "assert count_integer([5, 2, 4]) == 3": {
      "result": true,
      "time": 0.037873268127441406,
      "error": null
    },
    "assert count_integer([4, 1, 4]) == 3": {
      "result": true,
      "time": 0.03221416473388672,
      "error": null
    },
    "assert count_integer([6, 4, 3]) == 3": {
      "result": true,
      "time": 0.038999319076538086,
      "error": null
    },
    "assert count_integer([1, 7, 7]) == 3": {
      "result": true,
      "time": 0.034369707107543945,
      "error": null
    },
    "assert count_integer([3, 7, 1]) == 3": {
      "result": true,
      "time": 0.03579139709472656,
      "error": null
    },
    "assert count_integer([3, 3, 7]) == 3": {
      "result": true,
      "time": 0.04398393630981445,
      "error": null
    },
    "assert count_integer([5, 6, 8]) == 3": {
      "result": true,
      "time": 0.03321027755737305,
      "error": null
    },
    "assert count_integer([6, 4, 4]) == 3": {
      "result": true,
      "time": 0.03908109664916992,
      "error": null
    },
    "assert count_integer([1, 4, 7]) == 3": {
      "result": true,
      "time": 0.03829026222229004,
      "error": null
    },
    "assert count_integer([5, 7, 1]) == 3": {
      "result": true,
      "time": 0.03620791435241699,
      "error": null
    },
    "assert count_integer([2, 7, 5]) == 3": {
      "result": true,
      "time": 0.04869341850280762,
      "error": null
    },
    "assert count_integer([6, 3, 4]) == 3": {
      "result": true,
      "time": 0.040891408920288086,
      "error": null
    },
    "assert count_integer([1, 4, 5]) == 3": {
      "result": true,
      "time": 0.043444156646728516,
      "error": null
    },
    "assert count_integer([2, 1, 3]) == 3": {
      "result": true,
      "time": 0.043868303298950195,
      "error": null
    },
    "assert count_integer([2, 3, 3]) == 3": {
      "result": true,
      "time": 0.035936832427978516,
      "error": null
    },