{
  "code": "def count_Digit(n):\n    return len(str(abs(n)))",
  "results": {
    "assert count_Digit(12345) == 5": {
      "result": true,
      "time": 0.046777963638305664,
      "error": null
    },
    "assert count_Digit(11223305) == 8": {
      "result": true,
      "time": 0.05000782012939453,
      "error": null
    },
    "assert count_Digit(4123459) == 7": {
      "result": true,
      "time": 0.04374384880065918,
      "error": null
    },
    "assert count_Digit(11914) == 5": {
      "result": true,
      "time": 0.04519152641296387,
      "error": null
    },
    "assert count_Digit(11491) == 5": {
      "result": true,
      "time": 0.046460628509521484,
      "error": null
    },
    "assert count_Digit(12959) == 5": {
      "result": true,
      "time": 0.04778242111206055,
      "error": null
    },
    "assert count_Digit(12811) == 5": {
      "result": true,
      "time": 0.04515337944030762,
      "error": null
    },
    "assert count_Digit(12912) == 5": {
      "result": true,
      "time": 0.04109764099121094,
      "error": null
    },
    "assert count_Digit(11356) == 5": {
      "result": true,
      "time": 0.0440828800201416,
      "error": null
    },
    "assert count_Digit(12939) == 5": {
      "result": true,
      "time": 0.041031837463378906,
      "error": null
    },
    "assert count_Digit(12851) == 5": {
      "result": true,
      "time": 0.046740055084228516,
      "error": null
    },
    "assert count_Digit(13058) == 5": {
      "result": true,
      "time": 0.05201268196105957,
      "error": null
    },
    "assert count_Digit(13134) == 5": {
      "result": true,
      "time": 0.051250457763671875,
      "error": null
    },
    "assert count_Digit(12628) == 5": {
      "result": true,
      "time": 0.04273056983947754,
      "error": null
    },
    "assert count_Digit(11879) == 5": {
      "result": true,
      "time": 0.04280233383178711,
      "error": null
    },
    "assert count_Digit(11761) == 5": {
      "result": true,
      "time": 0.04440641403198242,
      "error": null
    },
    "assert count_Digit(12156) == 5": {
      "result": true,
      "time": 0.04990410804748535,
      "error": null
    },
    "assert count_Digit(12133) == 5": {
      "result": true,
      "time": 0.04868364334106445,
      "error": null
    },
    "assert count_Digit(12961) == 5": {
      "result": true,
      "time": 0.049726247787475586,
      "error": null
    },
    "assert count_Digit(13153) == 5": {
      "result": true,
      "time": 0.044362545013427734,
      "error": null
    },
    "assert count_Digit(12001) == 5": {
      "result": true,
      "time": 0.04879593849182129,
      "error": null
    },
    "assert count_Digit(11799) == 5": {
      "result": true,
      "time": 0.04030036926269531,
      "error": null
    },
    "assert count_Digit(11514) == 5": {
      "result": true,
      "time": 0.048486948013305664,
      "error": null
    },
    "assert count_Digit(13270) == 5": {
      "result": true,
      "time": 0.04723238945007324,
      "error": null
    },
    "assert count_Digit(12942) == 5": {
      "result": true,
      "time": 0.047570228576660156,
      "error": null
    },
    "assert count_Digit(13116) == 5": {
      "result": true,
      "time": 0.03927803039550781,
      "error": null
    },
    "assert count_Digit(12354) == 5": {
      "result": true,
      "time": 0.0371699333190918,
      "error": null
    },
    "assert count_Digit(11391) == 5": {
      "result": true,
      "time": 0.04496288299560547,
      "error": null
    },
    "assert count_Digit(11935) == 5": {
      "result": true,
      "time": 0.04095458984375,
      "error": null
    },
    "assert count_Digit(11676) == 5": {
      "result": true,
      "time": 0.038133859634399414,
      "error": null
    },
    "assert count_Digit(11445) == 5": {
      "result": true,
      "time": 0.04438495635986328,
      "error": null
    },
    "assert count_Digit(11625) == 5": {
      "result": true,
      "time": 0.047415733337402344,
      "error": null
    },
    "assert count_Digit(12471) == 5": {
      "result": true,
      "time": 0.04666495323181152,
      "error": null
    },
    "assert count_Digit(11624) == 5": {
      "result": true,
      "time": 0.04903221130371094,
      "error": null
    },
    "assert count_Digit(12702) == 5": {
      "result": true,
      "time": 0.038374900817871094,
      "error": null
    },
    "assert count_Digit(11223265) == 8": {
      "result": true,
      "time": 0.04813694953918457,
      "error": null
    },
    "assert count_Digit(11222640) == 8": {
      "result": true,
      "time": 0.04707169532775879,
      "error": null
    },
    "assert count_Digit(11223599) == 8": {
      "result": true,
      "time": 0.051076412200927734,
      "error": null
    },
    "assert count_Digit(11222663) == 8": {
      "result": true,
      "time": 0.04010581970214844,
      "error": null
    },
    "assert count_Digit(11223275) == 8": {
      "result": true,
      "time": 0.04910564422607422,
      "error": null
    },
    "assert count_Digit(11223147) == 8": {
      "result": true,
      "time": 0.044983863830566406,
      "error": null
    },
    "assert count_Digit(11224234) == 8": {
      "result": true,
      "time": 0.053346872329711914,
      "error": null
    },
    "assert count_Digit(11223898) == 8": {
      "result": true,
      "time": 0.04778265953063965,
      "error": null
    },
    "assert count_Digit(11222722) == 8": {
      "result": true,
      "time": 0.04499316215515137,
      "error": null
    },
    "assert count_Digit(11222391) == 8": {
      "result": true,
      "time": 0.04590654373168945,
      "error": null
    },
    "assert count_Digit(11223056) == 8": {
      "result": true,
      "time": 0.04450631141662598,
      "error": null
    },
    "assert count_Digit(11222665) == 8": {
      "result": true,
      "time": 0.03691411018371582,
      "error": null
    },
    "assert count_Digit(11223116) == 8": {
      "result": true,
      "time": 0.04530143737792969,
      "error": null
    },
    "assert count_Digit(11224271) == 8": {
      "result": true,
      "time": 0.04105424880981445,
      "error": null
    },
    "assert count_Digit(11222483) == 8": {
      "result": true,
      "time": 0.0426945686340332,
      "error": null
    },
    "assert count_Digit(11223330) == 8": {
      "result": true,
      "time": 0.04844379425048828,
      "error": null
    },
    "assert count_Digit(11223713) == 8": {
      "result": true,
      "time": 0.045928001403808594,
      "error": null
    },
    "assert count_Digit(11223822) == 8": {
      "result": true,
      "time": 0.0427250862121582,
      "error": null
    },
    "assert count_Digit(11222461) == 8": {
      "result": true,
      "time": 0.0516963005065918,
      "error": null
    },
    "assert count_Digit(11222500) == 8": {
      "result": true,
      "time": 0.044638633728027344,
      "error": null
    },
    "assert count_Digit(11223168) == 8": {
      "result": true,
      "time": 0.04168272018432617,
      "error": null
    },
    "assert count_Digit(11223170) == 8": {
      "result": true,
      "time": 0.04650306701660156,
      "error": null
    },
    "assert count_Digit(11223830) == 8": {
      "result": true,
      "time": 0.03698539733886719,
      "error": null
    },
    "assert count_Digit(11223676) == 8": {
      "result": true,
      "time": 0.04339861869812012,
      "error": null
    },
    "assert count_Digit(11224183) == 8": {
      "result": true,
      "time": 0.04653573036193848,
      "error": null
    },
    "assert count_Digit(11222774) == 8": {
      "result": true,
      "time": 0.03647947311401367,
      "error": null
    },
    "assert count_Digit(11224140) == 8": {
      "result": true,
      "time": 0.041547298431396484,
      "error": null
    },
    "assert count_Digit(11222737) == 8": {
      "result": true,
      "time": 0.0415494441986084,
      "error": null
    },