{
  "code": "def sub_list(list1, list2):\n    return list(map(lambda x, y: x - y, list1, list2))",
  "results": {
    "assert sub_list([1, 2, 3],[4,5,6])==[-3,-3,-3]": {
      "result": true,
      "time": 0.03976273536682129,
      "error": null
    },
    "assert sub_list([1,2],[3,4])==[-2,-2]": {
      "result": true,
      "time": 0.0490727424621582,
      "error": null
    },
    "assert sub_list([90,120],[50,70])==[40,50]": {
      "result": true,
      "time": 0.044478416442871094,
      "error": null
    },
    "assert sub_list([2, 2, 6], [4, 1, 3]) == [-2, 1, 3]": {
      "result": true,
      "time": 0.057138681411743164,
      "error": null
    },
    "assert sub_list([1, 5, 3], [5, 6, 7]) == [-4, -1, -4]": {
      "result": true,
      "time": 0.038953304290771484,
      "error": null
    },
    "assert sub_list([3, 5, 4], [6, 3, 3]) == [-3, 2, 1]": {
      "result": true,
      "time": 0.04293179512023926,
      "error": null
    },
    "assert sub_list([1, 2, 2], [7, 9, 6]) == [-6, -7, -4]": {
      "result": true,
      "time": 0.041342973709106445,
      "error": null
    },
    "assert sub_list([5, 1, 3], [7, 1, 5]) == [-2, 0, -2]": {
      "result": true,
      "time": 0.0504300594329834,
      "error": null
    },
    "assert sub_list([3, 2, 7], [6, 3, 4]) == [-3, -1, 3]": {
      "result": true,
      "time": 0.046354055404663086,
      "error": null
    },
    "assert sub_list([5, 7, 1], [3, 3, 2]) == [2, 4, -1]": {
      "result": true,
      "time": 0.048293352127075195,
      "error": null
    },
    "assert sub_list([4, 2, 8], [7, 1, 6]) == [-3, 1, 2]": {
      "result": true,
      "time": 0.04349017143249512,
      "error": null
    },
    "assert sub_list([1, 7, 7], [1, 7, 3]) == [0, 0, 4]": {
      "result": true,
      "time": 0.04528021812438965,
      "error": null
    },
    "assert sub_list([1, 2, 8], [4, 9, 3]) == [-3, -7, 5]": {
      "result": true,
      "time": 0.046576499938964844,
      "error": null
    },
    "assert sub_list([3, 6, 1], [8, 3, 9]) == [-5, 3, -8]": {
      "result": true,
      "time": 0.0408627986907959,
      "error": null
    },
    "assert sub_list([2, 1, 4], [6, 1, 9]) == [-4, 0, -5]": {
      "result": true,
      "time": 0.03858137130737305,
      "error": null
    },
    "assert sub_list([3, 1, 3], [3, 9, 9]) == [0, -8, -6]": {
      "result": true,
      "time": 0.04875373840332031,
      "error": null
    },
    "assert sub_list([2, 2, 3], [2, 7, 11]) == [0, -5, -8]": {
      "result": true,
      "time": 0.03628826141357422,
      "error": null
    },
    "assert sub_list([5, 1, 1], [2, 10, 4]) == [3, -9, -3]": {
      "result": true,
      "time": 0.047846078872680664,
      "error": null
    },
    "assert sub_list([6, 6, 2], [1, 8, 11]) == [5, -2, -9]": {
      "result": true,
      "time": 0.05296587944030762,
      "error": null
    },
    "assert sub_list([1, 1, 3], [5, 1, 9]) == [-4, 0, -6]": {
      "result": true,
      "time": 0.043793439865112305,
      "error": null
    },
    "assert sub_list([3, 3, 8], [1, 7, 8]) == [2, -4, 0]": {
      "result": true,
      "time": 0.038706302642822266,
      "error": null
    },
    "assert sub_list([1, 6, 7], [4, 1, 9]) == [-3, 5, -2]": {
      "result": true,
      "time": 0.0389704704284668,
      "error": null
    },
    "assert sub_list([1, 2, 2], [9, 8, 6]) == [-8, -6, -4]": {
      "result": true,
      "time": 0.04548192024230957,
      "error": null
    },
    "assert sub_list([6, 7, 4], [1, 9, 6]) == [5, -2, -2]": {
      "result": true,
      "time": 0.04500746726989746,
      "error": null
    },
    "assert sub_list([3, 3, 8], [9, 5, 8]) == [-6, -2, 0]": {
      "result": true,
      "time": 0.04210066795349121,
      "error": null
    },
    "assert sub_list([5, 6, 7], [2, 2, 9]) == [3, 4, -2]": {
      "result": true,
      "time": 0.04098224639892578,
      "error": null
    },
    "assert sub_list([5, 6, 7], [5, 5, 6]) == [0, 1, 1]": {
      "result": true,
      "time": 0.03772616386413574,
      "error": null
    },
    "assert sub_list([1, 2, 2], [3, 1, 2]) == [-2, 1, 0]": {
      "result": true,
      "time": 0.06047248840332031,
      "error": null
    },
    "assert sub_list([2, 7, 7], [2, 9, 2]) == [0, -2, 5]": {
      "result": true,
      "time": 0.041925907135009766,
      "error": null
    },
    "assert sub_list([3, 7, 8], [5, 9, 11]) == [-2, -2, -3]": {
      "result": true,
      "time": 0.04780316352844238,
      "error": null
    },
    "assert sub_list([2, 6, 4], [3, 1, 4]) == [-1, 5, 0]": {
      "result": true,
      "time": 0.04934573173522949,
      "error": null
    },
    "assert sub_list([6, 2, 6], [4, 7, 7]) == [2, -5, -1]": {
      "result": true,
      "time": 0.05310845375061035,
      "error": null
    },
    "assert sub_list([1, 6, 2], [9, 1, 6]) == [-8, 5, -4]": {
      "result": true,
      "time": 0.04653000831604004,
      "error": null
    },
    "assert sub_list([1, 5, 7], [1, 5, 2]) == [0, 0, 5]": {
      "result": true,
      "time": 0.047086238861083984,
      "error": null
    },
    "assert sub_list([1, 2, 7], [8, 5, 3]) == [-7, -3, 4]": {
      "result": true,
      "time": 0.03793072700500488,
      "error": null
    },
    "assert sub_list([2, 7, 1], [5, 5, 8]) == [-3, 2, -7]": {
      "result": true,
      "time": 0.04239702224731445,
      "error": null
    },
    "assert sub_list([5, 6], [4, 8]) == [1, -2]": {
      "result": true,
      "time": 0.04662203788757324,
      "error": null
    },
    "assert sub_list([2, 6], [3, 9]) == [-1, -3]": {
      "result": true,
      "time": 0.04104924201965332,
      "error": null
    },
    "assert sub_list([5, 3], [6, 2]) == [-1, 1]": {
      "result": true,
      "time": 0.041578054428100586,
      "error": null
    },
    "assert sub_list([3, 5], [3, 5]) == [0, 0]": {
      "result": true,
      "time": 0.03913378715515137,
      "error": null
    },
    "assert sub_list([4, 6], [3, 6]) == [1, 0]": {
      "result": true,
      "time": 0.04676651954650879,
      "error": null
    },
    "assert sub_list([6, 3], [7, 6]) == [-1, -3]": {
      "result": true,
      "time": 0.04958987236022949,
      "error": null
    },
    "assert sub_list([3, 2], [2, 6]) == [1, -4]": {
      "result": true,
      "time": 0.04279136657714844,
      "error": null
    },
    "assert sub_list([4, 6], [1, 1]) == [3, 5]": {
      "result": true,
      "time": 0.04311013221740723,
      "error": null
    },
    "assert sub_list([1, 2], [1, 1]) == [0, 1]": {
      "result": true,
      "time": 0.046525001525878906,
      "error": null
    },
    "assert sub_list([1, 3], [6, 8]) == [-5, -5]": {
      "result": true,
      "time": 0.0406649112701416,
      "error": null
    },
    "assert sub_list([2, 2], [7, 6]) == [-5, -4]": {
      "result": true,
      "time": 0.04190945625305176,
      "error": null
    },
    "assert sub_list([1, 6], [3, 6]) == [-2, 0]": {
      "result": true,
      "time": 0.037364959716796875,
      "error": null
    },
    "assert sub_list([3, 2], [3, 7]) == [0, -5]": {
      "result": true,
      "time": 0.04297971725463867,
      "error": null
    },
    "assert sub_list([2, 2], [4, 1]) == [-2, 1]": {
      "result": true,
      "time": 0.038741111755371094,
      "error": null
    },
    "assert sub_list([3, 2], [7, 7]) == [-4, -5]": {
      "result": true,
      "time": 0.03732872009277344,
      "error": null
    },
    "assert sub_list([4, 7], [8, 8]) == [-4, -1]": {
      "result": true,
      "time": 0.03708362579345703,
      "error": null
    },
    "assert sub_list([3, 6], [1, 6]) == [2, 0]": {
      "result": true,
      "time": 0.03795003890991211,
      "error": null
    },
    "assert sub_list([1, 7], [1, 6]) == [0, 1]": {
      "result": true,
      "time": 0.03501629829406738,
      "error": null
    },
    "assert sub_list([3, 3], [4, 7]) == [-1, -4]": {
      "result": true,
      "time": 0.03991413116455078,
      "error": null
    },