{
  "code": "import heapq\n\ndef heap_replace(heap, new_item):\n    if not heap:\n        return []\n    # Replace the smallest element with the new item\n    heapq.heapreplace(heap, new_item)\n    return heap",
  "results": {
    "assert heap_replace( [25, 44, 68, 21, 39, 23, 89],21)==[21, 25, 23, 44, 39, 68, 89]": {
      "result": false,
      "time": 0.14587831497192383,
      "error": null
    },
    "assert heap_replace([25, 44, 68, 21, 39, 23, 89],110)== [23, 25, 68, 44, 39, 110, 89]": {
      "result": false,
      "time": 0.15305089950561523,
      "error": null
    },
    "assert heap_replace([25, 44, 68, 21, 39, 23, 89],500)==[23, 25, 68, 44, 39, 500, 89]": {
      "result": false,
      "time": 0.12365913391113281,
      "error": null
    },
    "assert heap_replace([26, 49, 64, 19, 42, 28, 93], 26) == [26, 26, 28, 49, 42, 64, 93]": {
      "result": false,
      "time": 0.15199565887451172,
      "error": null
    },
    "assert heap_replace([22, 45, 65, 25, 40, 19, 86], 17) == [17, 25, 22, 45, 40, 65, 86]": {
      "result": false,
      "time": 0.14312291145324707,
      "error": null
    },
    "assert heap_replace([23, 49, 63, 24, 36, 20, 92], 23) == [23, 24, 23, 49, 36, 63, 92]": {
      "result": false,
      "time": 0.1494600772857666,
      "error": null
    },
    "assert heap_replace([21, 43, 63, 24, 36, 21, 91], 17) == [17, 24, 21, 43, 36, 63, 91]": {
      "result": false,
      "time": 0.1445331573486328,
      "error": null
    },
    "assert heap_replace([20, 41, 68, 24, 34, 24, 89], 25) == [24, 24, 25, 41, 34, 68, 89]": {
      "result": false,
      "time": 0.14305830001831055,
      "error": null
    },
    "assert heap_replace([23, 46, 71, 26, 40, 18, 87], 20) == [20, 26, 23, 46, 40, 71, 87]": {
      "result": false,
      "time": 0.14461255073547363,
      "error": null
    },
    "assert heap_replace([23, 44, 70, 20, 42, 19, 93], 18) == [18, 20, 23, 44, 42, 70, 93]": {
      "result": false,
      "time": 0.15428972244262695,
      "error": null
    },
    "assert heap_replace([25, 41, 64, 17, 36, 20, 90], 21) == [20, 25, 21, 41, 36, 64, 90]": {
      "result": false,
      "time": 0.1550147533416748,
      "error": null
    },
    "assert heap_replace([26, 44, 64, 23, 44, 22, 87], 19) == [19, 23, 26, 44, 44, 64, 87]": {
      "result": false,
      "time": 0.15570712089538574,
      "error": null
    },
    "assert heap_replace([25, 40, 70, 23, 36, 18, 94], 17) == [17, 23, 25, 40, 36, 70, 94]": {
      "result": false,
      "time": 0.14188027381896973,
      "error": null
    },
    "assert heap_replace([27, 40, 69, 18, 42, 21, 94], 17) == [17, 27, 21, 40, 42, 69, 94]": {
      "result": false,
      "time": 0.15321612358093262,
      "error": null
    },
    "assert heap_replace([28, 39, 71, 16, 35, 28, 94], 19) == [19, 28, 28, 39, 35, 71, 94]": {
      "result": false,
      "time": 0.16809701919555664,
      "error": null
    },
    "assert heap_replace([22, 40, 63, 16, 37, 18, 92], 21) == [18, 22, 21, 40, 37, 63, 92]": {
      "result": false,
      "time": 0.14757180213928223,
      "error": null
    },
    "assert heap_replace([30, 42, 68, 23, 36, 18, 90], 18) == [18, 23, 30, 42, 36, 68, 90]": {
      "result": false,
      "time": 0.13953065872192383,
      "error": null
    },
    "assert heap_replace([20, 42, 70, 17, 37, 20, 89], 16) == [16, 20, 20, 42, 37, 70, 89]": {
      "result": false,
      "time": 0.1044929027557373,
      "error": null
    },
    "assert heap_replace([22, 47, 63, 23, 38, 21, 91], 20) == [20, 23, 22, 47, 38, 63, 91]": {
      "result": false,
      "time": 0.14856505393981934,
      "error": null
    },
    "assert heap_replace([28, 45, 64, 16, 43, 20, 91], 24) == [20, 28, 24, 45, 43, 64, 91]": {
      "result": false,
      "time": 0.159454345703125,
      "error": null
    },
    "assert heap_replace([24, 43, 71, 20, 41, 26, 91], 24) == [24, 24, 26, 43, 41, 71, 91]": {
      "result": false,
      "time": 0.14792585372924805,
      "error": null
    },
    "assert heap_replace([29, 42, 64, 16, 38, 20, 90], 26) == [20, 29, 26, 42, 38, 64, 90]": {
      "result": false,
      "time": 0.1329813003540039,
      "error": null
    },
    "assert heap_replace([22, 48, 63, 21, 42, 18, 92], 26) == [21, 26, 22, 48, 42, 63, 92]": {
      "result": false,
      "time": 0.17366337776184082,
      "error": null
    },
    "assert heap_replace([21, 39, 66, 19, 39, 21, 85], 25) == [21, 21, 25, 39, 39, 66, 85]": {
      "result": false,
      "time": 0.1522839069366455,
      "error": null
    },
    "assert heap_replace([29, 41, 63, 16, 36, 21, 91], 19) == [19, 29, 21, 41, 36, 63, 91]": {
      "result": false,
      "time": 0.14477920532226562,
      "error": null
    },
    "assert heap_replace([23, 39, 68, 19, 38, 19, 84], 18) == [18, 19, 23, 39, 38, 68, 84]": {
      "result": false,
      "time": 0.1474153995513916,
      "error": null
    },
    "assert heap_replace([27, 41, 64, 23, 36, 18, 92], 22) == [22, 23, 27, 41, 36, 64, 92]": {
      "result": false,
      "time": 0.15642380714416504,
      "error": null
    },
    "assert heap_replace([24, 47, 68, 16, 38, 18, 92], 25) == [18, 24, 25, 47, 38, 68, 92]": {
      "result": false,
      "time": 0.13133788108825684,
      "error": null
    },
    "assert heap_replace([25, 40, 70, 17, 39, 22, 87], 21) == [21, 25, 22, 40, 39, 70, 87]": {
      "result": false,
      "time": 0.17756938934326172,
      "error": null
    },
    "assert heap_replace([22, 42, 68, 17, 42, 22, 92], 20) == [20, 22, 22, 42, 42, 68, 92]": {
      "result": false,
      "time": 0.1426072120666504,
      "error": null
    },
    "assert heap_replace([28, 46, 72, 24, 44, 19, 88], 18) == [18, 24, 28, 46, 44, 72, 88]": {
      "result": false,
      "time": 0.14490365982055664,
      "error": null
    },
    "assert heap_replace([21, 45, 71, 18, 39, 22, 87], 17) == [17, 21, 22, 45, 39, 71, 87]": {
      "result": false,
      "time": 0.15471744537353516,
      "error": null
    },
    "assert heap_replace([20, 43, 68, 22, 38, 27, 88], 20) == [20, 22, 27, 43, 38, 68, 88]": {
      "result": false,
      "time": 0.10588574409484863,
      "error": null
    },
    "assert heap_replace([21, 45, 65, 25, 34, 26, 88], 18) == [18, 25, 26, 45, 34, 65, 88]": {
      "result": false,
      "time": 0.15114951133728027,
      "error": null
    },
    "assert heap_replace([23, 45, 66, 20, 36, 20, 84], 20) == [20, 20, 23, 45, 36, 66, 84]": {
      "result": false,
      "time": 0.16069841384887695,
      "error": null
    },
    "assert heap_replace([24, 39, 64, 21, 34, 21, 90], 22) == [21, 22, 24, 39, 34, 64, 90]": {
      "result": false,
      "time": 0.1762096881866455,
      "error": null
    },
    "assert heap_replace([21, 46, 64, 21, 41, 19, 90], 110) == [21, 21, 64, 46, 41, 110, 90]": {
      "result": false,
      "time": 0.14738678932189941,
      "error": null
    },
    "assert heap_replace([23, 40, 68, 18, 34, 28, 85], 115) == [23, 34, 28, 40, 115, 68, 85]": {
      "result": false,
      "time": 0.14048051834106445,
      "error": null
    },
    "assert heap_replace([27, 49, 72, 22, 37, 22, 89], 115) == [22, 37, 27, 49, 115, 72, 89]": {
      "result": false,
      "time": 0.10413336753845215,
      "error": null
    },
    "assert heap_replace([21, 42, 68, 25, 37, 28, 93], 110) == [25, 37, 28, 42, 110, 68, 93]": {
      "result": false,
      "time": 0.10190606117248535,
      "error": null
    },
    "assert heap_replace([20, 40, 68, 21, 44, 27, 87], 105) == [21, 40, 27, 105, 44, 68, 87]": {
      "result": false,
      "time": 0.14258766174316406,
      "error": null
    },
    "assert heap_replace([28, 40, 71, 26, 34, 20, 87], 106) == [26, 34, 28, 40, 106, 71, 87]": {
      "result": false,
      "time": 0.1498711109161377,
      "error": null
    },
    "assert heap_replace([20, 47, 69, 21, 41, 23, 87], 108) == [21, 41, 23, 47, 108, 69, 87]": {
      "result": false,
      "time": 0.12099385261535645,
      "error": null
    },