{
  "code": "def frequency(arr, num):\n    return arr.count(num)",
  "results": {
    "assert frequency([1,2,3],4) == 0": {
      "result": true,
      "time": 0.04040932655334473,
      "error": null
    },
    "assert frequency([1,2,2,3,3,3,4],3) == 3": {
      "result": true,
      "time": 0.03536677360534668,
      "error": null
    },
    "assert frequency([0,1,2,3,1,2],1) == 2": {
      "result": true,
      "time": 0.039609670639038086,
      "error": null
    },
    "assert frequency([1, 1, 7], 2) == 0": {
      "result": true,
      "time": 0.0312800407409668,
      "error": null
    },
    "assert frequency([6, 6, 4], 9) == 0": {
      "result": true,
      "time": 0.03792142868041992,
      "error": null
    },
    "assert frequency([3, 1, 6], 6) == 1": {
      "result": true,
      "time": 0.030223608016967773,
      "error": null
    },
    "assert frequency([4, 3, 6], 5) == 0": {
      "result": true,
      "time": 0.04071688652038574,
      "error": null
    },
    "assert frequency([5, 4, 1], 4) == 1": {
      "result": true,
      "time": 0.03974318504333496,
      "error": null
    },
    "assert frequency([5, 6, 2], 8) == 0": {
      "result": true,
      "time": 0.04077339172363281,
      "error": null
    },
    "assert frequency([5, 4, 4], 9) == 0": {
      "result": true,
      "time": 0.03478670120239258,
      "error": null
    },
    "assert frequency([1, 6, 8], 6) == 1": {
      "result": true,
      "time": 0.03653836250305176,
      "error": null
    },
    "assert frequency([2, 7, 1], 2) == 1": {
      "result": true,
      "time": 0.04061579704284668,
      "error": null
    },
    "assert frequency([4, 1, 1], 3) == 0": {
      "result": true,
      "time": 0.035393476486206055,
      "error": null
    },
    "assert frequency([5, 4, 5], 2) == 0": {
      "result": true,
      "time": 0.03653526306152344,
      "error": null
    },
    "assert frequency([3, 1, 3], 8) == 0": {
      "result": true,
      "time": 0.0335850715637207,
      "error": null
    },
    "assert frequency([3, 7, 3], 3) == 2": {
      "result": true,
      "time": 0.03904151916503906,
      "error": null
    },
    "assert frequency([4, 6, 1], 7) == 0": {
      "result": true,
      "time": 0.041965484619140625,
      "error": null
    },
    "assert frequency([5, 6, 5], 7) == 0": {
      "result": true,
      "time": 0.03812575340270996,
      "error": null
    },
    "assert frequency([1, 1, 3], 5) == 0": {
      "result": true,
      "time": 0.036231040954589844,
      "error": null
    },
    "assert frequency([1, 5, 6], 1) == 1": {
      "result": true,
      "time": 0.03912997245788574,
      "error": null
    },
    "assert frequency([2, 2, 7], 2) == 2": {
      "result": true,
      "time": 0.0399785041809082,
      "error": null
    },
    "assert frequency([3, 5, 7], 3) == 1": {
      "result": true,
      "time": 0.04344511032104492,
      "error": null
    },
    "assert frequency([5, 7, 6], 5) == 1": {
      "result": true,
      "time": 0.03515768051147461,
      "error": null
    },
    "assert frequency([4, 7, 4], 5) == 0": {
      "result": true,
      "time": 0.03447985649108887,
      "error": null
    },
    "assert frequency([3, 1, 5], 8) == 0": {
      "result": true,
      "time": 0.03286385536193848,
      "error": null
    },
    "assert frequency([5, 3, 2], 2) == 1": {
      "result": true,
      "time": 0.04411625862121582,
      "error": null
    },
    "assert frequency([1, 7, 4], 6) == 0": {
      "result": true,
      "time": 0.044554710388183594,
      "error": null
    },
    "assert frequency([5, 4, 8], 5) == 1": {
      "result": true,
      "time": 0.03634142875671387,
      "error": null
    },
    "assert frequency([5, 4, 4], 4) == 2": {
      "result": true,
      "time": 0.035811424255371094,
      "error": null
    },
    "assert frequency([5, 4, 5], 5) == 2": {
      "result": true,
      "time": 0.03493785858154297,
      "error": null
    },
    "assert frequency([4, 7, 3], 6) == 0": {
      "result": true,
      "time": 0.03796505928039551,
      "error": null
    },
    "assert frequency([3, 2, 7], 5) == 0": {
      "result": true,
      "time": 0.04340958595275879,
      "error": null
    },
    "assert frequency([1, 3, 8], 6) == 0": {
      "result": true,
      "time": 0.037914276123046875,
      "error": null
    },
    "assert frequency([1, 4, 6], 5) == 0": {
      "result": true,
      "time": 0.03693819046020508,
      "error": null
    },
    "assert frequency([1, 1, 8], 3) == 0": {
      "result": true,
      "time": 0.0309906005859375,
      "error": null
    },
    "assert frequency([3, 2, 7], 4) == 0": {
      "result": true,
      "time": 0.03887343406677246,
      "error": null
    },
    "assert frequency([4, 2, 4, 6, 2, 3, 3], 5) == 0": {
      "result": true,
      "time": 0.03534388542175293,
      "error": null
    },
    "assert frequency([3, 7, 6, 7, 7, 8, 6], 5) == 0": {
      "result": true,
      "time": 0.04253554344177246,
      "error": null
    },
    "assert frequency([6, 5, 2, 1, 4, 4, 9], 5) == 1": {
      "result": true,
      "time": 0.03323769569396973,
      "error": null
    },
    "assert frequency([5, 6, 7, 7, 8, 5, 9], 7) == 2": {
      "result": true,
      "time": 0.03960824012756348,
      "error": null
    },
    "assert frequency([5, 7, 4, 7, 8, 7, 4], 6) == 0": {
      "result": true,
      "time": 0.03695034980773926,
      "error": null
    },
    "assert frequency([2, 7, 4, 5, 2, 2, 4], 7) == 1": {
      "result": true,
      "time": 0.04359292984008789,
      "error": null
    },
    "assert frequency([2, 2, 2, 7, 5, 8, 3], 6) == 0": {
      "result": true,
      "time": 0.039302825927734375,
      "error": null
    },
    "assert frequency([2, 3, 1, 2, 2, 5, 2], 3) == 1": {
      "result": true,
      "time": 0.03777265548706055,
      "error": null
    },
    "assert frequency([2, 3, 6, 7, 5, 7, 9], 8) == 0": {
      "result": true,
      "time": 0.03813958168029785,
      "error": null
    },
    "assert frequency([3, 6, 3, 8, 6, 8, 3], 5) == 0": {
      "result": true,
      "time": 0.04163026809692383,
      "error": null
    },
    "assert frequency([4, 5, 6, 7, 2, 3, 9], 3) == 1": {
      "result": true,
      "time": 0.031129837036132812,
      "error": null
    },
    "assert frequency([4, 2, 1, 5, 4, 6, 6], 4) == 2": {
      "result": true,
      "time": 0.03579878807067871,
      "error": null
    },
    "assert frequency([2, 7, 2, 6, 3, 5, 2], 2) == 3": {
      "result": true,
      "time": 0.035767555236816406,
      "error": null
    },
    "assert frequency([6, 7, 4, 5, 2, 5, 3], 8) == 0": {
      "result": true,
      "time": 0.03980875015258789,
      "error": null
    },
    "assert frequency([3, 1, 2, 4, 1, 4, 6], 2) == 1": {
      "result": true,
      "time": 0.03677845001220703,
      "error": null
    },
    "assert frequency([2, 2, 2, 3, 4, 2, 5], 7) == 0": {
      "result": true,
      "time": 0.033437252044677734,
      "error": null
    },
    "assert frequency([5, 6, 2, 3, 7, 7, 5], 8) == 0": {
      "result": true,
      "time": 0.038342952728271484,
      "error": null
    },
    "assert frequency([5, 3, 3, 7, 4, 3, 6], 8) == 0": {
      "result": true,
      "time": 0.03626585006713867,
      "error": null
    },
    "assert frequency([1, 5, 1, 3, 5, 1, 3], 6) == 0": {
      "result": true,
      "time": 0.03938412666320801,
      "error": null
    },
    "assert frequency([6, 4, 2, 8, 4, 8, 5], 2) == 1": {
      "result": true,
      "time": 0.033689022064208984,
      "error": null
    },
    "assert frequency([1, 3, 6, 3, 1, 5, 1], 2) == 0": {
      "result": true,
      "time": 0.04621434211730957,
      "error": null
    },
    "assert frequency([4, 5, 7, 3, 3, 1, 6], 8) == 0": {
      "result": true,
      "time": 0.0373687744140625,
      "error": null
    },
    "assert frequency([4, 4, 5, 6, 5, 5, 1], 4) == 2": {
      "result": true,
      "time": 0.039157867431640625,
      "error": null
    },