{
  "code": "def check(string):\n    binary_chars = {'0', '1'}\n    if set(string) <= binary_chars:\n        return \"Yes\"\n    else:\n        return \"No\"",
  "results": {
    "assert check(\"01010101010\") == \"Yes\"": {
      "result": true,
      "time": 0.0520482063293457,
      "error": null
    },
    "assert check(\"name0\") == \"No\"": {
      "result": true,
      "time": 0.062139272689819336,
      "error": null
    },
    "assert check(\"101\") == \"Yes\"": {
      "result": true,
      "time": 0.05483102798461914,
      "error": null
    },
    "assert check(\"194375\") == \"No\"": {
      "result": true,
      "time": 0.05389213562011719,
      "error": null
    },
    "assert check(\"289042\") == \"No\"": {
      "result": true,
      "time": 0.06029391288757324,
      "error": null
    },
    "assert check(\"104510\") == \"No\"": {
      "result": true,
      "time": 0.05067873001098633,
      "error": null
    },
    "assert check(\"50566423964\") == \"No\"": {
      "result": true,
      "time": 0.058241844177246094,
      "error": null
    },
    "assert check(\"52883730333286\") == \"No\"": {
      "result": true,
      "time": 0.051766395568847656,
      "error": null
    },
    "assert check(\"69800969817611\") == \"No\"": {
      "result": true,
      "time": 0.04707145690917969,
      "error": null
    },
    "assert check(\"173066\") == \"No\"": {
      "result": true,
      "time": 0.05821704864501953,
      "error": null
    },
    "assert check(\"1546012\") == \"No\"": {
      "result": true,
      "time": 0.050045013427734375,
      "error": null
    },
    "assert check(\"587034443519467\") == \"No\"": {
      "result": true,
      "time": 0.060666799545288086,
      "error": null
    },
    "assert check(\"8322636986383\") == \"No\"": {
      "result": true,
      "time": 0.04396319389343262,
      "error": null
    },
    "assert check(\"905430676\") == \"No\"": {
      "result": true,
      "time": 0.03612828254699707,
      "error": null
    },
    "assert check(\"70662207548738\") == \"No\"": {
      "result": true,
      "time": 0.03485894203186035,
      "error": null
    },
    "assert check(\"191040146\") == \"No\"": {
      "result": true,
      "time": 0.03513908386230469,
      "error": null
    },
    "assert check(\"779046611573936\") == \"No\"": {
      "result": true,
      "time": 0.03581738471984863,
      "error": null
    },
    "assert check(\"2128723854319\") == \"No\"": {
      "result": true,
      "time": 0.0335993766784668,
      "error": null
    },
    "assert check(\"91884679\") == \"No\"": {
      "result": true,
      "time": 0.03709697723388672,
      "error": null
    },
    "assert check(\"6965524982153\") == \"No\"": {
      "result": true,
      "time": 0.061577558517456055,
      "error": null
    },
    "assert check(\"10223824922183\") == \"No\"": {
      "result": true,
      "time": 0.04819297790527344,
      "error": null
    },
    "assert check(\"87883409187\") == \"No\"": {
      "result": true,
      "time": 0.0558011531829834,
      "error": null
    },
    "assert check(\"64461415018\") == \"No\"": {
      "result": true,
      "time": 0.0652930736541748,
      "error": null
    },
    "assert check(\"426080\") == \"No\"": {
      "result": true,
      "time": 0.059988975524902344,
      "error": null
    },
    "assert check(\"775414\") == \"No\"": {
      "result": true,
      "time": 0.0478365421295166,
      "error": null
    },
    "assert check(\"4671427\") == \"No\"": {
      "result": true,
      "time": 0.05278778076171875,
      "error": null
    },
    "assert check(\"3216790096\") == \"No\"": {
      "result": true,
      "time": 0.05972695350646973,
      "error": null
    },
    "assert check(\"67896851592\") == \"No\"": {
      "result": true,
      "time": 0.04806160926818848,
      "error": null
    },
    "assert check(\"748843475\") == \"No\"": {
      "result": true,
      "time": 0.05853438377380371,
      "error": null
    },
    "assert check(\"90657364752836\") == \"No\"": {
      "result": true,
      "time": 0.04626178741455078,
      "error": null
    },
    "assert check(\"01297582\") == \"No\"": {
      "result": true,
      "time": 0.060404300689697266,
      "error": null
    },
    "assert check(\"3726855\") == \"No\"": {
      "result": true,
      "time": 0.05372262001037598,
      "error": null
    },
    "assert check(\"409504091822\") == \"No\"": {
      "result": true,
      "time": 0.05358099937438965,
      "error": null
    },
    "assert check(\"536065\") == \"No\"": {
      "result": true,
      "time": 0.06091737747192383,
      "error": null
    },
    "assert check(\"83574461\") == \"No\"": {
      "result": true,
      "time": 0.05930805206298828,
      "error": null
    },
    "assert check(\"130309947880345\") == \"No\"": {
      "result": true,
      "time": 0.05630683898925781,
      "error": null
    },
    "assert check(\"4cm93wd\") == \"No\"": {
      "result": true,
      "time": 0.051180124282836914,
      "error": null
    },
    "assert check(\"x7rap\") == \"No\"": {
      "result": true,
      "time": 0.05786466598510742,
      "error": null
    },
    "assert check(\"4is5yw\") == \"No\"": {
      "result": true,
      "time": 0.0649099349975586,
      "error": null
    },
    "assert check(\"978a512jy\") == \"No\"": {
      "result": true,
      "time": 0.05129551887512207,
      "error": null
    },
    "assert check(\"y5jn6a5\") == \"No\"": {
      "result": true,
      "time": 0.05715060234069824,
      "error": null
    },
    "assert check(\"lj2e5i2kf\") == \"No\"": {
      "result": true,
      "time": 0.05350995063781738,
      "error": null
    },
    "assert check(\"o8d0khjk\") == \"No\"": {
      "result": true,
      "time": 0.05537128448486328,
      "error": null
    },
    "assert check(\"2oho4\") == \"No\"": {
      "result": true,
      "time": 0.06428718566894531,
      "error": null
    },
    "assert check(\"08dbe\") == \"No\"": {
      "result": true,
      "time": 0.045421600341796875,
      "error": null
    },
    "assert check(\"1fjh5i1m\") == \"No\"": {
      "result": true,
      "time": 0.04656648635864258,
      "error": null
    },
    "assert check(\"sifpabcmg\") == \"No\"": {
      "result": true,
      "time": 0.05788779258728027,
      "error": null
    },
    "assert check(\"7smj0\") == \"No\"": {
      "result": true,
      "time": 0.04429316520690918,
      "error": null
    },
    "assert check(\"s0k78md\") == \"No\"": {
      "result": true,
      "time": 0.045577049255371094,
      "error": null
    },
    "assert check(\"zc0\") == \"No\"": {
      "result": true,
      "time": 0.04565739631652832,
      "error": null
    },
    "assert check(\"wrs0\") == \"No\"": {
      "result": true,
      "time": 0.047037363052368164,
      "error": null
    },
    "assert check(\"t7lm\") == \"No\"": {
      "result": true,
      "time": 0.041294097900390625,
      "error": null
    },
    "assert check(\"hrj88nfgu\") == \"No\"": {
      "result": true,
      "time": 0.04585099220275879,
      "error": null
    },
    "assert check(\"a5g\") == \"No\"": {
      "result": true,
      "time": 0.04424262046813965,
      "error": null
    },
    "assert check(\"n4cji\") == \"No\"": {
      "result": true,
      "time": 0.048065185546875,
      "error": null
    },
    "assert check(\"d2mmkux\") == \"No\"": {
      "result": true,
      "time": 0.04590582847595215,
      "error": null
    },
    "assert check(\"loet1ou\") == \"No\"": {
      "result": true,
      "time": 0.04785871505737305,
      "error": null
    },
    "assert check(\"67n9sqq\") == \"No\"": {
      "result": true,
      "time": 0.05193471908569336,
      "error": null
    },
    "assert check(\"48mo0yyg3\") == \"No\"": {
      "result": true,
      "time": 0.048108816146850586,
      "error": null
    },
    "assert check(\"fcj0\") == \"No\"": {
      "result": true,
      "time": 0.04686331748962402,