{
  "code": "import math\n\ndef area_polygon(n, s):\n    \"\"\"\n    Calculate the area of a regular polygon.\n    \n    Parameters:\n    n (int): Number of sides of the polygon.\n    s (float): Length of each side of the polygon.\n    \n    Returns:\n    float: Area of the regular polygon.\n    \"\"\"\n    area = (n * s ** 2) / (4 * math.tan(math.pi / n))\n    return area",
  "results": {
    "assert area_polygon(4,20)==400.00000000000006": {
      "result": true,
      "time": 0.08046507835388184,
      "error": null
    },
    "assert area_polygon(10,15)==1731.1969896610804": {
      "result": true,
      "time": 0.08139967918395996,
      "error": null
    },
    "assert area_polygon(9,7)==302.90938549487214": {
      "result": true,
      "time": 0.07975172996520996,
      "error": null
    },
    "assert area_polygon(3, 23) == 229.0637193009841": {
      "result": true,
      "time": 0.07642102241516113,
      "error": null
    },
    "assert area_polygon(9, 24) == 3560.7307356131905": {
      "result": true,
      "time": 0.06918787956237793,
      "error": null
    },
    "assert area_polygon(9, 17) == 1786.5471920003683": {
      "result": true,
      "time": 0.07560276985168457,
      "error": null
    },
    "assert area_polygon(3, 21) == 190.95860153446878": {
      "result": true,
      "time": 0.0740971565246582,
      "error": null
    },
    "assert area_polygon(6, 21) == 1145.7516092068124": {
      "result": true,
      "time": 0.08261823654174805,
      "error": null
    },
    "assert area_polygon(5, 24) == 990.994982739245": {
      "result": true,
      "time": 0.07845711708068848,
      "error": null
    },
    "assert area_polygon(8, 24) == 2781.1740238538055": {
      "result": true,
      "time": 0.08270692825317383,
      "error": null
    },
    "assert area_polygon(2, 16) == 7.83773951454306e-15": {
      "result": true,
      "time": 0.0717315673828125,
      "error": null
    },
    "assert area_polygon(1, 23) == -1.0799032022300438e+18": {
      "result": true,
      "time": 0.08529162406921387,
      "error": null
    },
    "assert area_polygon(3, 16) == 110.85125168440818": {
      "result": true,
      "time": 0.08773088455200195,
      "error": null
    },
    "assert area_polygon(2, 18) == 9.919639073093561e-15": {
      "result": true,
      "time": 0.09132695198059082,
      "error": null
    },
    "assert area_polygon(4, 22) == 484.00000000000006": {
      "result": true,
      "time": 0.07232975959777832,
      "error": null
    },
    "assert area_polygon(1, 24) == -1.1758492334300667e+18": {
      "result": true,
      "time": 0.07804441452026367,
      "error": null
    },
    "assert area_polygon(9, 21) == 2726.184469453849": {
      "result": true,
      "time": 0.08210277557373047,
      "error": null
    },
    "assert area_polygon(5, 22) == 832.71106188506": {
      "result": true,
      "time": 0.07946419715881348,
      "error": null
    },
    "assert area_polygon(8, 22) == 2336.958728377156": {
      "result": true,
      "time": 0.09043645858764648,
      "error": null
    },
    "assert area_polygon(1, 16) == -5.2259965930225184e+17": {
      "result": true,
      "time": 0.07141900062561035,
      "error": null
    },
    "assert area_polygon(5, 25) == 1075.2983753681044": {
      "result": true,
      "time": 0.09210038185119629,
      "error": null
    },
    "assert area_polygon(3, 15) == 97.42785792574938": {
      "result": true,
      "time": 0.08708000183105469,
      "error": null
    },
    "assert area_polygon(4, 20) == 400.00000000000006": {
      "result": true,
      "time": 0.0800328254699707,
      "error": null
    },
    "assert area_polygon(6, 23) == 1374.3823158059042": {
      "result": true,
      "time": 0.08345437049865723,
      "error": null
    },
    "assert area_polygon(6, 24) == 1496.49189773951": {
      "result": true,
      "time": 0.08380603790283203,
      "error": null
    },
    "assert area_polygon(4, 15) == 225.00000000000003": {
      "result": true,
      "time": 0.08340287208557129,
      "error": null
    },
    "assert area_polygon(3, 18) == 140.2961154130791": {
      "result": true,
      "time": 0.07611441612243652,
      "error": null
    },
    "assert area_polygon(4, 16) == 256.00000000000006": {
      "result": true,
      "time": 0.07713532447814941,
      "error": null
    },
    "assert area_polygon(2, 25) == 1.9135106236677392e-14": {
      "result": true,
      "time": 0.08713936805725098,
      "error": null
    },
    "assert area_polygon(5, 20) == 688.1909602355868": {
      "result": true,
      "time": 0.07968664169311523,
      "error": null
    },
    "assert area_polygon(1, 19) == -7.36947175812941e+17": {
      "result": true,
      "time": 0.07858753204345703,
      "error": null
    },
    "assert area_polygon(5, 18) == 557.4346777908253": {
      "result": true,
      "time": 0.07767295837402344,
      "error": null
    },
    "assert area_polygon(14, 16) == 3925.6324957112015": {
      "result": true,
      "time": 0.07664895057678223,
      "error": null
    },
    "assert area_polygon(11, 13) == 1582.7931442737788": {
      "result": true,
      "time": 0.07660317420959473,
      "error": null
    },
    "assert area_polygon(14, 14) == 3005.5623795288884": {
      "result": true,
      "time": 0.0800931453704834,
      "error": null
    },
    "assert area_polygon(7, 17) == 1050.2006963164592": {
      "result": true,
      "time": 0.08390283584594727,
      "error": null
    },
    "assert area_polygon(11, 14) == 1835.6654217613057": {
      "result": true,
      "time": 0.08269143104553223,
      "error": null
    },
    "assert area_polygon(14, 12) == 2208.1682788375506": {
      "result": true,
      "time": 0.07638025283813477,
      "error": null
    },
    "assert area_polygon(7, 11) == 439.7034057241923": {
      "result": true,
      "time": 0.08893156051635742,
      "error": null
    },
    "assert area_polygon(7, 15) == 817.6302999003576": {
      "result": true,
      "time": 0.07817959785461426,
      "error": null
    },
    "assert area_polygon(8, 14) == 946.3717164502533": {
      "result": true,
      "time": 0.08204960823059082,
      "error": null
    },
    "assert area_polygon(11, 17) == 2706.6699331072314": {
      "result": true,
      "time": 0.08287405967712402,
      "error": null
    },
    "assert area_polygon(14, 11) == 1855.4747343009976": {
      "result": true,
      "time": 0.08843374252319336,
      "error": null
    },
    "assert area_polygon(12, 11) == 1354.7344431475026": {
      "result": true,
      "time": 0.07729649543762207,
      "error": null
    },
    "assert area_polygon(5, 19) == 621.092341612617": {
      "result": true,
      "time": 0.08214473724365234,
      "error": null
    },
    "assert area_polygon(10, 12) == 1107.9660733830913": {
      "result": true,
      "time": 0.08579754829406738,
      "error": null
    },
    "assert area_polygon(8, 12) == 695.2935059634514": {
      "result": true,
      "time": 0.0755760669708252,
      "error": null
    },
    "assert area_polygon(12, 13) == 1892.149759437421": {
      "result": true,
      "time": 0.09598469734191895,
      "error": null
    },
    "assert area_polygon(7, 16) == 930.2815856644069": {
      "result": true,
      "time": 0.09218859672546387,
      "error": null
    },
    "assert area_polygon(9, 14) == 1211.6375419794886": {
      "result": true,
      "time": 0.09314203262329102,
      "error": null
    },
    "assert area_polygon(15, 15) == 3969.5316548724463": {
      "result": true,
      "time": 0.08229494094848633,
      "error": null
    },
    "assert area_polygon(6, 16) == 665.1075101064489": {
      "result": true,
      "time": 0.09012794494628906,
      "error": null
    },
    "assert area_polygon(5, 11) == 208.177765471265": {
      "result": true,
      "time": 0.07822895050048828,
      "error": null
    },
    "assert area_polygon(5, 10) == 172.0477400588967": {
      "result": true,