{
  "code": "def re_order(arr):\n    # Separate non-zero and zero elements\n    non_zeros = [x for x in arr if x != 0]\n    zeros = [x for x in arr if x == 0]\n    # Combine non-zeros followed by zeros\n    return non_zeros + zeros",
  "results": {
    "assert re_order([6, 0, 8, 2, 3, 0, 4, 0, 1]) == [6, 8, 2, 3, 4, 1, 0, 0, 0]": {
      "result": true,
      "time": 0.0366513729095459,
      "error": null
    },
    "assert re_order([4, 0, 2, 7, 0, 9, 0, 12, 0]) == [4, 2, 7, 9, 12, 0, 0, 0, 0]": {
      "result": true,
      "time": 0.03718709945678711,
      "error": null
    },
    "assert re_order([3, 11, 0, 74, 14, 0, 1, 0, 2]) == [3, 11, 74, 14, 1, 2, 0, 0, 0]": {
      "result": true,
      "time": 0.036852359771728516,
      "error": null
    },
    "assert re_order([3, 5, 13, 3, 7, 5, 5, 4, 1]) == [3, 5, 13, 3, 7, 5, 5, 4, 1]": {
      "result": true,
      "time": 0.03499341011047363,
      "error": null
    },
    "assert re_order([11, 1, 4, 2, 5, 1, 6, 2, 1]) == [11, 1, 4, 2, 5, 1, 6, 2, 1]": {
      "result": true,
      "time": 0.03271222114562988,
      "error": null
    },
    "assert re_order([11, 5, 4, 7, 6, 1, 3, 5, 1]) == [11, 5, 4, 7, 6, 1, 3, 5, 1]": {
      "result": true,
      "time": 0.03807473182678223,
      "error": null
    },
    "assert re_order([9, 1, 12, 1, 4, 3, 7, 5, 6]) == [9, 1, 12, 1, 4, 3, 7, 5, 6]": {
      "result": true,
      "time": 0.033243656158447266,
      "error": null
    },
    "assert re_order([7, 1, 9, 1, 6, 3, 5, 2, 6]) == [7, 1, 9, 1, 6, 3, 5, 2, 6]": {
      "result": true,
      "time": 0.0388178825378418,
      "error": null
    },
    "assert re_order([6, 1, 8, 5, 3, 3, 8, 2, 2]) == [6, 1, 8, 5, 3, 3, 8, 2, 2]": {
      "result": true,
      "time": 0.03947567939758301,
      "error": null
    },
    "assert re_order([8, 5, 12, 7, 7, 2, 7, 5, 4]) == [8, 5, 12, 7, 7, 2, 7, 5, 4]": {
      "result": true,
      "time": 0.035677194595336914,
      "error": null
    },
    "assert re_order([6, 2, 13, 1, 7, 2, 6, 2, 2]) == [6, 2, 13, 1, 7, 2, 6, 2, 2]": {
      "result": true,
      "time": 0.03329038619995117,
      "error": null
    },
    "assert re_order([11, 3, 12, 6, 1, 5, 3, 2, 5]) == [11, 3, 12, 6, 1, 5, 3, 2, 5]": {
      "result": true,
      "time": 0.03541421890258789,
      "error": null
    },
    "assert re_order([5, 5, 11, 2, 6, 1, 8, 2, 6]) == [5, 5, 11, 2, 6, 1, 8, 2, 6]": {
      "result": true,
      "time": 0.033841609954833984,
      "error": null
    },
    "assert re_order([2, 5, 5, 1, 5, 1, 9, 2, 5]) == [2, 5, 5, 1, 5, 1, 9, 2, 5]": {
      "result": true,
      "time": 0.03580641746520996,
      "error": null
    },
    "assert re_order([3, 2, 11, 1, 4, 2, 4, 5, 3]) == [3, 2, 11, 1, 4, 2, 4, 5, 3]": {
      "result": true,
      "time": 0.033148765563964844,
      "error": null
    },
    "assert re_order([7, 4, 7, 5, 4, 4, 1, 5, 3]) == [7, 4, 7, 5, 4, 4, 1, 5, 3]": {
      "result": true,
      "time": 0.03338956832885742,
      "error": null
    },
    "assert re_order([7, 1, 7, 2, 1, 3, 1, 3, 6]) == [7, 1, 7, 2, 1, 3, 1, 3, 6]": {
      "result": true,
      "time": 0.03235793113708496,
      "error": null
    },
    "assert re_order([4, 2, 9, 5, 6, 2, 5, 3, 1]) == [4, 2, 9, 5, 6, 2, 5, 3, 1]": {
      "result": true,
      "time": 0.03698444366455078,
      "error": null
    },
    "assert re_order([5, 4, 12, 6, 5, 3, 1, 2, 3]) == [5, 4, 12, 6, 5, 3, 1, 2, 3]": {
      "result": true,
      "time": 0.03565168380737305,
      "error": null
    },
    "assert re_order([8, 1, 7, 2, 4, 5, 7, 3, 1]) == [8, 1, 7, 2, 4, 5, 7, 3, 1]": {
      "result": true,
      "time": 0.03955841064453125,
      "error": null
    },
    "assert re_order([9, 3, 11, 1, 5, 4, 9, 2, 4]) == [9, 3, 11, 1, 5, 4, 9, 2, 4]": {
      "result": true,
      "time": 0.041367530822753906,
      "error": null
    },
    "assert re_order([9, 4, 8, 3, 7, 1, 5, 1, 6]) == [9, 4, 8, 3, 7, 1, 5, 1, 6]": {
      "result": true,
      "time": 0.029246091842651367,
      "error": null
    },
    "assert re_order([7, 2, 5, 2, 3, 5, 7, 3, 4]) == [7, 2, 5, 2, 3, 5, 7, 3, 4]": {
      "result": true,
      "time": 0.03744840621948242,
      "error": null
    },
    "assert re_order([3, 2, 12, 5, 7, 1, 7, 2, 6]) == [3, 2, 12, 5, 7, 1, 7, 2, 6]": {
      "result": true,
      "time": 0.037885189056396484,
      "error": null
    },
    "assert re_order([5, 2, 3, 7, 8, 4, 7, 2, 1]) == [5, 2, 3, 7, 8, 4, 7, 2, 1]": {
      "result": true,
      "time": 0.03315544128417969,
      "error": null
    },
    "assert re_order([5, 5, 9, 2, 4, 5, 2, 4, 5]) == [5, 5, 9, 2, 4, 5, 2, 4, 5]": {
      "result": true,
      "time": 0.03545355796813965,
      "error": null
    },
    "assert re_order([8, 3, 9, 6, 2, 5, 2, 1, 4]) == [8, 3, 9, 6, 2, 5, 2, 1, 4]": {
      "result": true,
      "time": 0.03193187713623047,
      "error": null
    },
    "assert re_order([6, 4, 11, 6, 7, 5, 9, 3, 2]) == [6, 4, 11, 6, 7, 5, 9, 3, 2]": {
      "result": true,
      "time": 0.03709244728088379,
      "error": null
    },
    "assert re_order([5, 5, 9, 2, 8, 4, 4, 2, 2]) == [5, 5, 9, 2, 8, 4, 4, 2, 2]": {
      "result": true,
      "time": 0.036185503005981445,
      "error": null
    },
    "assert re_order([10, 1, 10, 4, 5, 2, 1, 1, 2]) == [10, 1, 10, 4, 5, 2, 1, 1, 2]": {
      "result": true,
      "time": 0.03710508346557617,
      "error": null
    },
    "assert re_order([4, 1, 13, 2, 8, 3, 4, 2, 3]) == [4, 1, 13, 2, 8, 3, 4, 2, 3]": {
      "result": true,
      "time": 0.0338437557220459,
      "error": null
    },
    "assert re_order([1, 4, 3, 7, 7, 1, 6, 3, 2]) == [1, 4, 3, 7, 7, 1, 6, 3, 2]": {
      "result": true,
      "time": 0.03203320503234863,
      "error": null
    },
    "assert re_order([1, 2, 5, 6, 2, 2, 2, 3, 6]) == [1, 2, 5, 6, 2, 2, 2, 3, 6]": {
      "result": true,
      "time": 0.031419992446899414,
      "error": null
    },
    "assert re_order([10, 3, 13, 5, 8, 2, 9, 5, 6]) == [10, 3, 13, 5, 8, 2, 9, 5, 6]": {
      "result": true,
      "time": 0.031754255294799805,
      "error": null
    },
    "assert re_order([3, 5, 12, 7, 3, 4, 5, 3, 5]) == [3, 5, 12, 7, 3, 4, 5, 3, 5]": {
      "result": true,
      "time": 0.036473751068115234,
      "error": null
    },
    "assert re_order([8, 3, 6, 7, 4, 3, 3, 5, 1]) == [8, 3, 6, 7, 4, 3, 3, 5, 1]": {
      "result": true,
      "time": 0.035726070404052734,
      "error": null
    },
    "assert re_order([6, 2, 2, 4, 1, 6, 4, 12, 2]) == [6, 2, 2, 4, 1, 6, 4, 12, 2]": {
      "result": true,
      "time": 0.03647875785827637,
      "error": null
    },
    "assert re_order([9, 3, 5, 5, 5, 9, 2, 12, 4]) == [9, 3, 5, 5, 5, 9, 2, 12, 4]": {
      "result": true,
      "time": 0.035897254943847656,
      "error": null
    },
    "assert re_order([2, 5, 1, 8, 5, 9, 2, 14, 4]) == [2, 5, 1, 8, 5, 9, 2, 14, 4]": {
      "result": true,
      "time": 0.0348050594329834,
      "error": null
    },
    "assert re_order([6, 5, 1, 4, 4, 12, 1, 16, 3]) == [6, 5, 1, 4, 4, 12, 1, 16, 3]": {
      "result": true,
      "time": 0.03777623176574707,
      "error": null
    },
    "assert re_order([2, 1, 5, 2, 3, 9, 1, 9, 3]) == [2, 1, 5, 2, 3, 9, 1, 9, 3]": {
      "result": true,
      "time": 0.03940463066101074,
      "error": null
    },
    "assert re_order([2, 2, 5, 2, 4, 5, 1, 14, 5]) == [2, 2, 5, 2, 4, 5, 1, 14, 5]": {
      "result": true,
      "time": 0.036074161529541016,
      "error": null
    },
    "assert re_order([9, 4, 2, 2, 3, 4, 2, 17, 5]) == [9, 4, 2, 2, 3, 4, 2, 17, 5]": {
      "result": true,
      "time": 0.03666806221008301,
      "error": null
    },
    "assert re_order([3, 5, 3, 10, 3, 12, 1, 9, 4]) == [3, 5, 3, 10, 3, 12, 1, 9, 4]": {
      "result": true,
      "time": 0.03871011734008789,
      "error": null
    },
    "assert re_order([2, 5, 3, 6, 1, 12, 2, 17, 2]) == [2, 5, 3, 6, 1, 12, 2, 17, 2]": {
      "result": true,
      "time": 0.03641462326049805,
      "error": null
    },