{
  "code": "def harmonic_sum(n):\n    total = 0.0\n    for i in range(1, n):\n        total += 1 / i\n    return total",
  "results": {
    "assert harmonic_sum(7) == 2.5928571428571425": {
      "result": false,
      "time": 0.03831219673156738,
      "error": null
    },
    "assert harmonic_sum(4) == 2.083333333333333": {
      "result": false,
      "time": 0.03397965431213379,
      "error": null
    },
    "assert harmonic_sum(19) == 3.547739657143682": {
      "result": false,
      "time": 0.034070491790771484,
      "error": null
    },
    "assert harmonic_sum(9) == 2.8289682539682537": {
      "result": false,
      "time": 0.03600168228149414,
      "error": null
    },
    "assert harmonic_sum(3) == 1.8333333333333333": {
      "result": false,
      "time": 0.04371190071105957,
      "error": null
    },
    "assert harmonic_sum(10) == 2.9289682539682538": {
      "result": false,
      "time": 0.04184985160827637,
      "error": null
    },
    "assert harmonic_sum(2) == 1.5": {
      "result": false,
      "time": 0.03768491744995117,
      "error": null
    },
    "assert harmonic_sum(11) == 3.0198773448773446": {
      "result": false,
      "time": 0.03796792030334473,
      "error": null
    },
    "assert harmonic_sum(5) == 2.283333333333333": {
      "result": false,
      "time": 0.03584575653076172,
      "error": null
    },
    "assert harmonic_sum(6) == 2.4499999999999997": {
      "result": false,
      "time": 0.03899097442626953,
      "error": null
    },
    "assert harmonic_sum(1) == 1": {
      "result": false,
      "time": 0.04061698913574219,
      "error": null
    },
    "assert harmonic_sum(8) == 2.7178571428571425": {
      "result": false,
      "time": 0.041474342346191406,
      "error": null
    },
    "assert harmonic_sum(23) == 3.73429151108684": {
      "result": false,
      "time": 0.04740166664123535,
      "error": null
    },
    "assert harmonic_sum(18) == 3.4951080781963135": {
      "result": false,
      "time": 0.03634524345397949,
      "error": null
    },
    "assert harmonic_sum(24) == 3.7759581777535067": {
      "result": false,
      "time": 0.03898501396179199,
      "error": null
    },
    "assert harmonic_sum(16) == 3.3807289932289937": {
      "result": false,
      "time": 0.0443110466003418,
      "error": null
    },
    "assert harmonic_sum(22) == 3.690813250217275": {
      "result": false,
      "time": 0.03881645202636719,
      "error": null
    },
    "assert harmonic_sum(15) == 3.3182289932289937": {
      "result": false,
      "time": 0.04300546646118164,
      "error": null
    },
    "assert harmonic_sum(17) == 3.439552522640758": {
      "result": false,
      "time": 0.0370030403137207,
      "error": null
    },
    "assert harmonic_sum(21) == 3.6453587047627294": {
      "result": false,
      "time": 0.038722991943359375,
      "error": null
    },
    "assert harmonic_sum(14) == 3.251562326562327": {
      "result": false,
      "time": 0.03824329376220703,
      "error": null
    }
  },
  "passed": false,
  "accuracy": 0.0,
  "general_error": "",
  "has_testcase_error": false
}