{
  "code": "def max_length(lst):\n    if not lst:\n        return (0, [])\n    max_len = max(len(sublist) for sublist in lst)\n    max_list = [sublist for sublist in lst if len(sublist) == max_len][0]\n    return (max_len, max_list)",
  "results": {
    "assert max_length([[0], [1, 3], [5, 7], [9, 11], [13, 15, 17]])==(3, [13, 15, 17])": {
      "result": true,
      "time": 0.054413795471191406,
      "error": null
    },
    "assert max_length([[1], [5, 7], [10, 12, 14,15]])==(4, [10, 12, 14,15])": {
      "result": true,
      "time": 0.048586130142211914,
      "error": null
    },
    "assert max_length([[5], [15,20,25]])==(3, [15,20,25])": {
      "result": true,
      "time": 0.04293012619018555,
      "error": null
    },
    "assert max_length([[3], [1, 6], [3, 8], [10, 7], [14, 14, 19]]) == (3, [14, 14, 19])": {
      "result": true,
      "time": 0.06154060363769531,
      "error": null
    },
    "assert max_length([[1], [2, 8], [2, 9], [8, 12], [12, 19, 13]]) == (3, [12, 19, 13])": {
      "result": true,
      "time": 0.05394721031188965,
      "error": null
    },
    "assert max_length([[3], [5, 6], [9, 4], [10, 11], [10, 17, 18]]) == (3, [10, 17, 18])": {
      "result": true,
      "time": 0.053499460220336914,
      "error": null
    },
    "assert max_length([[1], [2, 5], [10, 4], [13, 6], [10, 10, 21]]) == (3, [13, 6])": {
      "result": false,
      "time": 0.04950213432312012,
      "error": null
    },
    "assert max_length([[2], [4, 3], [6, 4], [11, 11], [9, 20, 18]]) == (3, [11, 11])": {
      "result": false,
      "time": 0.0687711238861084,
      "error": null
    },
    "assert max_length([[4], [1, 5], [4, 9], [4, 10], [14, 20, 13]]) == (3, [14, 20, 13])": {
      "result": true,
      "time": 0.05686593055725098,
      "error": null
    },
    "assert max_length([[5], [4, 5], [1, 10], [10, 11], [10, 15, 13]]) == (3, [10, 15, 13])": {
      "result": true,
      "time": 0.07311701774597168,
      "error": null
    },
    "assert max_length([[4], [4, 6], [9, 9], [5, 8], [9, 18, 19]]) == (3, [9, 18, 19])": {
      "result": true,
      "time": 0.053680419921875,
      "error": null
    },
    "assert max_length([[4], [5, 3], [8, 8], [4, 16], [18, 14, 17]]) == (3, [18, 14, 17])": {
      "result": true,
      "time": 0.05930519104003906,
      "error": null
    },
    "assert max_length([[5], [1, 4], [7, 6], [9, 12], [17, 17, 17]]) == (3, [17, 17, 17])": {
      "result": true,
      "time": 0.05909109115600586,
      "error": null
    },
    "assert max_length([[1], [4, 2], [3, 3], [11, 12], [14, 11, 14]]) == (3, [14, 11, 14])": {
      "result": true,
      "time": 0.04686474800109863,
      "error": null
    },
    "assert max_length([[4], [5, 6], [7, 8], [8, 10], [16, 13, 20]]) == (3, [16, 13, 20])": {
      "result": true,
      "time": 0.04599809646606445,
      "error": null
    },
    "assert max_length([[3], [2, 7], [9, 7], [13, 16], [12, 17, 19]]) == (3, [13, 16])": {
      "result": false,
      "time": 0.06144070625305176,
      "error": null
    },
    "assert max_length([[3], [4, 3], [4, 5], [4, 12], [15, 18, 12]]) == (3, [15, 18, 12])": {
      "result": true,
      "time": 0.048903703689575195,
      "error": null
    },
    "assert max_length([[1], [4, 7], [1, 5], [9, 6], [14, 17, 22]]) == (3, [14, 17, 22])": {
      "result": true,
      "time": 0.05943727493286133,
      "error": null
    },
    "assert max_length([[4], [2, 1], [8, 12], [11, 8], [16, 20, 13]]) == (3, [16, 20, 13])": {
      "result": true,
      "time": 0.04450821876525879,
      "error": null
    },
    "assert max_length([[4], [4, 5], [6, 8], [14, 13], [9, 10, 18]]) == (3, [14, 13])": {
      "result": false,
      "time": 0.0507354736328125,
      "error": null
    },
    "assert max_length([[1], [5, 7], [4, 11], [9, 14], [13, 14, 21]]) == (3, [13, 14, 21])": {
      "result": true,
      "time": 0.06772279739379883,
      "error": null
    },
    "assert max_length([[2], [2, 8], [1, 9], [9, 8], [13, 10, 18]]) == (3, [13, 10, 18])": {
      "result": true,
      "time": 0.0503995418548584,
      "error": null
    },
    "assert max_length([[1], [1, 3], [9, 10], [14, 12], [15, 18, 12]]) == (3, [15, 18, 12])": {
      "result": true,
      "time": 0.04549431800842285,
      "error": null
    },
    "assert max_length([[5], [2, 4], [2, 4], [9, 8], [18, 16, 14]]) == (3, [18, 16, 14])": {
      "result": true,
      "time": 0.045365333557128906,
      "error": null
    },
    "assert max_length([[3], [3, 4], [5, 8], [4, 14], [18, 10, 14]]) == (3, [18, 10, 14])": {
      "result": true,
      "time": 0.044708967208862305,
      "error": null
    },
    "assert max_length([[4], [2, 8], [4, 12], [8, 13], [10, 18, 15]]) == (3, [10, 18, 15])": {
      "result": true,
      "time": 0.060298919677734375,
      "error": null
    },
    "assert max_length([[4], [1, 7], [6, 10], [13, 14], [15, 12, 17]]) == (3, [15, 12, 17])": {
      "result": true,
      "time": 0.05885577201843262,
      "error": null
    },
    "assert max_length([[1], [5, 4], [3, 12], [11, 13], [16, 14, 14]]) == (3, [16, 14, 14])": {
      "result": true,
      "time": 0.05544304847717285,
      "error": null
    },
    "assert max_length([[3], [4, 8], [7, 12], [8, 8], [16, 12, 17]]) == (3, [16, 12, 17])": {
      "result": true,
      "time": 0.05796313285827637,
      "error": null
    },
    "assert max_length([[3], [2, 2], [1, 9], [6, 15], [16, 10, 16]]) == (3, [16, 10, 16])": {
      "result": true,
      "time": 0.05712413787841797,
      "error": null
    },
    "assert max_length([[3], [4, 7], [9, 5], [6, 16], [18, 15, 15]]) == (3, [18, 15, 15])": {
      "result": true,
      "time": 0.06129264831542969,
      "error": null
    },
    "assert max_length([[4], [6, 2], [3, 5], [13, 10], [18, 12, 14]]) == (3, [18, 12, 14])": {
      "result": true,
      "time": 0.07114362716674805,
      "error": null
    },
    "assert max_length([[2], [2, 4], [5, 11], [9, 16], [13, 19, 15]]) == (3, [13, 19, 15])": {
      "result": true,
      "time": 0.06808614730834961,
      "error": null
    },
    "assert max_length([[5], [3, 2], [6, 9], [12, 14], [15, 12, 12]]) == (3, [15, 12, 12])": {
      "result": true,
      "time": 0.06333184242248535,
      "error": null
    },
    "assert max_length([[3], [5, 2], [2, 10], [13, 6], [12, 14, 15]]) == (3, [13, 6])": {
      "result": false,
      "time": 0.07437562942504883,
      "error": null
    },
    "assert max_length([[4], [6, 6], [3, 8], [13, 9], [8, 20, 15]]) == (3, [13, 9])": {
      "result": false,
      "time": 0.05916261672973633,
      "error": null
    },
    "assert max_length([[6], [1, 7], [15, 9, 17, 19]]) == (4, [15, 9, 17, 19])": {
      "result": true,
      "time": 0.07430315017700195,
      "error": null
    },
    "assert max_length([[6], [10, 9], [12, 13, 16, 17]]) == (4, [12, 13, 16, 17])": {
      "result": true,
      "time": 0.07299661636352539,
      "error": null
    },
    "assert max_length([[5], [6, 4], [7, 13, 14, 19]]) == (4, [7, 13, 14, 19])": {
      "result": true,
      "time": 0.05762529373168945,
      "error": null
    },
    "assert max_length([[6], [1, 11], [6, 17, 11, 20]]) == (4, [6, 17, 11, 20])": {
      "result": true,
      "time": 0.06273412704467773,
      "error": null
    },
    "assert max_length([[3], [10, 4], [10, 13, 15, 19]]) == (4, [10, 13, 15, 19])": {
      "result": true,
      "time": 0.06409645080566406,
      "error": null
    },
    "assert max_length([[6], [6, 11], [7, 17, 14, 14]]) == (4, [7, 17, 14, 14])": {
      "result": true,
      "time": 0.0660858154296875,
      "error": null
    },
    "assert max_length([[4], [6, 11], [9, 15, 17, 13]]) == (4, [9, 15, 17, 13])": {
      "result": true,
      "time": 0.057195425033569336,
      "error": null
    },
    "assert max_length([[6], [6, 10], [14, 14, 16, 13]]) == (4, [14, 14, 16, 13])": {
      "result": true,
      "time": 0.06732606887817383,
      "error": null
    },