{
  "code": "def smallest_num(lst):\n    return min(lst)",
  "results": {
    "assert smallest_num([10, 20, 1, 45, 99]) == 1": {
      "result": true,
      "time": 0.034945011138916016,
      "error": null
    },
    "assert smallest_num([1, 2, 3]) == 1": {
      "result": true,
      "time": 0.03566098213195801,
      "error": null
    },
    "assert smallest_num([45, 46, 50, 60]) == 45": {
      "result": true,
      "time": 0.03621792793273926,
      "error": null
    },
    "assert smallest_num([13, 24, 6, 50, 103]) == 6": {
      "result": true,
      "time": 0.04255270957946777,
      "error": null
    },
    "assert smallest_num([12, 18, 3, 43, 96]) == 3": {
      "result": true,
      "time": 0.0394587516784668,
      "error": null
    },
    "assert smallest_num([6, 21, 4, 47, 94]) == 4": {
      "result": true,
      "time": 0.036791086196899414,
      "error": null
    },
    "assert smallest_num([14, 20, 1, 48, 97]) == 1": {
      "result": true,
      "time": 0.03986668586730957,
      "error": null
    },
    "assert smallest_num([9, 17, 3, 42, 99]) == 3": {
      "result": true,
      "time": 0.039102792739868164,
      "error": null
    },
    "assert smallest_num([9, 15, 6, 47, 100]) == 6": {
      "result": true,
      "time": 0.03565073013305664,
      "error": null
    },
    "assert smallest_num([9, 22, 6, 43, 99]) == 6": {
      "result": true,
      "time": 0.03150677680969238,
      "error": null
    },
    "assert smallest_num([5, 21, 1, 50, 101]) == 1": {
      "result": true,
      "time": 0.04074549674987793,
      "error": null
    },
    "assert smallest_num([7, 25, 3, 48, 101]) == 3": {
      "result": true,
      "time": 0.03556466102600098,
      "error": null
    },
    "assert smallest_num([12, 21, 1, 50, 99]) == 1": {
      "result": true,
      "time": 0.03795671463012695,
      "error": null
    },
    "assert smallest_num([11, 25, 6, 49, 94]) == 6": {
      "result": true,
      "time": 0.03447246551513672,
      "error": null
    },
    "assert smallest_num([14, 18, 2, 48, 103]) == 2": {
      "result": true,
      "time": 0.03572487831115723,
      "error": null
    },
    "assert smallest_num([9, 15, 1, 50, 99]) == 1": {
      "result": true,
      "time": 0.04157710075378418,
      "error": null
    },
    "assert smallest_num([11, 15, 3, 48, 98]) == 3": {
      "result": true,
      "time": 0.043288469314575195,
      "error": null
    },
    "assert smallest_num([12, 17, 2, 46, 102]) == 2": {
      "result": true,
      "time": 0.046158552169799805,
      "error": null
    },
    "assert smallest_num([10, 19, 6, 46, 103]) == 6": {
      "result": true,
      "time": 0.056504249572753906,
      "error": null
    },
    "assert smallest_num([10, 25, 2, 40, 99]) == 2": {
      "result": true,
      "time": 0.036225080490112305,
      "error": null
    },
    "assert smallest_num([7, 17, 1, 41, 101]) == 1": {
      "result": true,
      "time": 0.03941512107849121,
      "error": null
    },
    "assert smallest_num([9, 23, 5, 49, 104]) == 5": {
      "result": true,
      "time": 0.03406167030334473,
      "error": null
    },
    "assert smallest_num([10, 25, 1, 41, 97]) == 1": {
      "result": true,
      "time": 0.037358999252319336,
      "error": null
    },
    "assert smallest_num([6, 21, 2, 44, 104]) == 2": {
      "result": true,
      "time": 0.03455948829650879,
      "error": null
    },
    "assert smallest_num([9, 16, 4, 45, 101]) == 4": {
      "result": true,
      "time": 0.034856557846069336,
      "error": null
    },
    "assert smallest_num([11, 20, 3, 50, 97]) == 3": {
      "result": true,
      "time": 0.0405881404876709,
      "error": null
    },
    "assert smallest_num([11, 17, 4, 48, 101]) == 4": {
      "result": true,
      "time": 0.03774428367614746,
      "error": null
    },
    "assert smallest_num([13, 17, 1, 44, 98]) == 1": {
      "result": true,
      "time": 0.036290645599365234,
      "error": null
    },
    "assert smallest_num([11, 21, 3, 45, 100]) == 3": {
      "result": true,
      "time": 0.04004859924316406,
      "error": null
    },
    "assert smallest_num([14, 17, 4, 50, 98]) == 4": {
      "result": true,
      "time": 0.04125094413757324,
      "error": null
    },
    "assert smallest_num([6, 25, 3, 44, 103]) == 3": {
      "result": true,
      "time": 0.034913063049316406,
      "error": null
    },
    "assert smallest_num([6, 21, 2, 43, 103]) == 2": {
      "result": true,
      "time": 0.04561018943786621,
      "error": null
    },
    "assert smallest_num([7, 20, 6, 48, 101]) == 6": {
      "result": true,
      "time": 0.044281721115112305,
      "error": null
    },
    "assert smallest_num([12, 24, 1, 44, 101]) == 1": {
      "result": true,
      "time": 0.05069994926452637,
      "error": null
    },
    "assert smallest_num([9, 20, 2, 46, 101]) == 2": {
      "result": true,
      "time": 0.03847789764404297,
      "error": null
    },
    "assert smallest_num([12, 20, 6, 41, 102]) == 6": {
      "result": true,
      "time": 0.03753018379211426,
      "error": null
    },
    "assert smallest_num([2, 5, 2]) == 2": {
      "result": true,
      "time": 0.03819751739501953,
      "error": null
    },
    "assert smallest_num([3, 4, 5]) == 3": {
      "result": true,
      "time": 0.04056572914123535,
      "error": null
    },
    "assert smallest_num([3, 5, 3]) == 3": {
      "result": true,
      "time": 0.04787087440490723,
      "error": null
    },
    "assert smallest_num([4, 7, 7]) == 4": {
      "result": true,
      "time": 0.04000067710876465,
      "error": null
    },
    "assert smallest_num([1, 7, 8]) == 1": {
      "result": true,
      "time": 0.036623239517211914,
      "error": null
    },
    "assert smallest_num([1, 2, 4]) == 1": {
      "result": true,
      "time": 0.04886889457702637,
      "error": null
    },
    "assert smallest_num([3, 7, 2]) == 2": {
      "result": true,
      "time": 0.04689788818359375,
      "error": null
    },
    "assert smallest_num([2, 1, 6]) == 1": {
      "result": true,
      "time": 0.03892827033996582,
      "error": null
    },
    "assert smallest_num([5, 7, 8]) == 5": {
      "result": true,
      "time": 0.043393850326538086,
      "error": null
    },
    "assert smallest_num([2, 5, 4]) == 2": {
      "result": true,
      "time": 0.043509483337402344,
      "error": null
    },
    "assert smallest_num([1, 7, 3]) == 1": {
      "result": true,
      "time": 0.044434547424316406,
      "error": null
    },
    "assert smallest_num([3, 5, 6]) == 3": {
      "result": true,
      "time": 0.0369725227355957,
      "error": null
    },
    "assert smallest_num([5, 3, 6]) == 3": {
      "result": true,
      "time": 0.04223012924194336,
      "error": null
    },
    "assert smallest_num([2, 1, 4]) == 1": {
      "result": true,
      "time": 0.04218482971191406,
      "error": null
    },
    "assert smallest_num([5, 7, 3]) == 3": {
      "result": true,
      "time": 0.052667856216430664,
      "error": null
    },
    "assert smallest_num([6, 3, 2]) == 2": {
      "result": true,
      "time": 0.046483755111694336,
      "error": null
    },
    "assert smallest_num([4, 5, 4]) == 4": {
      "result": true,
      "time": 0.041086435317993164,
      "error": null
    },
    "assert smallest_num([3, 1, 3]) == 1": {
      "result": true,
      "time": 0.04485058784484863,
      "error": null
    },
    "assert smallest_num([5, 3, 2]) == 2": {
      "result": true,
      "time": 0.04239296913146973,
      "error": null
    },
    "assert smallest_num([3, 3, 4]) == 3": {
      "result": true,
      "time": 0.05133485794067383,
      "error": null
    },
    "assert smallest_num([1, 2, 8]) == 1": {
      "result": true,
      "time": 0.046453237533569336,
      "error": null
    },
    "assert smallest_num([3, 3, 2]) == 2": {
      "result": true,
      "time": 0.04487872123718262,
      "error": null
    },
    "assert smallest_num([4, 7, 5]) == 4": {
      "result": true,