{
  "code": "def positive_count(arr):\n    positive_numbers = sum(1 for num in arr if num > 0)\n    total_numbers = len(arr)\n    ratio = round(positive_numbers / total_numbers, 2)\n    return ratio",
  "results": {
    "assert positive_count([0, 1, 2, -1, -5, 6, 0, -3, -2, 3, 4, 6, 8])==0.54": {
      "result": true,
      "time": 0.048992156982421875,
      "error": null
    },
    "assert positive_count([2, 1, 2, -1, -5, 6, 4, -3, -2, 3, 4, 6, 8])==0.69": {
      "result": true,
      "time": 0.04304671287536621,
      "error": null
    },
    "assert positive_count([2, 4, -6, -9, 11, -12, 14, -5, 17])==0.56": {
      "result": true,
      "time": 0.048032283782958984,
      "error": null
    },
    "assert positive_count([3, 4, 3, -3, -7, 6, 2, 2, 2, 8, 1, 3, 4]) == 0.85": {
      "result": true,
      "time": 0.04788017272949219,
      "error": null
    },
    "assert positive_count([4, 4, 3, -3, 0, 9, 3, 0, -6, 7, 3, 11, 12]) == 0.69": {
      "result": true,
      "time": 0.04297828674316406,
      "error": null
    },
    "assert positive_count([5, 6, 6, -1, -3, 1, 5, -5, -6, 4, 9, 4, 10]) == 0.69": {
      "result": true,
      "time": 0.0508577823638916,
      "error": null
    },
    "assert positive_count([2, 1, 5, -1, 0, 4, 2, -2, -3, 6, 5, 10, 13]) == 0.69": {
      "result": true,
      "time": 0.045415639877319336,
      "error": null
    },
    "assert positive_count([5, 5, 5, 3, -8, 11, 2, -7, -3, 3, 6, 6, 11]) == 0.77": {
      "result": true,
      "time": 0.04812288284301758,
      "error": null
    },
    "assert positive_count([4, 6, 6, 0, -7, 11, 4, -2, -4, 1, 2, 6, 11]) == 0.69": {
      "result": true,
      "time": 0.04423832893371582,
      "error": null
    },
    "assert positive_count([2, 6, 5, -3, -3, 1, 3, 2, -3, 3, 1, 8, 7]) == 0.77": {
      "result": true,
      "time": 0.05311751365661621,
      "error": null
    },
    "assert positive_count([1, 3, 2, -2, 0, 10, 1, 0, 1, 1, 8, 5, 13]) == 0.77": {
      "result": true,
      "time": 0.05658078193664551,
      "error": null
    },
    "assert positive_count([4, 4, 4, -5, -7, 5, 1, -5, 3, 6, 3, 10, 12]) == 0.77": {
      "result": true,
      "time": 0.04990124702453613,
      "error": null
    },
    "assert positive_count([4, 1, 7, -4, -3, 8, 1, -7, 3, 6, 5, 3, 3]) == 0.77": {
      "result": true,
      "time": 0.06164240837097168,
      "error": null
    },
    "assert positive_count([3, 1, 3, 3, 0, 1, 4, -4, -7, 2, 4, 2, 9]) == 0.77": {
      "result": true,
      "time": 0.04373812675476074,
      "error": null
    },
    "assert positive_count([2, 3, 2, -6, -5, 11, 4, -1, -6, 1, 1, 11, 13]) == 0.69": {
      "result": true,
      "time": 0.04594731330871582,
      "error": null
    },
    "assert positive_count([1, 4, 3, 2, -4, 9, 2, 1, -7, 5, 8, 8, 13]) == 0.85": {
      "result": true,
      "time": 0.047724246978759766,
      "error": null
    },
    "assert positive_count([2, 5, 2, -2, -8, 2, 4, -6, 2, 3, 8, 8, 13]) == 0.77": {
      "result": true,
      "time": 0.04606223106384277,
      "error": null
    },
    "assert positive_count([3, 1, 7, -5, -6, 10, 5, 1, -2, 6, 4, 6, 7]) == 0.77": {
      "result": true,
      "time": 0.056220293045043945,
      "error": null
    },
    "assert positive_count([5, 2, 2, 3, -3, 3, 4, -6, -3, 7, 5, 2, 13]) == 0.77": {
      "result": true,
      "time": 0.043668508529663086,
      "error": null
    },
    "assert positive_count([2, 3, 2, -4, -5, 5, 1, -7, -4, 7, 5, 3, 6]) == 0.69": {
      "result": true,
      "time": 0.047499895095825195,
      "error": null
    },
    "assert positive_count([3, 3, 2, -4, -1, 11, 5, -7, -5, 4, 1, 2, 6]) == 0.69": {
      "result": true,
      "time": 0.05313754081726074,
      "error": null
    },
    "assert positive_count([5, 4, 7, -6, -10, 9, 5, -8, -5, 3, 4, 10, 6]) == 0.69": {
      "result": true,
      "time": 0.03779888153076172,
      "error": null
    },
    "assert positive_count([2, 5, 3, 1, -7, 9, 2, 1, -3, 5, 6, 6, 11]) == 0.85": {
      "result": true,
      "time": 0.05228734016418457,
      "error": null
    },
    "assert positive_count([2, 1, 5, -2, -3, 4, 3, -2, 1, 2, 1, 3, 3]) == 0.77": {
      "result": true,
      "time": 0.05448794364929199,
      "error": null
    },
    "assert positive_count([5, 5, 4, -4, 0, 7, 1, 2, 0, 4, 3, 9, 9]) == 0.77": {
      "result": true,
      "time": 0.04623055458068848,
      "error": null
    },
    "assert positive_count([3, 2, 6, -5, -2, 4, 2, -6, 0, 7, 1, 1, 11]) == 0.69": {
      "result": true,
      "time": 0.04114866256713867,
      "error": null
    },
    "assert positive_count([2, 2, 2, -5, -6, 7, 3, 1, 2, 3, 3, 5, 11]) == 0.85": {
      "result": true,
      "time": 0.05060577392578125,
      "error": null
    },
    "assert positive_count([4, 2, 7, 1, -9, 5, 4, -5, -5, 3, 8, 10, 10]) == 0.77": {
      "result": true,
      "time": 0.04805779457092285,
      "error": null
    },
    "assert positive_count([1, 5, 2, 4, -3, 2, 4, 0, 1, 1, 6, 9, 7]) == 0.85": {
      "result": true,
      "time": 0.04426121711730957,
      "error": null
    },
    "assert positive_count([5, 2, 7, 2, -2, 5, 3, -6, -3, 2, 4, 9, 9]) == 0.77": {
      "result": true,
      "time": 0.04922127723693848,
      "error": null
    },
    "assert positive_count([3, 5, 5, -1, 0, 8, 4, 1, -1, 2, 3, 9, 9]) == 0.77": {
      "result": true,
      "time": 0.04697251319885254,
      "error": null
    },
    "assert positive_count([3, 2, 7, -3, -8, 8, 2, -5, -1, 5, 3, 4, 12]) == 0.69": {
      "result": true,
      "time": 0.04494905471801758,
      "error": null
    },
    "assert positive_count([1, 4, 6, -6, -9, 2, 5, -7, 1, 7, 7, 6, 5]) == 0.77": {
      "result": true,
      "time": 0.0427093505859375,
      "error": null
    },
    "assert positive_count([4, 3, 5, -6, -2, 3, 5, 2, 2, 6, 8, 1, 9]) == 0.85": {
      "result": true,
      "time": 0.045144081115722656,
      "error": null
    },
    "assert positive_count([5, 3, 7, -3, -5, 1, 5, 0, 1, 3, 4, 2, 10]) == 0.77": {
      "result": true,
      "time": 0.04093194007873535,
      "error": null
    },
    "assert positive_count([2, 5, 1, 3, -10, 4, 2, -1, -5, 2, 5, 10, 9]) == 0.77": {
      "result": true,
      "time": 0.05413699150085449,
      "error": null
    },
    "assert positive_count([3, 1, 2, -2, -9, 5, 1, -4, -7, 8, 1, 7, 9]) == 0.69": {
      "result": true,
      "time": 0.05546236038208008,
      "error": null
    },
    "assert positive_count([2, 6, 5, -1, -5, 5, 2, -1, 0, 5, 6, 5, 9]) == 0.69": {
      "result": true,
      "time": 0.04945731163024902,
      "error": null
    },
    "assert positive_count([6, 2, 3, -1, -4, 1, 7, -7, 0, 2, 2, 2, 13]) == 0.69": {
      "result": true,
      "time": 0.04686141014099121,
      "error": null
    },
    "assert positive_count([2, 4, 2, -5, -10, 10, 4, -2, 3, 4, 3, 11, 7]) == 0.77": {
      "result": true,
      "time": 0.04881477355957031,
      "error": null
    },
    "assert positive_count([7, 1, 5, -2, -9, 2, 9, 2, 0, 8, 6, 10, 10]) == 0.77": {
      "result": true,
      "time": 0.04137992858886719,
      "error": null
    },
    "assert positive_count([4, 6, 3, 3, -3, 6, 7, -7, -4, 2, 6, 9, 10]) == 0.77": {
      "result": true,
      "time": 0.048850297927856445,
      "error": null
    },
    "assert positive_count([6, 1, 2, 1, -8, 6, 2, -8, 0, 6, 1, 4, 11]) == 0.77": {
      "result": true,
      "time": 0.054434776306152344,
      "error": null
    },
    "assert positive_count([7, 3, 4, 1, -3, 1, 4, -3, 3, 7, 2, 2, 7]) == 0.85": {
      "result": true,
      "time": 0.03893923759460449,
      "error": null
    },
    "assert positive_count([5, 1, 4, 2, -2, 6, 5, 2, 0, 7, 7, 5, 10]) == 0.85": {
      "result": true,
      "time": 0.05340218544006348,
      "error": null
    },
    "assert positive_count([6, 1, 4, 4, -3, 3, 9, -2, 1, 6, 2, 5, 12]) == 0.85": {
      "result": true,
      "time": 0.04706573486328125,
      "error": null
    },