{
  "code": "def set_to_tuple(input_set):\n    return tuple(sorted(input_set))",
  "results": {
    "assert set_to_tuple({1, 2, 3, 4, 5}) == (1, 2, 3, 4, 5)": {
      "result": true,
      "time": 0.060164690017700195,
      "error": null
    },
    "assert set_to_tuple({6, 7, 8, 9, 10, 11}) == (6, 7, 8, 9, 10, 11)": {
      "result": true,
      "time": 0.05083203315734863,
      "error": null
    },
    "assert set_to_tuple({12, 13, 14, 15, 16}) == (12, 13, 14, 15, 16)": {
      "result": true,
      "time": 0.051650285720825195,
      "error": null
    },
    "assert set_to_tuple({3, 4, 5, 6, 7}) == (3, 4, 5, 6, 7)": {
      "result": true,
      "time": 0.06206989288330078,
      "error": null
    },
    "assert set_to_tuple({2, 4, 5, 7, 9}) == (2, 4, 5, 7, 9)": {
      "result": true,
      "time": 0.043089866638183594,
      "error": null
    },
    "assert set_to_tuple({1, 3, 5, 6, 10}) == (1, 3, 5, 6, 10)": {
      "result": true,
      "time": 0.047885894775390625,
      "error": null
    },
    "assert set_to_tuple({2, 3, 5, 7, 9}) == (2, 3, 5, 7, 9)": {
      "result": true,
      "time": 0.05324101448059082,
      "error": null
    },
    "assert set_to_tuple({1, 2, 3, 7, 8}) == (1, 2, 3, 7, 8)": {
      "result": true,
      "time": 0.050427913665771484,
      "error": null
    },
    "assert set_to_tuple({2, 3, 5, 7, 8}) == (2, 3, 5, 7, 8)": {
      "result": true,
      "time": 0.05996441841125488,
      "error": null
    },
    "assert set_to_tuple({1, 2, 3, 4, 10}) == (1, 2, 3, 4, 10)": {
      "result": true,
      "time": 0.04248166084289551,
      "error": null
    },
    "assert set_to_tuple({1, 3, 4, 8, 9}) == (1, 3, 4, 8, 9)": {
      "result": true,
      "time": 0.058119773864746094,
      "error": null
    },
    "assert set_to_tuple({4, 5, 7, 8, 9}) == (4, 5, 7, 8, 9)": {
      "result": true,
      "time": 0.05497455596923828,
      "error": null
    },
    "assert set_to_tuple({1, 2, 4, 5, 7}) == (1, 2, 4, 5, 7)": {
      "result": true,
      "time": 0.047745704650878906,
      "error": null
    },
    "assert set_to_tuple({1, 2, 5, 7, 8}) == (1, 2, 5, 7, 8)": {
      "result": true,
      "time": 0.06670260429382324,
      "error": null
    },
    "assert set_to_tuple({1, 2, 5, 7, 9}) == (1, 2, 5, 7, 9)": {
      "result": true,
      "time": 0.048525333404541016,
      "error": null
    },
    "assert set_to_tuple({4, 5, 6, 8, 9}) == (4, 5, 6, 8, 9)": {
      "result": true,
      "time": 0.05976557731628418,
      "error": null
    },
    "assert set_to_tuple({2, 3, 4, 5, 8}) == (2, 3, 4, 5, 8)": {
      "result": true,
      "time": 0.060466766357421875,
      "error": null
    },
    "assert set_to_tuple({1, 3, 5, 7, 8}) == (1, 3, 5, 7, 8)": {
      "result": true,
      "time": 0.04767656326293945,
      "error": null
    },
    "assert set_to_tuple({1, 2, 3, 7, 9}) == (1, 2, 3, 7, 9)": {
      "result": true,
      "time": 0.04201531410217285,
      "error": null
    },
    "assert set_to_tuple({2, 4, 6, 7, 10}) == (2, 4, 6, 7, 10)": {
      "result": true,
      "time": 0.047859907150268555,
      "error": null
    },
    "assert set_to_tuple({2, 3, 5, 6, 7}) == (2, 3, 5, 6, 7)": {
      "result": true,
      "time": 0.05331015586853027,
      "error": null
    },
    "assert set_to_tuple({1, 4, 5, 7, 8}) == (1, 4, 5, 7, 8)": {
      "result": true,
      "time": 0.04324197769165039,
      "error": null
    },
    "assert set_to_tuple({1, 4, 6, 7, 10}) == (1, 4, 6, 7, 10)": {
      "result": true,
      "time": 0.0467987060546875,
      "error": null
    },
    "assert set_to_tuple({2, 5, 6, 7, 9}) == (2, 5, 6, 7, 9)": {
      "result": true,
      "time": 0.040660858154296875,
      "error": null
    },
    "assert set_to_tuple({2, 4, 5, 8, 9}) == (2, 4, 5, 8, 9)": {
      "result": true,
      "time": 0.042749881744384766,
      "error": null
    },
    "assert set_to_tuple({3, 5, 7, 9, 10}) == (3, 5, 7, 9, 10)": {
      "result": true,
      "time": 0.04854774475097656,
      "error": null
    },
    "assert set_to_tuple({1, 2, 3, 4, 9}) == (1, 2, 3, 4, 9)": {
      "result": true,
      "time": 0.05406975746154785,
      "error": null
    },
    "assert set_to_tuple({3, 4, 7, 8, 9}) == (3, 4, 7, 8, 9)": {
      "result": true,
      "time": 0.05153536796569824,
      "error": null
    },
    "assert set_to_tuple({1, 2, 4, 8, 10}) == (1, 2, 4, 8, 10)": {
      "result": true,
      "time": 0.04925966262817383,
      "error": null
    },
    "assert set_to_tuple({1, 3, 6, 7, 8}) == (1, 3, 6, 7, 8)": {
      "result": true,
      "time": 0.03928375244140625,
      "error": null
    },
    "assert set_to_tuple({2, 4, 5, 6, 8}) == (2, 4, 5, 6, 8)": {
      "result": true,
      "time": 0.05422782897949219,
      "error": null
    },
    "assert set_to_tuple({1, 2, 3, 5, 7}) == (1, 2, 3, 5, 7)": {
      "result": true,
      "time": 0.045186519622802734,
      "error": null
    },
    "assert set_to_tuple({2, 3, 4, 5, 9}) == (2, 3, 4, 5, 9)": {
      "result": true,
      "time": 0.047788381576538086,
      "error": null
    },
    "assert set_to_tuple({3, 10, 11, 12, 13, 14}) == (3, 10, 11, 12, 13, 14)": {
      "result": true,
      "time": 0.040566205978393555,
      "error": null
    },
    "assert set_to_tuple({3, 5, 6, 11, 12, 15}) == (3, 5, 6, 11, 12, 15)": {
      "result": true,
      "time": 0.04759550094604492,
      "error": null
    },
    "assert set_to_tuple({1, 7, 9, 11, 14, 15}) == (1, 7, 9, 11, 14, 15)": {
      "result": true,
      "time": 0.051175832748413086,
      "error": null
    },
    "assert set_to_tuple({4, 7, 8, 11, 14, 16}) == (4, 7, 8, 11, 14, 16)": {
      "result": true,
      "time": 0.047612905502319336,
      "error": null
    },
    "assert set_to_tuple({6, 7, 9, 11, 12, 13}) == (6, 7, 9, 11, 12, 13)": {
      "result": true,
      "time": 0.048314809799194336,
      "error": null
    },
    "assert set_to_tuple({6, 8, 10, 11, 12, 13}) == (6, 8, 10, 11, 12, 13)": {
      "result": true,
      "time": 0.0427401065826416,
      "error": null
    },
    "assert set_to_tuple({2, 4, 6, 9, 11, 13}) == (2, 4, 6, 9, 11, 13)": {
      "result": true,
      "time": 0.04646587371826172,
      "error": null
    },
    "assert set_to_tuple({1, 3, 7, 12, 13, 14}) == (1, 3, 7, 12, 13, 14)": {
      "result": true,
      "time": 0.03966188430786133,
      "error": null
    },
    "assert set_to_tuple({3, 6, 8, 11, 12, 13}) == (3, 6, 8, 11, 12, 13)": {
      "result": true,
      "time": 0.04167914390563965,
      "error": null
    },
    "assert set_to_tuple({5, 6, 9, 12, 13, 16}) == (5, 6, 9, 12, 13, 16)": {
      "result": true,
      "time": 0.04496574401855469,
      "error": null
    },
    "assert set_to_tuple({6, 7, 9, 10, 13, 14}) == (6, 7, 9, 10, 13, 14)": {
      "result": true,
      "time": 0.04517364501953125,
      "error": null
    },
    "assert set_to_tuple({3, 5, 6, 10, 12, 14}) == (3, 5, 6, 10, 12, 14)": {
      "result": true,
      "time": 0.05083608627319336,
      "error": null
    },
    "assert set_to_tuple({4, 5, 6, 7, 9, 16}) == (4, 5, 6, 7, 9, 16)": {
      "result": true,
      "time": 0.038634538650512695,
      "error": null
    },
    "assert set_to_tuple({4, 8, 11, 13, 14, 15}) == (4, 8, 11, 13, 14, 15)": {
      "result": true,
      "time": 0.04790687561035156,
      "error": null
    },
    "assert set_to_tuple({2, 8, 9, 11, 13, 14}) == (2, 8, 9, 11, 13, 14)": {
      "result": true,
      "time": 0.04515504837036133,
      "error": null
    },
    "assert set_to_tuple({2, 7, 8, 9, 12, 13}) == (2, 7, 8, 9, 12, 13)": {
      "result": true,
      "time": 0.0426478385925293,
      "error": null
    },
    "assert set_to_tuple({1, 9, 10, 11, 12, 14}) == (1, 9, 10, 11, 12, 14)": {
      "result": true,
      "time": 0.05060076713562012,
      "error": null
    },
    "assert set_to_tuple({3, 5, 7, 8, 14, 16}) == (3, 5, 7, 8, 14, 16)": {
      "result": true,
      "time": 0.04436802864074707,
      "error": null
    },