{
  "code": "def diff_consecutivenums(nums):\n    return [nums[i+1] - nums[i] for i in range(len(nums)-1)]",
  "results": {
    "assert diff_consecutivenums([1, 1, 3, 4, 4, 5, 6, 7])==[0, 2, 1, 0, 1, 1, 1]": {
      "result": true,
      "time": 0.04075956344604492,
      "error": null
    },
    "assert diff_consecutivenums([4, 5, 8, 9, 6, 10])==[1, 3, 1, -3, 4]": {
      "result": true,
      "time": 0.03927302360534668,
      "error": null
    },
    "assert diff_consecutivenums([0, 1, 2, 3, 4, 4, 4, 4, 5, 7])==[1, 1, 1, 1, 0, 0, 0, 1, 2]": {
      "result": true,
      "time": 0.046979427337646484,
      "error": null
    },
    "assert diff_consecutivenums([4, 4, 7, 4, 2, 7, 4, 4]) == [0, 3, -3, -2, 5, -3, 0]": {
      "result": true,
      "time": 0.05265092849731445,
      "error": null
    },
    "assert diff_consecutivenums([3, 4, 1, 9, 1, 5, 1, 12]) == [1, -3, 8, -8, 4, -4, 11]": {
      "result": true,
      "time": 0.050794124603271484,
      "error": null
    },
    "assert diff_consecutivenums([5, 5, 4, 6, 1, 3, 11, 8]) == [0, -1, 2, -5, 2, 8, -3]": {
      "result": true,
      "time": 0.04337286949157715,
      "error": null
    },
    "assert diff_consecutivenums([5, 2, 4, 3, 2, 8, 5, 12]) == [-3, 2, -1, -1, 6, -3, 7]": {
      "result": true,
      "time": 0.04849362373352051,
      "error": null
    },
    "assert diff_consecutivenums([4, 5, 4, 8, 3, 6, 5, 8]) == [1, -1, 4, -5, 3, -1, 3]": {
      "result": true,
      "time": 0.03817105293273926,
      "error": null
    },
    "assert diff_consecutivenums([5, 5, 4, 5, 9, 7, 3, 12]) == [0, -1, 1, 4, -2, -4, 9]": {
      "result": true,
      "time": 0.04453253746032715,
      "error": null
    },
    "assert diff_consecutivenums([6, 3, 2, 7, 6, 1, 4, 2]) == [-3, -1, 5, -1, -5, 3, -2]": {
      "result": true,
      "time": 0.04607057571411133,
      "error": null
    },
    "assert diff_consecutivenums([5, 5, 1, 6, 3, 5, 5, 5]) == [0, -4, 5, -3, 2, 0, 0]": {
      "result": true,
      "time": 0.04963231086730957,
      "error": null
    },
    "assert diff_consecutivenums([6, 6, 7, 9, 8, 10, 1, 11]) == [0, 1, 2, -1, 2, -9, 10]": {
      "result": true,
      "time": 0.04315972328186035,
      "error": null
    },
    "assert diff_consecutivenums([1, 6, 2, 3, 9, 1, 1, 3]) == [5, -4, 1, 6, -8, 0, 2]": {
      "result": true,
      "time": 0.04727292060852051,
      "error": null
    },
    "assert diff_consecutivenums([1, 3, 2, 6, 6, 4, 6, 8]) == [2, -1, 4, 0, -2, 2, 2]": {
      "result": true,
      "time": 0.0496973991394043,
      "error": null
    },
    "assert diff_consecutivenums([2, 5, 6, 5, 9, 1, 5, 11]) == [3, 1, -1, 4, -8, 4, 6]": {
      "result": true,
      "time": 0.039782047271728516,
      "error": null
    },
    "assert diff_consecutivenums([1, 6, 8, 8, 5, 7, 3, 9]) == [5, 2, 0, -3, 2, -4, 6]": {
      "result": true,
      "time": 0.04050588607788086,
      "error": null
    },
    "assert diff_consecutivenums([2, 1, 8, 2, 4, 5, 5, 2]) == [-1, 7, -6, 2, 1, 0, -3]": {
      "result": true,
      "time": 0.04842543601989746,
      "error": null
    },
    "assert diff_consecutivenums([2, 6, 4, 3, 8, 3, 4, 6]) == [4, -2, -1, 5, -5, 1, 2]": {
      "result": true,
      "time": 0.044319868087768555,
      "error": null
    },
    "assert diff_consecutivenums([4, 6, 2, 2, 7, 3, 1, 12]) == [2, -4, 0, 5, -4, -2, 11]": {
      "result": true,
      "time": 0.05571603775024414,
      "error": null
    },
    "assert diff_consecutivenums([5, 2, 8, 7, 1, 7, 3, 5]) == [-3, 6, -1, -6, 6, -4, 2]": {
      "result": true,
      "time": 0.05144524574279785,
      "error": null
    },
    "assert diff_consecutivenums([5, 3, 4, 7, 1, 8, 5, 3]) == [-2, 1, 3, -6, 7, -3, -2]": {
      "result": true,
      "time": 0.05610466003417969,
      "error": null
    },
    "assert diff_consecutivenums([6, 4, 3, 1, 2, 9, 11, 4]) == [-2, -1, -2, 1, 7, 2, -7]": {
      "result": true,
      "time": 0.06146502494812012,
      "error": null
    },
    "assert diff_consecutivenums([1, 5, 5, 2, 6, 6, 11, 2]) == [4, 0, -3, 4, 0, 5, -9]": {
      "result": true,
      "time": 0.06032156944274902,
      "error": null
    },
    "assert diff_consecutivenums([2, 3, 1, 1, 6, 5, 2, 8]) == [1, -2, 0, 5, -1, -3, 6]": {
      "result": true,
      "time": 0.04689145088195801,
      "error": null
    },
    "assert diff_consecutivenums([6, 3, 1, 5, 9, 2, 5, 3]) == [-3, -2, 4, 4, -7, 3, -2]": {
      "result": true,
      "time": 0.059447288513183594,
      "error": null
    },
    "assert diff_consecutivenums([3, 1, 2, 3, 4, 6, 10, 6]) == [-2, 1, 1, 1, 2, 4, -4]": {
      "result": true,
      "time": 0.06559276580810547,
      "error": null
    },
    "assert diff_consecutivenums([1, 2, 8, 6, 5, 9, 4, 7]) == [1, 6, -2, -1, 4, -5, 3]": {
      "result": true,
      "time": 0.04852652549743652,
      "error": null
    },
    "assert diff_consecutivenums([2, 5, 4, 2, 2, 6, 4, 10]) == [3, -1, -2, 0, 4, -2, 6]": {
      "result": true,
      "time": 0.05505728721618652,
      "error": null
    },
    "assert diff_consecutivenums([1, 4, 7, 6, 2, 10, 7, 3]) == [3, 3, -1, -4, 8, -3, -4]": {
      "result": true,
      "time": 0.05186295509338379,
      "error": null
    },
    "assert diff_consecutivenums([1, 2, 2, 6, 1, 8, 1, 12]) == [1, 0, 4, -5, 7, -7, 11]": {
      "result": true,
      "time": 0.07146763801574707,
      "error": null
    },
    "assert diff_consecutivenums([1, 1, 1, 6, 9, 4, 11, 4]) == [0, 0, 5, 3, -5, 7, -7]": {
      "result": true,
      "time": 0.05222177505493164,
      "error": null
    },
    "assert diff_consecutivenums([4, 6, 8, 3, 5, 4, 10, 3]) == [2, 2, -5, 2, -1, 6, -7]": {
      "result": true,
      "time": 0.05892038345336914,
      "error": null
    },
    "assert diff_consecutivenums([6, 5, 5, 2, 5, 5, 6, 2]) == [-1, 0, -3, 3, 0, 1, -4]": {
      "result": true,
      "time": 0.049028873443603516,
      "error": null
    },
    "assert diff_consecutivenums([4, 4, 4, 9, 4, 9, 9, 8]) == [0, 0, 5, -5, 5, 0, -1]": {
      "result": true,
      "time": 0.06493330001831055,
      "error": null
    },
    "assert diff_consecutivenums([2, 3, 3, 5, 4, 5, 8, 9]) == [1, 0, 2, -1, 1, 3, 1]": {
      "result": true,
      "time": 0.06185007095336914,
      "error": null
    },
    "assert diff_consecutivenums([6, 2, 3, 7, 9, 2, 2, 6]) == [-4, 1, 4, 2, -7, 0, 4]": {
      "result": true,
      "time": 0.06624960899353027,
      "error": null
    },
    "assert diff_consecutivenums([5, 3, 6, 8, 3, 12]) == [-2, 3, 2, -5, 9]": {
      "result": true,
      "time": 0.06307125091552734,
      "error": null
    },
    "assert diff_consecutivenums([1, 9, 7, 9, 8, 7]) == [8, -2, 2, -1, -1]": {
      "result": true,
      "time": 0.058393001556396484,
      "error": null
    },
    "assert diff_consecutivenums([7, 3, 5, 6, 8, 12]) == [-4, 2, 1, 2, 4]": {
      "result": true,
      "time": 0.046662092208862305,
      "error": null
    },
    "assert diff_consecutivenums([9, 3, 12, 6, 2, 10]) == [-6, 9, -6, -4, 8]": {
      "result": true,
      "time": 0.04950284957885742,
      "error": null
    },
    "assert diff_consecutivenums([8, 7, 8, 11, 3, 10]) == [-1, 1, 3, -8, 7]": {
      "result": true,
      "time": 0.05415844917297363,
      "error": null
    },
    "assert diff_consecutivenums([2, 1, 3, 4, 1, 5]) == [-1, 2, 1, -3, 4]": {
      "result": true,
      "time": 0.054257869720458984,
      "error": null
    },
    "assert diff_consecutivenums([9, 3, 11, 14, 10, 8]) == [-6, 8, 3, -4, -2]": {
      "result": true,
      "time": 0.05929064750671387,
      "error": null
    },
    "assert diff_consecutivenums([6, 1, 5, 14, 11, 13]) == [-5, 4, 9, -3, 2]": {
      "result": true,
      "time": 0.0420069694519043,
      "error": null
    },
    "assert diff_consecutivenums([6, 10, 6, 13, 2, 8]) == [4, -4, 7, -11, 6]": {
      "result": true,
      "time": 0.056252479553222656,
      "error": null
    },