{
  "code": "import math\n\ndef area_pentagon(side_length):\n    \"\"\"\n    Calculate the area of a regular pentagon given the side length.\n    \n    Formula: (1/4) * sqrt(5*(5 + 2*sqrt(5))) * side_length^2\n    \n    Args:\n    side_length (float): Length of a side of the pentagon.\n    \n    Returns:\n    float: Area of the pentagon.\n    \"\"\"\n    area = (1/4) * math.sqrt(5 * (5 + 2 * math.sqrt(5))) * (side_length ** 2)\n    return area",
  "results": {
    "assert area_pentagon(5)==43.01193501472417": {
      "result": true,
      "time": 0.10012340545654297,
      "error": null
    },
    "assert area_pentagon(10)==172.0477400588967": {
      "result": true,
      "time": 0.0732581615447998,
      "error": null
    },
    "assert area_pentagon(15)==387.10741513251753": {
      "result": true,
      "time": 0.08237695693969727,
      "error": null
    },
    "assert area_pentagon(5) == 43.01193501472417": {
      "result": true,
      "time": 0.07403302192687988,
      "error": null
    },
    "assert area_pentagon(10) == 172.0477400588967": {
      "result": true,
      "time": 0.08079218864440918,
      "error": null
    },
    "assert area_pentagon(4) == 27.52763840942347": {
      "result": true,
      "time": 0.08836770057678223,
      "error": null
    },
    "assert area_pentagon(9) == 139.35866944770632": {
      "result": true,
      "time": 0.0705723762512207,
      "error": null
    },
    "assert area_pentagon(1) == 1.720477400588967": {
      "result": true,
      "time": 0.07480168342590332,
      "error": null
    },
    "assert area_pentagon(2) == 6.881909602355868": {
      "result": true,
      "time": 0.08059382438659668,
      "error": null
    },
    "assert area_pentagon(3) == 15.484296605300703": {
      "result": true,
      "time": 0.08920550346374512,
      "error": null
    },
    "assert area_pentagon(7) == 84.30339262885938": {
      "result": true,
      "time": 0.07241034507751465,
      "error": null
    },
    "assert area_pentagon(6) == 61.93718642120281": {
      "result": true,
      "time": 0.08772110939025879,
      "error": null
    },
    "assert area_pentagon(8) == 110.11055363769388": {
      "result": true,
      "time": 0.09062862396240234,
      "error": null
    },
    "assert area_pentagon(14) == 337.21357051543754": {
      "result": true,
      "time": 0.09888029098510742,
      "error": null
    },
    "assert area_pentagon(15) == 387.10741513251753": {
      "result": true,
      "time": 0.07714128494262695,
      "error": null
    },
    "assert area_pentagon(13) == 290.7606806995354": {
      "result": true,
      "time": 0.07333636283874512,
      "error": null
    },
    "assert area_pentagon(11) == 208.177765471265": {
      "result": true,
      "time": 0.08806347846984863,
      "error": null
    },
    "assert area_pentagon(12) == 247.74874568481124": {
      "result": true,
      "time": 0.07466459274291992,
      "error": null
    },
    "assert area_pentagon(18) == 557.4346777908253": {
      "result": true,
      "time": 0.07183837890625,
      "error": null
    },
    "assert area_pentagon(20) == 688.1909602355868": {
      "result": true,
      "time": 0.07524967193603516,
      "error": null
    },
    "assert area_pentagon(16) == 440.44221455077553": {
      "result": true,
      "time": 0.07705211639404297,
      "error": null
    },
    "assert area_pentagon(17) == 497.2179687702114": {
      "result": true,
      "time": 0.07652878761291504,
      "error": null
    },
    "assert area_pentagon(19) == 621.092341612617": {
      "result": true,
      "time": 0.09989333152770996,
      "error": null
    }
  },
  "passed": true,
  "accuracy": 1.0,
  "general_error": "",
  "has_testcase_error": false
}