{
  "code": "def re_arrange_array(arr, n):\n    # Separate negative and positive elements\n    neg = [x for x in arr if x < 0]\n    pos = [x for x in arr if x >= 0]\n    # Combine them with negatives first\n    rearranged = neg + pos\n    return rearranged",
  "results": {
    "assert re_arrange_array([-1, 2, -3, 4, 5, 6, -7, 8, 9], 9) == [-1, -3, -7, 4, 5, 6, 2, 8, 9]": {
      "result": false,
      "time": 0.045342445373535156,
      "error": null
    },
    "assert re_arrange_array([12, -14, -26, 13, 15], 5) == [-14, -26, 12, 13, 15]": {
      "result": true,
      "time": 0.03580045700073242,
      "error": null
    },
    "assert re_arrange_array([10, 24, 36, -42, -39, -78, 85], 7) == [-42, -39, -78, 10, 24, 36, 85]": {
      "result": true,
      "time": 0.03878426551818848,
      "error": null
    },
    "assert re_arrange_array([-6, 7, -5, 7, 5, 1, -6, 5, 10], 9) == [-6, -5, -6, 7, 5, 1, 7, 5, 10]": {
      "result": false,
      "time": 0.042235612869262695,
      "error": null
    },
    "assert re_arrange_array([0, 4, -3, 6, 8, 4, -4, 4, 13], 9) == [-3, -4, 0, 6, 8, 4, 4, 4, 13]": {
      "result": false,
      "time": 0.04347395896911621,
      "error": null
    },
    "assert re_arrange_array([-5, 3, 0, 2, 3, 9, -2, 4, 7], 7) == [-5, -2, 0, 2, 3, 9, 3, 4, 7]": {
      "result": false,
      "time": 0.04088926315307617,
      "error": null
    },
    "assert re_arrange_array([4, 5, 2, 1, 1, 8, -8, 12, 12], 8) == [-8, 5, 2, 1, 1, 8, 4, 12, 12]": {
      "result": false,
      "time": 0.04111027717590332,
      "error": null
    },
    "assert re_arrange_array([-4, 1, -5, 6, 2, 7, -3, 8, 11], 6) == [-4, -5, 1, 6, 2, 7, -3, 8, 11]": {
      "result": false,
      "time": 0.05349254608154297,
      "error": null
    },
    "assert re_arrange_array([-1, 4, 2, 2, 1, 9, -2, 9, 12], 6) == [-1, 4, 2, 2, 1, 9, -2, 9, 12]": {
      "result": false,
      "time": 0.036969900131225586,
      "error": null
    },
    "assert re_arrange_array([1, 3, 2, 1, 10, 7, -5, 10, 5], 6) == [1, 3, 2, 1, 10, 7, -5, 10, 5]": {
      "result": false,
      "time": 0.03914475440979004,
      "error": null
    },
    "assert re_arrange_array([2, 3, -4, 5, 3, 9, -11, 13, 13], 9) == [-4, -11, 2, 5, 3, 9, 3, 13, 13]": {
      "result": false,
      "time": 0.04796648025512695,
      "error": null
    },
    "assert re_arrange_array([-2, 4, -3, 1, 5, 4, -6, 9, 14], 5) == [-2, -3, 4, 1, 5, 4, -6, 9, 14]": {
      "result": false,
      "time": 0.048848628997802734,
      "error": null
    },
    "assert re_arrange_array([-3, 5, 0, 6, 1, 10, -12, 10, 9], 9) == [-3, -12, 0, 6, 1, 10, 5, 10, 9]": {
      "result": false,
      "time": 0.037195444107055664,
      "error": null
    },
    "assert re_arrange_array([-5, 6, -1, 3, 4, 1, -10, 4, 6], 4) == [-5, -1, 6, 3, 4, 1, -10, 4, 6]": {
      "result": false,
      "time": 0.047684669494628906,
      "error": null
    },
    "assert re_arrange_array([-3, 2, -6, 6, 3, 10, -11, 4, 11], 7) == [-3, -6, -11, 6, 3, 10, 2, 4, 11]": {
      "result": false,
      "time": 0.040004730224609375,
      "error": null
    },
    "assert re_arrange_array([2, 4, 2, 5, 5, 11, -2, 7, 14], 5) == [2, 4, 2, 5, 5, 11, -2, 7, 14]": {
      "result": false,
      "time": 0.03442192077636719,
      "error": null
    },
    "assert re_arrange_array([-6, 6, -3, 8, 5, 8, -7, 10, 7], 8) == [-6, -3, -7, 8, 5, 8, 6, 10, 7]": {
      "result": false,
      "time": 0.03589463233947754,
      "error": null
    },
    "assert re_arrange_array([-4, 7, -4, 8, 1, 9, -4, 11, 13], 6) == [-4, -4, 7, 8, 1, 9, -4, 11, 13]": {
      "result": false,
      "time": 0.04071545600891113,
      "error": null
    },
    "assert re_arrange_array([-3, 1, 0, 3, 1, 2, -9, 7, 12], 6) == [-3, 1, 0, 3, 1, 2, -9, 7, 12]": {
      "result": false,
      "time": 0.036829471588134766,
      "error": null
    },
    "assert re_arrange_array([-6, 4, 1, 3, 1, 7, -9, 5, 13], 4) == [-6, 4, 1, 3, 1, 7, -9, 5, 13]": {
      "result": false,
      "time": 0.039351463317871094,
      "error": null
    },
    "assert re_arrange_array([4, 1, -7, 1, 8, 8, -2, 11, 10], 6) == [-7, 1, 4, 1, 8, 8, -2, 11, 10]": {
      "result": false,
      "time": 0.03859710693359375,
      "error": null
    },
    "assert re_arrange_array([1, 4, -6, 9, 7, 3, -10, 9, 14], 5) == [-6, 4, 1, 9, 7, 3, -10, 9, 14]": {
      "result": false,
      "time": 0.035306692123413086,
      "error": null
    },
    "assert re_arrange_array([0, 5, -4, 5, 3, 2, -2, 11, 8], 6) == [-4, 5, 0, 5, 3, 2, -2, 11, 8]": {
      "result": false,
      "time": 0.04003643989562988,
      "error": null
    },
    "assert re_arrange_array([1, 7, -5, 4, 9, 9, -9, 9, 5], 7) == [-5, -9, 1, 4, 9, 9, 7, 9, 5]": {
      "result": false,
      "time": 0.03553485870361328,
      "error": null
    },
    "assert re_arrange_array([4, 4, -7, 9, 5, 2, -5, 5, 13], 8) == [-7, -5, 4, 9, 5, 2, 4, 5, 13]": {
      "result": false,
      "time": 0.037622928619384766,
      "error": null
    },
    "assert re_arrange_array([1, 1, -6, 4, 10, 4, -10, 3, 9], 7) == [-6, -10, 1, 4, 10, 4, 1, 3, 9]": {
      "result": false,
      "time": 0.04620051383972168,
      "error": null
    },
    "assert re_arrange_array([-1, 1, -7, 8, 7, 11, -6, 11, 9], 9) == [-1, -7, -6, 8, 7, 11, 1, 11, 9]": {
      "result": false,
      "time": 0.04290008544921875,
      "error": null
    },
    "assert re_arrange_array([-6, 4, -4, 6, 7, 8, -11, 5, 8], 7) == [-6, -4, -11, 6, 7, 8, 4, 5, 8]": {
      "result": false,
      "time": 0.04039478302001953,
      "error": null
    },
    "assert re_arrange_array([-5, 5, -8, 1, 1, 11, -2, 8, 8], 4) == [-5, -8, 5, 1, 1, 11, -2, 8, 8]": {
      "result": false,
      "time": 0.04076337814331055,
      "error": null
    },
    "assert re_arrange_array([1, 2, -8, 8, 3, 6, -11, 13, 7], 5) == [-8, 2, 1, 8, 3, 6, -11, 13, 7]": {
      "result": false,
      "time": 0.03670477867126465,
      "error": null
    },
    "assert re_arrange_array([-5, 1, 1, 7, 4, 9, -7, 13, 9], 5) == [-5, 1, 1, 7, 4, 9, -7, 13, 9]": {
      "result": false,
      "time": 0.038576602935791016,
      "error": null
    },
    "assert re_arrange_array([-4, 7, -5, 5, 5, 7, -10, 13, 12], 5) == [-4, -5, 7, 5, 5, 7, -10, 13, 12]": {
      "result": false,
      "time": 0.04128670692443848,
      "error": null
    },
    "assert re_arrange_array([-5, 6, -1, 6, 7, 9, -8, 5, 9], 4) == [-5, -1, 6, 6, 7, 9, -8, 5, 9]": {
      "result": false,
      "time": 0.03458857536315918,
      "error": null
    },
    "assert re_arrange_array([-4, 4, -6, 1, 10, 8, -12, 5, 12], 4) == [-4, -6, 4, 1, 10, 8, -12, 5, 12]": {
      "result": false,
      "time": 0.040679216384887695,
      "error": null
    },
    "assert re_arrange_array([-3, 1, -4, 9, 10, 8, -2, 6, 5], 5) == [-3, -4, 1, 9, 10, 8, -2, 6, 5]": {
      "result": false,
      "time": 0.04020261764526367,
      "error": null
    },
    "assert re_arrange_array([-3, 4, 2, 8, 6, 4, -8, 3, 10], 9) == [-3, -8, 2, 8, 6, 4, 4, 3, 10]": {
      "result": false,
      "time": 0.04072117805480957,
      "error": null
    },
    "assert re_arrange_array([11, -17, -21, 9, 15], 1) == [11, -17, -21, 9, 15]": {
      "result": false,
      "time": 0.039809226989746094,
      "error": null
    },
    "assert re_arrange_array([15, -19, -28, 9, 20], 4) == [-19, -28, 15, 9, 20]": {
      "result": true,
      "time": 0.03462481498718262,
      "error": null
    },
    "assert re_arrange_array([13, -13, -27, 11, 20], 4) == [-13, -27, 13, 11, 20]": {
      "result": true,
      "time": 0.03579282760620117,
      "error": null
    },
    "assert re_arrange_array([7, -18, -25, 12, 11], 4) == [-18, -25, 7, 12, 11]": {
      "result": true,
      "time": 0.04245567321777344,
      "error": null
    },
    "assert re_arrange_array([8, -15, -23, 12, 10], 5) == [-15, -23, 8, 12, 10]": {
      "result": true,
      "time": 0.03961920738220215,
      "error": null
    },