{
  "code": "def sort_matrix(matrix):\n    # Sort the matrix based on the sum of each row\n    sorted_matrix = sorted(matrix, key=lambda row: sum(row))\n    return sorted_matrix",
  "results": {
    "assert sort_matrix([[1, 2, 3], [2, 4, 5], [1, 1, 1]])==[[1, 1, 1], [1, 2, 3], [2, 4, 5]]": {
      "result": true,
      "time": 0.04283428192138672,
      "error": null
    },
    "assert sort_matrix([[1, 2, 3], [-2, 4, -5], [1, -1, 1]])==[[-2, 4, -5], [1, -1, 1], [1, 2, 3]]": {
      "result": true,
      "time": 0.04601931571960449,
      "error": null
    },
    "assert sort_matrix([[5,8,9],[6,4,3],[2,1,4]])==[[2, 1, 4], [6, 4, 3], [5, 8, 9]]": {
      "result": true,
      "time": 0.05263233184814453,
      "error": null
    },
    "assert sort_matrix([[1, 5, 3], [3, 4, 10], [2, 1, 4]]) == [[2, 1, 4], [1, 5, 3], [3, 4, 10]]": {
      "result": true,
      "time": 0.04422259330749512,
      "error": null
    },
    "assert sort_matrix([[2, 5, 4], [3, 9, 3], [4, 2, 2]]) == [[4, 2, 2], [2, 5, 4], [3, 9, 3]]": {
      "result": true,
      "time": 0.03630781173706055,
      "error": null
    },
    "assert sort_matrix([[1, 1, 6], [7, 8, 3], [1, 1, 6]]) == [[1, 1, 6], [1, 1, 6], [7, 8, 3]]": {
      "result": true,
      "time": 0.04646658897399902,
      "error": null
    },
    "assert sort_matrix([[3, 3, 7], [2, 6, 10], [1, 3, 1]]) == [[1, 3, 1], [3, 3, 7], [2, 6, 10]]": {
      "result": true,
      "time": 0.04720354080200195,
      "error": null
    },
    "assert sort_matrix([[3, 2, 3], [4, 3, 8], [6, 2, 3]]) == [[3, 2, 3], [6, 2, 3], [4, 3, 8]]": {
      "result": true,
      "time": 0.0578610897064209,
      "error": null
    },
    "assert sort_matrix([[4, 5, 5], [6, 8, 6], [2, 5, 4]]) == [[2, 5, 4], [4, 5, 5], [6, 8, 6]]": {
      "result": true,
      "time": 0.03950691223144531,
      "error": null
    },
    "assert sort_matrix([[1, 2, 3], [3, 1, 4], [1, 2, 4]]) == [[1, 2, 3], [1, 2, 4], [3, 1, 4]]": {
      "result": true,
      "time": 0.043851375579833984,
      "error": null
    },
    "assert sort_matrix([[2, 2, 5], [4, 6, 9], [5, 2, 5]]) == [[2, 2, 5], [5, 2, 5], [4, 6, 9]]": {
      "result": true,
      "time": 0.03923225402832031,
      "error": null
    },
    "assert sort_matrix([[3, 4, 7], [7, 6, 5], [6, 3, 1]]) == [[6, 3, 1], [3, 4, 7], [7, 6, 5]]": {
      "result": true,
      "time": 0.03540396690368652,
      "error": null
    },
    "assert sort_matrix([[5, 1, 5], [4, 5, 1], [4, 5, 1]]) == [[4, 5, 1], [4, 5, 1], [5, 1, 5]]": {
      "result": true,
      "time": 0.04095315933227539,
      "error": null
    },
    "assert sort_matrix([[4, 1, 8], [7, 2, 10], [1, 3, 5]]) == [[1, 3, 5], [4, 1, 8], [7, 2, 10]]": {
      "result": true,
      "time": 0.04750847816467285,
      "error": null
    },
    "assert sort_matrix([[1, 3, 8], [6, 3, 7], [1, 4, 3]]) == [[1, 4, 3], [1, 3, 8], [6, 3, 7]]": {
      "result": true,
      "time": 0.036847591400146484,
      "error": null
    },
    "assert sort_matrix([[5, 5, 6], [6, 9, 1], [2, 5, 1]]) == [[2, 5, 1], [5, 5, 6], [6, 9, 1]]": {
      "result": true,
      "time": 0.038907766342163086,
      "error": null
    },
    "assert sort_matrix([[5, 2, 2], [5, 5, 3], [5, 1, 1]]) == [[5, 1, 1], [5, 2, 2], [5, 5, 3]]": {
      "result": true,
      "time": 0.03411746025085449,
      "error": null
    },
    "assert sort_matrix([[1, 2, 3], [3, 5, 5], [6, 2, 3]]) == [[1, 2, 3], [6, 2, 3], [3, 5, 5]]": {
      "result": true,
      "time": 0.035186052322387695,
      "error": null
    },
    "assert sort_matrix([[3, 7, 7], [6, 7, 5], [1, 1, 2]]) == [[1, 1, 2], [3, 7, 7], [6, 7, 5]]": {
      "result": true,
      "time": 0.0370326042175293,
      "error": null
    },
    "assert sort_matrix([[1, 1, 5], [2, 5, 1], [5, 6, 5]]) == [[1, 1, 5], [2, 5, 1], [5, 6, 5]]": {
      "result": true,
      "time": 0.03435397148132324,
      "error": null
    },
    "assert sort_matrix([[6, 3, 8], [7, 9, 5], [4, 2, 6]]) == [[4, 2, 6], [6, 3, 8], [7, 9, 5]]": {
      "result": true,
      "time": 0.03910183906555176,
      "error": null
    },
    "assert sort_matrix([[3, 6, 4], [7, 5, 10], [6, 4, 5]]) == [[3, 6, 4], [6, 4, 5], [7, 5, 10]]": {
      "result": true,
      "time": 0.03602337837219238,
      "error": null
    },
    "assert sort_matrix([[3, 3, 7], [3, 5, 3], [3, 3, 3]]) == [[3, 3, 3], [3, 5, 3], [3, 3, 7]]": {
      "result": true,
      "time": 0.03360152244567871,
      "error": null
    },
    "assert sort_matrix([[6, 3, 6], [5, 1, 2], [6, 5, 3]]) == [[5, 1, 2], [6, 5, 3], [6, 3, 6]]": {
      "result": true,
      "time": 0.038231849670410156,
      "error": null
    },
    "assert sort_matrix([[2, 2, 8], [5, 9, 10], [5, 1, 5]]) == [[5, 1, 5], [2, 2, 8], [5, 9, 10]]": {
      "result": true,
      "time": 0.03457999229431152,
      "error": null
    },
    "assert sort_matrix([[5, 3, 5], [3, 8, 2], [1, 5, 2]]) == [[1, 5, 2], [5, 3, 5], [3, 8, 2]]": {
      "result": true,
      "time": 0.03663277626037598,
      "error": null
    },
    "assert sort_matrix([[2, 6, 8], [1, 9, 2], [5, 2, 4]]) == [[5, 2, 4], [1, 9, 2], [2, 6, 8]]": {
      "result": true,
      "time": 0.031110525131225586,
      "error": null
    },
    "assert sort_matrix([[1, 1, 3], [6, 4, 7], [1, 1, 2]]) == [[1, 1, 2], [1, 1, 3], [6, 4, 7]]": {
      "result": true,
      "time": 0.044255971908569336,
      "error": null
    },
    "assert sort_matrix([[5, 2, 8], [1, 4, 5], [2, 4, 2]]) == [[2, 4, 2], [1, 4, 5], [5, 2, 8]]": {
      "result": true,
      "time": 0.03585314750671387,
      "error": null
    },
    "assert sort_matrix([[3, 2, 4], [6, 4, 4], [2, 6, 6]]) == [[3, 2, 4], [6, 4, 4], [2, 6, 6]]": {
      "result": true,
      "time": 0.04225969314575195,
      "error": null
    },
    "assert sort_matrix([[5, 2, 4], [5, 1, 2], [1, 5, 3]]) == [[5, 1, 2], [1, 5, 3], [5, 2, 4]]": {
      "result": true,
      "time": 0.04068303108215332,
      "error": null
    },
    "assert sort_matrix([[5, 3, 1], [5, 9, 5], [5, 4, 1]]) == [[5, 3, 1], [5, 4, 1], [5, 9, 5]]": {
      "result": true,
      "time": 0.035265207290649414,
      "error": null
    },
    "assert sort_matrix([[6, 2, 6], [1, 6, 5], [5, 1, 3]]) == [[5, 1, 3], [1, 6, 5], [6, 2, 6]]": {
      "result": true,
      "time": 0.03867602348327637,
      "error": null
    },
    "assert sort_matrix([[6, 7, 8], [2, 2, 9], [6, 4, 1]]) == [[6, 4, 1], [2, 2, 9], [6, 7, 8]]": {
      "result": true,
      "time": 0.0388791561126709,
      "error": null
    },
    "assert sort_matrix([[2, 1, 1], [4, 4, 2], [3, 5, 4]]) == [[2, 1, 1], [4, 4, 2], [3, 5, 4]]": {
      "result": true,
      "time": 0.033238887786865234,
      "error": null
    },
    "assert sort_matrix([[6, 4, 4], [3, 4, 7], [4, 5, 3]]) == [[4, 5, 3], [6, 4, 4], [3, 4, 7]]": {
      "result": true,
      "time": 0.03907632827758789,
      "error": null
    },
    "assert sort_matrix([[1, 7, 7], [-6, 7, -6], [5, -2, 3]]) == [[-6, 7, -6], [5, -2, 3], [1, 7, 7]]": {
      "result": true,
      "time": 0.030366897583007812,
      "error": null
    },
    "assert sort_matrix([[1, 4, 5], [2, 4, 0], [5, -4, 3]]) == [[5, -4, 3], [2, 4, 0], [1, 4, 5]]": {
      "result": true,
      "time": 0.0370783805847168,
      "error": null
    },
    "assert sort_matrix([[5, 2, 3], [-6, 6, -7], [6, 1, 5]]) == [[-6, 6, -7], [5, 2, 3], [6, 1, 5]]": {
      "result": true,
      "time": 0.04170870780944824,
      "error": null
    },
    "assert sort_matrix([[1, 3, 4], [0, 6, -2], [5, -3, 6]]) == [[0, 6, -2], [1, 3, 4], [5, -3, 6]]": {
      "result": true,
      "time": 0.03933429718017578,
      "error": null
    },
    "assert sort_matrix([[3, 4, 4], [3, 3, -2], [3, 2, 6]]) == [[3, 3, -2], [3, 4, 4], [3, 2, 6]]": {
      "result": true,
      "time": 0.03658246994018555,
      "error": null
    },
    "assert sort_matrix([[6, 2, 7], [-5, 2, -1], [2, -6, 2]]) == [[-5, 2, -1], [2, -6, 2], [6, 2, 7]]": {
      "result": true,
      "time": 0.047989606857299805,
      "error": null
    },