{
  "code": "def sequential_search(arr, x):\n    for i in range(len(arr)):\n        if arr[i] == x:\n            return (True, i)\n    return (False, -1)",
  "results": {
    "assert sequential_search([11,23,58,31,56,77,43,12,65,19],31) == (True, 3)": {
      "result": true,
      "time": 0.05009961128234863,
      "error": null
    },
    "assert sequential_search([12, 32, 45, 62, 35, 47, 44, 61],61) == (True, 7)": {
      "result": true,
      "time": 0.0469050407409668,
      "error": null
    },
    "assert sequential_search([9, 10, 17, 19, 22, 39, 48, 56],48) == (True, 6)": {
      "result": true,
      "time": 0.045224666595458984,
      "error": null
    },
    "assert sequential_search([9, 22, 55, 30, 51, 81, 47, 16, 67, 22], 31) == (False, 10)": {
      "result": false,
      "time": 0.039008140563964844,
      "error": null
    },
    "assert sequential_search([14, 22, 60, 34, 58, 79, 40, 17, 66, 17], 32) == (False, 10)": {
      "result": false,
      "time": 0.04435396194458008,
      "error": null
    },
    "assert sequential_search([12, 22, 62, 36, 58, 72, 41, 12, 64, 24], 36) == (True, 3)": {
      "result": true,
      "time": 0.04401350021362305,
      "error": null
    },
    "assert sequential_search([15, 24, 61, 31, 59, 73, 41, 11, 60, 23], 31) == (True, 3)": {
      "result": true,
      "time": 0.0533292293548584,
      "error": null
    },
    "assert sequential_search([9, 19, 62, 29, 57, 80, 48, 8, 70, 16], 27) == (False, 10)": {
      "result": false,
      "time": 0.05294656753540039,
      "error": null
    },
    "assert sequential_search([11, 18, 59, 29, 51, 76, 48, 10, 69, 16], 34) == (False, 10)": {
      "result": false,
      "time": 0.049890756607055664,
      "error": null
    },
    "assert sequential_search([11, 20, 54, 36, 54, 78, 43, 14, 65, 22], 36) == (True, 3)": {
      "result": true,
      "time": 0.03680229187011719,
      "error": null
    },
    "assert sequential_search([11, 23, 58, 29, 58, 80, 47, 9, 68, 23], 26) == (False, 10)": {
      "result": false,
      "time": 0.04272031784057617,
      "error": null
    },
    "assert sequential_search([6, 24, 62, 27, 60, 73, 38, 15, 60, 16], 28) == (False, 10)": {
      "result": false,
      "time": 0.03952908515930176,
      "error": null
    },
    "assert sequential_search([10, 18, 58, 28, 57, 80, 45, 13, 69, 17], 34) == (False, 10)": {
      "result": false,
      "time": 0.050101518630981445,
      "error": null
    },
    "assert sequential_search([6, 27, 55, 28, 59, 76, 38, 7, 61, 15], 36) == (False, 10)": {
      "result": false,
      "time": 0.036191701889038086,
      "error": null
    },
    "assert sequential_search([11, 18, 57, 34, 56, 81, 48, 15, 66, 22], 26) == (False, 10)": {
      "result": false,
      "time": 0.051641225814819336,
      "error": null
    },
    "assert sequential_search([15, 21, 57, 26, 59, 73, 48, 10, 69, 19], 33) == (False, 10)": {
      "result": false,
      "time": 0.054457902908325195,
      "error": null
    },
    "assert sequential_search([9, 28, 56, 36, 52, 76, 44, 10, 60, 19], 34) == (False, 10)": {
      "result": false,
      "time": 0.03921699523925781,
      "error": null
    },
    "assert sequential_search([12, 20, 56, 27, 61, 78, 40, 16, 66, 19], 35) == (False, 10)": {
      "result": false,
      "time": 0.04245257377624512,
      "error": null
    },
    "assert sequential_search([12, 24, 55, 31, 60, 81, 39, 14, 68, 15], 33) == (False, 10)": {
      "result": false,
      "time": 0.04624295234680176,
      "error": null
    },
    "assert sequential_search([11, 19, 53, 30, 54, 80, 42, 15, 65, 19], 29) == (False, 10)": {
      "result": false,
      "time": 0.04715728759765625,
      "error": null
    },
    "assert sequential_search([11, 21, 58, 26, 53, 80, 40, 15, 60, 14], 26) == (True, 3)": {
      "result": true,
      "time": 0.04490065574645996,
      "error": null
    },
    "assert sequential_search([14, 22, 58, 29, 59, 81, 47, 16, 69, 18], 29) == (True, 3)": {
      "result": true,
      "time": 0.04192018508911133,
      "error": null
    },
    "assert sequential_search([14, 21, 55, 34, 55, 78, 41, 8, 62, 22], 34) == (True, 3)": {
      "result": true,
      "time": 0.03918766975402832,
      "error": null
    },
    "assert sequential_search([15, 18, 62, 29, 52, 72, 47, 13, 62, 17], 29) == (True, 3)": {
      "result": true,
      "time": 0.03662729263305664,
      "error": null
    },
    "assert sequential_search([15, 26, 62, 30, 54, 76, 48, 12, 62, 24], 28) == (False, 10)": {
      "result": false,
      "time": 0.04238176345825195,
      "error": null
    },
    "assert sequential_search([9, 21, 56, 27, 57, 78, 46, 10, 65, 24], 26) == (False, 10)": {
      "result": false,
      "time": 0.03633236885070801,
      "error": null
    },
    "assert sequential_search([15, 21, 54, 30, 53, 78, 41, 10, 70, 19], 34) == (False, 10)": {
      "result": false,
      "time": 0.03667902946472168,
      "error": null
    },
    "assert sequential_search([15, 25, 56, 32, 56, 73, 38, 10, 66, 23], 31) == (False, 10)": {
      "result": false,
      "time": 0.049027442932128906,
      "error": null
    },
    "assert sequential_search([6, 22, 58, 34, 60, 72, 45, 16, 63, 22], 30) == (False, 10)": {
      "result": false,
      "time": 0.039214372634887695,
      "error": null
    },
    "assert sequential_search([15, 27, 57, 33, 54, 82, 46, 8, 63, 23], 33) == (True, 3)": {
      "result": true,
      "time": 0.03788638114929199,
      "error": null
    },
    "assert sequential_search([6, 26, 60, 31, 51, 80, 39, 7, 69, 24], 33) == (False, 10)": {
      "result": false,
      "time": 0.05263686180114746,
      "error": null
    },
    "assert sequential_search([10, 18, 54, 35, 52, 82, 48, 9, 60, 20], 27) == (False, 10)": {
      "result": false,
      "time": 0.03931570053100586,
      "error": null
    },
    "assert sequential_search([11, 23, 59, 29, 55, 75, 40, 11, 61, 18], 29) == (True, 3)": {
      "result": true,
      "time": 0.0444183349609375,
      "error": null
    },
    "assert sequential_search([11, 28, 59, 29, 56, 77, 47, 12, 65, 17], 29) == (True, 3)": {
      "result": true,
      "time": 0.05108952522277832,
      "error": null
    },
    "assert sequential_search([13, 22, 56, 36, 52, 78, 41, 14, 68, 15], 36) == (True, 3)": {
      "result": true,
      "time": 0.0386204719543457,
      "error": null
    },
    "assert sequential_search([15, 25, 58, 31, 59, 77, 40, 15, 64, 23], 28) == (False, 10)": {
      "result": false,
      "time": 0.04088902473449707,
      "error": null
    },
    "assert sequential_search([16, 34, 40, 64, 31, 52, 48, 56], 58) == (False, 8)": {
      "result": false,
      "time": 0.041036367416381836,
      "error": null
    },
    "assert sequential_search([9, 36, 48, 59, 30, 51, 40, 56], 57) == (False, 8)": {
      "result": false,
      "time": 0.042955875396728516,
      "error": null
    },
    "assert sequential_search([12, 32, 49, 67, 33, 46, 42, 62], 61) == (False, 8)": {
      "result": false,
      "time": 0.041481733322143555,
      "error": null
    },
    "assert sequential_search([13, 28, 44, 59, 40, 44, 42, 57], 66) == (False, 8)": {
      "result": false,
      "time": 0.04291701316833496,
      "error": null
    },
    "assert sequential_search([15, 37, 42, 65, 35, 47, 48, 65], 65) == (True, 3)": {
      "result": true,
      "time": 0.0413818359375,
      "error": null
    },
    "assert sequential_search([11, 30, 41, 57, 40, 49, 40, 56], 60) == (False, 8)": {
      "result": false,
      "time": 0.03700137138366699,
      "error": null
    },
    "assert sequential_search([15, 37, 46, 61, 31, 52, 40, 57], 64) == (False, 8)": {
      "result": false,
      "time": 0.04510235786437988,
      "error": null
    },
    "assert sequential_search([12, 34, 42, 67, 40, 46, 43, 60], 59) == (False, 8)": {
      "result": false,
      "time": 0.0393826961517334,
      "error": null
    },