{
  "code": "import math\n\ndef binomial_probability(n, k, p):\n    \"\"\"\n    Calculate the binomial probability of getting exactly k successes in n trials\n    with probability p of success on a single trial.\n    \n    Parameters:\n    n (int): Number of trials.\n    k (int): Number of successes.\n    p (float): Probability of success on a single trial.\n    \n    Returns:\n    float: The binomial probability.\n    \"\"\"\n    # Calculate the binomial coefficient: n choose k\n    binomial_coefficient = math.comb(n, k)\n    # Calculate the probability\n    probability = binomial_coefficient * (p ** k) * ((1 - p) ** (n - k))\n    return probability",
  "results": {
    "assert binomial_probability(10, 5, 1.0/3) == 0.13656454808718185": {
      "result": true,
      "time": 0.08994245529174805,
      "error": null
    },
    "assert binomial_probability(11, 6, 2.0/4) == 0.2255859375": {
      "result": true,
      "time": 0.09160971641540527,
      "error": null
    },
    "assert binomial_probability(12, 7, 3.0/5) == 0.227030335488": {
      "result": true,
      "time": 0.10540223121643066,
      "error": null
    },
    "assert binomial_probability(9, 3, 5.701190918434108) == 168044139.53555688": {
      "result": true,
      "time": 0.07361602783203125,
      "error": null
    },
    "assert binomial_probability(8, 3, 2.087751431279063) == -776.0196427923785": {
      "result": true,
      "time": 0.09483885765075684,
      "error": null
    },
    "assert binomial_probability(13, 4, 2.317392472725767) == -246456.9153615105": {
      "result": true,
      "time": 0.09447765350341797,
      "error": null
    },
    "assert binomial_probability(7, 2, 4.835748435742909) == -407753.1058641725": {
      "result": true,
      "time": 0.07744598388671875,
      "error": null
    },
    "assert binomial_probability(8, 4, 2.2285619181744027) == 3933.553463371839": {
      "result": true,
      "time": 0.08193349838256836,
      "error": null
    },
    "assert binomial_probability(15, 9, 3.4031649327019244) == 59027246887.6748": {
      "result": true,
      "time": 0.0780785083770752,
      "error": null
    },
    "assert binomial_probability(11, 3, 5.282827007765523) == 2753768159.908322": {
      "result": true,
      "time": 0.08609271049499512,
      "error": null
    },
    "assert binomial_probability(9, 9, 3.269717334356807) == 42716.12880728284": {
      "result": true,
      "time": 0.08954215049743652,
      "error": null
    },
    "assert binomial_probability(13, 8, 4.524823925834593) == -123049303308.03755": {
      "result": true,
      "time": 0.0904531478881836,
      "error": null
    },
    "assert binomial_probability(7, 7, 2.188735244309749) == 240.63157778650384": {
      "result": true,
      "time": 0.09250926971435547,
      "error": null
    },
    "assert binomial_probability(7, 6, 2.234821713308735) == -1076.8608575482635": {
      "result": true,
      "time": 0.07979702949523926,
      "error": null
    },
    "assert binomial_probability(6, 5, 1.8463560659450189) == -108.96365171142695": {
      "result": true,
      "time": 0.09134364128112793,
      "error": null
    },
    "assert binomial_probability(6, 9, 3.5750246919554245) == -5586.852659735955": {
      "result": false,
      "time": 0.0951378345489502,
      "error": null
    },
    "assert binomial_probability(9, 8, 5.165535270996841) == -19003604.18154989": {
      "result": true,
      "time": 0.09848165512084961,
      "error": null
    },
    "assert binomial_probability(5, 5, 3.1989087275382824) == 334.97256903664965": {
      "result": true,
      "time": 0.08019256591796875,
      "error": null
    },
    "assert binomial_probability(13, 8, 5.032142367533059) == -564002711934.9469": {
      "result": true,
      "time": 0.0811166763305664,
      "error": null
    },
    "assert binomial_probability(10, 3, 1.1994755687949517) == -0.002602456329716923": {
      "result": true,
      "time": 0.07391023635864258,
      "error": null
    },
    "assert binomial_probability(15, 10, 3.993357652716894) == -744269917698.7051": {
      "result": true,
      "time": 0.07633829116821289,
      "error": null
    },
    "assert binomial_probability(10, 7, 2.348053370397875) == -115679.9931029269": {
      "result": true,
      "time": 0.0835106372833252,
      "error": null
    },
    "assert binomial_probability(10, 6, 5.157334295182589) == 1180404304.6275237": {
      "result": true,
      "time": 0.10190486907958984,
      "error": null
    },
    "assert binomial_probability(9, 2, 5.296527882442255) == -27296594.48991178": {
      "result": true,
      "time": 0.08820867538452148,
      "error": null
    },
    "assert binomial_probability(11, 8, 5.173027451560232) == -6148878813.8261795": {
      "result": true,
      "time": 0.09533452987670898,
      "error": null
    },
    "assert binomial_probability(6, 5, 1.1387373747274192) == -1.5939056033660823": {
      "result": true,
      "time": 0.08121418952941895,
      "error": null
    },
    "assert binomial_probability(8, 8, 5.528953516534863) == 873259.8836854771": {
      "result": true,
      "time": 0.0971982479095459,
      "error": null
    },
    "assert binomial_probability(7, 7, 5.594585018847685) == 171543.84743572053": {
      "result": true,
      "time": 0.0875847339630127,
      "error": null
    },
    "assert binomial_probability(5, 3, 5.6626721262087525) == 39476.0784907094": {
      "result": true,
      "time": 0.0946037769317627,
      "error": null
    },
    "assert binomial_probability(11, 2, 1.9475132687872327) == -128.40775235825603": {
      "result": true,
      "time": 0.07328128814697266,
      "error": null
    },
    "assert binomial_probability(11, 2, 5.437898751244569) == -1085979011.2427769": {
      "result": true,
      "time": 0.08571434020996094,
      "error": null
    },
    "assert binomial_probability(6, 8, 2.6461065045336962) == 887.0389716224996": {
      "result": false,
      "time": 0.09038686752319336,
      "error": null
    },
    "assert binomial_probability(6, 7, 2.9704548793459873) == -1035.605205578601": {
      "result": false,
      "time": 0.08695006370544434,
      "error": null
    },
    "assert binomial_probability(7, 3, 4.596292840799825) == 568474.9219199612": {
      "result": true,
      "time": 0.07835245132446289,
      "error": null
    },
    "assert binomial_probability(13, 4, 2.8847994005852975) == -14864651.554468162": {
      "result": true,
      "time": 0.07729387283325195,
      "error": null
    },
    "assert binomial_probability(9, 2, 5.302693860730818) == -27636226.18570414": {
      "result": true,
      "time": 0.08488893508911133,
      "error": null
    },
    "assert binomial_probability(13, 8, 4.884589478790804) == -368917071187.66034": {
      "result": true,
      "time": 0.09493803977966309,
      "error": null
    },
    "assert binomial_probability(11, 10, 4.467841334817579) == -120900840.8732791": {
      "result": true,
      "time": 0.08989620208740234,
      "error": null
    },
    "assert binomial_probability(10, 11, 1.5625068513656222) == -240.9425027421504": {
      "result": false,
      "time": 0.08237719535827637,
      "error": null
    },
    "assert binomial_probability(14, 2, 4.027706330193604) == 876036040.5531797": {
      "result": true,
      "time": 0.07329249382019043,
      "error": null
    },
    "assert binomial_probability(14, 4, 3.3944442862886453) == 823296332.5572486": {
      "result": true,
      "time": 0.07442808151245117,
      "error": null
    },
    "assert binomial_probability(8, 8, 4.387054441636035) == 137209.50289673833": {
      "result": true,
      "time": 0.07436156272888184,
      "error": null
    },
    "assert binomial_probability(10, 7, 5.782401897762991) == -2837117810.0148935": {
      "result": true,
      "time": 0.07500529289245605,
      "error": null
    },
    "assert binomial_probability(15, 8, 4.819952730784859) == -22248293563615.07": {
      "result": true,