{
  "code": "def intersection_array(arr1, arr2):\n    return list(filter(lambda x: x in arr2, arr1))",
  "results": {
    "assert intersection_array([1, 2, 3, 5, 7, 8, 9, 10],[1, 2, 4, 8, 9])==[1, 2, 8, 9]": {
      "result": true,
      "time": 0.0362856388092041,
      "error": null
    },
    "assert intersection_array([1, 2, 3, 5, 7, 8, 9, 10],[3,5,7,9])==[3,5,7,9]": {
      "result": true,
      "time": 0.03868699073791504,
      "error": null
    },
    "assert intersection_array([1, 2, 3, 5, 7, 8, 9, 10],[10,20,30,40])==[10]": {
      "result": true,
      "time": 0.03728532791137695,
      "error": null
    },
    "assert intersection_array([5, 3, 6, 2, 8, 9, 9, 13], [5, 4, 8, 9, 6]) == [5, 8, 9, 6]": {
      "result": false,
      "time": 0.03777766227722168,
      "error": null
    },
    "assert intersection_array([3, 6, 1, 8, 11, 10, 13, 15], [3, 4, 9, 4, 14]) == [3]": {
      "result": true,
      "time": 0.038042306900024414,
      "error": null
    },
    "assert intersection_array([2, 3, 7, 7, 10, 3, 5, 14], [6, 4, 7, 5, 10]) == [7, 5, 10]": {
      "result": false,
      "time": 0.041445016860961914,
      "error": null
    },
    "assert intersection_array([1, 4, 2, 3, 5, 3, 9, 15], [2, 1, 6, 10, 12]) == [2, 1]": {
      "result": false,
      "time": 0.04353761672973633,
      "error": null
    },
    "assert intersection_array([1, 3, 5, 3, 7, 7, 14, 13], [1, 1, 8, 11, 11]) == [1, 1]": {
      "result": false,
      "time": 0.036849021911621094,
      "error": null
    },
    "assert intersection_array([1, 5, 1, 7, 12, 3, 14, 10], [6, 6, 5, 6, 7]) == [5, 7]": {
      "result": true,
      "time": 0.04054903984069824,
      "error": null
    },
    "assert intersection_array([1, 6, 6, 2, 9, 4, 13, 8], [4, 5, 4, 6, 8]) == [4, 4, 6, 8]": {
      "result": false,
      "time": 0.05093073844909668,
      "error": null
    },
    "assert intersection_array([3, 1, 2, 1, 4, 12, 7, 14], [4, 4, 2, 6, 5]) == [4, 4, 2]": {
      "result": false,
      "time": 0.03528547286987305,
      "error": null
    },
    "assert intersection_array([6, 2, 7, 7, 8, 3, 11, 8], [4, 7, 5, 12, 5]) == [7]": {
      "result": false,
      "time": 0.03358125686645508,
      "error": null
    },
    "assert intersection_array([2, 3, 3, 8, 8, 3, 11, 8], [1, 3, 2, 4, 6]) == [3, 2]": {
      "result": false,
      "time": 0.03917193412780762,
      "error": null
    },
    "assert intersection_array([2, 5, 4, 10, 6, 3, 11, 10], [2, 6, 7, 7, 7]) == [2, 6]": {
      "result": true,
      "time": 0.0396878719329834,
      "error": null
    },
    "assert intersection_array([6, 3, 5, 10, 8, 9, 12, 10], [1, 7, 8, 8, 5]) == [8, 8, 5]": {
      "result": false,
      "time": 0.03595781326293945,
      "error": null
    },
    "assert intersection_array([4, 3, 7, 6, 12, 11, 8, 8], [6, 1, 9, 9, 10]) == [6]": {
      "result": true,
      "time": 0.039330482482910156,
      "error": null
    },
    "assert intersection_array([2, 5, 5, 4, 10, 7, 12, 11], [4, 7, 1, 7, 9]) == [4, 7, 7]": {
      "result": false,
      "time": 0.04242825508117676,
      "error": null
    },
    "assert intersection_array([4, 5, 3, 1, 3, 12, 4, 12], [2, 4, 6, 13, 13]) == [4]": {
      "result": false,
      "time": 0.03497457504272461,
      "error": null
    },
    "assert intersection_array([4, 2, 3, 7, 5, 13, 13, 8], [2, 5, 6, 5, 12]) == [2, 5, 5]": {
      "result": false,
      "time": 0.04161953926086426,
      "error": null
    },
    "assert intersection_array([3, 5, 3, 4, 3, 6, 7, 14], [4, 3, 2, 9, 10]) == [4, 3]": {
      "result": false,
      "time": 0.03964376449584961,
      "error": null
    },
    "assert intersection_array([2, 4, 7, 8, 8, 5, 5, 6], [5, 1, 2, 9, 4]) == [5, 2, 4]": {
      "result": false,
      "time": 0.0389559268951416,
      "error": null
    },
    "assert intersection_array([2, 4, 3, 10, 8, 3, 5, 15], [1, 6, 5, 9, 11]) == [5]": {
      "result": true,
      "time": 0.0407259464263916,
      "error": null
    },
    "assert intersection_array([3, 5, 5, 5, 5, 9, 5, 8], [2, 1, 6, 8, 14]) == [8]": {
      "result": true,
      "time": 0.03941154479980469,
      "error": null
    },
    "assert intersection_array([2, 3, 4, 6, 10, 5, 7, 11], [6, 7, 9, 4, 12]) == [6, 7, 4]": {
      "result": false,
      "time": 0.03825831413269043,
      "error": null
    },
    "assert intersection_array([2, 4, 4, 8, 6, 9, 4, 10], [4, 6, 7, 9, 7]) == [4, 6, 9]": {
      "result": false,
      "time": 0.033102989196777344,
      "error": null
    },
    "assert intersection_array([4, 6, 8, 7, 11, 8, 8, 13], [2, 1, 3, 4, 4]) == [4, 4]": {
      "result": false,
      "time": 0.04075360298156738,
      "error": null
    },
    "assert intersection_array([4, 4, 3, 6, 9, 12, 11, 10], [1, 1, 8, 5, 9]) == [9]": {
      "result": true,
      "time": 0.04478907585144043,
      "error": null
    },
    "assert intersection_array([5, 5, 3, 1, 8, 11, 9, 11], [5, 4, 7, 10, 12]) == [5]": {
      "result": false,
      "time": 0.04040646553039551,
      "error": null
    },
    "assert intersection_array([4, 3, 8, 1, 4, 12, 7, 14], [6, 7, 1, 13, 11]) == [7, 1]": {
      "result": false,
      "time": 0.04041266441345215,
      "error": null
    },
    "assert intersection_array([4, 4, 8, 3, 8, 5, 9, 12], [3, 5, 8, 9, 5]) == [3, 5, 8, 9, 5]": {
      "result": false,
      "time": 0.039674997329711914,
      "error": null
    },
    "assert intersection_array([5, 4, 6, 6, 12, 9, 9, 11], [1, 5, 6, 5, 10]) == [5, 6, 5]": {
      "result": false,
      "time": 0.0350489616394043,
      "error": null
    },
    "assert intersection_array([4, 6, 5, 1, 11, 8, 9, 14], [1, 4, 9, 10, 4]) == [1, 4, 9, 4]": {
      "result": false,
      "time": 0.05003213882446289,
      "error": null
    },
    "assert intersection_array([6, 1, 6, 10, 10, 9, 8, 14], [2, 5, 6, 3, 14]) == [6, 14]": {
      "result": false,
      "time": 0.03500843048095703,
      "error": null
    },
    "assert intersection_array([3, 7, 4, 3, 11, 12, 8, 15], [3, 2, 4, 10, 5]) == [3, 4]": {
      "result": false,
      "time": 0.04551291465759277,
      "error": null
    },
    "assert intersection_array([2, 4, 8, 3, 9, 10, 14, 5], [4, 3, 3, 4, 11]) == [4, 3, 3, 4]": {
      "result": false,
      "time": 0.04733419418334961,
      "error": null
    },
    "assert intersection_array([2, 2, 1, 5, 3, 4, 8, 13], [4, 2, 3, 10, 9]) == [4, 2, 3]": {
      "result": false,
      "time": 0.03854942321777344,
      "error": null
    },
    "assert intersection_array([2, 3, 5, 5, 2, 7, 9, 15], [3, 1, 12, 5]) == [3, 5]": {
      "result": false,
      "time": 0.045566558837890625,
      "error": null
    },
    "assert intersection_array([3, 7, 4, 8, 6, 13, 14, 15], [3, 8, 9, 12]) == [3, 8]": {
      "result": true,
      "time": 0.04544568061828613,
      "error": null
    },
    "assert intersection_array([1, 2, 8, 6, 11, 5, 11, 9], [5, 5, 2, 11]) == [5, 5, 2, 11]": {
      "result": false,
      "time": 0.04146718978881836,
      "error": null
    },
    "assert intersection_array([5, 1, 1, 8, 9, 12, 5, 15], [3, 1, 5, 12]) == [1, 5, 12]": {
      "result": false,
      "time": 0.043920040130615234,
      "error": null
    },
    "assert intersection_array([2, 7, 2, 9, 12, 9, 14, 11], [6, 6, 12, 14]) == [12, 14]": {
      "result": true,
      "time": 0.04754781723022461,
      "error": null
    },
    "assert intersection_array([5, 2, 4, 5, 7, 11, 8, 8], [6, 8, 4, 6]) == [8, 4]": {
      "result": false,
      "time": 0.04769730567932129,
      "error": null
    },
    "assert intersection_array([1, 4, 3, 8, 5, 7, 6, 8], [2, 6, 2, 8]) == [6, 8]": {
      "result": false,
      "time": 0.04835772514343262,
      "error": null
    },
    "assert intersection_array([3, 1, 4, 6, 6, 5, 13, 5], [2, 7, 7, 13]) == [13]": {
      "result": true,
      "time": 0.04332113265991211,
      "error": null
    },
    "assert intersection_array([6, 3, 5, 8, 7, 4, 13, 8], [6, 9, 12, 11]) == [6]": {
      "result": true,
      "time": 0.03774142265319824,