{
  "code": "def big_sum(arr):\n    return max(arr) + min(arr)",
  "results": {
    "assert big_sum([1,2,3]) == 4": {
      "result": true,
      "time": 0.03579211235046387,
      "error": null
    },
    "assert big_sum([-1,2,3,4]) == 3": {
      "result": true,
      "time": 0.03821158409118652,
      "error": null
    },
    "assert big_sum([2,3,6]) == 8": {
      "result": true,
      "time": 0.03298521041870117,
      "error": null
    },
    "assert big_sum([4, 6, 3]) == 9": {
      "result": true,
      "time": 0.03793668746948242,
      "error": null
    },
    "assert big_sum([5, 4, 5]) == 9": {
      "result": true,
      "time": 0.028998136520385742,
      "error": null
    },
    "assert big_sum([6, 6, 8]) == 14": {
      "result": true,
      "time": 0.035860538482666016,
      "error": null
    },
    "assert big_sum([4, 3, 3]) == 7": {
      "result": true,
      "time": 0.03745150566101074,
      "error": null
    },
    "assert big_sum([1, 2, 2]) == 3": {
      "result": true,
      "time": 0.036667823791503906,
      "error": null
    },
    "assert big_sum([2, 2, 3]) == 5": {
      "result": true,
      "time": 0.03757762908935547,
      "error": null
    },
    "assert big_sum([2, 7, 2]) == 9": {
      "result": true,
      "time": 0.042395830154418945,
      "error": null
    },
    "assert big_sum([3, 4, 5]) == 8": {
      "result": true,
      "time": 0.037779808044433594,
      "error": null
    },
    "assert big_sum([5, 5, 8]) == 13": {
      "result": true,
      "time": 0.03356170654296875,
      "error": null
    },
    "assert big_sum([3, 1, 3]) == 4": {
      "result": true,
      "time": 0.03889799118041992,
      "error": null
    },
    "assert big_sum([3, 1, 8]) == 9": {
      "result": true,
      "time": 0.03389883041381836,
      "error": null
    },
    "assert big_sum([6, 7, 6]) == 13": {
      "result": true,
      "time": 0.0346527099609375,
      "error": null
    },
    "assert big_sum([5, 1, 2]) == 6": {
      "result": true,
      "time": 0.0345158576965332,
      "error": null
    },
    "assert big_sum([2, 4, 5]) == 7": {
      "result": true,
      "time": 0.03609299659729004,
      "error": null
    },
    "assert big_sum([1, 4, 5]) == 6": {
      "result": true,
      "time": 0.03490710258483887,
      "error": null
    },
    "assert big_sum([6, 4, 7]) == 11": {
      "result": true,
      "time": 0.03081822395324707,
      "error": null
    },
    "assert big_sum([1, 1, 4]) == 5": {
      "result": true,
      "time": 0.038465261459350586,
      "error": null
    },
    "assert big_sum([1, 2, 1]) == 3": {
      "result": true,
      "time": 0.0390629768371582,
      "error": null
    },
    "assert big_sum([2, 4, 6]) == 8": {
      "result": true,
      "time": 0.035459280014038086,
      "error": null
    },
    "assert big_sum([3, 4, 3]) == 7": {
      "result": true,
      "time": 0.03556680679321289,
      "error": null
    },
    "assert big_sum([1, 5, 8]) == 9": {
      "result": true,
      "time": 0.0361170768737793,
      "error": null
    },
    "assert big_sum([5, 4, 3]) == 8": {
      "result": true,
      "time": 0.03966116905212402,
      "error": null
    },
    "assert big_sum([4, 4, 5]) == 9": {
      "result": true,
      "time": 0.042322397232055664,
      "error": null
    },
    "assert big_sum([1, 1, 6]) == 7": {
      "result": true,
      "time": 0.04629683494567871,
      "error": null
    },
    "assert big_sum([2, 2, 2]) == 4": {
      "result": true,
      "time": 0.04789328575134277,
      "error": null
    },
    "assert big_sum([4, 6, 8]) == 12": {
      "result": true,
      "time": 0.044693946838378906,
      "error": null
    },
    "assert big_sum([4, 7, 1]) == 8": {
      "result": true,
      "time": 0.04552125930786133,
      "error": null
    },
    "assert big_sum([3, 2, 4]) == 6": {
      "result": true,
      "time": 0.04768204689025879,
      "error": null
    },
    "assert big_sum([2, 4, 3]) == 6": {
      "result": true,
      "time": 0.04361677169799805,
      "error": null
    },
    "assert big_sum([6, 7, 4]) == 11": {
      "result": true,
      "time": 0.0435030460357666,
      "error": null
    },
    "assert big_sum([3, 2, 5]) == 7": {
      "result": true,
      "time": 0.04385209083557129,
      "error": null
    },
    "assert big_sum([5, 2, 5]) == 7": {
      "result": true,
      "time": 0.04343676567077637,
      "error": null
    },
    "assert big_sum([1, 5, 3]) == 6": {
      "result": true,
      "time": 0.03988027572631836,
      "error": null
    },
    "assert big_sum([-1, 3, 2, 4]) == 3": {
      "result": true,
      "time": 0.03999137878417969,
      "error": null
    },
    "assert big_sum([-1, 5, 2, 9]) == 8": {
      "result": true,
      "time": 0.03890490531921387,
      "error": null
    },
    "assert big_sum([2, 4, 2, 3]) == 6": {
      "result": true,
      "time": 0.039270877838134766,
      "error": null
    },
    "assert big_sum([0, 1, 7, 7]) == 7": {
      "result": true,
      "time": 0.03440046310424805,
      "error": null
    },
    "assert big_sum([-3, 3, 1, 8]) == 5": {
      "result": true,
      "time": 0.0360109806060791,
      "error": null
    },
    "assert big_sum([1, 4, 1, 9]) == 10": {
      "result": true,
      "time": 0.035404205322265625,
      "error": null
    },
    "assert big_sum([0, 3, 3, 7]) == 7": {
      "result": true,
      "time": 0.03860807418823242,
      "error": null
    },
    "assert big_sum([-3, 1, 4, 5]) == 2": {
      "result": true,
      "time": 0.042366981506347656,
      "error": null
    },
    "assert big_sum([4, 1, 5, 3]) == 6": {
      "result": true,
      "time": 0.03702211380004883,
      "error": null
    },
    "assert big_sum([4, 6, 7, 2]) == 9": {
      "result": true,
      "time": 0.03773903846740723,
      "error": null
    },
    "assert big_sum([3, 2, 8, 7]) == 10": {
      "result": true,
      "time": 0.04030489921569824,
      "error": null
    },
    "assert big_sum([4, 7, 3, 7]) == 10": {
      "result": true,
      "time": 0.04258894920349121,
      "error": null
    },
    "assert big_sum([1, 5, 6, 5]) == 7": {
      "result": true,
      "time": 0.03653407096862793,
      "error": null
    },
    "assert big_sum([4, 2, 1, 6]) == 7": {
      "result": true,
      "time": 0.03960728645324707,
      "error": null
    },
    "assert big_sum([-4, 6, 1, 3]) == 2": {
      "result": true,
      "time": 0.03755068778991699,
      "error": null
    },
    "assert big_sum([-6, 5, 2, 5]) == -1": {
      "result": true,
      "time": 0.042473554611206055,
      "error": null
    },
    "assert big_sum([-3, 4, 4, 3]) == 1": {
      "result": true,
      "time": 0.036161184310913086,
      "error": null
    },
    "assert big_sum([-6, 4, 4, 9]) == 3": {
      "result": true,
      "time": 0.036754608154296875,
      "error": null
    },
    "assert big_sum([-5, 2, 2, 7]) == 2": {
      "result": true,
      "time": 0.03450512886047363,
      "error": null
    },
    "assert big_sum([-5, 7, 6, 1]) == 2": {
      "result": true,
      "time": 0.033965349197387695,
      "error": null
    },
    "assert big_sum([-4, 5, 5, 2]) == 1": {
      "result": true,
      "time": 0.04279828071594238,
      "error": null
    },
    "assert big_sum([4, 7, 1, 1]) == 8": {
      "result": true,
      "time": 0.04955029487609863,
      "error": null
    },
    "assert big_sum([0, 3, 8, 3]) == 8": {
      "result": true,
      "time": 0.046517372131347656,
      "error": null
    },
    "assert big_sum([-3, 2, 8, 4]) == 5": {
      "result": true,
      "time": 0.050788164138793945,
      "error": null
    },
    "assert big_sum([4, 6, 8, 3]) == 11": {
      "result": true,
      "time": 0.049341440200805664,
      "error": null
    },
    "assert big_sum([2, 2, 4, 7]) == 9": {
      "result": true,
      "time": 0.04331398010253906,
      "error": null
    },
    "assert big_sum([2, 5, 3, 4]) == 7": {
      "result": true,
      "time": 0.034783363342285156,