{
  "code": "def replace_list(original_list, replacement_list):\n    if not original_list:\n        return replacement_list\n    original_list[-1:] = replacement_list\n    return original_list",
  "results": {
    "assert replace_list([1, 3, 5, 7, 9, 10],[2, 4, 6, 8])==[1, 3, 5, 7, 9, 2, 4, 6, 8]": {
      "result": true,
      "time": 0.043056488037109375,
      "error": null
    },
    "assert replace_list([1,2,3,4,5],[5,6,7,8])==[1,2,3,4,5,6,7,8]": {
      "result": true,
      "time": 0.04257822036743164,
      "error": null
    },
    "assert replace_list([\"red\",\"blue\",\"green\"],[\"yellow\"])==[\"red\",\"blue\",\"yellow\"]": {
      "result": true,
      "time": 0.0359807014465332,
      "error": null
    },
    "assert replace_list([3, 3, 5, 10, 12, 14], [5, 5, 9, 9]) == [3, 3, 5, 10, 12, 5, 5, 9, 9]": {
      "result": true,
      "time": 0.036759138107299805,
      "error": null
    },
    "assert replace_list([1, 2, 4, 7, 4, 10], [3, 5, 4, 8]) == [1, 2, 4, 7, 4, 3, 5, 4, 8]": {
      "result": true,
      "time": 0.04126572608947754,
      "error": null
    },
    "assert replace_list([1, 5, 8, 4, 8, 13], [7, 2, 10, 4]) == [1, 5, 8, 4, 8, 7, 2, 10, 4]": {
      "result": true,
      "time": 0.03364419937133789,
      "error": null
    },
    "assert replace_list([3, 1, 6, 3, 7, 7], [4, 6, 9, 13]) == [3, 1, 6, 3, 7, 4, 6, 9, 13]": {
      "result": true,
      "time": 0.033721923828125,
      "error": null
    },
    "assert replace_list([5, 5, 6, 2, 7, 12], [1, 1, 2, 12]) == [5, 5, 6, 2, 7, 1, 1, 2, 12]": {
      "result": true,
      "time": 0.03520345687866211,
      "error": null
    },
    "assert replace_list([2, 2, 2, 2, 5, 15], [7, 9, 11, 4]) == [2, 2, 2, 2, 5, 7, 9, 11, 4]": {
      "result": true,
      "time": 0.03571820259094238,
      "error": null
    },
    "assert replace_list([5, 3, 4, 9, 4, 8], [5, 3, 11, 3]) == [5, 3, 4, 9, 4, 5, 3, 11, 3]": {
      "result": true,
      "time": 0.03475832939147949,
      "error": null
    },
    "assert replace_list([1, 2, 6, 6, 9, 5], [2, 3, 8, 7]) == [1, 2, 6, 6, 9, 2, 3, 8, 7]": {
      "result": true,
      "time": 0.04390454292297363,
      "error": null
    },
    "assert replace_list([1, 2, 4, 5, 5, 13], [7, 9, 10, 8]) == [1, 2, 4, 5, 5, 7, 9, 10, 8]": {
      "result": true,
      "time": 0.03452110290527344,
      "error": null
    },
    "assert replace_list([4, 1, 9, 4, 10, 14], [3, 2, 2, 13]) == [4, 1, 9, 4, 10, 3, 2, 2, 13]": {
      "result": true,
      "time": 0.033277273178100586,
      "error": null
    },
    "assert replace_list([6, 8, 9, 5, 4, 13], [4, 1, 4, 9]) == [6, 8, 9, 5, 4, 4, 1, 4, 9]": {
      "result": true,
      "time": 0.0462496280670166,
      "error": null
    },
    "assert replace_list([6, 7, 5, 10, 12, 14], [1, 7, 3, 12]) == [6, 7, 5, 10, 12, 1, 7, 3, 12]": {
      "result": true,
      "time": 0.03452444076538086,
      "error": null
    },
    "assert replace_list([6, 1, 4, 12, 4, 11], [3, 1, 8, 10]) == [6, 1, 4, 12, 4, 3, 1, 8, 10]": {
      "result": true,
      "time": 0.03264355659484863,
      "error": null
    },
    "assert replace_list([2, 7, 5, 11, 13, 13], [1, 8, 10, 13]) == [2, 7, 5, 11, 13, 1, 8, 10, 13]": {
      "result": true,
      "time": 0.03499650955200195,
      "error": null
    },
    "assert replace_list([5, 7, 1, 7, 13, 7], [3, 1, 8, 9]) == [5, 7, 1, 7, 13, 3, 1, 8, 9]": {
      "result": true,
      "time": 0.037789344787597656,
      "error": null
    },
    "assert replace_list([3, 2, 6, 2, 10, 8], [5, 1, 9, 5]) == [3, 2, 6, 2, 10, 5, 1, 9, 5]": {
      "result": true,
      "time": 0.03730273246765137,
      "error": null
    },
    "assert replace_list([4, 2, 2, 12, 7, 13], [5, 9, 2, 11]) == [4, 2, 2, 12, 7, 5, 9, 2, 11]": {
      "result": true,
      "time": 0.03529667854309082,
      "error": null
    },
    "assert replace_list([6, 8, 2, 12, 9, 15], [7, 1, 3, 8]) == [6, 8, 2, 12, 9, 7, 1, 3, 8]": {
      "result": true,
      "time": 0.04166841506958008,
      "error": null
    },
    "assert replace_list([5, 4, 5, 9, 10, 6], [5, 5, 4, 7]) == [5, 4, 5, 9, 10, 5, 5, 4, 7]": {
      "result": true,
      "time": 0.03764224052429199,
      "error": null
    },
    "assert replace_list([4, 8, 9, 6, 9, 11], [1, 9, 2, 9]) == [4, 8, 9, 6, 9, 1, 9, 2, 9]": {
      "result": true,
      "time": 0.04029345512390137,
      "error": null
    },
    "assert replace_list([3, 7, 10, 6, 14, 14], [3, 8, 3, 7]) == [3, 7, 10, 6, 14, 3, 8, 3, 7]": {
      "result": true,
      "time": 0.04389309883117676,
      "error": null
    },
    "assert replace_list([3, 5, 7, 4, 4, 6], [4, 5, 11, 11]) == [3, 5, 7, 4, 4, 4, 5, 11, 11]": {
      "result": true,
      "time": 0.03360486030578613,
      "error": null
    },
    "assert replace_list([5, 3, 7, 8, 4, 5], [7, 7, 9, 3]) == [5, 3, 7, 8, 4, 7, 7, 9, 3]": {
      "result": true,
      "time": 0.04017496109008789,
      "error": null
    },
    "assert replace_list([3, 1, 9, 4, 13, 9], [5, 6, 7, 13]) == [3, 1, 9, 4, 13, 5, 6, 7, 13]": {
      "result": true,
      "time": 0.04315757751464844,
      "error": null
    },
    "assert replace_list([3, 2, 4, 7, 6, 9], [4, 7, 7, 12]) == [3, 2, 4, 7, 6, 4, 7, 7, 12]": {
      "result": true,
      "time": 0.04119610786437988,
      "error": null
    },
    "assert replace_list([4, 3, 1, 10, 7, 9], [4, 2, 6, 8]) == [4, 3, 1, 10, 7, 4, 2, 6, 8]": {
      "result": true,
      "time": 0.03211665153503418,
      "error": null
    },
    "assert replace_list([5, 4, 9, 3, 13, 10], [1, 1, 7, 13]) == [5, 4, 9, 3, 13, 1, 1, 7, 13]": {
      "result": true,
      "time": 0.032412052154541016,
      "error": null
    },
    "assert replace_list([5, 8, 3, 8, 9, 8], [7, 7, 3, 7]) == [5, 8, 3, 8, 9, 7, 7, 3, 7]": {
      "result": true,
      "time": 0.033204078674316406,
      "error": null
    },
    "assert replace_list([6, 2, 4, 7, 9, 11], [5, 9, 9, 9]) == [6, 2, 4, 7, 9, 5, 9, 9, 9]": {
      "result": true,
      "time": 0.035431861877441406,
      "error": null
    },
    "assert replace_list([1, 7, 10, 11, 8, 15], [7, 1, 5, 9]) == [1, 7, 10, 11, 8, 7, 1, 5, 9]": {
      "result": true,
      "time": 0.03334856033325195,
      "error": null
    },
    "assert replace_list([2, 3, 4, 11, 13, 15], [3, 2, 8, 11]) == [2, 3, 4, 11, 13, 3, 2, 8, 11]": {
      "result": true,
      "time": 0.0329892635345459,
      "error": null
    },
    "assert replace_list([4, 1, 4, 3, 7, 12], [3, 2, 10, 10]) == [4, 1, 4, 3, 7, 3, 2, 10, 10]": {
      "result": true,
      "time": 0.03790712356567383,
      "error": null
    },
    "assert replace_list([2, 2, 5, 4, 5, 14], [7, 6, 10, 10]) == [2, 2, 5, 4, 5, 7, 6, 10, 10]": {
      "result": true,
      "time": 0.036254167556762695,
      "error": null
    },
    "assert replace_list([3, 3, 8, 8, 5], [1, 4, 11, 8]) == [3, 3, 8, 8, 1, 4, 11, 8]": {
      "result": true,
      "time": 0.03844189643859863,
      "error": null
    },
    "assert replace_list([1, 1, 1, 2, 4], [7, 9, 8, 6]) == [1, 1, 1, 2, 7, 9, 8, 6]": {
      "result": true,
      "time": 0.037198781967163086,
      "error": null
    },
    "assert replace_list([5, 3, 3, 6, 1], [5, 4, 5, 5]) == [5, 3, 3, 6, 5, 4, 5, 5]": {
      "result": true,
      "time": 0.03322315216064453,
      "error": null
    },
    "assert replace_list([1, 2, 7, 3, 3], [2, 5, 2, 11]) == [1, 2, 7, 3, 2, 5, 2, 11]": {
      "result": true,
      "time": 0.03264307975769043,
      "error": null
    },
    "assert replace_list([4, 5, 4, 4, 3], [10, 10, 12, 7]) == [4, 5, 4, 4, 10, 10, 12, 7]": {
      "result": true,
      "time": 0.0397796630859375,
      "error": null
    },
    "assert replace_list([5, 5, 4, 3, 6], [10, 10, 9, 4]) == [5, 5, 4, 3, 10, 10, 9, 4]": {
      "result": true,
      "time": 0.03475332260131836,
      "error": null
    },
    "assert replace_list([5, 7, 2, 2, 10], [1, 2, 4, 6]) == [5, 7, 2, 2, 1, 2, 4, 6]": {
      "result": true,
      "time": 0.04031682014465332,
      "error": null
    },