{
  "code": "def move_first(lst):\n    if not lst:\n        return lst\n    last_element = lst[-1]\n    return [last_element] + lst[:-1]",
  "results": {
    "assert move_first([1,2,3,4]) == [4,1,2,3]": {
      "result": true,
      "time": 0.057715415954589844,
      "error": null
    },
    "assert move_first([0,1,2,3]) == [3,0,1,2]": {
      "result": true,
      "time": 0.041423797607421875,
      "error": null
    },
    "assert move_first([9,8,7,1]) == [1,9,8,7]": {
      "result": true,
      "time": 0.04820060729980469,
      "error": null
    },
    "assert move_first([1, 2, 5, 3]) == [3, 1, 2, 5]": {
      "result": true,
      "time": 0.03998208045959473,
      "error": null
    },
    "assert move_first([6, 7, 8, 6]) == [6, 6, 7, 8]": {
      "result": true,
      "time": 0.042360544204711914,
      "error": null
    },
    "assert move_first([4, 6, 4, 9]) == [9, 4, 6, 4]": {
      "result": true,
      "time": 0.0419921875,
      "error": null
    },
    "assert move_first([3, 7, 1, 4]) == [4, 3, 7, 1]": {
      "result": true,
      "time": 0.046456336975097656,
      "error": null
    },
    "assert move_first([4, 5, 7, 5]) == [5, 4, 5, 7]": {
      "result": true,
      "time": 0.050890445709228516,
      "error": null
    },
    "assert move_first([1, 4, 5, 5]) == [5, 1, 4, 5]": {
      "result": true,
      "time": 0.05972456932067871,
      "error": null
    },
    "assert move_first([4, 6, 5, 3]) == [3, 4, 6, 5]": {
      "result": true,
      "time": 0.04165077209472656,
      "error": null
    },
    "assert move_first([1, 3, 5, 9]) == [9, 1, 3, 5]": {
      "result": true,
      "time": 0.05018925666809082,
      "error": null
    },
    "assert move_first([5, 2, 8, 1]) == [1, 5, 2, 8]": {
      "result": true,
      "time": 0.05180168151855469,
      "error": null
    },
    "assert move_first([4, 3, 3, 6]) == [6, 4, 3, 3]": {
      "result": true,
      "time": 0.06369876861572266,
      "error": null
    },
    "assert move_first([6, 6, 3, 7]) == [7, 6, 6, 3]": {
      "result": true,
      "time": 0.06003451347351074,
      "error": null
    },
    "assert move_first([1, 4, 3, 4]) == [4, 1, 4, 3]": {
      "result": true,
      "time": 0.044820547103881836,
      "error": null
    },
    "assert move_first([6, 1, 6, 8]) == [8, 6, 1, 6]": {
      "result": true,
      "time": 0.04765796661376953,
      "error": null
    },
    "assert move_first([4, 7, 5, 1]) == [1, 4, 7, 5]": {
      "result": true,
      "time": 0.05089139938354492,
      "error": null
    },
    "assert move_first([2, 2, 5, 5]) == [5, 2, 2, 5]": {
      "result": true,
      "time": 0.06226372718811035,
      "error": null
    },
    "assert move_first([2, 6, 3, 3]) == [3, 2, 6, 3]": {
      "result": true,
      "time": 0.048195838928222656,
      "error": null
    },
    "assert move_first([2, 3, 5, 9]) == [9, 2, 3, 5]": {
      "result": true,
      "time": 0.036818504333496094,
      "error": null
    },
    "assert move_first([4, 2, 8, 7]) == [7, 4, 2, 8]": {
      "result": true,
      "time": 0.041129112243652344,
      "error": null
    },
    "assert move_first([4, 3, 2, 6]) == [6, 4, 3, 2]": {
      "result": true,
      "time": 0.04266548156738281,
      "error": null
    },
    "assert move_first([1, 4, 5, 8]) == [8, 1, 4, 5]": {
      "result": true,
      "time": 0.05265188217163086,
      "error": null
    },
    "assert move_first([1, 1, 3, 3]) == [3, 1, 1, 3]": {
      "result": true,
      "time": 0.06328296661376953,
      "error": null
    },
    "assert move_first([2, 1, 5, 3]) == [3, 2, 1, 5]": {
      "result": true,
      "time": 0.04943060874938965,
      "error": null
    },
    "assert move_first([3, 5, 3, 5]) == [5, 3, 5, 3]": {
      "result": true,
      "time": 0.04810762405395508,
      "error": null
    },
    "assert move_first([5, 4, 1, 1]) == [1, 5, 4, 1]": {
      "result": true,
      "time": 0.04694104194641113,
      "error": null
    },
    "assert move_first([4, 2, 4, 6]) == [6, 4, 2, 4]": {
      "result": true,
      "time": 0.047061920166015625,
      "error": null
    },
    "assert move_first([6, 1, 6, 5]) == [5, 6, 1, 6]": {
      "result": true,
      "time": 0.05511307716369629,
      "error": null
    },
    "assert move_first([3, 7, 8, 4]) == [4, 3, 7, 8]": {
      "result": true,
      "time": 0.06002998352050781,
      "error": null
    },
    "assert move_first([6, 1, 8, 9]) == [9, 6, 1, 8]": {
      "result": true,
      "time": 0.05110287666320801,
      "error": null
    },
    "assert move_first([4, 7, 7, 9]) == [9, 4, 7, 7]": {
      "result": true,
      "time": 0.06389570236206055,
      "error": null
    },
    "assert move_first([5, 2, 6, 4]) == [4, 5, 2, 6]": {
      "result": true,
      "time": 0.04378986358642578,
      "error": null
    },
    "assert move_first([4, 2, 5, 6]) == [6, 4, 2, 5]": {
      "result": true,
      "time": 0.0485684871673584,
      "error": null
    },
    "assert move_first([3, 5, 2, 4]) == [4, 3, 5, 2]": {
      "result": true,
      "time": 0.03605937957763672,
      "error": null
    },
    "assert move_first([6, 2, 5, 6]) == [6, 6, 2, 5]": {
      "result": true,
      "time": 0.04894566535949707,
      "error": null
    },
    "assert move_first([4, 3, 1, 3]) == [3, 4, 3, 1]": {
      "result": true,
      "time": 0.03577542304992676,
      "error": null
    },
    "assert move_first([2, 1, 7, 2]) == [2, 2, 1, 7]": {
      "result": true,
      "time": 0.04089951515197754,
      "error": null
    },
    "assert move_first([1, 5, 3, 3]) == [3, 1, 5, 3]": {
      "result": true,
      "time": 0.04136013984680176,
      "error": null
    },
    "assert move_first([2, 6, 6, 4]) == [4, 2, 6, 6]": {
      "result": true,
      "time": 0.05011868476867676,
      "error": null
    },
    "assert move_first([3, 1, 1, 2]) == [2, 3, 1, 1]": {
      "result": true,
      "time": 0.04561972618103027,
      "error": null
    },
    "assert move_first([5, 6, 1, 3]) == [3, 5, 6, 1]": {
      "result": true,
      "time": 0.04716014862060547,
      "error": null
    },
    "assert move_first([1, 6, 2, 7]) == [7, 1, 6, 2]": {
      "result": true,
      "time": 0.04228782653808594,
      "error": null
    },
    "assert move_first([5, 2, 1, 3]) == [3, 5, 2, 1]": {
      "result": true,
      "time": 0.04432344436645508,
      "error": null
    },
    "assert move_first([3, 2, 1, 6]) == [6, 3, 2, 1]": {
      "result": true,
      "time": 0.03953957557678223,
      "error": null
    },
    "assert move_first([1, 2, 6, 3]) == [3, 1, 2, 6]": {
      "result": true,
      "time": 0.04732346534729004,
      "error": null
    },
    "assert move_first([1, 1, 3, 6]) == [6, 1, 1, 3]": {
      "result": true,
      "time": 0.054480552673339844,
      "error": null
    },
    "assert move_first([2, 6, 3, 5]) == [5, 2, 6, 3]": {
      "result": true,
      "time": 0.04374575614929199,
      "error": null
    },
    "assert move_first([3, 6, 5, 4]) == [4, 3, 6, 5]": {
      "result": true,
      "time": 0.04929947853088379,
      "error": null
    },
    "assert move_first([5, 2, 3, 5]) == [5, 5, 2, 3]": {
      "result": true,
      "time": 0.05115532875061035,
      "error": null
    },
    "assert move_first([5, 4, 6, 8]) == [8, 5, 4, 6]": {
      "result": true,
      "time": 0.044090986251831055,
      "error": null
    },
    "assert move_first([4, 3, 6, 2]) == [2, 4, 3, 6]": {
      "result": true,
      "time": 0.03722333908081055,
      "error": null
    },
    "assert move_first([4, 3, 5, 5]) == [5, 4, 3, 5]": {
      "result": true,
      "time": 0.044112443923950195,
      "error": null
    },
    "assert move_first([1, 3, 2, 1]) == [1, 1, 3, 2]": {
      "result": true,
      "time": 0.05574655532836914,
      "error": null
    },
    "assert move_first([1, 2, 2, 8]) == [8, 1, 2, 2]": {
      "result": true,
      "time": 0.03203129768371582,
      "error": null
    },
    "assert move_first([5, 3, 5, 2]) == [2, 5, 3, 5]": {
      "result": true,