{
  "code": "def position_min(lst):\n    min_val = min(lst)\n    indices = [i for i, x in enumerate(lst) if x == min_val]\n    return indices",
  "results": {
    "assert position_min([12,33,23,10,67,89,45,667,23,12,11,10,54])==[3,11]": {
      "result": true,
      "time": 0.06598877906799316,
      "error": null
    },
    "assert position_min([1,2,2,2,4,4,4,5,5,5,5])==[0]": {
      "result": true,
      "time": 0.06426000595092773,
      "error": null
    },
    "assert position_min([2,1,5,6,8,3,4,9,10,11,8,12])==[1]": {
      "result": true,
      "time": 0.06881546974182129,
      "error": null
    },
    "assert position_min([16, 31, 24, 5, 72, 86, 43, 664, 18, 7, 7, 7, 58]) == [3]": {
      "result": true,
      "time": 0.07041406631469727,
      "error": null
    },
    "assert position_min([7, 36, 26, 5, 72, 93, 44, 664, 23, 9, 11, 9, 50]) == [3]": {
      "result": true,
      "time": 0.06897854804992676,
      "error": null
    },
    "assert position_min([13, 33, 20, 9, 66, 87, 47, 669, 23, 16, 11, 15, 56]) == [3]": {
      "result": true,
      "time": 0.058367013931274414,
      "error": null
    },
    "assert position_min([11, 38, 21, 8, 69, 94, 40, 665, 23, 7, 6, 15, 52]) == [10]": {
      "result": true,
      "time": 0.07379913330078125,
      "error": null
    },
    "assert position_min([15, 28, 22, 13, 65, 90, 44, 669, 18, 11, 16, 9, 52]) == [11]": {
      "result": true,
      "time": 0.05927324295043945,
      "error": null
    },
    "assert position_min([12, 32, 27, 7, 69, 92, 48, 667, 26, 12, 14, 5, 56]) == [11]": {
      "result": true,
      "time": 0.07115602493286133,
      "error": null
    },
    "assert position_min([8, 33, 19, 14, 69, 94, 44, 664, 27, 16, 8, 10, 50]) == [0, 10]": {
      "result": true,
      "time": 0.06153416633605957,
      "error": null
    },
    "assert position_min([10, 31, 26, 9, 69, 93, 42, 666, 27, 10, 9, 6, 51]) == [11]": {
      "result": true,
      "time": 0.06225728988647461,
      "error": null
    },
    "assert position_min([9, 38, 28, 8, 72, 94, 42, 670, 18, 17, 8, 12, 58]) == [3, 10]": {
      "result": true,
      "time": 0.05866527557373047,
      "error": null
    },
    "assert position_min([15, 28, 20, 13, 67, 89, 49, 668, 19, 17, 13, 14, 57]) == [3, 10]": {
      "result": true,
      "time": 0.05762672424316406,
      "error": null
    },
    "assert position_min([8, 30, 19, 11, 62, 87, 50, 666, 21, 17, 14, 15, 59]) == [0]": {
      "result": true,
      "time": 0.06927156448364258,
      "error": null
    },
    "assert position_min([17, 37, 19, 8, 66, 85, 41, 666, 25, 15, 7, 10, 49]) == [10]": {
      "result": true,
      "time": 0.06669998168945312,
      "error": null
    },
    "assert position_min([15, 28, 24, 9, 68, 93, 49, 662, 28, 17, 14, 6, 53]) == [11]": {
      "result": true,
      "time": 0.0697333812713623,
      "error": null
    },
    "assert position_min([17, 31, 23, 5, 68, 93, 50, 664, 27, 16, 10, 8, 59]) == [3]": {
      "result": true,
      "time": 0.05725288391113281,
      "error": null
    },
    "assert position_min([17, 30, 21, 5, 64, 89, 45, 665, 26, 7, 9, 15, 51]) == [3]": {
      "result": true,
      "time": 0.07227969169616699,
      "error": null
    },
    "assert position_min([11, 33, 26, 15, 62, 91, 48, 663, 21, 16, 7, 14, 58]) == [10]": {
      "result": true,
      "time": 0.06420016288757324,
      "error": null
    },
    "assert position_min([16, 35, 22, 8, 62, 93, 41, 662, 26, 13, 11, 12, 51]) == [3]": {
      "result": true,
      "time": 0.07056736946105957,
      "error": null
    },
    "assert position_min([15, 29, 27, 11, 63, 93, 49, 668, 28, 8, 8, 12, 56]) == [9, 10]": {
      "result": true,
      "time": 0.06261181831359863,
      "error": null
    },
    "assert position_min([14, 37, 22, 9, 63, 85, 50, 666, 18, 9, 9, 12, 58]) == [3, 9, 10]": {
      "result": true,
      "time": 0.06706094741821289,
      "error": null
    },
    "assert position_min([15, 31, 20, 15, 64, 93, 42, 671, 22, 14, 16, 9, 49]) == [11]": {
      "result": true,
      "time": 0.06708502769470215,
      "error": null
    },
    "assert position_min([17, 30, 22, 12, 71, 87, 42, 665, 21, 11, 15, 14, 54]) == [9]": {
      "result": true,
      "time": 0.06685185432434082,
      "error": null
    },
    "assert position_min([12, 31, 22, 10, 71, 89, 45, 663, 26, 17, 16, 14, 53]) == [3]": {
      "result": true,
      "time": 0.06271862983703613,
      "error": null
    },
    "assert position_min([7, 32, 24, 12, 63, 93, 48, 665, 27, 15, 14, 15, 57]) == [0]": {
      "result": true,
      "time": 0.06078338623046875,
      "error": null
    },
    "assert position_min([13, 31, 18, 8, 69, 92, 49, 668, 26, 8, 15, 15, 56]) == [3, 9]": {
      "result": true,
      "time": 0.055269479751586914,
      "error": null
    },
    "assert position_min([12, 38, 23, 6, 66, 90, 40, 666, 19, 9, 13, 11, 58]) == [3]": {
      "result": true,
      "time": 0.04967212677001953,
      "error": null
    },
    "assert position_min([14, 35, 20, 5, 62, 93, 50, 667, 18, 8, 10, 11, 59]) == [3]": {
      "result": true,
      "time": 0.05957961082458496,
      "error": null
    },
    "assert position_min([15, 33, 24, 7, 62, 91, 42, 666, 27, 8, 13, 14, 54]) == [3]": {
      "result": true,
      "time": 0.0550994873046875,
      "error": null
    },
    "assert position_min([11, 33, 28, 5, 68, 91, 42, 664, 24, 17, 10, 7, 49]) == [3]": {
      "result": true,
      "time": 0.05956411361694336,
      "error": null
    },
    "assert position_min([15, 34, 19, 5, 68, 91, 45, 664, 24, 7, 12, 8, 50]) == [3]": {
      "result": true,
      "time": 0.055826425552368164,
      "error": null
    },
    "assert position_min([10, 29, 22, 15, 65, 85, 47, 666, 25, 9, 14, 8, 51]) == [11]": {
      "result": true,
      "time": 0.0603337287902832,
      "error": null
    },
    "assert position_min([14, 32, 25, 13, 65, 84, 50, 671, 24, 10, 11, 14, 56]) == [9]": {
      "result": true,
      "time": 0.06006288528442383,
      "error": null
    },
    "assert position_min([14, 32, 25, 12, 70, 88, 50, 666, 26, 17, 13, 15, 50]) == [3]": {
      "result": true,
      "time": 0.049288034439086914,
      "error": null
    },
    "assert position_min([15, 34, 23, 15, 63, 84, 46, 672, 25, 12, 10, 7, 50]) == [11]": {
      "result": true,
      "time": 0.057271480560302734,
      "error": null
    },
    "assert position_min([4, 3, 6, 7, 9, 4, 7, 3, 6, 3, 9]) == [1, 7, 9]": {
      "result": true,
      "time": 0.05006766319274902,
      "error": null
    },
    "assert position_min([5, 5, 2, 3, 9, 8, 5, 4, 6, 9, 5]) == [2]": {
      "result": true,
      "time": 0.06151461601257324,
      "error": null
    },
    "assert position_min([2, 2, 6, 7, 5, 9, 4, 9, 5, 2, 3]) == [0, 1, 9]": {
      "result": true,
      "time": 0.059049129486083984,
      "error": null
    },
    "assert position_min([2, 6, 2, 5, 2, 5, 7, 9, 6, 8, 7]) == [0, 2, 4]": {
      "result": true,
      "time": 0.06767749786376953,
      "error": null
    },
    "assert position_min([5, 4, 6, 5, 4, 4, 8, 2, 9, 9, 4]) == [7]": {
      "result": true,
      "time": 0.0548248291015625,
      "error": null
    },
    "assert position_min([1, 6, 2, 1, 7, 9, 2, 3, 3, 10, 10]) == [0, 3]": {
      "result": true,
      "time": 0.058165788650512695,
      "error": null
    },
    "assert position_min([1, 7, 5, 3, 3, 3, 5, 3, 3, 9, 1]) == [0, 10]": {
      "result": true,
      "time": 0.05076289176940918,
      "error": null
    },
    "assert position_min([4, 1, 6, 2, 9, 2, 8, 9, 7, 1, 6]) == [1, 9]": {
      "result": true,
      "time": 0.05184578895568848,
      "error": null
    },
    "assert position_min([2, 3, 6, 3, 9, 3, 3, 2, 4, 7, 6]) == [0, 7]": {
      "result": true,
      "time": 0.05666399002075195,
      "error": null
    },
    "assert position_min([1, 4, 5, 7, 2, 4, 7, 7, 4, 3, 6]) == [0]": {
      "result": true,
      "time": 0.0437772274017334,
      "error": null
    },