{
  "code": "def filter_oddnumbers(nums):\n    return list(filter(lambda x: x % 2 != 0, nums))",
  "results": {
    "assert filter_oddnumbers([1, 2, 3, 4, 5, 6, 7, 8, 9, 10])==[1,3,5,7,9]": {
      "result": true,
      "time": 0.04619121551513672,
      "error": null
    },
    "assert filter_oddnumbers([10,20,45,67,84,93])==[45,67,93]": {
      "result": true,
      "time": 0.03896069526672363,
      "error": null
    },
    "assert filter_oddnumbers([5,7,9,8,6,4,3])==[5,7,9,3]": {
      "result": true,
      "time": 0.038338661193847656,
      "error": null
    },
    "assert filter_oddnumbers([4, 2, 7, 8, 3, 2, 9, 9, 13, 11]) == [7, 3, 9, 9, 13, 11]": {
      "result": true,
      "time": 0.04676032066345215,
      "error": null
    },
    "assert filter_oddnumbers([2, 5, 7, 6, 9, 5, 11, 4, 11, 9]) == [5, 7, 9, 5, 11, 11, 9]": {
      "result": true,
      "time": 0.039049625396728516,
      "error": null
    },
    "assert filter_oddnumbers([5, 7, 5, 3, 8, 11, 12, 11, 7, 10]) == [5, 7, 5, 3, 11, 11, 7]": {
      "result": true,
      "time": 0.04509902000427246,
      "error": null
    },
    "assert filter_oddnumbers([4, 2, 4, 4, 5, 7, 2, 3, 14, 11]) == [5, 7, 3, 11]": {
      "result": true,
      "time": 0.03435826301574707,
      "error": null
    },
    "assert filter_oddnumbers([3, 1, 6, 8, 1, 5, 4, 10, 8, 11]) == [3, 1, 1, 5, 11]": {
      "result": true,
      "time": 0.0392909049987793,
      "error": null
    },
    "assert filter_oddnumbers([2, 4, 4, 9, 10, 10, 5, 7, 9, 11]) == [9, 5, 7, 9, 11]": {
      "result": true,
      "time": 0.04729318618774414,
      "error": null
    },
    "assert filter_oddnumbers([3, 7, 7, 7, 5, 1, 3, 6, 9, 12]) == [3, 7, 7, 7, 5, 1, 3, 9]": {
      "result": true,
      "time": 0.038308143615722656,
      "error": null
    },
    "assert filter_oddnumbers([4, 1, 6, 8, 8, 1, 3, 5, 12, 7]) == [1, 1, 3, 5, 7]": {
      "result": true,
      "time": 0.035410404205322266,
      "error": null
    },
    "assert filter_oddnumbers([2, 1, 1, 4, 1, 7, 3, 12, 14, 14]) == [1, 1, 1, 7, 3]": {
      "result": true,
      "time": 0.03359723091125488,
      "error": null
    },
    "assert filter_oddnumbers([3, 7, 8, 2, 4, 11, 12, 4, 14, 9]) == [3, 7, 11, 9]": {
      "result": true,
      "time": 0.039940595626831055,
      "error": null
    },
    "assert filter_oddnumbers([6, 6, 8, 7, 7, 1, 10, 7, 5, 11]) == [7, 7, 1, 7, 5, 11]": {
      "result": true,
      "time": 0.033064842224121094,
      "error": null
    },
    "assert filter_oddnumbers([5, 2, 5, 1, 9, 1, 7, 12, 6, 6]) == [5, 5, 1, 9, 1, 7]": {
      "result": true,
      "time": 0.03702402114868164,
      "error": null
    },
    "assert filter_oddnumbers([4, 5, 8, 4, 9, 3, 4, 10, 6, 10]) == [5, 9, 3]": {
      "result": true,
      "time": 0.04211878776550293,
      "error": null
    },
    "assert filter_oddnumbers([2, 6, 1, 3, 6, 6, 10, 11, 9, 9]) == [1, 3, 11, 9, 9]": {
      "result": true,
      "time": 0.04057049751281738,
      "error": null
    },
    "assert filter_oddnumbers([1, 1, 2, 3, 1, 4, 10, 3, 14, 14]) == [1, 1, 3, 1, 3]": {
      "result": true,
      "time": 0.0397486686706543,
      "error": null
    },
    "assert filter_oddnumbers([5, 5, 4, 9, 7, 7, 11, 5, 11, 5]) == [5, 5, 9, 7, 7, 11, 5, 11, 5]": {
      "result": true,
      "time": 0.04463982582092285,
      "error": null
    },
    "assert filter_oddnumbers([5, 3, 1, 9, 2, 10, 12, 10, 4, 5]) == [5, 3, 1, 9, 5]": {
      "result": true,
      "time": 0.03741717338562012,
      "error": null
    },
    "assert filter_oddnumbers([4, 7, 3, 3, 1, 1, 4, 4, 10, 14]) == [7, 3, 3, 1, 1]": {
      "result": true,
      "time": 0.039473772048950195,
      "error": null
    },
    "assert filter_oddnumbers([2, 5, 8, 7, 6, 7, 7, 9, 14, 5]) == [5, 7, 7, 7, 9, 5]": {
      "result": true,
      "time": 0.038934946060180664,
      "error": null
    },
    "assert filter_oddnumbers([2, 6, 1, 2, 6, 1, 2, 3, 8, 15]) == [1, 1, 3, 15]": {
      "result": true,
      "time": 0.03641510009765625,
      "error": null
    },
    "assert filter_oddnumbers([1, 6, 3, 6, 7, 11, 10, 4, 5, 14]) == [1, 3, 7, 11, 5]": {
      "result": true,
      "time": 0.03775954246520996,
      "error": null
    },
    "assert filter_oddnumbers([2, 5, 6, 2, 3, 1, 4, 6, 12, 6]) == [5, 3, 1]": {
      "result": true,
      "time": 0.042736053466796875,
      "error": null
    },
    "assert filter_oddnumbers([4, 5, 5, 8, 10, 10, 6, 11, 7, 9]) == [5, 5, 11, 7, 9]": {
      "result": true,
      "time": 0.04051399230957031,
      "error": null
    },
    "assert filter_oddnumbers([3, 7, 7, 5, 1, 10, 12, 8, 12, 10]) == [3, 7, 7, 5, 1]": {
      "result": true,
      "time": 0.03782343864440918,
      "error": null
    },
    "assert filter_oddnumbers([2, 7, 6, 6, 3, 8, 3, 11, 14, 9]) == [7, 3, 3, 11, 9]": {
      "result": true,
      "time": 0.03670525550842285,
      "error": null
    },
    "assert filter_oddnumbers([6, 4, 6, 5, 2, 10, 7, 3, 8, 13]) == [5, 7, 3, 13]": {
      "result": true,
      "time": 0.03982949256896973,
      "error": null
    },
    "assert filter_oddnumbers([1, 5, 1, 5, 1, 3, 6, 7, 5, 10]) == [1, 5, 1, 5, 1, 3, 7, 5]": {
      "result": true,
      "time": 0.038594961166381836,
      "error": null
    },
    "assert filter_oddnumbers([5, 4, 3, 5, 8, 7, 9, 12, 9, 10]) == [5, 3, 5, 7, 9, 9]": {
      "result": true,
      "time": 0.04308509826660156,
      "error": null
    },
    "assert filter_oddnumbers([3, 2, 2, 1, 5, 7, 5, 13, 8, 13]) == [3, 1, 5, 7, 5, 13, 13]": {
      "result": true,
      "time": 0.03985118865966797,
      "error": null
    },
    "assert filter_oddnumbers([3, 6, 8, 7, 10, 9, 5, 10, 10, 11]) == [3, 7, 9, 5, 11]": {
      "result": true,
      "time": 0.03965044021606445,
      "error": null
    },
    "assert filter_oddnumbers([4, 2, 5, 1, 5, 6, 12, 8, 10, 15]) == [5, 1, 5, 15]": {
      "result": true,
      "time": 0.03302955627441406,
      "error": null
    },
    "assert filter_oddnumbers([3, 3, 8, 4, 5, 2, 9, 11, 14, 7]) == [3, 3, 5, 9, 11, 7]": {
      "result": true,
      "time": 0.03697609901428223,
      "error": null
    },
    "assert filter_oddnumbers([5, 4, 7, 7, 1, 4, 4, 11, 12, 14]) == [5, 7, 7, 1, 11]": {
      "result": true,
      "time": 0.03242850303649902,
      "error": null
    },
    "assert filter_oddnumbers([5, 18, 46, 64, 85, 98]) == [5, 85]": {
      "result": true,
      "time": 0.04581594467163086,
      "error": null
    },
    "assert filter_oddnumbers([8, 21, 47, 70, 80, 94]) == [21, 47]": {
      "result": true,
      "time": 0.0452570915222168,
      "error": null
    },
    "assert filter_oddnumbers([5, 18, 46, 62, 83, 98]) == [5, 83]": {
      "result": true,
      "time": 0.04377913475036621,
      "error": null
    },
    "assert filter_oddnumbers([5, 18, 41, 67, 88, 91]) == [5, 41, 67, 91]": {
      "result": true,
      "time": 0.041200876235961914,
      "error": null
    },
    "assert filter_oddnumbers([10, 19, 46, 66, 86, 88]) == [19]": {
      "result": true,
      "time": 0.04083371162414551,
      "error": null
    },
    "assert filter_oddnumbers([13, 24, 50, 72, 89, 96]) == [13, 89]": {
      "result": true,
      "time": 0.03592658042907715,
      "error": null
    },
    "assert filter_oddnumbers([12, 19, 41, 68, 83, 93]) == [19, 41, 83, 93]": {
      "result": true,
      "time": 0.04178476333618164,
      "error": null
    },
    "assert filter_oddnumbers([14, 16, 42, 65, 87, 88]) == [65, 87]": {
      "result": true,
      "time": 0.03729653358459473,
      "error": null
    },
    "assert filter_oddnumbers([5, 15, 43, 72, 80, 88]) == [5, 15, 43]": {
      "result": true,
      "time": 0.0415041446685791,
      "error": null
    },
    "assert filter_oddnumbers([9, 21, 45, 71, 81, 91]) == [9, 21, 45, 71, 81, 91]": {
      "result": true,
      "time": 0.0461270809173584,
      "error": null
    },
    "assert filter_oddnumbers([6, 24, 50, 70, 89, 89]) == [89, 89]": {
      "result": true,