{
  "code": "def Extract(lst):\n    return [sublist[0] for sublist in lst]",
  "results": {
    "assert Extract([[1, 2], [3, 4, 5], [6, 7, 8, 9]]) == [1, 3, 6]": {
      "result": true,
      "time": 0.031949758529663086,
      "error": null
    },
    "assert Extract([[1,2,3],[4, 5]]) == [1,4]": {
      "result": true,
      "time": 0.03705859184265137,
      "error": null
    },
    "assert Extract([[9,8,1],[1,2]]) == [9,1]": {
      "result": true,
      "time": 0.04066777229309082,
      "error": null
    },
    "assert Extract([[5, 6], [6, 9, 9], [2, 6, 3, 13]]) == [5, 6, 2]": {
      "result": true,
      "time": 0.03821372985839844,
      "error": null
    },
    "assert Extract([[2, 5], [8, 6, 7], [2, 9, 12, 11]]) == [2, 8, 2]": {
      "result": true,
      "time": 0.05105137825012207,
      "error": null
    },
    "assert Extract([[2, 4], [1, 7, 10], [10, 9, 12, 4]]) == [2, 1, 10]": {
      "result": true,
      "time": 0.048528432846069336,
      "error": null
    },
    "assert Extract([[1, 1], [7, 8, 7], [6, 3, 7, 10]]) == [1, 7, 6]": {
      "result": true,
      "time": 0.04276609420776367,
      "error": null
    },
    "assert Extract([[5, 4], [8, 9, 5], [9, 2, 7, 8]]) == [5, 8, 9]": {
      "result": true,
      "time": 0.03963184356689453,
      "error": null
    },
    "assert Extract([[5, 2], [8, 2, 6], [7, 10, 3, 4]]) == [5, 8, 7]": {
      "result": true,
      "time": 0.0380251407623291,
      "error": null
    },
    "assert Extract([[6, 2], [8, 9, 1], [3, 4, 10, 13]]) == [6, 8, 3]": {
      "result": true,
      "time": 0.052437782287597656,
      "error": null
    },
    "assert Extract([[5, 4], [4, 8, 2], [2, 6, 6, 4]]) == [5, 4, 2]": {
      "result": true,
      "time": 0.0370030403137207,
      "error": null
    },
    "assert Extract([[6, 2], [4, 9, 9], [11, 3, 3, 4]]) == [6, 4, 11]": {
      "result": true,
      "time": 0.04351329803466797,
      "error": null
    },
    "assert Extract([[2, 2], [1, 3, 8], [10, 4, 4, 12]]) == [2, 1, 10]": {
      "result": true,
      "time": 0.037236690521240234,
      "error": null
    },
    "assert Extract([[5, 3], [4, 3, 9], [8, 3, 9, 8]]) == [5, 4, 8]": {
      "result": true,
      "time": 0.032973527908325195,
      "error": null
    },
    "assert Extract([[6, 3], [4, 8, 2], [6, 12, 9, 10]]) == [6, 4, 6]": {
      "result": true,
      "time": 0.04008126258850098,
      "error": null
    },
    "assert Extract([[6, 4], [8, 4, 3], [10, 8, 3, 13]]) == [6, 8, 10]": {
      "result": true,
      "time": 0.05029702186584473,
      "error": null
    },
    "assert Extract([[2, 3], [1, 7, 9], [2, 9, 3, 6]]) == [2, 1, 2]": {
      "result": true,
      "time": 0.0424652099609375,
      "error": null
    },
    "assert Extract([[1, 6], [2, 5, 4], [6, 12, 5, 10]]) == [1, 2, 6]": {
      "result": true,
      "time": 0.04288196563720703,
      "error": null
    },
    "assert Extract([[5, 7], [5, 8, 9], [10, 11, 11, 12]]) == [5, 5, 10]": {
      "result": true,
      "time": 0.04607439041137695,
      "error": null
    },
    "assert Extract([[6, 6], [4, 9, 9], [3, 8, 10, 4]]) == [6, 4, 3]": {
      "result": true,
      "time": 0.04539012908935547,
      "error": null
    },
    "assert Extract([[1, 5], [8, 9, 9], [9, 5, 10, 4]]) == [1, 8, 9]": {
      "result": true,
      "time": 0.04009604454040527,
      "error": null
    },
    "assert Extract([[6, 4], [2, 9, 3], [8, 10, 13, 12]]) == [6, 2, 8]": {
      "result": true,
      "time": 0.04428505897521973,
      "error": null
    },
    "assert Extract([[4, 7], [6, 2, 9], [4, 12, 10, 14]]) == [4, 6, 4]": {
      "result": true,
      "time": 0.041632652282714844,
      "error": null
    },
    "assert Extract([[3, 5], [5, 5, 3], [7, 8, 4, 14]]) == [3, 5, 7]": {
      "result": true,
      "time": 0.03599834442138672,
      "error": null
    },
    "assert Extract([[3, 6], [5, 6, 5], [11, 7, 3, 9]]) == [3, 5, 11]": {
      "result": true,
      "time": 0.05742311477661133,
      "error": null
    },
    "assert Extract([[4, 2], [7, 4, 8], [4, 10, 12, 9]]) == [4, 7, 4]": {
      "result": true,
      "time": 0.04037022590637207,
      "error": null
    },
    "assert Extract([[6, 1], [1, 3, 1], [6, 7, 9, 11]]) == [6, 1, 6]": {
      "result": true,
      "time": 0.04452848434448242,
      "error": null
    },
    "assert Extract([[3, 7], [5, 4, 6], [2, 3, 12, 6]]) == [3, 5, 2]": {
      "result": true,
      "time": 0.04054975509643555,
      "error": null
    },
    "assert Extract([[1, 4], [3, 2, 6], [6, 6, 10, 12]]) == [1, 3, 6]": {
      "result": true,
      "time": 0.04499506950378418,
      "error": null
    },
    "assert Extract([[4, 3], [3, 9, 10], [6, 4, 3, 12]]) == [4, 3, 6]": {
      "result": true,
      "time": 0.04430818557739258,
      "error": null
    },
    "assert Extract([[3, 2], [4, 9, 3], [6, 12, 6, 6]]) == [3, 4, 6]": {
      "result": true,
      "time": 0.03813576698303223,
      "error": null
    },
    "assert Extract([[4, 1], [7, 1, 7], [10, 6, 6, 14]]) == [4, 7, 10]": {
      "result": true,
      "time": 0.03636908531188965,
      "error": null
    },
    "assert Extract([[4, 1], [1, 2, 5], [4, 12, 7, 4]]) == [4, 1, 4]": {
      "result": true,
      "time": 0.037943363189697266,
      "error": null
    },
    "assert Extract([[3, 1], [6, 3, 7], [3, 12, 11, 9]]) == [3, 6, 3]": {
      "result": true,
      "time": 0.04196333885192871,
      "error": null
    },
    "assert Extract([[3, 6], [5, 1, 7], [2, 8, 3, 13]]) == [3, 5, 2]": {
      "result": true,
      "time": 0.05499625205993652,
      "error": null
    },
    "assert Extract([[2, 6], [6, 9, 10], [4, 5, 13, 5]]) == [2, 6, 4]": {
      "result": true,
      "time": 0.03324151039123535,
      "error": null
    },
    "assert Extract([[6, 1, 1], [3, 4]]) == [6, 3]": {
      "result": true,
      "time": 0.04173016548156738,
      "error": null
    },
    "assert Extract([[2, 1, 6], [8, 1]]) == [2, 8]": {
      "result": true,
      "time": 0.042317867279052734,
      "error": null
    },
    "assert Extract([[1, 7, 4], [5, 7]]) == [1, 5]": {
      "result": true,
      "time": 0.043492794036865234,
      "error": null
    },
    "assert Extract([[1, 7, 8], [7, 6]]) == [1, 7]": {
      "result": true,
      "time": 0.04259181022644043,
      "error": null
    },
    "assert Extract([[1, 6, 6], [9, 3]]) == [1, 9]": {
      "result": true,
      "time": 0.04311656951904297,
      "error": null
    },
    "assert Extract([[2, 5, 3], [1, 6]]) == [2, 1]": {
      "result": true,
      "time": 0.042542457580566406,
      "error": null
    },
    "assert Extract([[5, 1, 4], [1, 9]]) == [5, 1]": {
      "result": true,
      "time": 0.04363536834716797,
      "error": null
    },
    "assert Extract([[5, 3, 2], [1, 7]]) == [5, 1]": {
      "result": true,
      "time": 0.03930187225341797,
      "error": null
    },
    "assert Extract([[3, 1, 7], [3, 1]]) == [3, 3]": {
      "result": true,
      "time": 0.03816056251525879,
      "error": null
    },
    "assert Extract([[5, 6, 3], [7, 9]]) == [5, 7]": {
      "result": true,
      "time": 0.033957481384277344,
      "error": null
    },
    "assert Extract([[2, 1, 4], [9, 8]]) == [2, 9]": {
      "result": true,
      "time": 0.04509925842285156,
      "error": null
    },
    "assert Extract([[1, 5, 7], [1, 7]]) == [1, 1]": {
      "result": true,
      "time": 0.036660194396972656,
      "error": null
    },
    "assert Extract([[5, 3, 3], [9, 1]]) == [5, 9]": {
      "result": true,
      "time": 0.04455447196960449,
      "error": null
    },
    "assert Extract([[5, 3, 5], [3, 2]]) == [5, 3]": {
      "result": true,
      "time": 0.05189394950866699,
      "error": null
    },
    "assert Extract([[2, 3, 7], [4, 8]]) == [2, 4]": {
      "result": true,
      "time": 0.036884307861328125,
      "error": null
    },
    "assert Extract([[3, 5, 1], [5, 3]]) == [3, 5]": {
      "result": true,
      "time": 0.03354215621948242,
      "error": null
    },