{
  "code": "def extract_min_max(test_tup, k):\n    sorted_tup = sorted(test_tup)\n    min_k = sorted_tup[:k]\n    max_k = sorted_tup[-k:]\n    result = tuple(min_k + max_k)\n    return result",
  "results": {
    "assert extract_min_max((5, 20, 3, 7, 6, 8), 2) == (3, 5, 8, 20)": {
      "result": true,
      "time": 0.04430818557739258,
      "error": null
    },
    "assert extract_min_max((4, 5, 6, 1, 2, 7), 3) == (1, 2, 4, 5, 6, 7)": {
      "result": true,
      "time": 0.04003000259399414,
      "error": null
    },
    "assert extract_min_max((2, 3, 4, 8, 9, 11, 7), 4) == (2, 3, 4, 7, 8, 9, 11)": {
      "result": false,
      "time": 0.04566502571105957,
      "error": null
    },
    "assert extract_min_max((3, 23, 6, 8, 11, 3), 6) == (3, 3, 6, 8, 11, 23)": {
      "result": false,
      "time": 0.0509800910949707,
      "error": null
    },
    "assert extract_min_max((7, 24, 4, 7, 11, 3), 6) == (3, 4, 7, 7, 11, 24)": {
      "result": false,
      "time": 0.04536747932434082,
      "error": null
    },
    "assert extract_min_max((2, 25, 2, 2, 5, 8), 4) == (2, 2, 2, 5, 8, 25)": {
      "result": false,
      "time": 0.04250693321228027,
      "error": null
    },
    "assert extract_min_max((9, 25, 6, 3, 9, 8), 3) == (3, 6, 8, 9, 9, 25)": {
      "result": true,
      "time": 0.04735255241394043,
      "error": null
    },
    "assert extract_min_max((8, 22, 7, 12, 2, 13), 4) == (2, 7, 8, 12, 13, 22)": {
      "result": false,
      "time": 0.04551529884338379,
      "error": null
    },
    "assert extract_min_max((5, 24, 5, 9, 7, 7), 7) == (5, 5, 7, 7, 9, 24)": {
      "result": false,
      "time": 0.04582047462463379,
      "error": null
    },
    "assert extract_min_max((6, 18, 4, 5, 11, 11), 3) == (4, 5, 6, 11, 11, 18)": {
      "result": true,
      "time": 0.05393671989440918,
      "error": null
    },
    "assert extract_min_max((3, 18, 3, 3, 2, 7), 5) == (2, 3, 3, 3, 7, 18)": {
      "result": false,
      "time": 0.0481259822845459,
      "error": null
    },
    "assert extract_min_max((3, 22, 1, 12, 5, 12), 1) == (1, 22)": {
      "result": true,
      "time": 0.045471906661987305,
      "error": null
    },
    "assert extract_min_max((6, 19, 2, 10, 11, 11), 7) == (2, 6, 10, 11, 11, 19)": {
      "result": false,
      "time": 0.04830646514892578,
      "error": null
    },
    "assert extract_min_max((1, 24, 6, 11, 2, 13), 3) == (1, 2, 6, 11, 13, 24)": {
      "result": true,
      "time": 0.05047750473022461,
      "error": null
    },
    "assert extract_min_max((7, 18, 3, 4, 8, 4), 3) == (3, 4, 4, 7, 8, 18)": {
      "result": true,
      "time": 0.032292842864990234,
      "error": null
    },
    "assert extract_min_max((5, 15, 8, 7, 3, 9), 1) == (3, 15)": {
      "result": true,
      "time": 0.03359794616699219,
      "error": null
    },
    "assert extract_min_max((5, 24, 5, 4, 5, 7), 4) == (4, 5, 5, 5, 7, 24)": {
      "result": false,
      "time": 0.04333639144897461,
      "error": null
    },
    "assert extract_min_max((10, 20, 4, 8, 10, 4), 7) == (4, 4, 8, 10, 10, 20)": {
      "result": false,
      "time": 0.03554224967956543,
      "error": null
    },
    "assert extract_min_max((9, 16, 8, 6, 6, 8), 1) == (6, 16)": {
      "result": true,
      "time": 0.03480052947998047,
      "error": null
    },
    "assert extract_min_max((5, 25, 6, 6, 7, 11), 3) == (5, 6, 6, 7, 11, 25)": {
      "result": true,
      "time": 0.03666210174560547,
      "error": null
    },
    "assert extract_min_max((6, 23, 7, 2, 8, 3), 1) == (2, 23)": {
      "result": true,
      "time": 0.03764796257019043,
      "error": null
    },
    "assert extract_min_max((4, 19, 3, 8, 6, 12), 7) == (3, 4, 6, 8, 12, 19)": {
      "result": false,
      "time": 0.04207134246826172,
      "error": null
    },
    "assert extract_min_max((5, 23, 2, 2, 11, 8), 1) == (2, 23)": {
      "result": true,
      "time": 0.03609204292297363,
      "error": null
    },
    "assert extract_min_max((7, 25, 5, 4, 10, 12), 6) == (4, 5, 7, 10, 12, 25)": {
      "result": false,
      "time": 0.041528940200805664,
      "error": null
    },
    "assert extract_min_max((8, 16, 8, 2, 3, 12), 4) == (2, 3, 8, 8, 12, 16)": {
      "result": false,
      "time": 0.04217886924743652,
      "error": null
    },
    "assert extract_min_max((4, 15, 8, 11, 2, 4), 2) == (2, 4, 11, 15)": {
      "result": true,
      "time": 0.037940263748168945,
      "error": null
    },
    "assert extract_min_max((5, 19, 8, 10, 1, 9), 6) == (1, 5, 8, 9, 10, 19)": {
      "result": false,
      "time": 0.03306436538696289,
      "error": null
    },
    "assert extract_min_max((9, 24, 7, 3, 5, 10), 1) == (3, 24)": {
      "result": true,
      "time": 0.03900718688964844,
      "error": null
    },
    "assert extract_min_max((1, 20, 6, 10, 11, 11), 6) == (1, 6, 10, 11, 11, 20)": {
      "result": false,
      "time": 0.03745532035827637,
      "error": null
    },
    "assert extract_min_max((2, 25, 3, 8, 4, 9), 7) == (2, 3, 4, 8, 9, 25)": {
      "result": false,
      "time": 0.04226040840148926,
      "error": null
    },
    "assert extract_min_max((3, 17, 3, 11, 4, 3), 2) == (3, 3, 11, 17)": {
      "result": true,
      "time": 0.0337834358215332,
      "error": null
    },
    "assert extract_min_max((9, 24, 3, 6, 2, 10), 6) == (2, 3, 6, 9, 10, 24)": {
      "result": false,
      "time": 0.040372371673583984,
      "error": null
    },
    "assert extract_min_max((4, 15, 6, 6, 5, 7), 6) == (4, 5, 6, 6, 7, 15)": {
      "result": false,
      "time": 0.04017496109008789,
      "error": null
    },
    "assert extract_min_max((10, 20, 5, 5, 3, 6), 6) == (3, 5, 5, 6, 10, 20)": {
      "result": false,
      "time": 0.03644442558288574,
      "error": null
    },
    "assert extract_min_max((6, 20, 7, 10, 6, 13), 6) == (6, 6, 7, 10, 13, 20)": {
      "result": false,
      "time": 0.034783363342285156,
      "error": null
    },
    "assert extract_min_max((6, 25, 2, 8, 2, 9), 5) == (2, 2, 6, 8, 9, 25)": {
      "result": false,
      "time": 0.0360562801361084,
      "error": null
    },
    "assert extract_min_max((9, 3, 3, 5, 7, 10), 3) == (3, 3, 5, 7, 9, 10)": {
      "result": true,
      "time": 0.03935718536376953,
      "error": null
    },
    "assert extract_min_max((2, 4, 2, 6, 3, 3), 1) == (2, 6)": {
      "result": true,
      "time": 0.040879011154174805,
      "error": null
    },
    "assert extract_min_max((4, 1, 4, 6, 3, 11), 6) == (1, 3, 4, 4, 6, 11)": {
      "result": false,
      "time": 0.037520408630371094,
      "error": null
    },
    "assert extract_min_max((6, 9, 11, 6, 6, 10), 2) == (6, 6, 10, 11)": {
      "result": true,
      "time": 0.04134869575500488,
      "error": null
    },
    "assert extract_min_max((4, 1, 2, 2, 3, 4), 6) == (1, 2, 2, 3, 4, 4)": {
      "result": false,
      "time": 0.04024052619934082,
      "error": null
    },
    "assert extract_min_max((7, 2, 10, 4, 2, 2), 1) == (2, 10)": {
      "result": true,
      "time": 0.03865361213684082,
      "error": null
    },
    "assert extract_min_max((6, 2, 4, 1, 5, 3), 6) == (1, 2, 3, 4, 5, 6)": {
      "result": false,
      "time": 0.044419288635253906,
      "error": null
    },
    "assert extract_min_max((2, 8, 5, 1, 1, 3), 4) == (1, 1, 2, 3, 5, 8)": {
      "result": false,
      "time": 0.04124641418457031,
      "error": null
    },
    "assert extract_min_max((2, 6, 6, 6, 4, 7), 8) == (2, 4, 6, 6, 6, 7)": {
      "result": false,
      "time": 0.04082059860229492,
      "error": null
    },
    "assert extract_min_max((5, 8, 1, 5, 3, 6), 6) == (1, 3, 5, 5, 6, 8)": {
      "result": false,
      "time": 0.04313802719116211,
      "error": null
    },
    "assert extract_min_max((9, 6, 11, 3, 1, 9), 1) == (1, 11)": {
      "result": true,
      "time": 0.041214704513549805,
      "error": null
    },
    "assert extract_min_max((2, 10, 4, 6, 3, 5), 3) == (2, 3, 4, 5, 6, 10)": {
      "result": true,
      "time": 0.04104208946228027,
      "error": null
    },