{
  "code": "def sum_difference(n):\n    sum_of_squares = sum(i**2 for i in range(1, n+1))\n    square_of_sum = sum(range(1, n+1)) ** 2\n    return square_of_sum - sum_of_squares",
  "results": {
    "assert sum_difference(12)==5434": {
      "result": true,
      "time": 0.07529425621032715,
      "error": null
    },
    "assert sum_difference(20)==41230": {
      "result": true,
      "time": 0.0640265941619873,
      "error": null
    },
    "assert sum_difference(54)==2151270": {
      "result": true,
      "time": 0.06778407096862793,
      "error": null
    },
    "assert sum_difference(15) == 13160": {
      "result": true,
      "time": 0.06437087059020996,
      "error": null
    },
    "assert sum_difference(8) == 1092": {
      "result": true,
      "time": 0.06356573104858398,
      "error": null
    },
    "assert sum_difference(16) == 17000": {
      "result": true,
      "time": 0.06303834915161133,
      "error": null
    },
    "assert sum_difference(10) == 2640": {
      "result": true,
      "time": 0.052492618560791016,
      "error": null
    },
    "assert sum_difference(11) == 3850": {
      "result": true,
      "time": 0.04826807975769043,
      "error": null
    },
    "assert sum_difference(7) == 644": {
      "result": true,
      "time": 0.05737042427062988,
      "error": null
    },
    "assert sum_difference(14) == 10010": {
      "result": true,
      "time": 0.047028541564941406,
      "error": null
    },
    "assert sum_difference(12) == 5434": {
      "result": true,
      "time": 0.04570293426513672,
      "error": null
    },
    "assert sum_difference(13) == 7462": {
      "result": true,
      "time": 0.04866170883178711,
      "error": null
    },
    "assert sum_difference(9) == 1740": {
      "result": true,
      "time": 0.04886007308959961,
      "error": null
    },
    "assert sum_difference(17) == 21624": {
      "result": true,
      "time": 0.05875277519226074,
      "error": null
    },
    "assert sum_difference(20) == 41230": {
      "result": true,
      "time": 0.05329012870788574,
      "error": null
    },
    "assert sum_difference(18) == 27132": {
      "result": true,
      "time": 0.0572965145111084,
      "error": null
    },
    "assert sum_difference(25) == 100100": {
      "result": true,
      "time": 0.05002784729003906,
      "error": null
    },
    "assert sum_difference(21) == 50050": {
      "result": true,
      "time": 0.05416989326477051,
      "error": null
    },
    "assert sum_difference(22) == 60214": {
      "result": true,
      "time": 0.05747079849243164,
      "error": null
    },
    "assert sum_difference(24) == 85100": {
      "result": true,
      "time": 0.06196737289428711,
      "error": null
    },
    "assert sum_difference(19) == 33630": {
      "result": true,
      "time": 0.05016946792602539,
      "error": null
    },
    "assert sum_difference(23) == 71852": {
      "result": true,
      "time": 0.057713985443115234,
      "error": null
    },
    "assert sum_difference(50) == 1582700": {
      "result": true,
      "time": 0.047512054443359375,
      "error": null
    },
    "assert sum_difference(52) == 1850654": {
      "result": true,
      "time": 0.05756044387817383,
      "error": null
    },
    "assert sum_difference(59) == 3062690": {
      "result": true,
      "time": 0.05160093307495117,
      "error": null
    },
    "assert sum_difference(57) == 2669044": {
      "result": true,
      "time": 0.058501482009887695,
      "error": null
    },
    "assert sum_difference(56) == 2487100": {
      "result": true,
      "time": 0.0545954704284668,
      "error": null
    },
    "assert sum_difference(53) == 1996722": {
      "result": true,
      "time": 0.04860830307006836,
      "error": null
    },
    "assert sum_difference(58) == 2860792": {
      "result": true,
      "time": 0.05215120315551758,
      "error": null
    },
    "assert sum_difference(51) == 1712750": {
      "result": true,
      "time": 0.05765509605407715,
      "error": null
    },
    "assert sum_difference(49) == 1460200": {
      "result": true,
      "time": 0.05182313919067383,
      "error": null
    },
    "assert sum_difference(55) == 2314620": {
      "result": true,
      "time": 0.06522989273071289,
      "error": null
    }
  },
  "passed": true,
  "accuracy": 1.0,
  "general_error": "",
  "has_testcase_error": false
}