{
  "code": "def multiple_to_single(lst):\n    single_int = int(''.join(map(str, lst)))\n    return single_int",
  "results": {
    "assert multiple_to_single([11, 33, 50])==113350": {
      "result": true,
      "time": 0.04817461967468262,
      "error": null
    },
    "assert multiple_to_single([-1,2,3,4,5,6])==-123456": {
      "result": true,
      "time": 0.04314303398132324,
      "error": null
    },
    "assert multiple_to_single([10,15,20,25])==10152025": {
      "result": true,
      "time": 0.04967045783996582,
      "error": null
    },
    "assert multiple_to_single([7, 36, 50]) == 73650": {
      "result": true,
      "time": 0.0460667610168457,
      "error": null
    },
    "assert multiple_to_single([13, 38, 48]) == 133848": {
      "result": true,
      "time": 0.04278421401977539,
      "error": null
    },
    "assert multiple_to_single([8, 29, 48]) == 82948": {
      "result": true,
      "time": 0.04070425033569336,
      "error": null
    },
    "assert multiple_to_single([12, 28, 48]) == 122848": {
      "result": true,
      "time": 0.04432249069213867,
      "error": null
    },
    "assert multiple_to_single([15, 32, 45]) == 153245": {
      "result": true,
      "time": 0.04036855697631836,
      "error": null
    },
    "assert multiple_to_single([15, 36, 46]) == 153646": {
      "result": true,
      "time": 0.04378533363342285,
      "error": null
    },
    "assert multiple_to_single([12, 37, 54]) == 123754": {
      "result": true,
      "time": 0.05129098892211914,
      "error": null
    },
    "assert multiple_to_single([11, 35, 46]) == 113546": {
      "result": true,
      "time": 0.04932141304016113,
      "error": null
    },
    "assert multiple_to_single([8, 32, 55]) == 83255": {
      "result": true,
      "time": 0.04451489448547363,
      "error": null
    },
    "assert multiple_to_single([12, 29, 47]) == 122947": {
      "result": true,
      "time": 0.03277921676635742,
      "error": null
    },
    "assert multiple_to_single([14, 37, 51]) == 143751": {
      "result": true,
      "time": 0.03977060317993164,
      "error": null
    },
    "assert multiple_to_single([9, 29, 50]) == 92950": {
      "result": true,
      "time": 0.03630971908569336,
      "error": null
    },
    "assert multiple_to_single([11, 38, 45]) == 113845": {
      "result": true,
      "time": 0.05823016166687012,
      "error": null
    },
    "assert multiple_to_single([8, 37, 51]) == 83751": {
      "result": true,
      "time": 0.053673744201660156,
      "error": null
    },
    "assert multiple_to_single([12, 33, 49]) == 123349": {
      "result": true,
      "time": 0.048828125,
      "error": null
    },
    "assert multiple_to_single([12, 38, 49]) == 123849": {
      "result": true,
      "time": 0.04650402069091797,
      "error": null
    },
    "assert multiple_to_single([13, 37, 50]) == 133750": {
      "result": true,
      "time": 0.04521918296813965,
      "error": null
    },
    "assert multiple_to_single([7, 29, 47]) == 72947": {
      "result": true,
      "time": 0.04256582260131836,
      "error": null
    },
    "assert multiple_to_single([16, 31, 51]) == 163151": {
      "result": true,
      "time": 0.04111742973327637,
      "error": null
    },
    "assert multiple_to_single([13, 34, 55]) == 133455": {
      "result": true,
      "time": 0.04071402549743652,
      "error": null
    },
    "assert multiple_to_single([12, 38, 55]) == 123855": {
      "result": true,
      "time": 0.04079556465148926,
      "error": null
    },
    "assert multiple_to_single([6, 31, 52]) == 63152": {
      "result": true,
      "time": 0.03890490531921387,
      "error": null
    },
    "assert multiple_to_single([13, 38, 49]) == 133849": {
      "result": true,
      "time": 0.04000282287597656,
      "error": null
    },
    "assert multiple_to_single([9, 33, 55]) == 93355": {
      "result": true,
      "time": 0.04548215866088867,
      "error": null
    },
    "assert multiple_to_single([16, 29, 49]) == 162949": {
      "result": true,
      "time": 0.03533339500427246,
      "error": null
    },
    "assert multiple_to_single([14, 34, 53]) == 143453": {
      "result": true,
      "time": 0.05334734916687012,
      "error": null
    },
    "assert multiple_to_single([11, 30, 51]) == 113051": {
      "result": true,
      "time": 0.03954792022705078,
      "error": null
    },
    "assert multiple_to_single([11, 34, 47]) == 113447": {
      "result": true,
      "time": 0.039708614349365234,
      "error": null
    },
    "assert multiple_to_single([11, 29, 48]) == 112948": {
      "result": true,
      "time": 0.038017988204956055,
      "error": null
    },
    "assert multiple_to_single([14, 29, 49]) == 142949": {
      "result": true,
      "time": 0.042386531829833984,
      "error": null
    },
    "assert multiple_to_single([13, 38, 54]) == 133854": {
      "result": true,
      "time": 0.04217386245727539,
      "error": null
    },
    "assert multiple_to_single([9, 33, 53]) == 93353": {
      "result": true,
      "time": 0.04340076446533203,
      "error": null
    },
    "assert multiple_to_single([12, 30, 49]) == 123049": {
      "result": true,
      "time": 0.05570793151855469,
      "error": null
    },
    "assert multiple_to_single([0, 2, 3, 1, 7, 5]) == 23175": {
      "result": true,
      "time": 0.03296852111816406,
      "error": null
    },
    "assert multiple_to_single([-5, 1, 5, 6, 8, 3]) == -515683": {
      "result": true,
      "time": 0.034656524658203125,
      "error": null
    },
    "assert multiple_to_single([0, 6, 7, 3, 7, 3]) == 67373": {
      "result": true,
      "time": 0.040192365646362305,
      "error": null
    },
    "assert multiple_to_single([-3, 3, 7, 9, 8, 1]) == -337981": {
      "result": true,
      "time": 0.04451394081115723,
      "error": null
    },
    "assert multiple_to_single([-5, 2, 8, 1, 3, 3]) == -528133": {
      "result": true,
      "time": 0.04673314094543457,
      "error": null
    },
    "assert multiple_to_single([-4, 7, 7, 5, 1, 3]) == -477513": {
      "result": true,
      "time": 0.04128599166870117,
      "error": null
    },
    "assert multiple_to_single([-5, 4, 5, 4, 9, 10]) == -5454910": {
      "result": true,
      "time": 0.03509187698364258,
      "error": null
    },
    "assert multiple_to_single([1, 4, 4, 9, 5, 5]) == 144955": {
      "result": true,
      "time": 0.039824485778808594,
      "error": null
    },
    "assert multiple_to_single([-6, 3, 3, 3, 9, 3]) == -633393": {
      "result": true,
      "time": 0.045094966888427734,
      "error": null
    },
    "assert multiple_to_single([-1, 3, 7, 9, 5, 3]) == -137953": {
      "result": true,
      "time": 0.04067707061767578,
      "error": null
    },
    "assert multiple_to_single([-4, 6, 2, 7, 4, 11]) == -4627411": {
      "result": true,
      "time": 0.0413661003112793,
      "error": null
    },
    "assert multiple_to_single([1, 5, 4, 9, 9, 8]) == 154998": {
      "result": true,
      "time": 0.04248857498168945,
      "error": null
    },
    "assert multiple_to_single([-5, 7, 5, 2, 7, 4]) == -575274": {
      "result": true,
      "time": 0.041690826416015625,
      "error": null
    },
    "assert multiple_to_single([4, 5, 5, 4, 2, 7]) == 455427": {
      "result": true,
      "time": 0.040846824645996094,
      "error": null
    },
    "assert multiple_to_single([-1, 3, 5, 3, 2, 9]) == -135329": {
      "result": true,
      "time": 0.036345481872558594,
      "error": null
    },
    "assert multiple_to_single([-5, 7, 6, 3, 10, 3]) == -5763103": {
      "result": true,
      "time": 0.04028010368347168,
      "error": null
    },
    "assert multiple_to_single([2, 2, 4, 8, 1, 6]) == 224816": {
      "result": true,
      "time": 0.041539907455444336,
      "error": null
    },
    "assert multiple_to_single([-2, 3, 1, 7, 9, 8]) == -231798": {
      "result": true,
      "time": 0.041327714920043945,
      "error": null
    },