{
  "code": "def dog_age(human_years):\n    if human_years <= 0:\n        return 0\n    elif human_years == 1:\n        return 15\n    elif human_years == 2:\n        return 24\n    else:\n        return 24 + (human_years - 2) * 5",
  "results": {
    "assert dog_age(12)==61": {
      "result": false,
      "time": 0.03836798667907715,
      "error": null
    },
    "assert dog_age(15)==73": {
      "result": false,
      "time": 0.04701566696166992,
      "error": null
    },
    "assert dog_age(24)==109": {
      "result": false,
      "time": 0.03692936897277832,
      "error": null
    },
    "assert dog_age(17) == 81": {
      "result": false,
      "time": 0.03704833984375,
      "error": null
    },
    "assert dog_age(14) == 69": {
      "result": false,
      "time": 0.04085493087768555,
      "error": null
    },
    "assert dog_age(9) == 49": {
      "result": false,
      "time": 0.03760123252868652,
      "error": null
    },
    "assert dog_age(8) == 45": {
      "result": false,
      "time": 0.04636859893798828,
      "error": null
    },
    "assert dog_age(11) == 57": {
      "result": false,
      "time": 0.03970789909362793,
      "error": null
    },
    "assert dog_age(12) == 61": {
      "result": false,
      "time": 0.03757190704345703,
      "error": null
    },
    "assert dog_age(10) == 53": {
      "result": false,
      "time": 0.03491353988647461,
      "error": null
    },
    "assert dog_age(7) == 41": {
      "result": false,
      "time": 0.03702974319458008,
      "error": null
    },
    "assert dog_age(15) == 73": {
      "result": false,
      "time": 0.04012632369995117,
      "error": null
    },
    "assert dog_age(16) == 77": {
      "result": false,
      "time": 0.042372703552246094,
      "error": null
    },
    "assert dog_age(13) == 65": {
      "result": false,
      "time": 0.03853201866149902,
      "error": null
    },
    "assert dog_age(18) == 85": {
      "result": false,
      "time": 0.03621864318847656,
      "error": null
    },
    "assert dog_age(20) == 93": {
      "result": false,
      "time": 0.0375974178314209,
      "error": null
    },
    "assert dog_age(19) == 89": {
      "result": false,
      "time": 0.04488730430603027,
      "error": null
    },
    "assert dog_age(22) == 101": {
      "result": false,
      "time": 0.035745859146118164,
      "error": null
    },
    "assert dog_age(25) == 113": {
      "result": false,
      "time": 0.03454303741455078,
      "error": null
    },
    "assert dog_age(24) == 109": {
      "result": false,
      "time": 0.031440019607543945,
      "error": null
    },
    "assert dog_age(23) == 105": {
      "result": false,
      "time": 0.037517547607421875,
      "error": null
    },
    "assert dog_age(28) == 125": {
      "result": false,
      "time": 0.03834104537963867,
      "error": null
    },
    "assert dog_age(26) == 117": {
      "result": false,
      "time": 0.03577852249145508,
      "error": null
    },
    "assert dog_age(29) == 129": {
      "result": false,
      "time": 0.0375368595123291,
      "error": null
    },
    "assert dog_age(27) == 121": {
      "result": false,
      "time": 0.033582448959350586,
      "error": null
    }
  },
  "passed": false,
  "accuracy": 0.0,
  "general_error": "",
  "has_testcase_error": false
}