{
  "code": "def and_tuples(tuple1, tuple2):\n    return tuple(a & b for a, b in zip(tuple1, tuple2))",
  "results": {
    "assert and_tuples((10, 4, 6, 9), (5, 2, 3, 3)) == (0, 0, 2, 1)": {
      "result": true,
      "time": 0.039482831954956055,
      "error": null
    },
    "assert and_tuples((1, 2, 3, 4), (5, 6, 7, 8)) == (1, 2, 3, 0)": {
      "result": true,
      "time": 0.04471254348754883,
      "error": null
    },
    "assert and_tuples((8, 9, 11, 12), (7, 13, 14, 17)) == (0, 9, 10, 0)": {
      "result": true,
      "time": 0.04624581336975098,
      "error": null
    },
    "assert and_tuples((13, 7, 2, 9), (9, 7, 3, 5)) == (9, 7, 2, 1)": {
      "result": true,
      "time": 0.040932416915893555,
      "error": null
    },
    "assert and_tuples((11, 9, 5, 6), (2, 2, 6, 6)) == (2, 0, 4, 6)": {
      "result": true,
      "time": 0.04997563362121582,
      "error": null
    },
    "assert and_tuples((13, 4, 11, 10), (7, 3, 4, 8)) == (5, 0, 0, 8)": {
      "result": true,
      "time": 0.04474616050720215,
      "error": null
    },
    "assert and_tuples((6, 9, 10, 9), (3, 1, 7, 6)) == (2, 1, 2, 0)": {
      "result": true,
      "time": 0.045737504959106445,
      "error": null
    },
    "assert and_tuples((5, 3, 11, 7), (7, 5, 3, 5)) == (5, 1, 3, 5)": {
      "result": true,
      "time": 0.04085516929626465,
      "error": null
    },
    "assert and_tuples((5, 8, 5, 9), (8, 4, 2, 8)) == (0, 0, 0, 8)": {
      "result": true,
      "time": 0.04641079902648926,
      "error": null
    },
    "assert and_tuples((9, 2, 2, 6), (3, 1, 2, 7)) == (1, 0, 2, 6)": {
      "result": true,
      "time": 0.04775834083557129,
      "error": null
    },
    "assert and_tuples((11, 9, 2, 10), (10, 2, 4, 1)) == (10, 0, 0, 0)": {
      "result": true,
      "time": 0.05106687545776367,
      "error": null
    },
    "assert and_tuples((10, 3, 7, 11), (8, 7, 4, 3)) == (8, 3, 4, 3)": {
      "result": true,
      "time": 0.04718804359436035,
      "error": null
    },
    "assert and_tuples((11, 2, 5, 12), (8, 1, 6, 7)) == (8, 0, 4, 4)": {
      "result": true,
      "time": 0.05270051956176758,
      "error": null
    },
    "assert and_tuples((8, 3, 5, 8), (8, 3, 4, 4)) == (8, 3, 4, 0)": {
      "result": true,
      "time": 0.04726123809814453,
      "error": null
    },
    "assert and_tuples((14, 5, 4, 11), (10, 1, 7, 5)) == (10, 1, 4, 1)": {
      "result": true,
      "time": 0.04546976089477539,
      "error": null
    },
    "assert and_tuples((14, 6, 10, 12), (8, 3, 6, 5)) == (8, 2, 2, 4)": {
      "result": true,
      "time": 0.042093515396118164,
      "error": null
    },
    "assert and_tuples((9, 7, 6, 10), (1, 3, 8, 2)) == (1, 3, 0, 2)": {
      "result": true,
      "time": 0.05116128921508789,
      "error": null
    },
    "assert and_tuples((9, 5, 10, 11), (3, 6, 6, 8)) == (1, 4, 2, 8)": {
      "result": true,
      "time": 0.040144920349121094,
      "error": null
    },
    "assert and_tuples((11, 5, 1, 11), (4, 1, 3, 4)) == (0, 1, 1, 0)": {
      "result": true,
      "time": 0.04213380813598633,
      "error": null
    },
    "assert and_tuples((11, 7, 5, 13), (4, 7, 3, 2)) == (0, 7, 1, 0)": {
      "result": true,
      "time": 0.046111106872558594,
      "error": null
    },
    "assert and_tuples((10, 5, 4, 14), (2, 4, 1, 6)) == (2, 4, 0, 6)": {
      "result": true,
      "time": 0.04767322540283203,
      "error": null
    },
    "assert and_tuples((13, 7, 9, 10), (10, 6, 6, 6)) == (8, 6, 0, 2)": {
      "result": true,
      "time": 0.048429012298583984,
      "error": null
    },
    "assert and_tuples((5, 1, 5, 9), (5, 4, 2, 6)) == (5, 0, 0, 0)": {
      "result": true,
      "time": 0.04907083511352539,
      "error": null
    },
    "assert and_tuples((15, 1, 7, 7), (7, 6, 8, 1)) == (7, 0, 0, 1)": {
      "result": true,
      "time": 0.04775190353393555,
      "error": null
    },
    "assert and_tuples((9, 5, 4, 14), (10, 5, 3, 4)) == (8, 5, 0, 4)": {
      "result": true,
      "time": 0.053795814514160156,
      "error": null
    },
    "assert and_tuples((14, 6, 4, 10), (1, 1, 6, 5)) == (0, 0, 4, 0)": {
      "result": true,
      "time": 0.04703116416931152,
      "error": null
    },
    "assert and_tuples((7, 4, 8, 8), (7, 7, 5, 4)) == (7, 4, 0, 0)": {
      "result": true,
      "time": 0.050815582275390625,
      "error": null
    },
    "assert and_tuples((12, 8, 10, 8), (6, 2, 6, 2)) == (4, 0, 2, 0)": {
      "result": true,
      "time": 0.0383913516998291,
      "error": null
    },
    "assert and_tuples((9, 5, 3, 9), (1, 4, 2, 2)) == (1, 4, 2, 0)": {
      "result": true,
      "time": 0.042490482330322266,
      "error": null
    },
    "assert and_tuples((10, 8, 11, 7), (1, 7, 5, 6)) == (0, 0, 1, 6)": {
      "result": true,
      "time": 0.04090762138366699,
      "error": null
    },
    "assert and_tuples((7, 2, 9, 11), (3, 2, 1, 6)) == (3, 2, 1, 2)": {
      "result": true,
      "time": 0.03661608695983887,
      "error": null
    },
    "assert and_tuples((8, 8, 3, 12), (7, 1, 1, 4)) == (0, 0, 1, 4)": {
      "result": true,
      "time": 0.050657033920288086,
      "error": null
    },
    "assert and_tuples((11, 4, 8, 13), (2, 4, 2, 2)) == (2, 4, 0, 0)": {
      "result": true,
      "time": 0.046782493591308594,
      "error": null
    },
    "assert and_tuples((7, 7, 6, 14), (9, 7, 2, 7)) == (1, 7, 2, 6)": {
      "result": true,
      "time": 0.041748046875,
      "error": null
    },
    "assert and_tuples((15, 1, 3, 7), (2, 7, 7, 7)) == (2, 1, 3, 7)": {
      "result": true,
      "time": 0.04467582702636719,
      "error": null
    },
    "assert and_tuples((6, 7, 9, 14), (5, 4, 4, 3)) == (4, 4, 0, 2)": {
      "result": true,
      "time": 0.04362058639526367,
      "error": null
    },
    "assert and_tuples((2, 3, 5, 8), (8, 3, 12, 5)) == (0, 3, 4, 0)": {
      "result": true,
      "time": 0.05159950256347656,
      "error": null
    },
    "assert and_tuples((2, 2, 5, 6), (1, 2, 12, 9)) == (0, 2, 4, 0)": {
      "result": true,
      "time": 0.05266404151916504,
      "error": null
    },
    "assert and_tuples((6, 7, 8, 7), (9, 6, 7, 13)) == (0, 6, 0, 5)": {
      "result": true,
      "time": 0.04237556457519531,
      "error": null
    },
    "assert and_tuples((5, 3, 8, 7), (5, 3, 8, 7)) == (5, 3, 8, 7)": {
      "result": true,
      "time": 0.04165911674499512,
      "error": null
    },
    "assert and_tuples((5, 1, 1, 4), (9, 4, 7, 10)) == (1, 0, 1, 0)": {
      "result": true,
      "time": 0.048503875732421875,
      "error": null
    },
    "assert and_tuples((5, 2, 5, 6), (2, 7, 7, 7)) == (0, 2, 5, 6)": {
      "result": true,
      "time": 0.043744802474975586,
      "error": null
    },
    "assert and_tuples((3, 4, 3, 8), (8, 5, 9, 11)) == (0, 4, 1, 8)": {
      "result": true,
      "time": 0.044840097427368164,
      "error": null
    },
    "assert and_tuples((4, 2, 5, 1), (4, 11, 12, 4)) == (4, 2, 4, 0)": {
      "result": true,
      "time": 0.04960012435913086,
      "error": null
    },
    "assert and_tuples((3, 2, 4, 7), (8, 3, 7, 10)) == (0, 2, 4, 2)": {
      "result": true,
      "time": 0.045267581939697266,
      "error": null
    },
    "assert and_tuples((6, 2, 6, 8), (9, 6, 6, 12)) == (0, 2, 6, 8)": {
      "result": true,
      "time": 0.04352140426635742,
      "error": null
    },
    "assert and_tuples((1, 6, 8, 1), (9, 10, 6, 7)) == (1, 2, 0, 1)": {
      "result": true,
      "time": 0.05030679702758789,
      "error": null
    },
    "assert and_tuples((5, 4, 7, 4), (9, 10, 5, 7)) == (1, 0, 5, 4)": {
      "result": true,
      "time": 0.050919294357299805,
      "error": null
    },
    "assert and_tuples((1, 3, 4, 2), (3, 1, 5, 11)) == (1, 1, 4, 2)": {
      "result": true,
      "time": 0.04681730270385742,
      "error": null
    },
    "assert and_tuples((4, 1, 7, 8), (8, 6, 12, 8)) == (0, 0, 4, 8)": {
      "result": true,
      "time": 0.047035932540893555,
      "error": null
    },