{
  "code": "import math\n\ndef surfacearea_sphere(radius):\n    return 4 * math.pi * (radius ** 2)",
  "results": {
    "assert surfacearea_sphere(10)==1256.6370614359173": {
      "result": true,
      "time": 0.07763552665710449,
      "error": null
    },
    "assert surfacearea_sphere(15)==2827.4333882308138": {
      "result": true,
      "time": 0.07427120208740234,
      "error": null
    },
    "assert surfacearea_sphere(20)==5026.548245743669": {
      "result": true,
      "time": 0.0903787612915039,
      "error": null
    },
    "assert surfacearea_sphere(12) == 1809.5573684677208": {
      "result": true,
      "time": 0.07849383354187012,
      "error": null
    },
    "assert surfacearea_sphere(10) == 1256.6370614359173": {
      "result": true,
      "time": 0.08606910705566406,
      "error": null
    },
    "assert surfacearea_sphere(15) == 2827.4333882308138": {
      "result": true,
      "time": 0.09401369094848633,
      "error": null
    },
    "assert surfacearea_sphere(6) == 452.3893421169302": {
      "result": true,
      "time": 0.0827484130859375,
      "error": null
    },
    "assert surfacearea_sphere(9) == 1017.8760197630929": {
      "result": true,
      "time": 0.09577751159667969,
      "error": null
    },
    "assert surfacearea_sphere(13) == 2123.7166338267": {
      "result": true,
      "time": 0.08739042282104492,
      "error": null
    },
    "assert surfacearea_sphere(11) == 1520.5308443374597": {
      "result": false,
      "time": 0.10658693313598633,
      "error": null
    },
    "assert surfacearea_sphere(5) == 314.1592653589793": {
      "result": true,
      "time": 0.08870887756347656,
      "error": null
    },
    "assert surfacearea_sphere(8) == 804.247719318987": {
      "result": true,
      "time": 0.09270787239074707,
      "error": null
    },
    "assert surfacearea_sphere(14) == 2463.0086404143976": {
      "result": true,
      "time": 0.0855860710144043,
      "error": null
    },
    "assert surfacearea_sphere(17) == 3631.6811075498013": {
      "result": false,
      "time": 0.09527134895324707,
      "error": null
    },
    "assert surfacearea_sphere(18) == 4071.5040790523717": {
      "result": true,
      "time": 0.09181475639343262,
      "error": null
    },
    "assert surfacearea_sphere(20) == 5026.548245743669": {
      "result": true,
      "time": 0.09354305267333984,
      "error": null
    },
    "assert surfacearea_sphere(16) == 3216.990877275948": {
      "result": true,
      "time": 0.09253406524658203,
      "error": null
    },
    "assert surfacearea_sphere(19) == 4536.459791783661": {
      "result": true,
      "time": 0.08055543899536133,
      "error": null
    },
    "assert surfacearea_sphere(24) == 7238.229473870883": {
      "result": true,
      "time": 0.08717083930969238,
      "error": null
    },
    "assert surfacearea_sphere(23) == 6647.610054996002": {
      "result": true,
      "time": 0.09525585174560547,
      "error": null
    },
    "assert surfacearea_sphere(22) == 6082.123377349839": {
      "result": false,
      "time": 0.08847498893737793,
      "error": null
    },
    "assert surfacearea_sphere(21) == 5541.769440932396": {
      "result": false,
      "time": 0.10143423080444336,
      "error": null
    },
    "assert surfacearea_sphere(25) == 7853.981633974483": {
      "result": true,
      "time": 0.09241795539855957,
      "error": null
    }
  },
  "passed": false,
  "accuracy": 0.8260869565217391,
  "general_error": "",
  "has_testcase_error": false
}