{
  "code": "def max_product(arr, n):\n    # Initialize a list to store the maximum product ending at each position\n    max_prod = [1] * n\n    \n    for i in range(n):\n        max_prod[i] = arr[i]  # Initialize with the element itself\n        for j in range(i):\n            if arr[j] < arr[i] and max_prod[i] < max_prod[j] * arr[i]:\n                max_prod[i] = max_prod[j] * arr[i]\n    \n    return max(max_prod)",
  "results": {
    "assert max_product([3, 100, 4, 5, 150, 6], 6) == 45000 ": {
      "result": true,
      "time": 0.03455948829650879,
      "error": null
    },
    "assert max_product([4, 42, 55, 68, 80], 5) == 50265600": {
      "result": true,
      "time": 0.03679513931274414,
      "error": null
    },
    "assert max_product([10, 22, 9, 33, 21, 50, 41, 60], 8) == 21780000 ": {
      "result": true,
      "time": 0.04340481758117676,
      "error": null
    },
    "assert max_product([8, 96, 2, 8, 154, 4], 6) == 118272": {
      "result": true,
      "time": 0.04223346710205078,
      "error": null
    },
    "assert max_product([7, 95, 8, 9, 155, 9], 3) == 665": {
      "result": true,
      "time": 0.044063568115234375,
      "error": null
    },
    "assert max_product([2, 105, 2, 10, 145, 1], 5) == 30450": {
      "result": true,
      "time": 0.036905527114868164,
      "error": null
    },
    "assert max_product([4, 104, 9, 9, 150, 3], 1) == 4": {
      "result": true,
      "time": 0.03578495979309082,
      "error": null
    },
    "assert max_product([4, 100, 5, 7, 149, 7], 1) == 4": {
      "result": true,
      "time": 0.03321385383605957,
      "error": null
    },
    "assert max_product([8, 103, 2, 4, 149, 2], 2) == 824": {
      "result": true,
      "time": 0.03549957275390625,
      "error": null
    },
    "assert max_product([3, 105, 4, 9, 150, 10], 4) == 315": {
      "result": true,
      "time": 0.0338444709777832,
      "error": null
    },
    "assert max_product([6, 98, 5, 5, 147, 5], 5) == 86436": {
      "result": true,
      "time": 0.033995866775512695,
      "error": null
    },
    "assert max_product([7, 100, 6, 10, 155, 8], 4) == 700": {
      "result": true,
      "time": 0.034044504165649414,
      "error": null
    },
    "assert max_product([5, 100, 5, 8, 150, 4], 5) == 75000": {
      "result": true,
      "time": 0.03330707550048828,
      "error": null
    },
    "assert max_product([1, 97, 6, 4, 155, 7], 5) == 15035": {
      "result": true,
      "time": 0.038314104080200195,
      "error": null
    },
    "assert max_product([2, 100, 6, 10, 153, 10], 6) == 30600": {
      "result": true,
      "time": 0.03694009780883789,
      "error": null
    },
    "assert max_product([8, 99, 1, 1, 145, 7], 3) == 792": {
      "result": true,
      "time": 0.03793764114379883,
      "error": null
    },
    "assert max_product([1, 95, 4, 10, 150, 1], 2) == 95": {
      "result": true,
      "time": 0.03738212585449219,
      "error": null
    },
    "assert max_product([7, 100, 3, 9, 147, 4], 6) == 102900": {
      "result": true,
      "time": 0.035765886306762695,
      "error": null
    },
    "assert max_product([8, 97, 4, 3, 145, 7], 1) == 8": {
      "result": true,
      "time": 0.03336167335510254,
      "error": null
    },
    "assert max_product([7, 96, 2, 2, 152, 5], 5) == 102144": {
      "result": true,
      "time": 0.037660837173461914,
      "error": null
    },
    "assert max_product([3, 100, 6, 7, 154, 8], 1) == 3": {
      "result": true,
      "time": 0.038866519927978516,
      "error": null
    },
    "assert max_product([4, 95, 3, 8, 148, 11], 3) == 380": {
      "result": true,
      "time": 0.041420936584472656,
      "error": null
    },
    "assert max_product([4, 101, 5, 8, 155, 11], 3) == 404": {
      "result": true,
      "time": 0.04122591018676758,
      "error": null
    },
    "assert max_product([1, 104, 4, 8, 145, 11], 4) == 104": {
      "result": true,
      "time": 0.036983489990234375,
      "error": null
    },
    "assert max_product([6, 103, 2, 2, 155, 7], 4) == 618": {
      "result": true,
      "time": 0.03588438034057617,
      "error": null
    },
    "assert max_product([5, 99, 8, 8, 155, 3], 2) == 495": {
      "result": true,
      "time": 0.0382843017578125,
      "error": null
    },
    "assert max_product([6, 105, 5, 4, 146, 3], 3) == 630": {
      "result": true,
      "time": 0.03832364082336426,
      "error": null
    },
    "assert max_product([1, 100, 2, 6, 153, 2], 5) == 15300": {
      "result": true,
      "time": 0.03945612907409668,
      "error": null
    },
    "assert max_product([7, 95, 1, 1, 148, 11], 1) == 7": {
      "result": true,
      "time": 0.03483128547668457,
      "error": null
    },
    "assert max_product([8, 97, 8, 2, 155, 3], 3) == 776": {
      "result": true,
      "time": 0.03835582733154297,
      "error": null
    },
    "assert max_product([2, 101, 4, 10, 151, 11], 3) == 202": {
      "result": true,
      "time": 0.03846430778503418,
      "error": null
    },
    "assert max_product([7, 101, 7, 3, 148, 3], 5) == 104636": {
      "result": true,
      "time": 0.033210039138793945,
      "error": null
    },
    "assert max_product([6, 95, 8, 1, 147, 7], 1) == 6": {
      "result": true,
      "time": 0.03798055648803711,
      "error": null
    },
    "assert max_product([4, 99, 5, 1, 148, 6], 3) == 396": {
      "result": true,
      "time": 0.03047347068786621,
      "error": null
    },
    "assert max_product([8, 100, 8, 6, 149, 8], 4) == 800": {
      "result": true,
      "time": 0.03322434425354004,
      "error": null
    },
    "assert max_product([5, 103, 2, 7, 145, 6], 4) == 515": {
      "result": true,
      "time": 0.03401947021484375,
      "error": null
    },
    "assert max_product([6, 45, 59, 70, 81], 3) == 15930": {
      "result": true,
      "time": 0.0318756103515625,
      "error": null
    },
    "assert max_product([7, 43, 51, 73, 77], 2) == 301": {
      "result": true,
      "time": 0.039311885833740234,
      "error": null
    },
    "assert max_product([1, 39, 52, 68, 82], 1) == 1": {
      "result": true,
      "time": 0.0318295955657959,
      "error": null
    },
    "assert max_product([8, 40, 58, 71, 84], 4) == 1317760": {
      "result": true,
      "time": 0.03551459312438965,
      "error": null
    },
    "assert max_product([6, 37, 60, 68, 80], 2) == 222": {
      "result": true,
      "time": 0.0379335880279541,
      "error": null
    },
    "assert max_product([6, 41, 53, 65, 80], 3) == 13038": {
      "result": true,
      "time": 0.03679537773132324,
      "error": null
    },
    "assert max_product([4, 44, 59, 69, 84], 4) == 716496": {
      "result": true,
      "time": 0.03959155082702637,
      "error": null
    },
    "assert max_product([9, 43, 59, 64, 79], 3) == 22833": {
      "result": true,
      "time": 0.03705763816833496,
      "error": null
    },
    "assert max_product([5, 42, 50, 66, 81], 4) == 693000": {
      "result": true,
      "time": 0.03321719169616699,
      "error": null
    },
    "assert max_product([4, 44, 53, 71, 85], 5) == 56294480": {
      "result": true,
      "time": 0.037538766860961914,
      "error": null
    },
    "assert max_product([7, 47, 56, 66, 78], 5) == 94846752": {
      "result": true,
      "time": 0.03325033187866211,
      "error": null
    },
    "assert max_product([9, 45, 51, 68, 82], 5) == 115172280": {
      "result": true,
      "time": 0.05490565299987793,
      "error": null
    },
    "assert max_product([9, 47, 51, 69, 82], 4) == 1488537": {
      "result": true,
      "time": 0.041898250579833984,
      "error": null
    },
    "assert max_product([8, 37, 58, 68, 77], 4) == 1167424": {
      "result": true,
      "time": 0.06602787971496582,
      "error": null
    },
    "assert max_product([1, 38, 60, 65, 78], 5) == 11559600": {
      "result": true,
      "time": 0.0485837459564209,
      "error": null
    },