{
  "code": "def greater_specificnum(lst, num):\n    return all(x > num for x in lst)",
  "results": {
    "assert greater_specificnum([220, 330, 500],200)==True": {
      "result": true,
      "time": 0.034296274185180664,
      "error": null
    },
    "assert greater_specificnum([12, 17, 21],20)==False": {
      "result": true,
      "time": 0.03472185134887695,
      "error": null
    },
    "assert greater_specificnum([1,2,3,4],10)==False": {
      "result": true,
      "time": 0.03788614273071289,
      "error": null
    },
    "assert greater_specificnum([222, 335, 496], 203) == True": {
      "result": true,
      "time": 0.035479068756103516,
      "error": null
    },
    "assert greater_specificnum([220, 326, 501], 201) == True": {
      "result": true,
      "time": 0.04038643836975098,
      "error": null
    },
    "assert greater_specificnum([221, 330, 505], 195) == True": {
      "result": true,
      "time": 0.03399395942687988,
      "error": null
    },
    "assert greater_specificnum([221, 326, 495], 203) == True": {
      "result": true,
      "time": 0.03986358642578125,
      "error": null
    },
    "assert greater_specificnum([221, 333, 495], 205) == True": {
      "result": true,
      "time": 0.03983449935913086,
      "error": null
    },
    "assert greater_specificnum([224, 327, 505], 205) == True": {
      "result": true,
      "time": 0.040845394134521484,
      "error": null
    },
    "assert greater_specificnum([215, 335, 499], 196) == True": {
      "result": true,
      "time": 0.037087440490722656,
      "error": null
    },
    "assert greater_specificnum([221, 327, 504], 195) == True": {
      "result": true,
      "time": 0.037828922271728516,
      "error": null
    },
    "assert greater_specificnum([219, 333, 503], 200) == True": {
      "result": true,
      "time": 0.032386064529418945,
      "error": null
    },
    "assert greater_specificnum([220, 332, 498], 204) == True": {
      "result": true,
      "time": 0.04743695259094238,
      "error": null
    },
    "assert greater_specificnum([223, 326, 502], 201) == True": {
      "result": true,
      "time": 0.03702592849731445,
      "error": null
    },
    "assert greater_specificnum([218, 329, 504], 202) == True": {
      "result": true,
      "time": 0.03942704200744629,
      "error": null
    },
    "assert greater_specificnum([218, 335, 499], 199) == True": {
      "result": true,
      "time": 0.036585092544555664,
      "error": null
    },
    "assert greater_specificnum([225, 332, 497], 200) == True": {
      "result": true,
      "time": 0.03690218925476074,
      "error": null
    },
    "assert greater_specificnum([221, 331, 503], 204) == True": {
      "result": true,
      "time": 0.034070730209350586,
      "error": null
    },
    "assert greater_specificnum([217, 332, 501], 203) == True": {
      "result": true,
      "time": 0.054940223693847656,
      "error": null
    },
    "assert greater_specificnum([218, 329, 495], 203) == True": {
      "result": true,
      "time": 0.04422473907470703,
      "error": null
    },
    "assert greater_specificnum([220, 325, 502], 196) == True": {
      "result": true,
      "time": 0.04151773452758789,
      "error": null
    },
    "assert greater_specificnum([217, 333, 504], 200) == True": {
      "result": true,
      "time": 0.044332027435302734,
      "error": null
    },
    "assert greater_specificnum([215, 329, 503], 195) == True": {
      "result": true,
      "time": 0.04452657699584961,
      "error": null
    },
    "assert greater_specificnum([215, 326, 501], 196) == True": {
      "result": true,
      "time": 0.05233478546142578,
      "error": null
    },
    "assert greater_specificnum([225, 331, 503], 200) == True": {
      "result": true,
      "time": 0.04487729072570801,
      "error": null
    },
    "assert greater_specificnum([224, 335, 501], 195) == True": {
      "result": true,
      "time": 0.050348758697509766,
      "error": null
    },
    "assert greater_specificnum([216, 331, 498], 205) == True": {
      "result": true,
      "time": 0.05533790588378906,
      "error": null
    },
    "assert greater_specificnum([223, 326, 504], 204) == True": {
      "result": true,
      "time": 0.05794095993041992,
      "error": null
    },
    "assert greater_specificnum([222, 326, 503], 201) == True": {
      "result": true,
      "time": 0.05679798126220703,
      "error": null
    },
    "assert greater_specificnum([221, 333, 498], 201) == True": {
      "result": true,
      "time": 0.05830979347229004,
      "error": null
    },
    "assert greater_specificnum([221, 332, 502], 200) == True": {
      "result": true,
      "time": 0.052536964416503906,
      "error": null
    },
    "assert greater_specificnum([224, 331, 504], 197) == True": {
      "result": true,
      "time": 0.048813581466674805,
      "error": null
    },
    "assert greater_specificnum([223, 330, 502], 199) == True": {
      "result": true,
      "time": 0.04405403137207031,
      "error": null
    },
    "assert greater_specificnum([224, 329, 505], 201) == True": {
      "result": true,
      "time": 0.04563331604003906,
      "error": null
    },
    "assert greater_specificnum([222, 329, 496], 205) == True": {
      "result": true,
      "time": 0.05909132957458496,
      "error": null
    },
    "assert greater_specificnum([218, 333, 500], 200) == True": {
      "result": true,
      "time": 0.06858706474304199,
      "error": null
    },
    "assert greater_specificnum([15, 16, 21], 22) == False": {
      "result": true,
      "time": 0.05930781364440918,
      "error": null
    },
    "assert greater_specificnum([14, 21, 23], 18) == False": {
      "result": true,
      "time": 0.051141977310180664,
      "error": null
    },
    "assert greater_specificnum([13, 14, 18], 21) == False": {
      "result": true,
      "time": 0.055211544036865234,
      "error": null
    },
    "assert greater_specificnum([17, 19, 22], 24) == False": {
      "result": true,
      "time": 0.04402494430541992,
      "error": null
    },
    "assert greater_specificnum([11, 20, 16], 17) == False": {
      "result": true,
      "time": 0.05832624435424805,
      "error": null
    },
    "assert greater_specificnum([9, 12, 19], 20) == False": {
      "result": true,
      "time": 0.04479074478149414,
      "error": null
    },
    "assert greater_specificnum([11, 17, 20], 19) == False": {
      "result": true,
      "time": 0.04944586753845215,
      "error": null
    },
    "assert greater_specificnum([16, 22, 16], 20) == False": {
      "result": true,
      "time": 0.039008140563964844,
      "error": null
    },
    "assert greater_specificnum([8, 20, 18], 15) == False": {
      "result": true,
      "time": 0.04059886932373047,
      "error": null
    },
    "assert greater_specificnum([13, 16, 21], 19) == False": {
      "result": true,
      "time": 0.04792428016662598,
      "error": null
    },
    "assert greater_specificnum([17, 17, 23], 15) == True": {
      "result": true,
      "time": 0.04263043403625488,
      "error": null
    },
    "assert greater_specificnum([8, 17, 22], 18) == False": {
      "result": true,
      "time": 0.042259931564331055,
      "error": null
    },
    "assert greater_specificnum([17, 14, 19], 17) == False": {
      "result": true,
      "time": 0.03820037841796875,
      "error": null
    },
    "assert greater_specificnum([14, 19, 16], 20) == False": {
      "result": true,
      "time": 0.04229116439819336,
      "error": null
    },
    "assert greater_specificnum([11, 20, 22], 16) == False": {
      "result": true,
      "time": 0.042083024978637695,
      "error": null
    },
    "assert greater_specificnum([8, 15, 26], 19) == False": {
      "result": true,
      "time": 0.049443721771240234,
      "error": null
    },
    "assert greater_specificnum([11, 19, 16], 21) == False": {
      "result": true,
      "time": 0.04954671859741211,
      "error": null
    },