{
  "code": "def inversion_elements(test_tup):\n    return tuple(-x - 1 for x in test_tup)",
  "results": {
    "assert inversion_elements((7, 8, 9, 1, 10, 7)) == (-8, -9, -10, -2, -11, -8)": {
      "result": true,
      "time": 0.036484718322753906,
      "error": null
    },
    "assert inversion_elements((2, 4, 5, 6, 1, 7)) == (-3, -5, -6, -7, -2, -8)": {
      "result": true,
      "time": 0.04224085807800293,
      "error": null
    },
    "assert inversion_elements((8, 9, 11, 14, 12, 13)) == (-9, -10, -12, -15, -13, -14)": {
      "result": true,
      "time": 0.03731942176818848,
      "error": null
    },
    "assert inversion_elements((6, 6, 4, 2, 9, 5)) == (-7, -7, -5, -3, -10, -6)": {
      "result": true,
      "time": 0.03528594970703125,
      "error": null
    },
    "assert inversion_elements((2, 6, 13, 2, 13, 6)) == (-3, -7, -14, -3, -14, -7)": {
      "result": true,
      "time": 0.03979825973510742,
      "error": null
    },
    "assert inversion_elements((6, 3, 4, 3, 9, 6)) == (-7, -4, -5, -4, -10, -7)": {
      "result": true,
      "time": 0.03867077827453613,
      "error": null
    },
    "assert inversion_elements((3, 12, 10, 1, 7, 12)) == (-4, -13, -11, -2, -8, -13)": {
      "result": true,
      "time": 0.04195070266723633,
      "error": null
    },
    "assert inversion_elements((5, 8, 8, 6, 13, 3)) == (-6, -9, -9, -7, -14, -4)": {
      "result": true,
      "time": 0.03424978256225586,
      "error": null
    },
    "assert inversion_elements((11, 12, 14, 1, 5, 11)) == (-12, -13, -15, -2, -6, -12)": {
      "result": true,
      "time": 0.04002714157104492,
      "error": null
    },
    "assert inversion_elements((8, 4, 7, 6, 11, 7)) == (-9, -5, -8, -7, -12, -8)": {
      "result": true,
      "time": 0.049973487854003906,
      "error": null
    },
    "assert inversion_elements((9, 13, 10, 2, 13, 11)) == (-10, -14, -11, -3, -14, -12)": {
      "result": true,
      "time": 0.0411839485168457,
      "error": null
    },
    "assert inversion_elements((11, 12, 6, 2, 10, 4)) == (-12, -13, -7, -3, -11, -5)": {
      "result": true,
      "time": 0.05636739730834961,
      "error": null
    },
    "assert inversion_elements((5, 13, 5, 1, 7, 8)) == (-6, -14, -6, -2, -8, -9)": {
      "result": true,
      "time": 0.04868960380554199,
      "error": null
    },
    "assert inversion_elements((4, 9, 8, 5, 9, 3)) == (-5, -10, -9, -6, -10, -4)": {
      "result": true,
      "time": 0.06232762336730957,
      "error": null
    },
    "assert inversion_elements((3, 7, 13, 3, 14, 8)) == (-4, -8, -14, -4, -15, -9)": {
      "result": true,
      "time": 0.047039031982421875,
      "error": null
    },
    "assert inversion_elements((6, 3, 9, 6, 12, 9)) == (-7, -4, -10, -7, -13, -10)": {
      "result": true,
      "time": 0.06127285957336426,
      "error": null
    },
    "assert inversion_elements((12, 3, 8, 5, 14, 11)) == (-13, -4, -9, -6, -15, -12)": {
      "result": true,
      "time": 0.0688621997833252,
      "error": null
    },
    "assert inversion_elements((6, 3, 13, 4, 9, 11)) == (-7, -4, -14, -5, -10, -12)": {
      "result": true,
      "time": 0.06261777877807617,
      "error": null
    },
    "assert inversion_elements((9, 6, 11, 5, 12, 4)) == (-10, -7, -12, -6, -13, -5)": {
      "result": true,
      "time": 0.04777932167053223,
      "error": null
    },
    "assert inversion_elements((11, 11, 7, 1, 5, 3)) == (-12, -12, -8, -2, -6, -4)": {
      "result": true,
      "time": 0.05224037170410156,
      "error": null
    },
    "assert inversion_elements((9, 4, 10, 5, 14, 8)) == (-10, -5, -11, -6, -15, -9)": {
      "result": true,
      "time": 0.05330228805541992,
      "error": null
    },
    "assert inversion_elements((12, 5, 10, 5, 9, 3)) == (-13, -6, -11, -6, -10, -4)": {
      "result": true,
      "time": 0.055626869201660156,
      "error": null
    },
    "assert inversion_elements((12, 4, 10, 5, 15, 9)) == (-13, -5, -11, -6, -16, -10)": {
      "result": true,
      "time": 0.04696393013000488,
      "error": null
    },
    "assert inversion_elements((9, 5, 14, 6, 5, 2)) == (-10, -6, -15, -7, -6, -3)": {
      "result": true,
      "time": 0.05769848823547363,
      "error": null
    },
    "assert inversion_elements((9, 13, 10, 4, 14, 4)) == (-10, -14, -11, -5, -15, -5)": {
      "result": true,
      "time": 0.04887580871582031,
      "error": null
    },
    "assert inversion_elements((2, 8, 6, 3, 10, 12)) == (-3, -9, -7, -4, -11, -13)": {
      "result": true,
      "time": 0.06533479690551758,
      "error": null
    },
    "assert inversion_elements((6, 4, 13, 4, 11, 9)) == (-7, -5, -14, -5, -12, -10)": {
      "result": true,
      "time": 0.05131411552429199,
      "error": null
    },
    "assert inversion_elements((10, 6, 4, 5, 8, 11)) == (-11, -7, -5, -6, -9, -12)": {
      "result": true,
      "time": 0.04868602752685547,
      "error": null
    },
    "assert inversion_elements((5, 6, 7, 6, 14, 6)) == (-6, -7, -8, -7, -15, -7)": {
      "result": true,
      "time": 0.04833197593688965,
      "error": null
    },
    "assert inversion_elements((12, 10, 10, 2, 14, 5)) == (-13, -11, -11, -3, -15, -6)": {
      "result": true,
      "time": 0.03914022445678711,
      "error": null
    },
    "assert inversion_elements((7, 7, 14, 1, 6, 3)) == (-8, -8, -15, -2, -7, -4)": {
      "result": true,
      "time": 0.06177043914794922,
      "error": null
    },
    "assert inversion_elements((5, 5, 5, 5, 14, 6)) == (-6, -6, -6, -6, -15, -7)": {
      "result": true,
      "time": 0.05289602279663086,
      "error": null
    },
    "assert inversion_elements((4, 4, 5, 4, 6, 6)) == (-5, -5, -6, -5, -7, -7)": {
      "result": true,
      "time": 0.04946541786193848,
      "error": null
    },
    "assert inversion_elements((2, 6, 6, 2, 8, 12)) == (-3, -7, -7, -3, -9, -13)": {
      "result": true,
      "time": 0.05890154838562012,
      "error": null
    },
    "assert inversion_elements((8, 4, 11, 3, 12, 10)) == (-9, -5, -12, -4, -13, -11)": {
      "result": true,
      "time": 0.04999661445617676,
      "error": null
    },
    "assert inversion_elements((3, 12, 8, 1, 9, 5)) == (-4, -13, -9, -2, -10, -6)": {
      "result": true,
      "time": 0.06310796737670898,
      "error": null
    },
    "assert inversion_elements((3, 1, 1, 9, 5, 10)) == (-4, -2, -2, -10, -6, -11)": {
      "result": true,
      "time": 0.05960679054260254,
      "error": null
    },
    "assert inversion_elements((3, 4, 6, 2, 6, 8)) == (-4, -5, -7, -3, -7, -9)": {
      "result": true,
      "time": 0.03994560241699219,
      "error": null
    },
    "assert inversion_elements((2, 1, 10, 10, 5, 9)) == (-3, -2, -11, -11, -6, -10)": {
      "result": true,
      "time": 0.06338787078857422,
      "error": null
    },
    "assert inversion_elements((2, 2, 10, 11, 5, 10)) == (-3, -3, -11, -12, -6, -11)": {
      "result": true,
      "time": 0.04327964782714844,
      "error": null
    },
    "assert inversion_elements((1, 7, 2, 1, 6, 4)) == (-2, -8, -3, -2, -7, -5)": {
      "result": true,
      "time": 0.05656123161315918,
      "error": null
    },
    "assert inversion_elements((1, 3, 2, 1, 6, 10)) == (-2, -4, -3, -2, -7, -11)": {
      "result": true,
      "time": 0.053314208984375,
      "error": null
    },
    "assert inversion_elements((5, 8, 2, 5, 6, 6)) == (-6, -9, -3, -6, -7, -7)": {
      "result": true,
      "time": 0.04276466369628906,
      "error": null
    },
    "assert inversion_elements((4, 8, 3, 8, 6, 4)) == (-5, -9, -4, -9, -7, -5)": {
      "result": true,
      "time": 0.061020851135253906,
      "error": null
    },
    "assert inversion_elements((4, 9, 6, 10, 4, 2)) == (-5, -10, -7, -11, -5, -3)": {
      "result": true,
      "time": 0.06380701065063477,
      "error": null
    },
    "assert inversion_elements((3, 8, 1, 9, 3, 5)) == (-4, -9, -2, -10, -4, -6)": {
      "result": true,
      "time": 0.04541325569152832,
      "error": null
    },