{
  "code": "def remove_elements(main_list, remove_list):\n    return [item for item in main_list if item not in remove_list]",
  "results": {
    "assert remove_elements([1,2,3,4,5,6,7,8,9,10],[2,4,6,8])==[1, 3, 5, 7, 9, 10]": {
      "result": true,
      "time": 0.03220105171203613,
      "error": null
    },
    "assert remove_elements([1, 2, 3, 4, 5, 6, 7, 8, 9, 10],[1, 3, 5, 7])==[2, 4, 6, 8, 9, 10]": {
      "result": true,
      "time": 0.031039953231811523,
      "error": null
    },
    "assert remove_elements([1, 2, 3, 4, 5, 6, 7, 8, 9, 10],[5,7])==[1, 2, 3, 4, 6, 8, 9, 10]": {
      "result": true,
      "time": 0.035585880279541016,
      "error": null
    },
    "assert remove_elements([3, 2, 6, 2, 8, 11, 2, 6, 11, 13], [6, 9, 5, 8]) == [3, 2, 2, 11, 2, 11, 13]": {
      "result": true,
      "time": 0.02675318717956543,
      "error": null
    },
    "assert remove_elements([1, 6, 8, 1, 3, 1, 4, 6, 9, 11], [6, 7, 4, 11]) == [1, 8, 1, 3, 1, 9]": {
      "result": true,
      "time": 0.0345001220703125,
      "error": null
    },
    "assert remove_elements([5, 4, 7, 7, 5, 9, 7, 6, 12, 15], [4, 1, 4, 4]) == [5, 7, 7, 5, 9, 7, 6, 12, 15]": {
      "result": true,
      "time": 0.03098440170288086,
      "error": null
    },
    "assert remove_elements([2, 2, 4, 4, 2, 1, 9, 5, 7, 9], [4, 7, 10, 4]) == [2, 2, 2, 1, 9, 5, 9]": {
      "result": true,
      "time": 0.03486752510070801,
      "error": null
    },
    "assert remove_elements([6, 6, 2, 7, 1, 3, 11, 12, 6, 15], [5, 6, 2, 4]) == [7, 1, 3, 11, 12, 15]": {
      "result": true,
      "time": 0.03781628608703613,
      "error": null
    },
    "assert remove_elements([6, 7, 3, 9, 1, 1, 9, 5, 9, 7], [1, 7, 5, 6]) == [3, 9, 9, 9]": {
      "result": true,
      "time": 0.028873920440673828,
      "error": null
    },
    "assert remove_elements([4, 5, 7, 9, 7, 11, 9, 3, 6, 15], [7, 3, 3, 13]) == [4, 5, 9, 11, 9, 6, 15]": {
      "result": true,
      "time": 0.0353550910949707,
      "error": null
    },
    "assert remove_elements([2, 4, 8, 1, 1, 9, 9, 7, 10, 10], [1, 9, 6, 5]) == [2, 4, 8, 7, 10, 10]": {
      "result": true,
      "time": 0.03343629837036133,
      "error": null
    },
    "assert remove_elements([4, 1, 7, 2, 3, 8, 11, 8, 14, 6], [1, 5, 8, 10]) == [4, 7, 2, 3, 11, 14, 6]": {
      "result": true,
      "time": 0.03437328338623047,
      "error": null
    },
    "assert remove_elements([4, 1, 1, 8, 10, 1, 8, 9, 13, 11], [4, 8, 3, 10]) == [1, 1, 1, 9, 13, 11]": {
      "result": true,
      "time": 0.03480172157287598,
      "error": null
    },
    "assert remove_elements([2, 4, 8, 6, 10, 8, 10, 5, 7, 12], [6, 7, 10, 6]) == [2, 4, 8, 8, 5, 12]": {
      "result": true,
      "time": 0.03331160545349121,
      "error": null
    },
    "assert remove_elements([5, 5, 5, 6, 5, 2, 4, 13, 8, 9], [3, 7, 4, 8]) == [5, 5, 5, 6, 5, 2, 13, 9]": {
      "result": true,
      "time": 0.03757619857788086,
      "error": null
    },
    "assert remove_elements([1, 2, 8, 3, 9, 6, 4, 8, 10, 10], [7, 4, 11, 13]) == [1, 2, 8, 3, 9, 6, 8, 10, 10]": {
      "result": true,
      "time": 0.033173322677612305,
      "error": null
    },
    "assert remove_elements([4, 6, 4, 1, 6, 10, 9, 7, 7, 5], [4, 7, 9, 8]) == [6, 1, 6, 10, 5]": {
      "result": true,
      "time": 0.03143477439880371,
      "error": null
    },
    "assert remove_elements([5, 4, 3, 9, 9, 5, 2, 8, 13, 8], [1, 6, 4, 5]) == [3, 9, 9, 2, 8, 13, 8]": {
      "result": true,
      "time": 0.03140997886657715,
      "error": null
    },
    "assert remove_elements([5, 2, 1, 3, 1, 9, 9, 4, 11, 7], [4, 2, 9, 9]) == [5, 1, 3, 1, 11, 7]": {
      "result": true,
      "time": 0.027803659439086914,
      "error": null
    },
    "assert remove_elements([1, 4, 6, 9, 10, 11, 11, 8, 8, 12], [5, 2, 2, 6]) == [1, 4, 9, 10, 11, 11, 8, 8, 12]": {
      "result": true,
      "time": 0.032259225845336914,
      "error": null
    },
    "assert remove_elements([1, 5, 8, 5, 8, 4, 2, 6, 6, 7], [2, 7, 10, 3]) == [1, 5, 8, 5, 8, 4, 6, 6]": {
      "result": true,
      "time": 0.03371739387512207,
      "error": null
    },
    "assert remove_elements([5, 1, 1, 8, 7, 3, 4, 11, 12, 5], [6, 5, 8, 10]) == [1, 1, 7, 3, 4, 11, 12]": {
      "result": true,
      "time": 0.03663325309753418,
      "error": null
    },
    "assert remove_elements([2, 5, 2, 7, 5, 5, 2, 7, 6, 14], [7, 8, 9, 6]) == [2, 5, 2, 5, 5, 2, 14]": {
      "result": true,
      "time": 0.03575253486633301,
      "error": null
    },
    "assert remove_elements([2, 1, 7, 5, 7, 10, 8, 12, 10, 6], [1, 5, 1, 7]) == [2, 10, 8, 12, 10, 6]": {
      "result": true,
      "time": 0.03889918327331543,
      "error": null
    },
    "assert remove_elements([6, 4, 1, 6, 1, 6, 7, 11, 5, 5], [1, 4, 1, 9]) == [6, 6, 6, 7, 11, 5, 5]": {
      "result": true,
      "time": 0.029379844665527344,
      "error": null
    },
    "assert remove_elements([1, 4, 6, 2, 8, 1, 8, 9, 7, 12], [6, 9, 7, 6]) == [1, 4, 2, 8, 1, 8, 12]": {
      "result": true,
      "time": 0.031040430068969727,
      "error": null
    },
    "assert remove_elements([4, 5, 7, 6, 4, 2, 7, 12, 4, 5], [6, 5, 2, 9]) == [4, 7, 4, 7, 12, 4]": {
      "result": true,
      "time": 0.03555727005004883,
      "error": null
    },
    "assert remove_elements([3, 5, 6, 5, 9, 1, 8, 12, 12, 13], [2, 7, 8, 4]) == [3, 5, 6, 5, 9, 1, 12, 12, 13]": {
      "result": true,
      "time": 0.03735518455505371,
      "error": null
    },
    "assert remove_elements([1, 7, 5, 3, 6, 6, 2, 3, 10, 8], [3, 2, 2, 10]) == [1, 7, 5, 6, 6, 8]": {
      "result": true,
      "time": 0.031239032745361328,
      "error": null
    },
    "assert remove_elements([1, 7, 2, 7, 6, 9, 4, 12, 8, 6], [7, 6, 3, 5]) == [1, 2, 9, 4, 12, 8]": {
      "result": true,
      "time": 0.03973031044006348,
      "error": null
    },
    "assert remove_elements([5, 3, 3, 3, 6, 4, 12, 4, 12, 12], [5, 9, 1, 3]) == [6, 4, 12, 4, 12, 12]": {
      "result": true,
      "time": 0.038728952407836914,
      "error": null
    },
    "assert remove_elements([4, 1, 7, 6, 10, 2, 2, 10, 5, 5], [5, 3, 4, 5]) == [1, 7, 6, 10, 2, 2, 10]": {
      "result": true,
      "time": 0.03319835662841797,
      "error": null
    },
    "assert remove_elements([3, 6, 6, 7, 2, 2, 9, 6, 12, 12], [5, 6, 7, 12]) == [3, 2, 2, 9]": {
      "result": true,
      "time": 0.039249420166015625,
      "error": null
    },
    "assert remove_elements([2, 1, 8, 7, 3, 1, 8, 10, 4, 13], [3, 3, 10, 13]) == [2, 1, 8, 7, 1, 8, 4]": {
      "result": true,
      "time": 0.032106876373291016,
      "error": null
    },
    "assert remove_elements([5, 5, 6, 1, 9, 3, 8, 13, 11, 13], [3, 7, 6, 13]) == [5, 5, 1, 9, 8, 11]": {
      "result": true,
      "time": 0.03891324996948242,
      "error": null
    },
    "assert remove_elements([6, 6, 1, 7, 3, 11, 6, 11, 14, 15], [2, 5, 5, 6]) == [1, 7, 3, 11, 11, 14, 15]": {
      "result": true,
      "time": 0.036342620849609375,
      "error": null
    },
    "assert remove_elements([3, 7, 5, 6, 1, 6, 5, 5, 14, 7], [4, 2, 2, 9]) == [3, 7, 5, 6, 1, 6, 5, 5, 14, 7]": {
      "result": true,
      "time": 0.038030147552490234,
      "error": null
    },
    "assert remove_elements([5, 5, 5, 3, 2, 7, 2, 12, 9, 6], [6, 2, 9, 5]) == [3, 7, 12]": {
      "result": true,
      "time": 0.03400683403015137,
      "error": null
    },
    "assert remove_elements([1, 4, 3, 1, 3, 2, 8, 9, 4, 11], [4, 8, 10, 8]) == [1, 3, 1, 3, 2, 9, 11]": {
      "result": true,
      "time": 0.035065412521362305,
      "error": null
    },
    "assert remove_elements([3, 3, 8, 5, 3, 4, 9, 12, 10, 14], [4, 6, 10, 10]) == [3, 3, 8, 5, 3, 9, 12, 14]": {
      "result": true,
      "time": 0.02935338020324707,
      "error": null
    },
    "assert remove_elements([1, 3, 5, 4, 6, 11, 9, 12, 7, 14], [4, 7, 6, 7]) == [1, 3, 5, 11, 9, 12, 14]": {
      "result": true,
      "time": 0.03603243827819824,
      "error": null
    },