{
  "code": "def find_tuples(tuples_list, k):\n    result = [tup for tup in tuples_list if all(elem % k == 0 for elem in tup)]\n    return str(result)",
  "results": {
    "assert find_tuples([(6, 24, 12), (7, 9, 6), (12, 18, 21)], 6) == '[(6, 24, 12)]'": {
      "result": true,
      "time": 0.04477095603942871,
      "error": null
    },
    "assert find_tuples([(5, 25, 30), (4, 2, 3), (7, 8, 9)], 5) == '[(5, 25, 30)]'": {
      "result": true,
      "time": 0.05501556396484375,
      "error": null
    },
    "assert find_tuples([(7, 9, 16), (8, 16, 4), (19, 17, 18)], 4) == '[(8, 16, 4)]'": {
      "result": true,
      "time": 0.04648137092590332,
      "error": null
    },
    "assert find_tuples([(11, 22, 15), (9, 11, 5), (16, 18, 25)], 11) == []": {
      "result": false,
      "time": 0.05482316017150879,
      "error": null
    },
    "assert find_tuples([(1, 26, 9), (2, 13, 6), (11, 23, 16)], 2) == []": {
      "result": false,
      "time": 0.047301530838012695,
      "error": null
    },
    "assert find_tuples([(5, 28, 10), (2, 6, 6), (9, 21, 21)], 11) == []": {
      "result": false,
      "time": 0.04490995407104492,
      "error": null
    },
    "assert find_tuples([(11, 26, 8), (4, 12, 5), (9, 19, 16)], 4) == []": {
      "result": false,
      "time": 0.05113697052001953,
      "error": null
    },
    "assert find_tuples([(5, 22, 10), (8, 12, 2), (7, 15, 19)], 2) == [(8, 12, 2)]": {
      "result": false,
      "time": 0.04149270057678223,
      "error": null
    },
    "assert find_tuples([(1, 20, 14), (11, 5, 10), (12, 20, 21)], 7) == []": {
      "result": false,
      "time": 0.04098081588745117,
      "error": null
    },
    "assert find_tuples([(1, 27, 14), (6, 12, 7), (10, 14, 23)], 5) == []": {
      "result": false,
      "time": 0.043570756912231445,
      "error": null
    },
    "assert find_tuples([(2, 28, 11), (2, 5, 4), (7, 14, 17)], 6) == []": {
      "result": false,
      "time": 0.04777359962463379,
      "error": null
    },
    "assert find_tuples([(8, 25, 15), (6, 6, 3), (10, 21, 24)], 2) == []": {
      "result": false,
      "time": 0.04365658760070801,
      "error": null
    },
    "assert find_tuples([(11, 23, 8), (12, 6, 4), (17, 16, 25)], 9) == []": {
      "result": false,
      "time": 0.03972983360290527,
      "error": null
    },
    "assert find_tuples([(9, 29, 10), (7, 10, 5), (10, 22, 24)], 1) == [(9, 29, 10), (7, 10, 5), (10, 22, 24)]": {
      "result": false,
      "time": 0.0406796932220459,
      "error": null
    },
    "assert find_tuples([(3, 28, 17), (3, 7, 2), (13, 15, 18)], 8) == []": {
      "result": false,
      "time": 0.047724246978759766,
      "error": null
    },
    "assert find_tuples([(6, 25, 16), (3, 7, 5), (7, 18, 16)], 9) == []": {
      "result": false,
      "time": 0.05064678192138672,
      "error": null
    },
    "assert find_tuples([(10, 23, 17), (6, 8, 6), (17, 19, 21)], 1) == [(10, 23, 17), (6, 8, 6), (17, 19, 21)]": {
      "result": false,
      "time": 0.0476529598236084,
      "error": null
    },
    "assert find_tuples([(8, 20, 10), (8, 14, 8), (14, 14, 19)], 3) == []": {
      "result": false,
      "time": 0.04535222053527832,
      "error": null
    },
    "assert find_tuples([(3, 23, 15), (9, 11, 1), (14, 23, 16)], 2) == []": {
      "result": false,
      "time": 0.04563117027282715,
      "error": null
    },
    "assert find_tuples([(11, 27, 17), (11, 11, 8), (14, 17, 26)], 9) == []": {
      "result": false,
      "time": 0.04131436347961426,
      "error": null
    },
    "assert find_tuples([(7, 21, 13), (6, 4, 2), (10, 20, 16)], 1) == [(7, 21, 13), (6, 4, 2), (10, 20, 16)]": {
      "result": false,
      "time": 0.04323625564575195,
      "error": null
    },
    "assert find_tuples([(7, 19, 8), (7, 6, 5), (13, 22, 20)], 4) == []": {
      "result": false,
      "time": 0.043355703353881836,
      "error": null
    },
    "assert find_tuples([(3, 21, 7), (9, 11, 8), (13, 13, 22)], 8) == []": {
      "result": false,
      "time": 0.04117178916931152,
      "error": null
    },
    "assert find_tuples([(11, 29, 16), (6, 5, 2), (17, 16, 20)], 5) == []": {
      "result": false,
      "time": 0.04310750961303711,
      "error": null
    },
    "assert find_tuples([(9, 20, 10), (8, 14, 1), (16, 15, 21)], 7) == []": {
      "result": false,
      "time": 0.04037117958068848,
      "error": null
    },
    "assert find_tuples([(5, 28, 12), (10, 9, 4), (17, 13, 19)], 11) == []": {
      "result": false,
      "time": 0.047759056091308594,
      "error": null
    },
    "assert find_tuples([(11, 24, 16), (11, 5, 6), (16, 16, 22)], 2) == [(16, 16, 22)]": {
      "result": false,
      "time": 0.04402756690979004,
      "error": null
    },
    "assert find_tuples([(7, 26, 12), (10, 14, 6), (17, 23, 19)], 8) == []": {
      "result": false,
      "time": 0.044267892837524414,
      "error": null
    },
    "assert find_tuples([(8, 28, 11), (5, 12, 3), (8, 14, 19)], 3) == []": {
      "result": false,
      "time": 0.04244375228881836,
      "error": null
    },
    "assert find_tuples([(7, 22, 12), (3, 13, 9), (11, 15, 23)], 4) == []": {
      "result": false,
      "time": 0.04052591323852539,
      "error": null
    },
    "assert find_tuples([(1, 24, 15), (5, 13, 7), (15, 22, 25)], 10) == []": {
      "result": false,
      "time": 0.04222893714904785,
      "error": null
    },
    "assert find_tuples([(5, 24, 13), (2, 12, 4), (17, 14, 23)], 5) == []": {
      "result": false,
      "time": 0.047960519790649414,
      "error": null
    },
    "assert find_tuples([(4, 26, 17), (4, 4, 10), (10, 19, 21)], 7) == []": {
      "result": false,
      "time": 0.04240012168884277,
      "error": null
    },
    "assert find_tuples([(5, 23, 15), (7, 8, 4), (9, 14, 20)], 11) == []": {
      "result": false,
      "time": 0.043601036071777344,
      "error": null
    },
    "assert find_tuples([(3, 29, 16), (9, 12, 8), (17, 18, 25)], 5) == []": {
      "result": false,
      "time": 0.04147219657897949,
      "error": null
    },
    "assert find_tuples([(5, 29, 15), (12, 13, 3), (13, 19, 18)], 8) == []": {
      "result": false,
      "time": 0.04702401161193848,
      "error": null
    },
    "assert find_tuples([(9, 27, 28), (7, 6, 5), (6, 6, 14)], 5) == []": {
      "result": false,
      "time": 0.042012929916381836,
      "error": null
    },
    "assert find_tuples([(3, 30, 34), (1, 7, 6), (4, 8, 9)], 6) == []": {
      "result": false,
      "time": 0.04967641830444336,
      "error": null
    },
    "assert find_tuples([(2, 30, 33), (1, 5, 8), (10, 12, 13)], 1) == [(2, 30, 33), (1, 5, 8), (10, 12, 13)]": {
      "result": false,
      "time": 0.043668270111083984,
      "error": null
    },
    "assert find_tuples([(2, 26, 26), (9, 4, 1), (6, 4, 10)], 2) == [(2, 26, 26), (6, 4, 10)]": {
      "result": false,
      "time": 0.041901350021362305,
      "error": null
    },
    "assert find_tuples([(2, 22, 29), (3, 7, 6), (4, 9, 4)], 7) == []": {
      "result": false,
      "time": 0.043084144592285156,
      "error": null
    },
    "assert find_tuples([(6, 25, 34), (8, 3, 5), (2, 13, 6)], 3) == []": {
      "result": false,
      "time": 0.045900821685791016,
      "error": null
    },
    "assert find_tuples([(4, 21, 25), (6, 2, 4), (5, 9, 9)], 3) == []": {
      "result": false,
      "time": 0.039342641830444336,
      "error": null
    },
    "assert find_tuples([(7, 29, 28), (1, 6, 2), (9, 9, 12)], 3) == [(9, 9, 12)]": {
      "result": false,
      "time": 0.04534029960632324,
      "error": null
    },
    "assert find_tuples([(7, 29, 30), (4, 5, 4), (8, 5, 9)], 6) == []": {
      "result": false,
      "time": 0.04724621772766113,
      "error": null
    },
    "assert find_tuples([(6, 24, 30), (5, 2, 4), (6, 11, 5)], 7) == []": {
      "result": false,
      "time": 0.03811335563659668,
      "error": null
    },
    "assert find_tuples([(3, 24, 33), (6, 2, 7), (8, 13, 9)], 10) == []": {
      "result": false,