{
  "code": "def last_Digit(number):\n    return abs(number) % 10",
  "results": {
    "assert last_Digit(123) == 3": {
      "result": true,
      "time": 0.0415492057800293,
      "error": null
    },
    "assert last_Digit(25) == 5": {
      "result": true,
      "time": 0.04902911186218262,
      "error": null
    },
    "assert last_Digit(30) == 0": {
      "result": true,
      "time": 0.051221370697021484,
      "error": null
    },
    "assert last_Digit(126) == 6": {
      "result": true,
      "time": 0.054538726806640625,
      "error": null
    },
    "assert last_Digit(119) == 9": {
      "result": true,
      "time": 0.037592411041259766,
      "error": null
    },
    "assert last_Digit(120) == 0": {
      "result": true,
      "time": 0.033133506774902344,
      "error": null
    },
    "assert last_Digit(124) == 4": {
      "result": true,
      "time": 0.03916645050048828,
      "error": null
    },
    "assert last_Digit(118) == 8": {
      "result": true,
      "time": 0.0440216064453125,
      "error": null
    },
    "assert last_Digit(128) == 8": {
      "result": true,
      "time": 0.038393497467041016,
      "error": null
    },
    "assert last_Digit(127) == 7": {
      "result": true,
      "time": 0.04767346382141113,
      "error": null
    },
    "assert last_Digit(121) == 1": {
      "result": true,
      "time": 0.04687786102294922,
      "error": null
    },
    "assert last_Digit(122) == 2": {
      "result": true,
      "time": 0.04583740234375,
      "error": null
    },
    "assert last_Digit(125) == 5": {
      "result": true,
      "time": 0.04024243354797363,
      "error": null
    },
    "assert last_Digit(21) == 1": {
      "result": true,
      "time": 0.04908347129821777,
      "error": null
    },
    "assert last_Digit(26) == 6": {
      "result": true,
      "time": 0.05035090446472168,
      "error": null
    },
    "assert last_Digit(24) == 4": {
      "result": true,
      "time": 0.04625988006591797,
      "error": null
    },
    "assert last_Digit(23) == 3": {
      "result": true,
      "time": 0.04807400703430176,
      "error": null
    },
    "assert last_Digit(27) == 7": {
      "result": true,
      "time": 0.04310750961303711,
      "error": null
    },
    "assert last_Digit(20) == 0": {
      "result": true,
      "time": 0.04788994789123535,
      "error": null
    },
    "assert last_Digit(22) == 2": {
      "result": true,
      "time": 0.05166339874267578,
      "error": null
    },
    "assert last_Digit(28) == 8": {
      "result": true,
      "time": 0.047037363052368164,
      "error": null
    },
    "assert last_Digit(29) == 9": {
      "result": true,
      "time": 0.05370306968688965,
      "error": null
    },
    "assert last_Digit(33) == 3": {
      "result": true,
      "time": 0.044138193130493164,
      "error": null
    },
    "assert last_Digit(31) == 1": {
      "result": true,
      "time": 0.044678449630737305,
      "error": null
    },
    "assert last_Digit(32) == 2": {
      "result": true,
      "time": 0.0393376350402832,
      "error": null
    },
    "assert last_Digit(34) == 4": {
      "result": true,
      "time": 0.05277538299560547,
      "error": null
    },
    "assert last_Digit(35) == 5": {
      "result": true,
      "time": 0.046449899673461914,
      "error": null
    }
  },
  "passed": true,
  "accuracy": 1.0,
  "general_error": "",
  "has_testcase_error": false
}