{
  "code": "def remove_tuple(input_tuple):\n    # Convert the tuple to a set to remove duplicates, then back to a tuple\n    unique_elements = tuple(sorted(set(input_tuple)))\n    return unique_elements",
  "results": {
    "assert remove_tuple((1, 3, 5, 2, 3, 5, 1, 1, 3)) == (1, 2, 3, 5)": {
      "result": true,
      "time": 0.04074716567993164,
      "error": null
    },
    "assert remove_tuple((2, 3, 4, 4, 5, 6, 6, 7, 8, 8)) == (2, 3, 4, 5, 6, 7, 8)": {
      "result": true,
      "time": 0.03939962387084961,
      "error": null
    },
    "assert remove_tuple((11, 12, 13, 11, 11, 12, 14, 13)) == (11, 12, 13, 14)": {
      "result": true,
      "time": 0.0423741340637207,
      "error": null
    },
    "assert remove_tuple((4, 7, 1, 3, 4, 6, 3, 5, 6)) == (1, 3, 4, 5, 6, 7)": {
      "result": true,
      "time": 0.0366666316986084,
      "error": null
    },
    "assert remove_tuple((6, 5, 6, 5, 2, 7, 5, 5, 5)) == (2, 5, 6, 7)": {
      "result": true,
      "time": 0.039492130279541016,
      "error": null
    },
    "assert remove_tuple((2, 6, 6, 6, 6, 9, 1, 5, 2)) == (1, 2, 5, 6, 9)": {
      "result": true,
      "time": 0.04033970832824707,
      "error": null
    },
    "assert remove_tuple((3, 6, 7, 5, 1, 4, 4, 5, 4)) == (1, 3, 4, 5, 6, 7)": {
      "result": true,
      "time": 0.043021440505981445,
      "error": null
    },
    "assert remove_tuple((2, 4, 10, 7, 7, 2, 3, 6, 6)) == (2, 3, 4, 6, 7, 10)": {
      "result": true,
      "time": 0.039885520935058594,
      "error": null
    },
    "assert remove_tuple((5, 7, 9, 3, 1, 8, 1, 1, 1)) == (1, 3, 5, 7, 8, 9)": {
      "result": true,
      "time": 0.053018808364868164,
      "error": null
    },
    "assert remove_tuple((5, 3, 10, 2, 8, 10, 6, 1, 7)) == (1, 2, 3, 5, 6, 7, 8, 10)": {
      "result": true,
      "time": 0.05088925361633301,
      "error": null
    },
    "assert remove_tuple((3, 1, 8, 3, 4, 9, 5, 4, 1)) == (1, 3, 4, 5, 8, 9)": {
      "result": true,
      "time": 0.04463338851928711,
      "error": null
    },
    "assert remove_tuple((2, 4, 3, 5, 6, 2, 3, 6, 4)) == (2, 3, 4, 5, 6)": {
      "result": true,
      "time": 0.05048537254333496,
      "error": null
    },
    "assert remove_tuple((2, 2, 1, 6, 6, 10, 3, 5, 3)) == (1, 2, 3, 5, 6, 10)": {
      "result": true,
      "time": 0.05511188507080078,
      "error": null
    },
    "assert remove_tuple((6, 6, 5, 3, 5, 10, 2, 4, 5)) == (2, 3, 4, 5, 6, 10)": {
      "result": true,
      "time": 0.04317426681518555,
      "error": null
    },
    "assert remove_tuple((2, 7, 4, 2, 7, 6, 5, 6, 6)) == (2, 4, 5, 6, 7)": {
      "result": true,
      "time": 0.042520999908447266,
      "error": null
    },
    "assert remove_tuple((3, 6, 8, 2, 2, 3, 4, 5, 7)) == (2, 3, 4, 5, 6, 7, 8)": {
      "result": true,
      "time": 0.03726029396057129,
      "error": null
    },
    "assert remove_tuple((2, 5, 3, 6, 6, 4, 4, 2, 2)) == (2, 3, 4, 5, 6)": {
      "result": true,
      "time": 0.045200347900390625,
      "error": null
    },
    "assert remove_tuple((6, 4, 1, 6, 1, 9, 3, 1, 5)) == (1, 3, 4, 5, 6, 9)": {
      "result": true,
      "time": 0.063812255859375,
      "error": null
    },
    "assert remove_tuple((3, 2, 4, 5, 6, 7, 4, 1, 4)) == (1, 2, 3, 4, 5, 6, 7)": {
      "result": true,
      "time": 0.05474400520324707,
      "error": null
    },
    "assert remove_tuple((6, 4, 3, 7, 2, 4, 3, 5, 7)) == (2, 3, 4, 5, 6, 7)": {
      "result": true,
      "time": 0.0563054084777832,
      "error": null
    },
    "assert remove_tuple((1, 5, 3, 2, 6, 9, 4, 3, 4)) == (1, 2, 3, 4, 5, 6, 9)": {
      "result": true,
      "time": 0.05933952331542969,
      "error": null
    },
    "assert remove_tuple((6, 8, 5, 2, 8, 2, 5, 6, 7)) == (2, 5, 6, 7, 8)": {
      "result": true,
      "time": 0.044325828552246094,
      "error": null
    },
    "assert remove_tuple((2, 6, 6, 3, 4, 2, 5, 1, 8)) == (1, 2, 3, 4, 5, 6, 8)": {
      "result": true,
      "time": 0.059561729431152344,
      "error": null
    },
    "assert remove_tuple((2, 7, 6, 5, 8, 7, 2, 4, 1)) == (1, 2, 4, 5, 6, 7, 8)": {
      "result": true,
      "time": 0.04185056686401367,
      "error": null
    },
    "assert remove_tuple((2, 2, 4, 3, 5, 1, 3, 5, 6)) == (1, 2, 3, 4, 5, 6)": {
      "result": true,
      "time": 0.0517575740814209,
      "error": null
    },
    "assert remove_tuple((4, 5, 6, 7, 8, 2, 3, 1, 2)) == (1, 2, 3, 4, 5, 6, 7, 8)": {
      "result": true,
      "time": 0.06006622314453125,
      "error": null
    },
    "assert remove_tuple((6, 6, 5, 7, 3, 5, 1, 4, 5)) == (1, 3, 4, 5, 6, 7)": {
      "result": true,
      "time": 0.06542730331420898,
      "error": null
    },
    "assert remove_tuple((3, 4, 2, 6, 5, 4, 1, 1, 8)) == (1, 2, 3, 4, 5, 6, 8)": {
      "result": true,
      "time": 0.049710750579833984,
      "error": null
    },
    "assert remove_tuple((2, 3, 5, 6, 6, 2, 5, 5, 1)) == (1, 2, 3, 5, 6)": {
      "result": true,
      "time": 0.05648016929626465,
      "error": null
    },
    "assert remove_tuple((6, 5, 10, 2, 7, 6, 5, 1, 7)) == (1, 2, 5, 6, 7, 10)": {
      "result": true,
      "time": 0.051010847091674805,
      "error": null
    },
    "assert remove_tuple((1, 6, 5, 3, 3, 7, 1, 1, 2)) == (1, 2, 3, 5, 6, 7)": {
      "result": true,
      "time": 0.06346011161804199,
      "error": null
    },
    "assert remove_tuple((6, 2, 4, 2, 1, 5, 3, 5, 1)) == (1, 2, 3, 4, 5, 6)": {
      "result": true,
      "time": 0.04899716377258301,
      "error": null
    },
    "assert remove_tuple((6, 5, 6, 1, 6, 9, 2, 1, 7)) == (1, 2, 5, 6, 7, 9)": {
      "result": true,
      "time": 0.05761981010437012,
      "error": null
    },
    "assert remove_tuple((1, 8, 3, 6, 1, 2, 6, 6, 6)) == (1, 2, 3, 6, 8)": {
      "result": true,
      "time": 0.05475902557373047,
      "error": null
    },
    "assert remove_tuple((6, 5, 5, 6, 3, 3, 2, 5, 2)) == (2, 3, 5, 6)": {
      "result": true,
      "time": 0.05955624580383301,
      "error": null
    },
    "assert remove_tuple((3, 7, 10, 6, 8, 9, 3, 6, 6)) == (3, 6, 7, 8, 9, 10)": {
      "result": true,
      "time": 0.05144786834716797,
      "error": null
    },
    "assert remove_tuple((1, 1, 9, 5, 1, 3, 11, 10, 9, 3)) == (1, 3, 5, 9, 10, 11)": {
      "result": true,
      "time": 0.05337095260620117,
      "error": null
    },
    "assert remove_tuple((5, 4, 9, 6, 5, 9, 8, 10, 6, 9)) == (4, 5, 6, 8, 9, 10)": {
      "result": true,
      "time": 0.04658007621765137,
      "error": null
    },
    "assert remove_tuple((5, 1, 2, 1, 8, 4, 11, 2, 11, 13)) == (1, 2, 4, 5, 8, 11, 13)": {
      "result": true,
      "time": 0.06101560592651367,
      "error": null
    },
    "assert remove_tuple((7, 5, 1, 4, 1, 7, 3, 11, 13, 5)) == (1, 3, 4, 5, 7, 11, 13)": {
      "result": true,
      "time": 0.0525202751159668,
      "error": null
    },
    "assert remove_tuple((4, 6, 4, 4, 10, 3, 7, 3, 11, 12)) == (3, 4, 6, 7, 10, 11, 12)": {
      "result": true,
      "time": 0.05738210678100586,
      "error": null
    },
    "assert remove_tuple((7, 3, 4, 2, 4, 6, 8, 8, 11, 9)) == (2, 3, 4, 6, 7, 8, 9, 11)": {
      "result": true,
      "time": 0.049345970153808594,
      "error": null
    },
    "assert remove_tuple((6, 4, 4, 6, 7, 4, 9, 5, 13, 6)) == (4, 5, 6, 7, 9, 13)": {
      "result": true,
      "time": 0.05882549285888672,
      "error": null
    },
    "assert remove_tuple((4, 5, 8, 8, 2, 11, 4, 8, 10, 12)) == (2, 4, 5, 8, 10, 11, 12)": {
      "result": true,
      "time": 0.06276893615722656,
      "error": null
    },
    "assert remove_tuple((6, 1, 1, 1, 4, 1, 2, 3, 6, 8)) == (1, 2, 3, 4, 6, 8)": {
      "result": true,
      "time": 0.050015926361083984,
      "error": null
    },
    "assert remove_tuple((2, 3, 9, 7, 6, 7, 11, 10, 12, 5)) == (2, 3, 5, 6, 7, 9, 10, 11, 12)": {
      "result": true,
      "time": 0.0669248104095459,
      "error": null
    },
    "assert remove_tuple((6, 7, 9, 7, 8, 3, 10, 7, 12, 6)) == (3, 6, 7, 8, 9, 10, 12)": {
      "result": true,