{
  "code": "from collections import Counter\n\ndef max_occurrences(lst):\n    counter = Counter(lst)\n    max_item = max(counter.items(), key=lambda x: x[1])\n    return max_item",
  "results": {
    "assert max_occurrences([2,3,8,4,7,9,8,2,6,5,1,6,1,2,3,2,4,6,9,1,2])==(2, 5)": {
      "result": true,
      "time": 0.27356481552124023,
      "error": null
    },
    "assert max_occurrences([2,3,8,4,7,9,8,7,9,15,14,10,12,13,16,16,18])==(8, 2)": {
      "result": true,
      "time": 0.25804877281188965,
      "error": null
    },
    "assert max_occurrences([10,20,20,30,40,90,80,50,30,20,50,10])==(20, 3)": {
      "result": true,
      "time": 0.2946748733520508,
      "error": null
    },
    "assert max_occurrences([3, 2, 8, 3, 11, 10, 5, 1, 3, 3, 4, 6, 2, 5, 6, 7, 6, 2, 4, 6, 7]) == (3, 4)": {
      "result": true,
      "time": 0.2776374816894531,
      "error": null
    },
    "assert max_occurrences([5, 6, 7, 8, 12, 14, 13, 2, 10, 3, 2, 5, 5, 3, 7, 7, 1, 10, 4, 1, 2]) == (5, 3)": {
      "result": true,
      "time": 0.2537496089935303,
      "error": null
    },
    "assert max_occurrences([7, 8, 13, 5, 12, 13, 3, 4, 10, 6, 1, 4, 4, 1, 6, 5, 6, 2, 14, 3, 3]) == (3, 3)": {
      "result": true,
      "time": 0.25290751457214355,
      "error": null
    },
    "assert max_occurrences([5, 2, 5, 7, 6, 8, 10, 1, 2, 2, 5, 6, 2, 1, 6, 4, 8, 8, 9, 5, 2]) == (2, 5)": {
      "result": true,
      "time": 0.26607275009155273,
      "error": null
    },
    "assert max_occurrences([7, 4, 6, 6, 6, 5, 6, 3, 10, 4, 6, 2, 3, 7, 8, 3, 4, 3, 5, 6, 2]) == (6, 6)": {
      "result": true,
      "time": 0.2663872241973877,
      "error": null
    },
    "assert max_occurrences([5, 1, 3, 4, 6, 14, 10, 3, 8, 1, 3, 9, 4, 3, 5, 2, 4, 1, 11, 6, 6]) == (3, 4)": {
      "result": true,
      "time": 0.2643120288848877,
      "error": null
    },
    "assert max_occurrences([6, 5, 8, 3, 4, 4, 9, 2, 11, 4, 2, 6, 4, 5, 7, 2, 4, 1, 14, 4, 5]) == (4, 6)": {
      "result": true,
      "time": 0.2658355236053467,
      "error": null
    },
    "assert max_occurrences([2, 6, 7, 3, 7, 7, 8, 2, 9, 3, 4, 4, 2, 7, 6, 1, 1, 7, 12, 5, 2]) == (7, 5)": {
      "result": true,
      "time": 0.2598445415496826,
      "error": null
    },
    "assert max_occurrences([5, 4, 9, 1, 3, 7, 9, 1, 7, 5, 5, 2, 6, 4, 1, 7, 1, 5, 6, 4, 4]) == (5, 4)": {
      "result": true,
      "time": 0.2783386707305908,
      "error": null
    },
    "assert max_occurrences([6, 8, 9, 8, 8, 8, 11, 6, 11, 9, 6, 9, 5, 1, 4, 5, 1, 5, 13, 4, 6]) == (6, 4)": {
      "result": true,
      "time": 0.25494980812072754,
      "error": null
    },
    "assert max_occurrences([7, 6, 7, 5, 7, 10, 3, 6, 2, 9, 2, 1, 4, 6, 5, 7, 9, 7, 4, 4, 5]) == (7, 5)": {
      "result": true,
      "time": 0.27758026123046875,
      "error": null
    },
    "assert max_occurrences([7, 3, 9, 8, 12, 6, 8, 4, 10, 7, 2, 6, 6, 3, 1, 1, 6, 10, 7, 2, 6]) == (6, 5)": {
      "result": true,
      "time": 0.26593613624572754,
      "error": null
    },
    "assert max_occurrences([5, 3, 10, 7, 10, 8, 7, 1, 11, 3, 3, 6, 1, 2, 8, 5, 2, 3, 9, 4, 2]) == (3, 4)": {
      "result": true,
      "time": 0.2684175968170166,
      "error": null
    },
    "assert max_occurrences([4, 1, 5, 3, 10, 12, 10, 4, 9, 7, 3, 8, 2, 5, 6, 5, 3, 11, 10, 6, 7]) == (5, 3)": {
      "result": true,
      "time": 0.25943684577941895,
      "error": null
    },
    "assert max_occurrences([7, 4, 9, 7, 8, 10, 11, 3, 11, 9, 6, 9, 5, 7, 7, 7, 9, 10, 11, 6, 3]) == (7, 5)": {
      "result": true,
      "time": 0.2597923278808594,
      "error": null
    },
    "assert max_occurrences([4, 8, 4, 5, 4, 13, 13, 2, 10, 7, 6, 7, 2, 5, 5, 6, 2, 7, 13, 6, 5]) == (5, 4)": {
      "result": true,
      "time": 0.26929807662963867,
      "error": null
    },
    "assert max_occurrences([7, 7, 8, 3, 2, 6, 5, 3, 8, 2, 2, 10, 6, 2, 8, 4, 8, 4, 5, 3, 4]) == (8, 4)": {
      "result": true,
      "time": 0.2823319435119629,
      "error": null
    },
    "assert max_occurrences([6, 4, 3, 6, 10, 7, 8, 4, 4, 10, 5, 11, 4, 5, 8, 3, 2, 8, 6, 3, 6]) == (6, 4)": {
      "result": true,
      "time": 0.26225996017456055,
      "error": null
    },
    "assert max_occurrences([6, 3, 7, 1, 2, 10, 10, 7, 3, 7, 2, 6, 2, 2, 1, 5, 8, 9, 14, 1, 7]) == (7, 4)": {
      "result": true,
      "time": 0.2638692855834961,
      "error": null
    },
    "assert max_occurrences([5, 7, 6, 7, 11, 14, 5, 5, 1, 10, 3, 7, 1, 7, 4, 7, 2, 7, 14, 4, 2]) == (7, 6)": {
      "result": true,
      "time": 0.2653632164001465,
      "error": null
    },
    "assert max_occurrences([5, 6, 11, 7, 3, 11, 7, 2, 9, 5, 6, 1, 1, 6, 4, 7, 8, 10, 6, 2, 1]) == (6, 4)": {
      "result": true,
      "time": 0.2511014938354492,
      "error": null
    },
    "assert max_occurrences([2, 4, 6, 9, 5, 8, 3, 1, 11, 7, 5, 11, 5, 2, 2, 3, 7, 5, 6, 6, 2]) == (2, 4)": {
      "result": true,
      "time": 0.25696468353271484,
      "error": null
    },
    "assert max_occurrences([1, 4, 6, 8, 6, 5, 7, 6, 10, 3, 1, 2, 4, 4, 7, 2, 2, 6, 11, 5, 1]) == (6, 4)": {
      "result": true,
      "time": 0.2525367736816406,
      "error": null
    },
    "assert max_occurrences([3, 8, 12, 8, 6, 7, 6, 1, 8, 6, 3, 7, 1, 2, 1, 6, 9, 10, 13, 4, 2]) == (6, 4)": {
      "result": true,
      "time": 0.27463436126708984,
      "error": null
    },
    "assert max_occurrences([3, 3, 13, 8, 10, 14, 10, 3, 4, 8, 5, 1, 2, 4, 8, 4, 2, 7, 8, 4, 7]) == (8, 4)": {
      "result": true,
      "time": 0.2734835147857666,
      "error": null
    },
    "assert max_occurrences([4, 2, 11, 3, 9, 4, 8, 6, 4, 1, 4, 4, 5, 4, 4, 5, 7, 7, 14, 1, 4]) == (4, 8)": {
      "result": true,
      "time": 0.25780820846557617,
      "error": null
    },
    "assert max_occurrences([6, 3, 4, 4, 6, 7, 10, 5, 3, 6, 4, 2, 4, 6, 3, 6, 9, 9, 14, 1, 4]) == (6, 5)": {
      "result": true,
      "time": 0.2650623321533203,
      "error": null
    },
    "assert max_occurrences([3, 1, 5, 2, 4, 8, 8, 7, 5, 10, 1, 7, 2, 2, 8, 5, 8, 5, 6, 6, 1]) == (5, 4)": {
      "result": true,
      "time": 0.2736549377441406,
      "error": null
    },
    "assert max_occurrences([7, 6, 8, 4, 6, 12, 11, 2, 9, 3, 1, 10, 4, 5, 6, 7, 8, 1, 13, 6, 2]) == (6, 4)": {
      "result": true,
      "time": 0.2839674949645996,
      "error": null
    },
    "assert max_occurrences([6, 8, 12, 1, 10, 12, 5, 2, 7, 4, 3, 5, 3, 2, 2, 2, 5, 8, 12, 2, 4]) == (2, 5)": {
      "result": true,
      "time": 0.27065610885620117,
      "error": null
    },
    "assert max_occurrences([4, 2, 8, 8, 3, 9, 7, 5, 3, 9, 4, 6, 1, 1, 8, 1, 6, 1, 11, 6, 1]) == (1, 5)": {
      "result": true,
      "time": 0.25972843170166016,
      "error": null
    },
    "assert max_occurrences([7, 2, 7, 1, 9, 5, 4, 1, 2, 3, 6, 5, 5, 2, 2, 5, 9, 10, 12, 1, 1]) == (2, 4)": {
      "result": true,
      "time": 0.2585773468017578,
      "error": null
    },
    "assert max_occurrences([5, 8, 4, 7, 3, 4, 12, 6, 4, 7, 6, 10, 4, 7, 8, 4, 7, 8, 7, 2, 5]) == (4, 5)": {
      "result": true,
      "time": 0.2780418395996094,
      "error": null
    },
    "assert max_occurrences([5, 3, 8, 2, 10, 14, 9, 4, 11, 17, 10, 9, 10, 17, 13, 17, 16]) == (10, 3)": {
      "result": true,
      "time": 0.31056904792785645,
      "error": null
    },
    "assert max_occurrences([4, 5, 4, 5, 3, 4, 13, 12, 13, 10, 16, 14, 14, 18, 12, 14, 14]) == (14, 4)": {
      "result": true,
      "time": 0.2982494831085205,
      "error": null
    },
    "assert max_occurrences([6, 4, 11, 8, 5, 11, 6, 5, 6, 18, 9, 14, 10, 9, 20, 14, 18]) == (6, 3)": {
      "result": true,
      "time": 0.28755807876586914,
      "error": null
    },
    "assert max_occurrences([2, 7, 9, 5, 2, 4, 11, 3, 8, 14, 11, 14, 14, 8, 20, 20, 21]) == (14, 3)": {
      "result": true,
      "time": 0.2887091636657715,
      "error": null
    },
    "assert max_occurrences([4, 1, 12, 6, 5, 10, 5, 2, 7, 10, 13, 7, 7, 13, 16, 14, 18]) == (7, 3)": {
      "result": true,
      "time": 0.28733277320861816,