{
  "code": "def swap_numbers(a, b):\n    return (b, a)",
  "results": {
    "assert swap_numbers(10,20)==(20,10)": {
      "result": true,
      "time": 0.03454995155334473,
      "error": null
    },
    "assert swap_numbers(15,17)==(17,15)": {
      "result": true,
      "time": 0.04155468940734863,
      "error": null
    },
    "assert swap_numbers(100,200)==(200,100)": {
      "result": true,
      "time": 0.03902101516723633,
      "error": null
    },
    "assert swap_numbers(9, 18) == (18, 9)": {
      "result": true,
      "time": 0.036942481994628906,
      "error": null
    },
    "assert swap_numbers(5, 24) == (24, 5)": {
      "result": true,
      "time": 0.04069042205810547,
      "error": null
    },
    "assert swap_numbers(9, 24) == (24, 9)": {
      "result": true,
      "time": 0.042176008224487305,
      "error": null
    },
    "assert swap_numbers(12, 17) == (17, 12)": {
      "result": true,
      "time": 0.03473663330078125,
      "error": null
    },
    "assert swap_numbers(15, 21) == (21, 15)": {
      "result": true,
      "time": 0.04243874549865723,
      "error": null
    },
    "assert swap_numbers(5, 22) == (22, 5)": {
      "result": true,
      "time": 0.04001188278198242,
      "error": null
    },
    "assert swap_numbers(5, 18) == (18, 5)": {
      "result": true,
      "time": 0.03666830062866211,
      "error": null
    },
    "assert swap_numbers(15, 16) == (16, 15)": {
      "result": true,
      "time": 0.0423429012298584,
      "error": null
    },
    "assert swap_numbers(13, 21) == (21, 13)": {
      "result": true,
      "time": 0.0312802791595459,
      "error": null
    },
    "assert swap_numbers(8, 21) == (21, 8)": {
      "result": true,
      "time": 0.04305410385131836,
      "error": null
    },
    "assert swap_numbers(11, 23) == (23, 11)": {
      "result": true,
      "time": 0.03148794174194336,
      "error": null
    },
    "assert swap_numbers(15, 24) == (24, 15)": {
      "result": true,
      "time": 0.035375118255615234,
      "error": null
    },
    "assert swap_numbers(9, 20) == (20, 9)": {
      "result": true,
      "time": 0.038613319396972656,
      "error": null
    },
    "assert swap_numbers(10, 22) == (22, 10)": {
      "result": true,
      "time": 0.03824043273925781,
      "error": null
    },
    "assert swap_numbers(8, 15) == (15, 8)": {
      "result": true,
      "time": 0.030889511108398438,
      "error": null
    },
    "assert swap_numbers(10, 20) == (20, 10)": {
      "result": true,
      "time": 0.03146028518676758,
      "error": null
    },
    "assert swap_numbers(11, 17) == (17, 11)": {
      "result": true,
      "time": 0.03469681739807129,
      "error": null
    },
    "assert swap_numbers(6, 18) == (18, 6)": {
      "result": true,
      "time": 0.031847238540649414,
      "error": null
    },
    "assert swap_numbers(13, 23) == (23, 13)": {
      "result": true,
      "time": 0.03411126136779785,
      "error": null
    },
    "assert swap_numbers(6, 24) == (24, 6)": {
      "result": true,
      "time": 0.0326998233795166,
      "error": null
    },
    "assert swap_numbers(6, 23) == (23, 6)": {
      "result": true,
      "time": 0.037537574768066406,
      "error": null
    },
    "assert swap_numbers(12, 23) == (23, 12)": {
      "result": true,
      "time": 0.034258127212524414,
      "error": null
    },
    "assert swap_numbers(13, 24) == (24, 13)": {
      "result": true,
      "time": 0.02958226203918457,
      "error": null
    },
    "assert swap_numbers(12, 24) == (24, 12)": {
      "result": true,
      "time": 0.03719377517700195,
      "error": null
    },
    "assert swap_numbers(7, 24) == (24, 7)": {
      "result": true,
      "time": 0.0316774845123291,
      "error": null
    },
    "assert swap_numbers(10, 16) == (16, 10)": {
      "result": true,
      "time": 0.04034090042114258,
      "error": null
    },
    "assert swap_numbers(5, 16) == (16, 5)": {
      "result": true,
      "time": 0.04009723663330078,
      "error": null
    },
    "assert swap_numbers(7, 23) == (23, 7)": {
      "result": true,
      "time": 0.03324103355407715,
      "error": null
    },
    "assert swap_numbers(17, 14) == (14, 17)": {
      "result": true,
      "time": 0.03824257850646973,
      "error": null
    },
    "assert swap_numbers(17, 19) == (19, 17)": {
      "result": true,
      "time": 0.04024314880371094,
      "error": null
    },
    "assert swap_numbers(10, 18) == (18, 10)": {
      "result": true,
      "time": 0.042592763900756836,
      "error": null
    },
    "assert swap_numbers(16, 18) == (18, 16)": {
      "result": true,
      "time": 0.0386195182800293,
      "error": null
    },
    "assert swap_numbers(18, 18) == (18, 18)": {
      "result": true,
      "time": 0.03946042060852051,
      "error": null
    },
    "assert swap_numbers(19, 16) == (16, 19)": {
      "result": true,
      "time": 0.042012929916381836,
      "error": null
    },
    "assert swap_numbers(15, 12) == (12, 15)": {
      "result": true,
      "time": 0.03674793243408203,
      "error": null
    },
    "assert swap_numbers(12, 13) == (13, 12)": {
      "result": true,
      "time": 0.03519487380981445,
      "error": null
    },
    "assert swap_numbers(12, 16) == (16, 12)": {
      "result": true,
      "time": 0.03849363327026367,
      "error": null
    },
    "assert swap_numbers(19, 12) == (12, 19)": {
      "result": true,
      "time": 0.039099931716918945,
      "error": null
    },
    "assert swap_numbers(20, 21) == (21, 20)": {
      "result": true,
      "time": 0.03269839286804199,
      "error": null
    },
    "assert swap_numbers(14, 14) == (14, 14)": {
      "result": true,
      "time": 0.04368853569030762,
      "error": null
    },
    "assert swap_numbers(15, 15) == (15, 15)": {
      "result": true,
      "time": 0.039397239685058594,
      "error": null
    },
    "assert swap_numbers(20, 18) == (18, 20)": {
      "result": true,
      "time": 0.04350924491882324,
      "error": null
    },
    "assert swap_numbers(18, 13) == (13, 18)": {
      "result": true,
      "time": 0.041610002517700195,
      "error": null
    },
    "assert swap_numbers(14, 21) == (21, 14)": {
      "result": true,
      "time": 0.03572583198547363,
      "error": null
    },
    "assert swap_numbers(11, 13) == (13, 11)": {
      "result": true,
      "time": 0.04128313064575195,
      "error": null
    },
    "assert swap_numbers(14, 15) == (15, 14)": {
      "result": true,
      "time": 0.04368138313293457,
      "error": null
    },
    "assert swap_numbers(11, 21) == (21, 11)": {
      "result": true,
      "time": 0.03847551345825195,
      "error": null
    },
    "assert swap_numbers(17, 17) == (17, 17)": {
      "result": true,
      "time": 0.03132033348083496,
      "error": null
    },
    "assert swap_numbers(14, 12) == (12, 14)": {
      "result": true,
      "time": 0.038137197494506836,
      "error": null
    },
    "assert swap_numbers(15, 19) == (19, 15)": {
      "result": true,
      "time": 0.04604148864746094,
      "error": null
    },
    "assert swap_numbers(19, 18) == (18, 19)": {
      "result": true,
      "time": 0.03794240951538086,
      "error": null
    },
    "assert swap_numbers(17, 22) == (22, 17)": {
      "result": true,
      "time": 0.03951597213745117,
      "error": null
    },
    "assert swap_numbers(14, 22) == (22, 14)": {
      "result": true,
      "time": 0.03564333915710449,
      "error": null
    },
    "assert swap_numbers(14, 18) == (18, 14)": {
      "result": true,
      "time": 0.030263185501098633,
      "error": null
    },
    "assert swap_numbers(10, 17) == (17, 10)": {
      "result": true,
      "time": 0.03758668899536133,
      "error": null
    },
    "assert swap_numbers(15, 18) == (18, 15)": {
      "result": true,
      "time": 0.03956747055053711,
      "error": null
    },
    "assert swap_numbers(13, 22) == (22, 13)": {
      "result": true,
      "time": 0.034041404724121094,