{
  "code": "def add_lists(lst, tup):\n    return tup + tuple(lst)",
  "results": {
    "assert add_lists([5, 6, 7], (9, 10)) == (9, 10, 5, 6, 7)": {
      "result": true,
      "time": 0.045295000076293945,
      "error": null
    },
    "assert add_lists([6, 7, 8], (10, 11)) == (10, 11, 6, 7, 8)": {
      "result": true,
      "time": 0.04004359245300293,
      "error": null
    },
    "assert add_lists([7, 8, 9], (11, 12)) == (11, 12, 7, 8, 9)": {
      "result": true,
      "time": 0.0444636344909668,
      "error": null
    },
    "assert add_lists([6, 4, 9], (13, 5)) == (13, 5, 6, 4, 9)": {
      "result": true,
      "time": 0.044342041015625,
      "error": null
    },
    "assert add_lists([2, 9, 7], (8, 14)) == (8, 14, 2, 9, 7)": {
      "result": true,
      "time": 0.039980411529541016,
      "error": null
    },
    "assert add_lists([4, 3, 10], (11, 9)) == (11, 9, 4, 3, 10)": {
      "result": true,
      "time": 0.040436744689941406,
      "error": null
    },
    "assert add_lists([3, 6, 7], (9, 12)) == (9, 12, 3, 6, 7)": {
      "result": true,
      "time": 0.040376901626586914,
      "error": null
    },
    "assert add_lists([8, 4, 5], (13, 12)) == (13, 12, 8, 4, 5)": {
      "result": true,
      "time": 0.04177379608154297,
      "error": null
    },
    "assert add_lists([7, 6, 3], (13, 9)) == (13, 9, 7, 6, 3)": {
      "result": true,
      "time": 0.03836703300476074,
      "error": null
    },
    "assert add_lists([6, 11, 5], (13, 15)) == (13, 15, 6, 11, 5)": {
      "result": true,
      "time": 0.044298648834228516,
      "error": null
    },
    "assert add_lists([3, 5, 2], (11, 15)) == (11, 15, 3, 5, 2)": {
      "result": true,
      "time": 0.03963875770568848,
      "error": null
    },
    "assert add_lists([6, 3, 3], (10, 9)) == (10, 9, 6, 3, 3)": {
      "result": true,
      "time": 0.0369265079498291,
      "error": null
    },
    "assert add_lists([9, 3, 3], (13, 9)) == (13, 9, 9, 3, 3)": {
      "result": true,
      "time": 0.03828859329223633,
      "error": null
    },
    "assert add_lists([9, 4, 11], (11, 13)) == (11, 13, 9, 4, 11)": {
      "result": true,
      "time": 0.0384516716003418,
      "error": null
    },
    "assert add_lists([8, 2, 2], (12, 13)) == (12, 13, 8, 2, 2)": {
      "result": true,
      "time": 0.041619062423706055,
      "error": null
    },
    "assert add_lists([5, 8, 6], (6, 14)) == (6, 14, 5, 8, 6)": {
      "result": true,
      "time": 0.04281163215637207,
      "error": null
    },
    "assert add_lists([4, 3, 12], (10, 7)) == (10, 7, 4, 3, 12)": {
      "result": true,
      "time": 0.052863359451293945,
      "error": null
    },
    "assert add_lists([6, 9, 9], (13, 15)) == (13, 15, 6, 9, 9)": {
      "result": true,
      "time": 0.03679013252258301,
      "error": null
    },
    "assert add_lists([9, 11, 11], (4, 12)) == (4, 12, 9, 11, 11)": {
      "result": true,
      "time": 0.03589463233947754,
      "error": null
    },
    "assert add_lists([5, 5, 8], (7, 15)) == (7, 15, 5, 5, 8)": {
      "result": true,
      "time": 0.05627274513244629,
      "error": null
    },
    "assert add_lists([7, 5, 9], (7, 9)) == (7, 9, 7, 5, 9)": {
      "result": true,
      "time": 0.046443939208984375,
      "error": null
    },
    "assert add_lists([7, 8, 3], (10, 15)) == (10, 15, 7, 8, 3)": {
      "result": true,
      "time": 0.04166412353515625,
      "error": null
    },
    "assert add_lists([4, 6, 11], (5, 5)) == (5, 5, 4, 6, 11)": {
      "result": true,
      "time": 0.037601470947265625,
      "error": null
    },
    "assert add_lists([10, 10, 3], (4, 5)) == (4, 5, 10, 10, 3)": {
      "result": true,
      "time": 0.03514909744262695,
      "error": null
    },
    "assert add_lists([6, 11, 11], (13, 9)) == (13, 9, 6, 11, 11)": {
      "result": true,
      "time": 0.04081916809082031,
      "error": null
    },
    "assert add_lists([3, 3, 2], (4, 13)) == (4, 13, 3, 3, 2)": {
      "result": true,
      "time": 0.039708852767944336,
      "error": null
    },
    "assert add_lists([9, 5, 9], (11, 6)) == (11, 6, 9, 5, 9)": {
      "result": true,
      "time": 0.04166054725646973,
      "error": null
    },
    "assert add_lists([2, 3, 11], (5, 14)) == (5, 14, 2, 3, 11)": {
      "result": true,
      "time": 0.05302143096923828,
      "error": null
    },
    "assert add_lists([1, 7, 12], (5, 6)) == (5, 6, 1, 7, 12)": {
      "result": true,
      "time": 0.0377202033996582,
      "error": null
    },
    "assert add_lists([7, 3, 11], (10, 8)) == (10, 8, 7, 3, 11)": {
      "result": true,
      "time": 0.04031038284301758,
      "error": null
    },
    "assert add_lists([10, 9, 2], (6, 12)) == (6, 12, 10, 9, 2)": {
      "result": true,
      "time": 0.04859113693237305,
      "error": null
    },
    "assert add_lists([10, 5, 12], (6, 12)) == (6, 12, 10, 5, 12)": {
      "result": true,
      "time": 0.044411420822143555,
      "error": null
    },
    "assert add_lists([2, 2, 7], (7, 7)) == (7, 7, 2, 2, 7)": {
      "result": true,
      "time": 0.04514312744140625,
      "error": null
    },
    "assert add_lists([10, 3, 4], (5, 8)) == (5, 8, 10, 3, 4)": {
      "result": true,
      "time": 0.04312396049499512,
      "error": null
    },
    "assert add_lists([8, 11, 8], (4, 9)) == (4, 9, 8, 11, 8)": {
      "result": true,
      "time": 0.038448333740234375,
      "error": null
    },
    "assert add_lists([10, 3, 6], (9, 10)) == (9, 10, 10, 3, 6)": {
      "result": true,
      "time": 0.041967153549194336,
      "error": null
    },
    "assert add_lists([3, 7, 6], (13, 15)) == (13, 15, 3, 7, 6)": {
      "result": true,
      "time": 0.04405093193054199,
      "error": null
    },
    "assert add_lists([8, 12, 9], (14, 11)) == (14, 11, 8, 12, 9)": {
      "result": true,
      "time": 0.03994154930114746,
      "error": null
    },
    "assert add_lists([10, 12, 7], (15, 9)) == (15, 9, 10, 12, 7)": {
      "result": true,
      "time": 0.03962516784667969,
      "error": null
    },
    "assert add_lists([10, 7, 4], (6, 12)) == (6, 12, 10, 7, 4)": {
      "result": true,
      "time": 0.038828372955322266,
      "error": null
    },
    "assert add_lists([4, 7, 9], (9, 8)) == (9, 8, 4, 7, 9)": {
      "result": true,
      "time": 0.03907465934753418,
      "error": null
    },
    "assert add_lists([11, 12, 9], (9, 6)) == (9, 6, 11, 12, 9)": {
      "result": true,
      "time": 0.035863637924194336,
      "error": null
    },
    "assert add_lists([11, 2, 8], (11, 16)) == (11, 16, 11, 2, 8)": {
      "result": true,
      "time": 0.03812837600708008,
      "error": null
    },
    "assert add_lists([9, 9, 5], (13, 12)) == (13, 12, 9, 9, 5)": {
      "result": true,
      "time": 0.039011240005493164,
      "error": null
    },
    "assert add_lists([5, 3, 9], (12, 7)) == (12, 7, 5, 3, 9)": {
      "result": true,
      "time": 0.03618812561035156,
      "error": null
    },
    "assert add_lists([5, 6, 10], (6, 13)) == (6, 13, 5, 6, 10)": {
      "result": true,
      "time": 0.0325927734375,
      "error": null
    },
    "assert add_lists([8, 3, 11], (8, 12)) == (8, 12, 8, 3, 11)": {
      "result": true,
      "time": 0.03239798545837402,
      "error": null
    },
    "assert add_lists([9, 7, 5], (6, 8)) == (6, 8, 9, 7, 5)": {
      "result": true,
      "time": 0.0399775505065918,
      "error": null
    },
    "assert add_lists([5, 11, 5], (6, 16)) == (6, 16, 5, 11, 5)": {
      "result": true,
      "time": 0.03532052040100098,
      "error": null
    },
    "assert add_lists([7, 6, 6], (8, 8)) == (8, 8, 7, 6, 6)": {
      "result": true,
      "time": 0.03410196304321289,
      "error": null
    },
    "assert add_lists([9, 6, 3], (8, 10)) == (8, 10, 9, 6, 3)": {
      "result": true,
      "time": 0.032904863357543945,
      "error": null
    },
    "assert add_lists([6, 5, 10], (6, 15)) == (6, 15, 6, 5, 10)": {
      "result": true,
      "time": 0.0381927490234375,
      "error": null
    },