{
  "code": "import math\n\ndef volume_sphere(radius):\n    volume = (4/3) * math.pi * (radius ** 3)\n    return volume",
  "results": {
    "assert volume_sphere(10)==4188.790204786391": {
      "result": true,
      "time": 0.0837087631225586,
      "error": null
    },
    "assert volume_sphere(25)==65449.84694978735": {
      "result": true,
      "time": 0.10101962089538574,
      "error": null
    },
    "assert volume_sphere(20)==33510.32163829113": {
      "result": true,
      "time": 0.07522988319396973,
      "error": null
    },
    "assert volume_sphere(13) == 9202.7720799157": {
      "result": true,
      "time": 0.07826113700866699,
      "error": null
    },
    "assert volume_sphere(7) == 1436.755040241732": {
      "result": false,
      "time": 0.07612085342407227,
      "error": null
    },
    "assert volume_sphere(6) == 904.7786842338604": {
      "result": false,
      "time": 0.08150982856750488,
      "error": null
    },
    "assert volume_sphere(12) == 7238.229473870883": {
      "result": false,
      "time": 0.08124375343322754,
      "error": null
    },
    "assert volume_sphere(10) == 4188.790204786391": {
      "result": true,
      "time": 0.0750887393951416,
      "error": null
    },
    "assert volume_sphere(8) == 2144.660584850632": {
      "result": true,
      "time": 0.07978987693786621,
      "error": null
    },
    "assert volume_sphere(15) == 14137.166941154068": {
      "result": true,
      "time": 0.09472465515136719,
      "error": null
    },
    "assert volume_sphere(11) == 5575.279762570686": {
      "result": true,
      "time": 0.08448910713195801,
      "error": null
    },
    "assert volume_sphere(5) == 523.5987755982989": {
      "result": true,
      "time": 0.08493351936340332,
      "error": null
    },
    "assert volume_sphere(9) == 3053.628059289279": {
      "result": false,
      "time": 0.0781548023223877,
      "error": null
    },
    "assert volume_sphere(24) == 57905.83579096707": {
      "result": false,
      "time": 0.08721804618835449,
      "error": null
    },
    "assert volume_sphere(22) == 44602.23810056549": {
      "result": true,
      "time": 0.08955931663513184,
      "error": null
    },
    "assert volume_sphere(23) == 50965.01042163601": {
      "result": true,
      "time": 0.07955574989318848,
      "error": null
    },
    "assert volume_sphere(29) == 102160.40430453527": {
      "result": true,
      "time": 0.0760507583618164,
      "error": null
    },
    "assert volume_sphere(20) == 33510.32163829113": {
      "result": true,
      "time": 0.08576273918151855,
      "error": null
    },
    "assert volume_sphere(21) == 38792.38608652677": {
      "result": false,
      "time": 0.08192658424377441,
      "error": null
    },
    "assert volume_sphere(25) == 65449.84694978735": {
      "result": true,
      "time": 0.08426737785339355,
      "error": null
    },
    "assert volume_sphere(26) == 73622.1766393256": {
      "result": true,
      "time": 0.08001089096069336,
      "error": null
    },
    "assert volume_sphere(30) == 113097.33552923254": {
      "result": true,
      "time": 0.08615279197692871,
      "error": null
    },
    "assert volume_sphere(27) == 82447.95760081052": {
      "result": true,
      "time": 0.08489274978637695,
      "error": null
    },
    "assert volume_sphere(28) == 91952.32257547085": {
      "result": false,
      "time": 0.08320498466491699,
      "error": null
    },
    "assert volume_sphere(19) == 28730.912014629856": {
      "result": false,
      "time": 0.08622598648071289,
      "error": null
    },
    "assert volume_sphere(18) == 24429.024474314232": {
      "result": false,
      "time": 0.09570479393005371,
      "error": null
    },
    "assert volume_sphere(16) == 17157.284678805056": {
      "result": true,
      "time": 0.10091233253479004,
      "error": null
    },
    "assert volume_sphere(17) == 20579.526276115535": {
      "result": true,
      "time": 0.10163736343383789,
      "error": null
    }
  },
  "passed": false,
  "accuracy": 0.6785714285714286,
  "general_error": "",
  "has_testcase_error": false
}