{
  "code": "def pancake_sort(arr):\n    n = len(arr)\n    for size in range(n, 1, -1):\n        # Find the index of the maximum element in the unsorted part\n        max_idx = arr.index(max(arr[:size]))\n        \n        # If the max element is not already at the end, flip to move it to the beginning and then to the end\n        if max_idx != size - 1:\n            # Flip the max element to the beginning if it's not already there\n            if max_idx != 0:\n                arr[:max_idx + 1] = arr[:max_idx + 1][::-1]\n            # Flip the max element to the end\n            arr[:size] = arr[:size][::-1]\n    return arr",
  "results": {
    "assert pancake_sort([15, 79, 25, 38, 69]) == [15, 25, 38, 69, 79]": {
      "result": true,
      "time": 0.03501391410827637,
      "error": null
    },
    "assert pancake_sort([98, 12, 54, 36, 85]) == [12, 36, 54, 85, 98]": {
      "result": true,
      "time": 0.03407883644104004,
      "error": null
    },
    "assert pancake_sort([41, 42, 32, 12, 23]) == [12, 23, 32, 41, 42]": {
      "result": true,
      "time": 0.035640716552734375,
      "error": null
    },
    "assert pancake_sort([14, 76, 23, 38, 72]) == [14, 23, 38, 72, 76]": {
      "result": true,
      "time": 0.04059100151062012,
      "error": null
    },
    "assert pancake_sort([18, 80, 28, 39, 71]) == [18, 28, 39, 71, 80]": {
      "result": true,
      "time": 0.030816316604614258,
      "error": null
    },
    "assert pancake_sort([10, 78, 29, 33, 65]) == [10, 29, 33, 65, 78]": {
      "result": true,
      "time": 0.036679744720458984,
      "error": null
    },
    "assert pancake_sort([19, 74, 30, 37, 73]) == [19, 30, 37, 73, 74]": {
      "result": true,
      "time": 0.038503408432006836,
      "error": null
    },
    "assert pancake_sort([10, 82, 27, 43, 69]) == [10, 27, 43, 69, 82]": {
      "result": true,
      "time": 0.03733396530151367,
      "error": null
    },
    "assert pancake_sort([11, 84, 23, 33, 72]) == [11, 23, 33, 72, 84]": {
      "result": true,
      "time": 0.033652544021606445,
      "error": null
    },
    "assert pancake_sort([10, 75, 20, 38, 65]) == [10, 20, 38, 65, 75]": {
      "result": true,
      "time": 0.035105228424072266,
      "error": null
    },
    "assert pancake_sort([10, 75, 29, 42, 69]) == [10, 29, 42, 69, 75]": {
      "result": true,
      "time": 0.03352808952331543,
      "error": null
    },
    "assert pancake_sort([20, 83, 23, 35, 69]) == [20, 23, 35, 69, 83]": {
      "result": true,
      "time": 0.030661344528198242,
      "error": null
    },
    "assert pancake_sort([11, 82, 28, 33, 71]) == [11, 28, 33, 71, 82]": {
      "result": true,
      "time": 0.03199458122253418,
      "error": null
    },
    "assert pancake_sort([18, 80, 25, 38, 70]) == [18, 25, 38, 70, 80]": {
      "result": true,
      "time": 0.03655409812927246,
      "error": null
    },
    "assert pancake_sort([18, 77, 25, 34, 64]) == [18, 25, 34, 64, 77]": {
      "result": true,
      "time": 0.03304481506347656,
      "error": null
    },
    "assert pancake_sort([15, 75, 26, 33, 73]) == [15, 26, 33, 73, 75]": {
      "result": true,
      "time": 0.03534722328186035,
      "error": null
    },
    "assert pancake_sort([14, 79, 27, 42, 74]) == [14, 27, 42, 74, 79]": {
      "result": true,
      "time": 0.042037010192871094,
      "error": null
    },
    "assert pancake_sort([18, 75, 20, 40, 73]) == [18, 20, 40, 73, 75]": {
      "result": true,
      "time": 0.03231024742126465,
      "error": null
    },
    "assert pancake_sort([17, 83, 27, 43, 73]) == [17, 27, 43, 73, 83]": {
      "result": true,
      "time": 0.03120255470275879,
      "error": null
    },
    "assert pancake_sort([19, 75, 29, 41, 66]) == [19, 29, 41, 66, 75]": {
      "result": true,
      "time": 0.0371546745300293,
      "error": null
    },
    "assert pancake_sort([19, 81, 25, 34, 74]) == [19, 25, 34, 74, 81]": {
      "result": true,
      "time": 0.03472256660461426,
      "error": null
    },
    "assert pancake_sort([14, 80, 21, 35, 73]) == [14, 21, 35, 73, 80]": {
      "result": true,
      "time": 0.038101911544799805,
      "error": null
    },
    "assert pancake_sort([17, 79, 25, 36, 70]) == [17, 25, 36, 70, 79]": {
      "result": true,
      "time": 0.033162593841552734,
      "error": null
    },
    "assert pancake_sort([10, 84, 23, 42, 68]) == [10, 23, 42, 68, 84]": {
      "result": true,
      "time": 0.03413963317871094,
      "error": null
    },
    "assert pancake_sort([13, 81, 23, 33, 69]) == [13, 23, 33, 69, 81]": {
      "result": true,
      "time": 0.030399799346923828,
      "error": null
    },
    "assert pancake_sort([20, 76, 30, 40, 73]) == [20, 30, 40, 73, 76]": {
      "result": true,
      "time": 0.03246021270751953,
      "error": null
    },
    "assert pancake_sort([12, 80, 20, 43, 67]) == [12, 20, 43, 67, 80]": {
      "result": true,
      "time": 0.03660321235656738,
      "error": null
    },
    "assert pancake_sort([18, 82, 21, 43, 66]) == [18, 21, 43, 66, 82]": {
      "result": true,
      "time": 0.03345942497253418,
      "error": null
    },
    "assert pancake_sort([16, 83, 24, 33, 68]) == [16, 24, 33, 68, 83]": {
      "result": true,
      "time": 0.03487253189086914,
      "error": null
    },
    "assert pancake_sort([17, 82, 27, 41, 74]) == [17, 27, 41, 74, 82]": {
      "result": true,
      "time": 0.03446674346923828,
      "error": null
    },
    "assert pancake_sort([14, 78, 20, 33, 68]) == [14, 20, 33, 68, 78]": {
      "result": true,
      "time": 0.031800270080566406,
      "error": null
    },
    "assert pancake_sort([12, 79, 28, 41, 74]) == [12, 28, 41, 74, 79]": {
      "result": true,
      "time": 0.03737020492553711,
      "error": null
    },
    "assert pancake_sort([14, 80, 29, 39, 72]) == [14, 29, 39, 72, 80]": {
      "result": true,
      "time": 0.03604865074157715,
      "error": null
    },
    "assert pancake_sort([11, 74, 25, 42, 72]) == [11, 25, 42, 72, 74]": {
      "result": true,
      "time": 0.03317618370056152,
      "error": null
    },
    "assert pancake_sort([14, 77, 21, 38, 65]) == [14, 21, 38, 65, 77]": {
      "result": true,
      "time": 0.03328251838684082,
      "error": null
    },
    "assert pancake_sort([13, 83, 22, 41, 67]) == [13, 22, 41, 67, 83]": {
      "result": true,
      "time": 0.03384590148925781,
      "error": null
    },
    "assert pancake_sort([103, 12, 52, 36, 82]) == [12, 36, 52, 82, 103]": {
      "result": true,
      "time": 0.03204059600830078,
      "error": null
    },
    "assert pancake_sort([93, 10, 55, 40, 85]) == [10, 40, 55, 85, 93]": {
      "result": true,
      "time": 0.03291058540344238,
      "error": null
    },
    "assert pancake_sort([95, 7, 59, 33, 85]) == [7, 33, 59, 85, 95]": {
      "result": true,
      "time": 0.036346435546875,
      "error": null
    },
    "assert pancake_sort([98, 13, 57, 31, 80]) == [13, 31, 57, 80, 98]": {
      "result": true,
      "time": 0.030875444412231445,
      "error": null
    },
    "assert pancake_sort([93, 9, 56, 35, 84]) == [9, 35, 56, 84, 93]": {
      "result": true,
      "time": 0.04394865036010742,
      "error": null
    },
    "assert pancake_sort([102, 8, 52, 32, 88]) == [8, 32, 52, 88, 102]": {
      "result": true,
      "time": 0.040643930435180664,
      "error": null
    },
    "assert pancake_sort([97, 15, 51, 41, 87]) == [15, 41, 51, 87, 97]": {
      "result": true,
      "time": 0.04427313804626465,
      "error": null
    },
    "assert pancake_sort([103, 8, 50, 36, 80]) == [8, 36, 50, 80, 103]": {
      "result": true,
      "time": 0.04103350639343262,
      "error": null
    },
    "assert pancake_sort([102, 17, 54, 40, 84]) == [17, 40, 54, 84, 102]": {
      "result": true,
      "time": 0.03748774528503418,
      "error": null
    },
    "assert pancake_sort([102, 10, 50, 38, 84]) == [10, 38, 50, 84, 102]": {
      "result": true,
      "time": 0.03978419303894043,
      "error": null
    },