{
  "code": "def add_consecutive_nums(nums):\n    return [nums[i] + nums[i+1] for i in range(len(nums)-1)]",
  "results": {
    "assert add_consecutive_nums([1, 1, 3, 4, 4, 5, 6, 7])==[2, 4, 7, 8, 9, 11, 13]": {
      "result": true,
      "time": 0.04549074172973633,
      "error": null
    },
    "assert add_consecutive_nums([4, 5, 8, 9, 6, 10])==[9, 13, 17, 15, 16]": {
      "result": true,
      "time": 0.04928231239318848,
      "error": null
    },
    "assert add_consecutive_nums([1, 2, 3, 4, 5, 6, 7, 8, 9, 10])==[3, 5, 7, 9, 11, 13, 15, 17, 19]": {
      "result": true,
      "time": 0.029485225677490234,
      "error": null
    },
    "assert add_consecutive_nums([1, 4, 1, 5, 7, 8, 1, 10]) == [5, 5, 6, 12, 15, 9, 11]": {
      "result": true,
      "time": 0.03505754470825195,
      "error": null
    },
    "assert add_consecutive_nums([6, 1, 8, 3, 1, 10, 9, 12]) == [7, 9, 11, 4, 11, 19, 21]": {
      "result": true,
      "time": 0.03632164001464844,
      "error": null
    },
    "assert add_consecutive_nums([1, 5, 2, 3, 9, 2, 4, 6]) == [6, 7, 5, 12, 11, 6, 10]": {
      "result": true,
      "time": 0.0370175838470459,
      "error": null
    },
    "assert add_consecutive_nums([4, 1, 7, 5, 5, 3, 7, 11]) == [5, 8, 12, 10, 8, 10, 18]": {
      "result": true,
      "time": 0.034162282943725586,
      "error": null
    },
    "assert add_consecutive_nums([6, 5, 1, 8, 1, 5, 9, 3]) == [11, 6, 9, 9, 6, 14, 12]": {
      "result": true,
      "time": 0.04189610481262207,
      "error": null
    },
    "assert add_consecutive_nums([2, 2, 7, 1, 9, 4, 11, 6]) == [4, 9, 8, 10, 13, 15, 17]": {
      "result": true,
      "time": 0.03494429588317871,
      "error": null
    },
    "assert add_consecutive_nums([4, 6, 6, 1, 3, 3, 10, 8]) == [10, 12, 7, 4, 6, 13, 18]": {
      "result": true,
      "time": 0.03454923629760742,
      "error": null
    },
    "assert add_consecutive_nums([6, 1, 2, 9, 4, 2, 3, 3]) == [7, 3, 11, 13, 6, 5, 6]": {
      "result": true,
      "time": 0.039829254150390625,
      "error": null
    },
    "assert add_consecutive_nums([1, 1, 8, 4, 9, 9, 4, 8]) == [2, 9, 12, 13, 18, 13, 12]": {
      "result": true,
      "time": 0.0413968563079834,
      "error": null
    },
    "assert add_consecutive_nums([1, 5, 6, 5, 7, 7, 3, 7]) == [6, 11, 11, 12, 14, 10, 10]": {
      "result": true,
      "time": 0.03973126411437988,
      "error": null
    },
    "assert add_consecutive_nums([2, 2, 2, 6, 2, 6, 1, 6]) == [4, 4, 8, 8, 8, 7, 7]": {
      "result": true,
      "time": 0.0413517951965332,
      "error": null
    },
    "assert add_consecutive_nums([3, 6, 3, 7, 5, 2, 1, 3]) == [9, 9, 10, 12, 7, 3, 4]": {
      "result": true,
      "time": 0.033046722412109375,
      "error": null
    },
    "assert add_consecutive_nums([2, 3, 1, 6, 9, 1, 1, 9]) == [5, 4, 7, 15, 10, 2, 10]": {
      "result": true,
      "time": 0.04464125633239746,
      "error": null
    },
    "assert add_consecutive_nums([1, 1, 1, 4, 2, 3, 6, 3]) == [2, 2, 5, 6, 5, 9, 9]": {
      "result": true,
      "time": 0.03241086006164551,
      "error": null
    },
    "assert add_consecutive_nums([1, 5, 5, 3, 3, 10, 11, 5]) == [6, 10, 8, 6, 13, 21, 16]": {
      "result": true,
      "time": 0.03538918495178223,
      "error": null
    },
    "assert add_consecutive_nums([1, 6, 8, 3, 3, 5, 1, 12]) == [7, 14, 11, 6, 8, 6, 13]": {
      "result": true,
      "time": 0.035826683044433594,
      "error": null
    },
    "assert add_consecutive_nums([1, 2, 4, 2, 1, 8, 11, 8]) == [3, 6, 6, 3, 9, 19, 19]": {
      "result": true,
      "time": 0.030884981155395508,
      "error": null
    },
    "assert add_consecutive_nums([6, 6, 1, 6, 2, 8, 3, 6]) == [12, 7, 7, 8, 10, 11, 9]": {
      "result": true,
      "time": 0.03464198112487793,
      "error": null
    },
    "assert add_consecutive_nums([3, 1, 7, 9, 9, 5, 9, 9]) == [4, 8, 16, 18, 14, 14, 18]": {
      "result": true,
      "time": 0.03269553184509277,
      "error": null
    },
    "assert add_consecutive_nums([4, 4, 6, 6, 8, 8, 2, 3]) == [8, 10, 12, 14, 16, 10, 5]": {
      "result": true,
      "time": 0.039923906326293945,
      "error": null
    },
    "assert add_consecutive_nums([4, 5, 2, 6, 8, 10, 11, 3]) == [9, 7, 8, 14, 18, 21, 14]": {
      "result": true,
      "time": 0.03400254249572754,
      "error": null
    },
    "assert add_consecutive_nums([1, 6, 6, 9, 6, 2, 11, 9]) == [7, 12, 15, 15, 8, 13, 20]": {
      "result": true,
      "time": 0.04155564308166504,
      "error": null
    },
    "assert add_consecutive_nums([4, 5, 2, 1, 5, 5, 11, 11]) == [9, 7, 3, 6, 10, 16, 22]": {
      "result": true,
      "time": 0.03673148155212402,
      "error": null
    },
    "assert add_consecutive_nums([5, 4, 8, 6, 8, 1, 2, 6]) == [9, 12, 14, 14, 9, 3, 8]": {
      "result": true,
      "time": 0.03803610801696777,
      "error": null
    },
    "assert add_consecutive_nums([3, 2, 2, 9, 3, 4, 5, 11]) == [5, 4, 11, 12, 7, 9, 16]": {
      "result": true,
      "time": 0.03203916549682617,
      "error": null
    },
    "assert add_consecutive_nums([6, 6, 3, 4, 5, 5, 9, 4]) == [12, 9, 7, 9, 10, 14, 13]": {
      "result": true,
      "time": 0.03513503074645996,
      "error": null
    },
    "assert add_consecutive_nums([5, 4, 3, 1, 9, 2, 7, 10]) == [9, 7, 4, 10, 11, 9, 17]": {
      "result": true,
      "time": 0.03709006309509277,
      "error": null
    },
    "assert add_consecutive_nums([5, 6, 1, 3, 3, 8, 9, 8]) == [11, 7, 4, 6, 11, 17, 17]": {
      "result": true,
      "time": 0.03218269348144531,
      "error": null
    },
    "assert add_consecutive_nums([4, 1, 2, 2, 7, 5, 2, 10]) == [5, 3, 4, 9, 12, 7, 12]": {
      "result": true,
      "time": 0.031222105026245117,
      "error": null
    },
    "assert add_consecutive_nums([2, 1, 4, 9, 1, 8, 8, 10]) == [3, 5, 13, 10, 9, 16, 18]": {
      "result": true,
      "time": 0.03916645050048828,
      "error": null
    },
    "assert add_consecutive_nums([5, 1, 5, 8, 6, 10, 1, 4]) == [6, 6, 13, 14, 16, 11, 5]": {
      "result": true,
      "time": 0.03163862228393555,
      "error": null
    },
    "assert add_consecutive_nums([4, 3, 5, 9, 6, 10, 9, 11]) == [7, 8, 14, 15, 16, 19, 20]": {
      "result": true,
      "time": 0.03297591209411621,
      "error": null
    },
    "assert add_consecutive_nums([6, 2, 7, 5, 9, 7, 3, 11]) == [8, 9, 12, 14, 16, 10, 14]": {
      "result": true,
      "time": 0.027580976486206055,
      "error": null
    },
    "assert add_consecutive_nums([7, 4, 6, 11, 5, 9]) == [11, 10, 17, 16, 14]": {
      "result": true,
      "time": 0.03217768669128418,
      "error": null
    },
    "assert add_consecutive_nums([5, 7, 7, 5, 8, 14]) == [12, 14, 12, 13, 22]": {
      "result": true,
      "time": 0.03230142593383789,
      "error": null
    },
    "assert add_consecutive_nums([8, 5, 4, 12, 6, 12]) == [13, 9, 16, 18, 18]": {
      "result": true,
      "time": 0.029514789581298828,
      "error": null
    },
    "assert add_consecutive_nums([6, 4, 4, 14, 10, 13]) == [10, 8, 18, 24, 23]": {
      "result": true,
      "time": 0.036171674728393555,
      "error": null
    },
    "assert add_consecutive_nums([4, 10, 12, 6, 11, 7]) == [14, 22, 18, 17, 18]": {
      "result": true,
      "time": 0.03597736358642578,
      "error": null
    },
    "assert add_consecutive_nums([9, 4, 7, 14, 5, 14]) == [13, 11, 21, 19, 19]": {
      "result": true,
      "time": 0.03387141227722168,
      "error": null
    },
    "assert add_consecutive_nums([6, 1, 4, 9, 7, 9]) == [7, 5, 13, 16, 16]": {
      "result": true,
      "time": 0.03745698928833008,
      "error": null
    },
    "assert add_consecutive_nums([9, 4, 8, 7, 1, 6]) == [13, 12, 15, 8, 7]": {
      "result": true,
      "time": 0.03776073455810547,
      "error": null
    },
    "assert add_consecutive_nums([8, 4, 12, 12, 8, 13]) == [12, 16, 24, 20, 21]": {
      "result": true,
      "time": 0.034415483474731445,
      "error": null
    },