{
  "code": "def smartNumber(n):\n    return 30 * n",
  "results": {
    "assert smartNumber(1) == 30": {
      "result": true,
      "time": 0.0473332405090332,
      "error": null
    },
    "assert smartNumber(50) == 273": {
      "result": false,
      "time": 0.04621171951293945,
      "error": null
    },
    "assert smartNumber(1000) == 2664": {
      "result": false,
      "time": 0.06122636795043945,
      "error": null
    },
    "assert smartNumber(5) == 70": {
      "result": false,
      "time": 0.05072665214538574,
      "error": null
    },
    "assert smartNumber(2) == 42": {
      "result": false,
      "time": 0.05654740333557129,
      "error": null
    },
    "assert smartNumber(6) == 78": {
      "result": false,
      "time": 0.05655813217163086,
      "error": null
    },
    "assert smartNumber(3) == 60": {
      "result": false,
      "time": 0.04631376266479492,
      "error": null
    },
    "assert smartNumber(4) == 66": {
      "result": false,
      "time": 0.0396578311920166,
      "error": null
    },
    "assert smartNumber(49) == 270": {
      "result": false,
      "time": 0.04010415077209473,
      "error": null
    },
    "assert smartNumber(48) == 266": {
      "result": false,
      "time": 0.044808149337768555,
      "error": null
    },
    "assert smartNumber(45) == 258": {
      "result": false,
      "time": 0.039702415466308594,
      "error": null
    },
    "assert smartNumber(55) == 286": {
      "result": false,
      "time": 0.038616180419921875,
      "error": null
    },
    "assert smartNumber(54) == 285": {
      "result": false,
      "time": 0.0390019416809082,
      "error": null
    },
    "assert smartNumber(53) == 282": {
      "result": false,
      "time": 0.05370497703552246,
      "error": null
    },
    "assert smartNumber(46) == 260": {
      "result": false,
      "time": 0.04299283027648926,
      "error": null
    },
    "assert smartNumber(47) == 264": {
      "result": false,
      "time": 0.052253007888793945,
      "error": null
    },
    "assert smartNumber(51) == 276": {
      "result": false,
      "time": 0.04069399833679199,
      "error": null
    },
    "assert smartNumber(52) == 280": {
      "result": false,
      "time": 0.053182363510131836,
      "error": null
    },
    "assert smartNumber(995) == 2650": {
      "result": false,
      "time": 0.04562878608703613,
      "error": null
    },
    "assert smartNumber(1001) == 2665": {
      "result": false,
      "time": 0.03642559051513672,
      "error": null
    },
    "assert smartNumber(1005) == 2670": {
      "result": false,
      "time": 0.046286582946777344,
      "error": null
    },
    "assert smartNumber(999) == 2660": {
      "result": false,
      "time": 0.04424142837524414,
      "error": null
    },
    "assert smartNumber(996) == 2652": {
      "result": false,
      "time": 0.041015625,
      "error": null
    },
    "assert smartNumber(997) == 2655": {
      "result": false,
      "time": 0.05515027046203613,
      "error": null
    },
    "assert smartNumber(1004) == 2668": {
      "result": false,
      "time": 0.052850961685180664,
      "error": null
    },
    "assert smartNumber(1003) == 2667": {
      "result": false,
      "time": 0.04585576057434082,
      "error": null
    },
    "assert smartNumber(998) == 2658": {
      "result": false,
      "time": 0.04359030723571777,
      "error": null
    }
  },
  "passed": false,
  "accuracy": 0.037037037037037035,
  "general_error": "",
  "has_testcase_error": false
}