{
  "code": "def loss_amount(original_amount, current_amount):\n    if current_amount < original_amount:\n        return original_amount - current_amount\n    else:\n        return None",
  "results": {
    "assert loss_amount(1500,1200)==None": {
      "result": false,
      "time": 0.04678058624267578,
      "error": null
    },
    "assert loss_amount(100,200)==100": {
      "result": false,
      "time": 0.037801265716552734,
      "error": null
    },
    "assert loss_amount(2000,5000)==3000": {
      "result": false,
      "time": 0.03706240653991699,
      "error": null
    },
    "assert loss_amount(879, 1079) == 200": {
      "result": false,
      "time": 0.04074811935424805,
      "error": null
    },
    "assert loss_amount(1188, 1972) == 784": {
      "result": false,
      "time": 0.039175987243652344,
      "error": null
    },
    "assert loss_amount(669, 1323) == 654": {
      "result": false,
      "time": 0.04320836067199707,
      "error": null
    },
    "assert loss_amount(2324, 201) == None": {
      "result": false,
      "time": 0.035008907318115234,
      "error": null
    },
    "assert loss_amount(963, 385) == None": {
      "result": false,
      "time": 0.04223489761352539,
      "error": null
    },
    "assert loss_amount(1455, 724) == None": {
      "result": false,
      "time": 0.04332137107849121,
      "error": null
    },
    "assert loss_amount(1362, 1722) == 360": {
      "result": false,
      "time": 0.04014325141906738,
      "error": null
    },
    "assert loss_amount(543, 518) == None": {
      "result": false,
      "time": 0.04257822036743164,
      "error": null
    },
    "assert loss_amount(1032, 2041) == 1009": {
      "result": false,
      "time": 0.040235042572021484,
      "error": null
    },
    "assert loss_amount(969, 1726) == 757": {
      "result": false,
      "time": 0.0397183895111084,
      "error": null
    },
    "assert loss_amount(2396, 971) == None": {
      "result": false,
      "time": 0.04069328308105469,
      "error": null
    },
    "assert loss_amount(761, 1599) == 838": {
      "result": false,
      "time": 0.03886127471923828,
      "error": null
    },
    "assert loss_amount(1997, 1781) == None": {
      "result": false,
      "time": 0.03560781478881836,
      "error": null
    },
    "assert loss_amount(1698, 591) == None": {
      "result": false,
      "time": 0.04055595397949219,
      "error": null
    },
    "assert loss_amount(1843, 1374) == None": {
      "result": false,
      "time": 0.04058241844177246,
      "error": null
    },
    "assert loss_amount(1308, 1078) == None": {
      "result": false,
      "time": 0.038571834564208984,
      "error": null
    },
    "assert loss_amount(811, 1273) == 462": {
      "result": false,
      "time": 0.042825937271118164,
      "error": null
    },
    "assert loss_amount(607, 1880) == 1273": {
      "result": false,
      "time": 0.04124903678894043,
      "error": null
    },
    "assert loss_amount(1749, 391) == None": {
      "result": false,
      "time": 0.039125919342041016,
      "error": null
    },
    "assert loss_amount(1687, 2162) == 475": {
      "result": false,
      "time": 0.03613734245300293,
      "error": null
    },
    "assert loss_amount(674, 1929) == 1255": {
      "result": false,
      "time": 0.0458221435546875,
      "error": null
    },
    "assert loss_amount(1449, 943) == None": {
      "result": false,
      "time": 0.04231691360473633,
      "error": null
    },
    "assert loss_amount(1829, 229) == None": {
      "result": false,
      "time": 0.03923225402832031,
      "error": null
    },
    "assert loss_amount(2154, 412) == None": {
      "result": false,
      "time": 0.0469813346862793,
      "error": null
    },
    "assert loss_amount(770, 1054) == 284": {
      "result": false,
      "time": 0.039719343185424805,
      "error": null
    },
    "assert loss_amount(1859, 272) == None": {
      "result": false,
      "time": 0.037535905838012695,
      "error": null
    },
    "assert loss_amount(1742, 789) == None": {
      "result": false,
      "time": 0.041474342346191406,
      "error": null
    },
    "assert loss_amount(2002, 242) == None": {
      "result": false,
      "time": 0.04287433624267578,
      "error": null
    },
    "assert loss_amount(1159, 1216) == 57": {
      "result": false,
      "time": 0.04284071922302246,
      "error": null
    },
    "assert loss_amount(1897, 1386) == None": {
      "result": false,
      "time": 0.03978753089904785,
      "error": null
    },
    "assert loss_amount(1560, 342) == None": {
      "result": false,
      "time": 0.04491901397705078,
      "error": null
    },
    "assert loss_amount(1505, 559) == None": {
      "result": false,
      "time": 0.038314104080200195,
      "error": null
    },
    "assert loss_amount(2103, 389) == None": {
      "result": false,
      "time": 0.03312039375305176,
      "error": null
    },
    "assert loss_amount(104, 203) == 99": {
      "result": false,
      "time": 0.0435023307800293,
      "error": null
    },
    "assert loss_amount(104, 200) == 96": {
      "result": false,
      "time": 0.04755878448486328,
      "error": null
    },
    "assert loss_amount(103, 200) == 97": {
      "result": false,
      "time": 0.045320987701416016,
      "error": null
    },
    "assert loss_amount(96, 197) == 101": {
      "result": false,
      "time": 0.04812288284301758,
      "error": null
    },
    "assert loss_amount(104, 196) == 92": {
      "result": false,
      "time": 0.041338205337524414,
      "error": null
    },
    "assert loss_amount(99, 202) == 103": {
      "result": false,
      "time": 0.039810895919799805,
      "error": null
    },
    "assert loss_amount(95, 202) == 107": {
      "result": false,
      "time": 0.042110443115234375,
      "error": null
    },
    "assert loss_amount(102, 203) == 101": {
      "result": false,
      "time": 0.04259037971496582,
      "error": null
    },
    "assert loss_amount(100, 201) == 101": {
      "result": false,
      "time": 0.03830146789550781,
      "error": null
    },
    "assert loss_amount(102, 199) == 97": {
      "result": false,
      "time": 0.04394888877868652,
      "error": null
    },
    "assert loss_amount(105, 198) == 93": {
      "result": false,
      "time": 0.04593348503112793,
      "error": null
    },
    "assert loss_amount(105, 200) == 95": {
      "result": false,
      "time": 0.04382753372192383,
      "error": null
    },
    "assert loss_amount(101, 195) == 94": {
      "result": false,
      "time": 0.039275169372558594,
      "error": null
    },
    "assert loss_amount(99, 198) == 99": {
      "result": false,
      "time": 0.04049324989318848,
      "error": null
    },
    "assert loss_amount(95, 205) == 110": {
      "result": false,
      "time": 0.036366939544677734,
      "error": null
    },
    "assert loss_amount(104, 205) == 101": {
      "result": false,
      "time": 0.04128098487854004,
      "error": null
    },
    "assert loss_amount(100, 205) == 105": {
      "result": false,
      "time": 0.031531572341918945,
      "error": null
    },
    "assert loss_amount(102, 200) == 98": {
      "result": false,
      "time": 0.044172048568725586,
      "error": null
    },
    "assert loss_amount(100, 196) == 96": {
      "result": false,
      "time": 0.04232454299926758,
      "error": null
    },
    "assert loss_amount(102, 195) == 93": {
      "result": false,
      "time": 0.04189324378967285,
      "error": null
    },
    "assert loss_amount(104, 202) == 98": {
      "result": false,
      "time": 0.03746438026428223,
      "error": null
    },
    "assert loss_amount(95, 198) == 103": {
      "result": false,
      "time": 0.04272055625915527,
      "error": null
    },
    "assert loss_amount(98, 200) == 102": {
      "result": false,
      "time": 0.03439068794250488,
      "error": null
    },
    "assert loss_amount(105, 196) == 91": {
      "result": false,