{
  "code": "import heapq as hq\n\ndef large_product(list1, list2, n):\n    products = [x * y for x in list1 for y in list2]\n    largest_products = hq.nlargest(n, products)\n    return largest_products",
  "results": {
    "assert large_product([1, 2, 3, 4, 5, 6],[3, 6, 8, 9, 10, 6],3)==[60, 54, 50]": {
      "result": true,
      "time": 0.13988661766052246,
      "error": null
    },
    "assert large_product([1, 2, 3, 4, 5, 6],[3, 6, 8, 9, 10, 6],4)==[60, 54, 50, 48]": {
      "result": true,
      "time": 0.12457394599914551,
      "error": null
    },
    "assert large_product([1, 2, 3, 4, 5, 6],[3, 6, 8, 9, 10, 6],5)==[60, 54, 50, 48, 45]": {
      "result": true,
      "time": 0.1180717945098877,
      "error": null
    },
    "assert large_product([1, 5, 7, 3, 4, 5], [3, 2, 3, 12, 7, 1], 8) == [84, 60, 60, 49, 48, 36, 35, 35]": {
      "result": true,
      "time": 0.13480758666992188,
      "error": null
    },
    "assert large_product([1, 6, 8, 3, 2, 11], [7, 6, 9, 6, 5, 4], 6) == [99, 77, 72, 66, 66, 56]": {
      "result": true,
      "time": 0.13798284530639648,
      "error": null
    },
    "assert large_product([1, 1, 1, 3, 9, 2], [5, 4, 12, 7, 15, 5], 6) == [135, 108, 63, 45, 45, 45]": {
      "result": true,
      "time": 0.14111089706420898,
      "error": null
    },
    "assert large_product([3, 3, 3, 4, 10, 3], [2, 7, 10, 11, 10, 11], 4) == [110, 110, 100, 100]": {
      "result": true,
      "time": 0.12823724746704102,
      "error": null
    },
    "assert large_product([1, 5, 7, 2, 5, 10], [6, 5, 8, 12, 10, 7], 5) == [120, 100, 84, 80, 70]": {
      "result": true,
      "time": 0.14350414276123047,
      "error": null
    },
    "assert large_product([1, 6, 4, 6, 9, 7], [7, 8, 9, 4, 8, 11], 8) == [99, 81, 77, 72, 72, 66, 66, 63]": {
      "result": true,
      "time": 0.1263113021850586,
      "error": null
    },
    "assert large_product([4, 1, 1, 4, 4, 7], [2, 2, 7, 14, 14, 2], 5) == [98, 98, 56, 56, 56]": {
      "result": true,
      "time": 0.12969708442687988,
      "error": null
    },
    "assert large_product([6, 6, 5, 5, 5, 10], [6, 1, 12, 7, 12, 10], 5) == [120, 120, 100, 72, 72]": {
      "result": true,
      "time": 0.12334680557250977,
      "error": null
    },
    "assert large_product([4, 6, 7, 9, 2, 7], [5, 2, 3, 11, 13, 5], 8) == [117, 99, 91, 91, 78, 77, 77, 66]": {
      "result": true,
      "time": 0.143782377243042,
      "error": null
    },
    "assert large_product([2, 5, 6, 8, 1, 8], [2, 3, 9, 14, 9, 3], 6) == [112, 112, 84, 72, 72, 72]": {
      "result": true,
      "time": 0.12203240394592285,
      "error": null
    },
    "assert large_product([6, 5, 3, 3, 7, 9], [8, 10, 7, 11, 11, 10], 7) == [99, 99, 90, 90, 77, 77, 72]": {
      "result": true,
      "time": 0.1333918571472168,
      "error": null
    },
    "assert large_product([1, 4, 8, 8, 1, 10], [4, 11, 12, 10, 14, 2], 4) == [140, 120, 112, 112]": {
      "result": true,
      "time": 0.15054655075073242,
      "error": null
    },
    "assert large_product([6, 3, 4, 2, 3, 2], [4, 1, 10, 9, 15, 1], 8) == [90, 60, 60, 54, 45, 45, 40, 36]": {
      "result": true,
      "time": 0.1399381160736084,
      "error": null
    },
    "assert large_product([4, 2, 2, 5, 10, 11], [1, 7, 3, 11, 9, 4], 3) == [121, 110, 99]": {
      "result": true,
      "time": 0.13016533851623535,
      "error": null
    },
    "assert large_product([5, 5, 4, 5, 8, 7], [4, 3, 9, 11, 5, 9], 4) == [88, 77, 72, 72]": {
      "result": true,
      "time": 0.1315779685974121,
      "error": null
    },
    "assert large_product([4, 1, 2, 6, 7, 10], [1, 9, 5, 8, 10, 4], 1) == [100]": {
      "result": true,
      "time": 0.12600278854370117,
      "error": null
    },
    "assert large_product([4, 3, 3, 7, 1, 5], [1, 8, 11, 6, 12, 11], 1) == [84]": {
      "result": true,
      "time": 0.14272761344909668,
      "error": null
    },
    "assert large_product([3, 2, 7, 8, 4, 5], [1, 11, 7, 13, 9, 8], 4) == [104, 91, 88, 77]": {
      "result": true,
      "time": 0.13107728958129883,
      "error": null
    },
    "assert large_product([1, 7, 7, 7, 10, 7], [1, 7, 12, 6, 6, 9], 3) == [120, 90, 84]": {
      "result": true,
      "time": 0.13206052780151367,
      "error": null
    },
    "assert large_product([3, 3, 6, 4, 4, 10], [4, 7, 6, 11, 15, 1], 8) == [150, 110, 90, 70, 66, 60, 60, 60]": {
      "result": true,
      "time": 0.13206148147583008,
      "error": null
    },
    "assert large_product([1, 3, 5, 3, 5, 3], [1, 8, 11, 12, 10, 8], 1) == [60]": {
      "result": true,
      "time": 0.14360404014587402,
      "error": null
    },
    "assert large_product([6, 6, 4, 9, 1, 1], [1, 5, 6, 10, 10, 6], 2) == [90, 90]": {
      "result": true,
      "time": 0.11039948463439941,
      "error": null
    },
    "assert large_product([6, 6, 4, 9, 10, 3], [7, 6, 5, 11, 13, 6], 7) == [130, 117, 110, 99, 78, 78, 70]": {
      "result": true,
      "time": 0.13465452194213867,
      "error": null
    },
    "assert large_product([5, 4, 8, 9, 6, 8], [5, 9, 8, 12, 14, 6], 7) == [126, 112, 112, 108, 96, 96, 84]": {
      "result": true,
      "time": 0.13899946212768555,
      "error": null
    },
    "assert large_product([5, 5, 2, 1, 5, 4], [2, 6, 7, 10, 8, 10], 8) == [50, 50, 50, 50, 50, 50, 40, 40]": {
      "result": true,
      "time": 0.14772319793701172,
      "error": null
    },
    "assert large_product([4, 1, 5, 4, 5, 7], [7, 1, 3, 11, 6, 5], 2) == [77, 55]": {
      "result": true,
      "time": 0.15517425537109375,
      "error": null
    },
    "assert large_product([3, 6, 3, 3, 9, 5], [6, 2, 5, 6, 5, 9], 4) == [81, 54, 54, 54]": {
      "result": true,
      "time": 0.1334841251373291,
      "error": null
    },
    "assert large_product([6, 2, 8, 1, 3, 3], [8, 3, 12, 13, 7, 7], 3) == [104, 96, 78]": {
      "result": true,
      "time": 0.15414786338806152,
      "error": null
    },
    "assert large_product([2, 6, 1, 2, 10, 5], [3, 3, 12, 9, 9, 8], 8) == [120, 90, 90, 80, 72, 60, 54, 54]": {
      "result": true,
      "time": 0.14964795112609863,
      "error": null
    },
    "assert large_product([6, 1, 3, 4, 10, 5], [7, 7, 8, 13, 12, 10], 3) == [130, 120, 100]": {
      "result": true,
      "time": 0.1355743408203125,
      "error": null
    },
    "assert large_product([5, 4, 6, 8, 9, 4], [2, 6, 8, 6, 12, 3], 6) == [108, 96, 72, 72, 64, 60]": {
      "result": true,
      "time": 0.1299114227294922,
      "error": null
    },
    "assert large_product([1, 1, 4, 1, 7, 2], [4, 3, 7, 7, 6, 8], 6) == [56, 49, 49, 42, 32, 28]": {
      "result": true,
      "time": 0.11135101318359375,
      "error": null
    },
    "assert large_product([3, 2, 3, 9, 2, 2], [6, 8, 11, 4, 13, 11], 4) == [117, 99, 99, 72]": {
      "result": true,
      "time": 0.15083956718444824,
      "error": null
    },
    "assert large_product([4, 2, 3, 5, 8, 11], [2, 4, 9, 11, 9, 5], 3) == [121, 99, 99]": {
      "result": true,
      "time": 0.13947463035583496,
      "error": null
    },
    "assert large_product([5, 5, 5, 4, 1, 7], [5, 8, 6, 13, 7, 3], 1) == [91]": {
      "result": true,
      "time": 0.14487075805664062,
      "error": null
    },
    "assert large_product([4, 4, 2, 9, 2, 5], [7, 11, 9, 6, 8, 4], 7) == [99, 81, 72, 63, 55, 54, 45]": {
      "result": true,
      "time": 0.1517186164855957,
      "error": null
    },
    "assert large_product([2, 4, 2, 1, 9, 7], [6, 5, 8, 7, 6, 6], 2) == [72, 63]": {
      "result": true,
      "time": 0.14128351211547852,
      "error": null
    },
    "assert large_product([6, 5, 4, 9, 5, 4], [7, 2, 10, 6, 9, 7], 6) == [90, 81, 63, 63, 60, 54]": {
      "result": true,
      "time": 0.14039373397827148,
      "error": null
    },
    "assert large_product([3, 4, 1, 3, 8, 6], [2, 4, 5, 4, 9, 9], 4) == [72, 72, 54, 54]": {
      "result": true,
      "time": 0.13839507102966309,
      "error": null
    },
    "assert large_product([6, 6, 8, 9, 8, 5], [3, 11, 9, 14, 9, 10], 1) == [126]": {
      "result": true,