{
  "code": "def bell_number(n):\n    if n == 0:\n        return 1\n    # Create a Bell triangle as a 2D array\n    bell = [[0] * (n + 1) for _ in range(n + 1)]\n    bell[0][0] = 1  # B(0) = 1\n\n    for i in range(1, n + 1):\n        # The first element of each row is the last element of the previous row\n        bell[i][0] = bell[i - 1][i - 1]\n        for j in range(1, i + 1):\n            bell[i][j] = bell[i - 1][j - 1] + bell[i][j - 1]\n    \n    return bell[n][0]",
  "results": {
    "assert bell_number(2)==2": {
      "result": true,
      "time": 0.04571938514709473,
      "error": null
    },
    "assert bell_number(10)==115975": {
      "result": true,
      "time": 0.042357444763183594,
      "error": null
    },
    "assert bell_number(56)==6775685320645824322581483068371419745979053216268760300": {
      "result": true,
      "time": 0.04267692565917969,
      "error": null
    },
    "assert bell_number(4) == 15": {
      "result": true,
      "time": 0.03547477722167969,
      "error": null
    },
    "assert bell_number(3) == 5": {
      "result": true,
      "time": 0.05184674263000488,
      "error": null
    },
    "assert bell_number(5) == 52": {
      "result": true,
      "time": 0.04035377502441406,
      "error": null
    },
    "assert bell_number(7) == 877": {
      "result": true,
      "time": 0.05184221267700195,
      "error": null
    },
    "assert bell_number(2) == 2": {
      "result": true,
      "time": 0.04442095756530762,
      "error": null
    },
    "assert bell_number(1) == 1": {
      "result": true,
      "time": 0.04834580421447754,
      "error": null
    },
    "assert bell_number(6) == 203": {
      "result": true,
      "time": 0.04903984069824219,
      "error": null
    },
    "assert bell_number(10) == 115975": {
      "result": true,
      "time": 0.045687198638916016,
      "error": null
    },
    "assert bell_number(9) == 21147": {
      "result": true,
      "time": 0.04616212844848633,
      "error": null
    },
    "assert bell_number(13) == 27644437": {
      "result": true,
      "time": 0.04146099090576172,
      "error": null
    },
    "assert bell_number(11) == 678570": {
      "result": true,
      "time": 0.04724884033203125,
      "error": null
    },
    "assert bell_number(14) == 190899322": {
      "result": true,
      "time": 0.038330793380737305,
      "error": null
    },
    "assert bell_number(8) == 4140": {
      "result": true,
      "time": 0.04251527786254883,
      "error": null
    },
    "assert bell_number(15) == 1382958545": {
      "result": true,
      "time": 0.04583144187927246,
      "error": null
    },
    "assert bell_number(53) == 1052928518014714166107781298021583534928402714242132": {
      "result": true,
      "time": 0.04850649833679199,
      "error": null
    },
    "assert bell_number(54) == 19317287589145618265728950069285503257349832850302011": {
      "result": true,
      "time": 0.04658842086791992,
      "error": null
    },
    "assert bell_number(55) == 359334085968622831041960188598043661065388726959079837": {
      "result": true,
      "time": 0.04610395431518555,
      "error": null
    },
    "assert bell_number(60) == 976939307467007552986994066961675455550246347757474482558637": {
      "result": true,
      "time": 0.0497136116027832,
      "error": null
    },
    "assert bell_number(61) == 19652364471547941482114228389322789963345673460673370562378245": {
      "result": true,
      "time": 0.0424039363861084,
      "error": null
    },
    "assert bell_number(57) == 129482661947506964462616580633806000917491602609372517195": {
      "result": true,
      "time": 0.04475736618041992,
      "error": null
    },
    "assert bell_number(51) == 3263983870004111524856951830191582524419255819477": {
      "result": true,
      "time": 0.043787240982055664,
      "error": null
    },
    "assert bell_number(59) == 49176743336309621659000944152624896853591018248919168867818": {
      "result": true,
      "time": 0.04106307029724121,
      "error": null
    },
    "assert bell_number(58) == 2507136358984296114560786627437574942253015623445622326263": {
      "result": true,
      "time": 0.05298733711242676,
      "error": null
    },
    "assert bell_number(56) == 6775685320645824322581483068371419745979053216268760300": {
      "result": true,
      "time": 0.04132723808288574,
      "error": null
    },
    "assert bell_number(52) == 58205338024195872785464627063218599149503972126463": {
      "result": true,
      "time": 0.05118298530578613,
      "error": null
    }
  },
  "passed": true,
  "accuracy": 1.0,
  "general_error": "",
  "has_testcase_error": false
}