{
  "code": "sum_negativenum = lambda nums: sum(filter(lambda x: x < 0, nums))",
  "results": {
    "assert sum_negativenum([2, 4, -6, -9, 11, -12, 14, -5, 17])==-32": {
      "result": true,
      "time": 0.03513383865356445,
      "error": null
    },
    "assert sum_negativenum([10,15,-14,13,-18,12,-20])==-52": {
      "result": true,
      "time": 0.033028602600097656,
      "error": null
    },
    "assert sum_negativenum([19, -65, 57, 39, 152,-639, 121, 44, 90, -190])==-894": {
      "result": true,
      "time": 0.035556793212890625,
      "error": null
    },
    "assert sum_negativenum([6, 4, -9, -8, 12, -14, 12, -9, 22]) == -40": {
      "result": true,
      "time": 0.037744760513305664,
      "error": null
    },
    "assert sum_negativenum([6, 4, -1, -12, 12, -12, 13, -5, 20]) == -30": {
      "result": true,
      "time": 0.038509368896484375,
      "error": null
    },
    "assert sum_negativenum([6, 7, -9, -13, 12, -10, 11, -2, 13]) == -34": {
      "result": true,
      "time": 0.038951873779296875,
      "error": null
    },
    "assert sum_negativenum([2, 7, -6, -14, 8, -8, 18, 0, 15]) == -28": {
      "result": true,
      "time": 0.03354644775390625,
      "error": null
    },
    "assert sum_negativenum([4, 4, -2, -13, 6, -7, 16, -4, 20]) == -26": {
      "result": true,
      "time": 0.03662228584289551,
      "error": null
    },
    "assert sum_negativenum([2, 3, -1, -12, 9, -11, 13, -6, 21]) == -30": {
      "result": true,
      "time": 0.04406285285949707,
      "error": null
    },
    "assert sum_negativenum([5, 1, -8, -5, 10, -13, 12, -9, 19]) == -35": {
      "result": true,
      "time": 0.046962738037109375,
      "error": null
    },
    "assert sum_negativenum([4, 8, -4, -8, 16, -7, 16, -2, 14]) == -21": {
      "result": true,
      "time": 0.03302502632141113,
      "error": null
    },
    "assert sum_negativenum([6, 1, -5, -13, 10, -17, 13, -9, 18]) == -44": {
      "result": true,
      "time": 0.03912019729614258,
      "error": null
    },
    "assert sum_negativenum([6, 1, -2, -14, 12, -13, 19, -3, 20]) == -32": {
      "result": true,
      "time": 0.03689455986022949,
      "error": null
    },
    "assert sum_negativenum([3, 9, -6, -7, 12, -13, 15, -2, 20]) == -28": {
      "result": true,
      "time": 0.033402442932128906,
      "error": null
    },
    "assert sum_negativenum([5, 7, -1, -14, 13, -11, 9, -4, 12]) == -30": {
      "result": true,
      "time": 0.036745548248291016,
      "error": null
    },
    "assert sum_negativenum([6, 9, -11, -12, 11, -11, 15, 0, 22]) == -34": {
      "result": true,
      "time": 0.03780174255371094,
      "error": null
    },
    "assert sum_negativenum([2, 1, -1, -13, 13, -16, 19, -2, 19]) == -32": {
      "result": true,
      "time": 0.04000973701477051,
      "error": null
    },
    "assert sum_negativenum([4, 4, -7, -5, 15, -16, 12, -6, 17]) == -34": {
      "result": true,
      "time": 0.040918588638305664,
      "error": null
    },
    "assert sum_negativenum([2, 1, -7, -9, 14, -10, 10, -7, 15]) == -33": {
      "result": true,
      "time": 0.0409696102142334,
      "error": null
    },
    "assert sum_negativenum([3, 3, -8, -11, 15, -13, 19, -3, 18]) == -35": {
      "result": true,
      "time": 0.045958518981933594,
      "error": null
    },
    "assert sum_negativenum([6, 7, -4, -12, 10, -8, 13, -1, 16]) == -25": {
      "result": true,
      "time": 0.04302787780761719,
      "error": null
    },
    "assert sum_negativenum([1, 8, -7, -8, 13, -9, 17, -2, 22]) == -26": {
      "result": true,
      "time": 0.04624652862548828,
      "error": null
    },
    "assert sum_negativenum([5, 4, -3, -13, 16, -11, 17, -10, 12]) == -37": {
      "result": true,
      "time": 0.039531707763671875,
      "error": null
    },
    "assert sum_negativenum([5, 6, -4, -10, 6, -7, 10, -7, 14]) == -28": {
      "result": true,
      "time": 0.03427433967590332,
      "error": null
    },
    "assert sum_negativenum([1, 8, -6, -9, 11, -14, 18, -8, 15]) == -37": {
      "result": true,
      "time": 0.04730558395385742,
      "error": null
    },
    "assert sum_negativenum([5, 1, -10, -10, 14, -8, 10, -10, 15]) == -38": {
      "result": true,
      "time": 0.03455185890197754,
      "error": null
    },
    "assert sum_negativenum([4, 6, -11, -4, 14, -16, 10, -10, 19]) == -41": {
      "result": true,
      "time": 0.03751420974731445,
      "error": null
    },
    "assert sum_negativenum([6, 2, -6, -14, 16, -8, 9, -10, 18]) == -38": {
      "result": true,
      "time": 0.03826570510864258,
      "error": null
    },
    "assert sum_negativenum([6, 7, -8, -5, 15, -13, 13, -8, 16]) == -34": {
      "result": true,
      "time": 0.038511037826538086,
      "error": null
    },
    "assert sum_negativenum([2, 1, -4, -7, 10, -9, 12, -2, 15]) == -22": {
      "result": true,
      "time": 0.04614734649658203,
      "error": null
    },
    "assert sum_negativenum([5, 6, -5, -7, 16, -11, 13, -9, 22]) == -32": {
      "result": true,
      "time": 0.03413987159729004,
      "error": null
    },
    "assert sum_negativenum([4, 7, -4, -11, 15, -15, 12, -8, 16]) == -38": {
      "result": true,
      "time": 0.037366628646850586,
      "error": null
    },
    "assert sum_negativenum([2, 2, -10, -7, 10, -7, 19, -8, 20]) == -32": {
      "result": true,
      "time": 0.04010891914367676,
      "error": null
    },
    "assert sum_negativenum([2, 3, -7, -9, 16, -16, 19, -9, 13]) == -41": {
      "result": true,
      "time": 0.03676867485046387,
      "error": null
    },
    "assert sum_negativenum([5, 1, -5, -9, 11, -9, 18, -8, 16]) == -31": {
      "result": true,
      "time": 0.03473544120788574,
      "error": null
    },
    "assert sum_negativenum([1, 5, -6, -4, 6, -8, 18, 0, 21]) == -18": {
      "result": true,
      "time": 0.03336024284362793,
      "error": null
    },
    "assert sum_negativenum([9, 14, -11, 8, -18, 12, -15]) == -44": {
      "result": true,
      "time": 0.03774428367614746,
      "error": null
    },
    "assert sum_negativenum([9, 16, -12, 10, -21, 16, -16]) == -49": {
      "result": true,
      "time": 0.04181504249572754,
      "error": null
    },
    "assert sum_negativenum([14, 15, -19, 16, -22, 14, -15]) == -56": {
      "result": true,
      "time": 0.0312647819519043,
      "error": null
    },
    "assert sum_negativenum([11, 15, -17, 12, -18, 11, -21]) == -56": {
      "result": true,
      "time": 0.03250598907470703,
      "error": null
    },
    "assert sum_negativenum([7, 10, -14, 13, -20, 11, -21]) == -55": {
      "result": true,
      "time": 0.03515934944152832,
      "error": null
    },
    "assert sum_negativenum([5, 19, -13, 15, -14, 16, -21]) == -48": {
      "result": true,
      "time": 0.03842043876647949,
      "error": null
    },
    "assert sum_negativenum([7, 15, -11, 11, -14, 14, -24]) == -49": {
      "result": true,
      "time": 0.03883051872253418,
      "error": null
    },
    "assert sum_negativenum([10, 16, -18, 11, -22, 16, -21]) == -61": {
      "result": true,
      "time": 0.040689945220947266,
      "error": null
    },
    "assert sum_negativenum([13, 11, -17, 13, -13, 16, -16]) == -46": {
      "result": true,
      "time": 0.04420113563537598,
      "error": null
    },
    "assert sum_negativenum([10, 14, -9, 9, -21, 14, -18]) == -48": {
      "result": true,
      "time": 0.038391828536987305,
      "error": null
    },
    "assert sum_negativenum([11, 14, -17, 16, -20, 8, -24]) == -61": {
      "result": true,
      "time": 0.03477215766906738,
      "error": null
    },
    "assert sum_negativenum([14, 14, -9, 15, -13, 9, -23]) == -45": {
      "result": true,
      "time": 0.04018974304199219,
      "error": null
    },
    "assert sum_negativenum([5, 14, -15, 12, -13, 12, -19]) == -47": {
      "result": true,
      "time": 0.041339874267578125,
      "error": null
    },
    "assert sum_negativenum([9, 10, -15, 14, -15, 8, -19]) == -49": {
      "result": true,