{
  "code": "import math\nfrom functools import reduce\n\ndef get_gcd(arr):\n    return reduce(math.gcd, arr)",
  "results": {
    "assert get_gcd([2, 4, 6, 8, 16]) == 2": {
      "result": true,
      "time": 0.2915079593658447,
      "error": null
    },
    "assert get_gcd([1, 2, 3]) == 1": {
      "result": true,
      "time": 0.1988842487335205,
      "error": null
    },
    "assert get_gcd([2, 4, 6, 8]) == 2 ": {
      "result": true,
      "time": 0.16109633445739746,
      "error": null
    },
    "assert get_gcd([4, 6, 9, 10, 12]) == 1": {
      "result": true,
      "time": 0.16656088829040527,
      "error": null
    },
    "assert get_gcd([3, 5, 3, 9, 13]) == 1": {
      "result": true,
      "time": 0.08513689041137695,
      "error": null
    },
    "assert get_gcd([6, 4, 6, 3, 20]) == 1": {
      "result": true,
      "time": 0.24213504791259766,
      "error": null
    },
    "assert get_gcd([1, 2, 3, 9, 17]) == 1": {
      "result": true,
      "time": 0.10635852813720703,
      "error": null
    },
    "assert get_gcd([6, 6, 3, 11, 18]) == 1": {
      "result": true,
      "time": 0.19734859466552734,
      "error": null
    },
    "assert get_gcd([5, 4, 1, 4, 18]) == 1": {
      "result": true,
      "time": 0.28693532943725586,
      "error": null
    },
    "assert get_gcd([6, 7, 2, 5, 20]) == 1": {
      "result": true,
      "time": 0.22213959693908691,
      "error": null
    },
    "assert get_gcd([2, 5, 2, 11, 13]) == 1": {
      "result": true,
      "time": 0.23647236824035645,
      "error": null
    },
    "assert get_gcd([6, 7, 1, 10, 19]) == 1": {
      "result": true,
      "time": 0.18288540840148926,
      "error": null
    },
    "assert get_gcd([2, 4, 3, 11, 16]) == 1": {
      "result": true,
      "time": 0.4134340286254883,
      "error": null
    },
    "assert get_gcd([5, 3, 5, 7, 18]) == 1": {
      "result": true,
      "time": 0.4482870101928711,
      "error": null
    },
    "assert get_gcd([5, 6, 8, 7, 20]) == 1": {
      "result": true,
      "time": 0.1346275806427002,
      "error": null
    },
    "assert get_gcd([6, 9, 5, 13, 20]) == 1": {
      "result": true,
      "time": 0.20296216011047363,
      "error": null
    },
    "assert get_gcd([2, 2, 5, 10, 13]) == 1": {
      "result": true,
      "time": 0.34532618522644043,
      "error": null
    },
    "assert get_gcd([2, 8, 7, 9, 14]) == 1": {
      "result": true,
      "time": 0.3736555576324463,
      "error": null
    },
    "assert get_gcd([3, 4, 6, 10, 14]) == 1": {
      "result": true,
      "time": 0.4597296714782715,
      "error": null
    },
    "assert get_gcd([4, 3, 3, 12, 16]) == 1": {
      "result": true,
      "time": 0.2864704132080078,
      "error": null
    },
    "assert get_gcd([3, 2, 9, 9, 14]) == 1": {
      "result": true,
      "time": 0.3480265140533447,
      "error": null
    },
    "assert get_gcd([7, 7, 9, 10, 13]) == 1": {
      "result": true,
      "time": 0.40940165519714355,
      "error": null
    },
    "assert get_gcd([4, 2, 5, 10, 17]) == 1": {
      "result": true,
      "time": 0.38152384757995605,
      "error": null
    },
    "assert get_gcd([7, 9, 4, 3, 14]) == 1": {
      "result": true,
      "time": 0.34465694427490234,
      "error": null
    },
    "assert get_gcd([5, 7, 2, 3, 11]) == 1": {
      "result": true,
      "time": 0.4247720241546631,
      "error": null
    },
    "assert get_gcd([7, 2, 3, 12, 14]) == 1": {
      "result": true,
      "time": 0.40847039222717285,
      "error": null
    },
    "assert get_gcd([7, 5, 11, 7, 16]) == 1": {
      "result": true,
      "time": 0.4069967269897461,
      "error": null
    },
    "assert get_gcd([6, 4, 11, 8, 13]) == 1": {
      "result": true,
      "time": 0.3861508369445801,
      "error": null
    },
    "assert get_gcd([3, 3, 7, 13, 15]) == 1": {
      "result": true,
      "time": 0.25379276275634766,
      "error": null
    },
    "assert get_gcd([1, 9, 8, 8, 14]) == 1": {
      "result": true,
      "time": 0.3057737350463867,
      "error": null
    },
    "assert get_gcd([5, 4, 3, 7, 16]) == 1": {
      "result": true,
      "time": 0.2950575351715088,
      "error": null
    },
    "assert get_gcd([5, 2, 11, 4, 21]) == 1": {
      "result": true,
      "time": 0.41130590438842773,
      "error": null
    },
    "assert get_gcd([7, 8, 2, 4, 13]) == 1": {
      "result": true,
      "time": 0.4362664222717285,
      "error": null
    },
    "assert get_gcd([5, 7, 3, 5, 19]) == 1": {
      "result": true,
      "time": 0.4500586986541748,
      "error": null
    },
    "assert get_gcd([5, 1, 7, 5, 14]) == 1": {
      "result": true,
      "time": 0.2686336040496826,
      "error": null
    },
    "assert get_gcd([7, 3, 7, 7, 15]) == 1": {
      "result": true,
      "time": 0.3799166679382324,
      "error": null
    },
    "assert get_gcd([6, 2, 5]) == 1": {
      "result": true,
      "time": 0.39719724655151367,
      "error": null
    },
    "assert get_gcd([5, 6, 1]) == 1": {
      "result": true,
      "time": 0.4117238521575928,
      "error": null
    },
    "assert get_gcd([1, 3, 7]) == 1": {
      "result": true,
      "time": 0.42589712142944336,
      "error": null
    },
    "assert get_gcd([4, 5, 2]) == 1": {
      "result": true,
      "time": 0.40377068519592285,
      "error": null
    },
    "assert get_gcd([1, 4, 6]) == 1": {
      "result": true,
      "time": 0.3927338123321533,
      "error": null
    },
    "assert get_gcd([2, 4, 3]) == 1": {
      "result": true,
      "time": 0.39221906661987305,
      "error": null
    },
    "assert get_gcd([2, 2, 2]) == 2": {
      "result": true,
      "time": 0.40103888511657715,
      "error": null
    },
    "assert get_gcd([1, 5, 5]) == 1": {
      "result": true,
      "time": 0.4297056198120117,
      "error": null
    },
    "assert get_gcd([6, 2, 7]) == 1": {
      "result": true,
      "time": 0.38671183586120605,
      "error": null
    },
    "assert get_gcd([3, 5, 3]) == 1": {
      "result": true,
      "time": 0.3843526840209961,
      "error": null
    },
    "assert get_gcd([3, 5, 1]) == 1": {
      "result": true,
      "time": 0.42926669120788574,
      "error": null
    },
    "assert get_gcd([1, 7, 5]) == 1": {
      "result": true,
      "time": 0.3785226345062256,
      "error": null
    },
    "assert get_gcd([4, 5, 8]) == 1": {
      "result": true,
      "time": 0.43012380599975586,
      "error": null
    },
    "assert get_gcd([5, 6, 6]) == 1": {
      "result": true,
      "time": 0.38051795959472656,
      "error": null
    },
    "assert get_gcd([6, 5, 8]) == 1": {
      "result": true,
      "time": 0.37928271293640137,
      "error": null
    },
    "assert get_gcd([1, 4, 1]) == 1": {
      "result": true,
      "time": 0.4157388210296631,
      "error": null
    },
    "assert get_gcd([6, 6, 3]) == 3": {
      "result": true,
      "time": 0.3943758010864258,
      "error": null
    },
    "assert get_gcd([3, 2, 3]) == 1": {
      "result": true,
      "time": 0.3973989486694336,
      "error": null
    },
    "assert get_gcd([1, 7, 1]) == 1": {
      "result": true,
      "time": 0.4053778648376465,
      "error": null
    },
    "assert get_gcd([6, 7, 3]) == 1": {
      "result": true,
      "time": 0.37763071060180664,
      "error": null
    },
    "assert get_gcd([3, 1, 7]) == 1": {
      "result": true,
      "time": 0.37557268142700195,
      "error": null
    },
    "assert get_gcd([1, 4, 5]) == 1": {
      "result": true,
      "time": 0.4157373905181885,
      "error": null
    },
    "assert get_gcd([2, 4, 6]) == 2": {
      "result": true,
      "time": 0.39199066162109375,
      "error": null
    },
    "assert get_gcd([3, 4, 8]) == 1": {
      "result": true,
      "time": 0.4202542304992676,
      "error": null
    },
    "assert get_gcd([5, 2, 3]) == 1": {
      "result": true,
      "time": 0.3943917751312256,
      "error": null
    },
    "assert get_gcd([5, 5, 8]) == 1": {
      "result": true,