{
  "code": "def max_sum(lst, k):\n    lst.sort()\n    max_sum = sum(lst[-k:])\n    return max_sum\n",
  "results": {
    "assert max_sum([1, 15, 51, 45, 33, 100, 12, 18, 9], 9) == 194": {
      "result": false,
      "time": 0.11620521545410156,
      "error": null
    },
    "assert max_sum([80, 60, 30, 40, 20, 10], 6) == 210": {
      "result": false,
      "time": 0.1143331527709961,
      "error": null
    },
    "assert max_sum([2, 3 ,14, 16, 21, 23, 29, 30], 8) == 138": {
      "result": true,
      "time": 0.11889958381652832,
      "error": null
    }
  },
  "passed": false,
  "accuracy": 0.3333333333333333,
  "general_error": null,
  "has_testcase_error": false
}