{
  "code": "import math\n\n\ndef distance_lat_long(lat1, long1, lat2, long2):\n    p = 0.017404172563\n    a = (lat2 - lat1) * p\n    b = (long2 - long1) * p\n    return math.sqrt(a * a + b * b)\n",
  "results": {
    "assert distance_lat_long(23.5,67.5,25.5,69.5)==12179.372041317429": {
      "result": false,
      "time": 0.1518723964691162,
      "error": null
    },
    "assert distance_lat_long(10.5,20.5,30.5,40.5)==6069.397933300514": {
      "result": false,
      "time": 0.16135406494140625,
      "error": null
    },
    "assert distance_lat_long(10,20,30,40)==6783.751974994595": {
      "result": false,
      "time": 0.1568453311920166,
      "error": null
    }
  },
  "passed": false,
  "accuracy": 0.0,
  "general_error": null,
  "has_testcase_error": false
}