{
  "code": "def larg_nnum(nums, n):\n    largest_nums = sorted(nums, reverse=True)[:n]\n    return largest_nums\n",
  "results": {
    "assert larg_nnum([10, 20, 50, 70, 90, 20, 50, 40, 60, 80, 100],2)==[100,90]": {
      "result": true,
      "time": 0.08952760696411133,
      "error": null
    },
    "assert larg_nnum([10, 20, 50, 70, 90, 20, 50, 40, 60, 80, 100],5)==[100,90,80,70,60]": {
      "result": true,
      "time": 0.08164429664611816,
      "error": null
    },
    "assert larg_nnum([10, 20, 50, 70, 90, 20, 50, 40, 60, 80, 100],3)==[100,90,80]": {
      "result": true,
      "time": 0.0732719898223877,
      "error": null
    }
  },
  "passed": true,
  "accuracy": 1.0,
  "general_error": null,
  "has_testcase_error": false
}