{
  "code": "import math\n\n\ndef volume_cone(radius, height):\n    volume = (1 / 3) * math.pi * radius**2 * height\n    return volume\n",
  "results": {
    "assert volume_cone(5,12)==314.15926535897927": {
      "result": true,
      "time": 0.28328371047973633,
      "error": null
    },
    "assert volume_cone(10,15)==1570.7963267948965": {
      "result": true,
      "time": 0.44187474250793457,
      "error": null
    },
    "assert volume_cone(19,17)==6426.651371693521": {
      "result": false,
      "time": 0.3083212375640869,
      "error": null
    }
  },
  "passed": false,
  "accuracy": 0.6666666666666666,
  "general_error": null,
  "has_testcase_error": false
}