{
  "code": "def larg_nnum(nums, n):\n    return sorted(nums, reverse=True)[:n]\n",
  "results": {
    "assert larg_nnum([10, 20, 50, 70, 90, 20, 50, 40, 60, 80, 100],2)==[100,90]": {
      "result": true,
      "time": 0.5039284229278564,
      "error": null
    },
    "assert larg_nnum([10, 20, 50, 70, 90, 20, 50, 40, 60, 80, 100],5)==[100,90,80,70,60]": {
      "result": true,
      "time": 0.2764246463775635,
      "error": null
    },
    "assert larg_nnum([10, 20, 50, 70, 90, 20, 50, 40, 60, 80, 100],3)==[100,90,80]": {
      "result": true,
      "time": 0.4203939437866211,
      "error": null
    }
  },
  "passed": true,
  "accuracy": 1.0,
  "general_error": null,
  "has_testcase_error": false
}