{
  "code": "import heapq\n\n\ndef heap_replace(heap, item):\n    heapq.heapify(heap)\n    heapq.heapreplace(heap, item)\n    return heap\n",
  "results": {
    "assert heap_replace( [25, 44, 68, 21, 39, 23, 89],21)==[21, 25, 23, 44, 39, 68, 89]": {
      "result": true,
      "time": 0.17353105545043945,
      "error": null
    },
    "assert heap_replace([25, 44, 68, 21, 39, 23, 89],110)== [23, 25, 68, 44, 39, 110, 89]": {
      "result": true,
      "time": 0.16899991035461426,
      "error": null
    },
    "assert heap_replace([25, 44, 68, 21, 39, 23, 89],500)==[23, 25, 68, 44, 39, 500, 89]": {
      "result": true,
      "time": 0.17129302024841309,
      "error": null
    }
  },
  "passed": true,
  "accuracy": 1.0,
  "general_error": null,
  "has_testcase_error": false
}