{
  "code": "import heapq\n\n\ndef larg_nnum(data, n):\n    return heapq.nlargest(n, data)\n",
  "results": {
    "assert larg_nnum([10, 20, 50, 70, 90, 20, 50, 40, 60, 80, 100],2)==[100,90]": {
      "result": true,
      "time": 0.16789603233337402,
      "error": null
    },
    "assert larg_nnum([10, 20, 50, 70, 90, 20, 50, 40, 60, 80, 100],5)==[100,90,80,70,60]": {
      "result": true,
      "time": 0.16336607933044434,
      "error": null
    },
    "assert larg_nnum([10, 20, 50, 70, 90, 20, 50, 40, 60, 80, 100],3)==[100,90,80]": {
      "result": true,
      "time": 0.16153335571289062,
      "error": null
    }
  },
  "passed": true,
  "accuracy": 1.0,
  "general_error": null,
  "has_testcase_error": false
}