{
  "code": "def is_num_decagonal(n):\n    decagonal_numbers = [0, 1, 5, 12, 22, 35, 51, 70, 91, 115, 141, 170, 199, 229, 260, 291, 322, 354, 385, 415, 444, 472, 500, 527, 553, 578, 602, 625, 647, 667, 685, 701, 715, 727, 737, 744, 749, 752, 753, 752, 749, 744, 737, 727, 715, 701, 685, 667, 647, 625, 602, 578, 553, 527, 500, 472, 444, 415, 385, 354, 322, 291, 260, 229, 199, 170, 141, 115, 91, 70, 51, 35, 22, 12, 5, 1]\n    return decagonal_numbers[n]\n",
  "results": {
    "assert is_num_decagonal(3) == 27": {
      "result": false,
      "time": 0.23594951629638672,
      "error": null
    },
    "assert is_num_decagonal(7) == 175": {
      "result": false,
      "time": 0.23753571510314941,
      "error": null
    },
    "assert is_num_decagonal(10) == 370": {
      "result": false,
      "time": 0.2478182315826416,
      "error": null
    }
  },
  "passed": false,
  "accuracy": 0.0,
  "general_error": null,
  "has_testcase_error": false
}