{
  "code": "def degree_radian(rad):\n    return rad * (180.0 / 3.141592653589793)\n",
  "results": {
    "assert degree_radian(90)==5156.620156177409": {
      "result": true,
      "time": 0.1548910140991211,
      "error": null
    },
    "assert degree_radian(60)==3437.746770784939": {
      "result": true,
      "time": 0.1702415943145752,
      "error": null
    },
    "assert degree_radian(120)==6875.493541569878": {
      "result": true,
      "time": 0.18582987785339355,
      "error": null
    }
  },
  "passed": true,
  "accuracy": 1.0,
  "general_error": null,
  "has_testcase_error": false
}