{
  "code": "import heapq as hq\n\n\ndef merge_sorted_list(*args):\n    heap = []\n    for arg in args:\n        for item in arg:\n            hq.heappush(heap, item)\n    return [hq.heappop(heap) for _ in range(len(heap))]\n",
  "results": {
    "assert merge_sorted_list([25, 24, 15, 4, 5, 29, 110],[19, 20, 11, 56, 25, 233, 154],[24, 26, 54, 48])==[4, 5, 11, 15, 19, 20, 24, 24, 25, 25, 26, 29, 48, 54, 56, 110, 154, 233]": {
      "result": true,
      "time": 0.15481877326965332,
      "error": null
    },
    "assert merge_sorted_list([1, 3, 5, 6, 8, 9], [2, 5, 7, 11], [1, 4, 7, 8, 12])==[1, 1, 2, 3, 4, 5, 5, 6, 7, 7, 8, 8, 9, 11, 12]": {
      "result": true,
      "time": 0.16193270683288574,
      "error": null
    },
    "assert merge_sorted_list([18, 14, 10, 9, 8, 7, 9, 3, 2, 4, 1],[25, 35, 22, 85, 14, 65, 75, 25, 58],[12, 74, 9, 50, 61, 41])==[1, 2, 3, 4, 7, 8, 9, 9, 9, 10, 12, 14, 14, 18, 22, 25, 25, 35, 41, 50, 58, 61, 65, 74, 75, 85]": {
      "result": true,
      "time": 0.17420315742492676,
      "error": null
    }
  },
  "passed": true,
  "accuracy": 1.0,
  "general_error": null,
  "has_testcase_error": false
}