{
  "code": "def bell_number(n):\n    bell = [[0 for _ in range(n + 1)] for _ in range(n + 1)]\n    bell[0][0] = 1\n",
  "results": {
    "assert bell_number(2)==2": {
      "result": false,
      "time": 0.16653108596801758,
      "error": null
    },
    "assert bell_number(10)==115975": {
      "result": false,
      "time": 0.15929603576660156,
      "error": null
    },
    "assert bell_number(56)==6775685320645824322581483068371419745979053216268760300": {
      "result": false,
      "time": 0.13764595985412598,
      "error": null
    }
  },
  "passed": false,
  "accuracy": 0.0,
  "general_error": null,
  "has_testcase_error": false
}