{
  "code": "def largest_triangle(a, b):\n    if a > b:\n        return a\n    else:\n        return b\n",
  "results": {
    "assert largest_triangle(4,2)==10.392304845413264": {
      "result": false,
      "time": 0.11957049369812012,
      "error": null
    },
    "assert largest_triangle(5,7)==4.639421805988064": {
      "result": false,
      "time": 0.1354198455810547,
      "error": null
    },
    "assert largest_triangle(9,1)==105.2220865598093": {
      "result": false,
      "time": 0.13861083984375,
      "error": null
    }
  },
  "passed": false,
  "accuracy": 0.0
}