{
  "code": "def rotate_left(list1, m, n):\n    list1 = list1[m:]\n    list1 = list1[:n]\n    return list1\n",
  "results": {
    "assert rotate_left([1, 2, 3, 4, 5, 6, 7, 8, 9, 10],3,4)==[4, 5, 6, 7, 8, 9, 10, 1, 2, 3, 4]": {
      "result": false,
      "time": 0.14809203147888184,
      "error": null
    },
    "assert rotate_left([1, 2, 3, 4, 5, 6, 7, 8, 9, 10],2,2)==[3, 4, 5, 6, 7, 8, 9, 10, 1, 2]": {
      "result": false,
      "time": 0.12064051628112793,
      "error": null
    },
    "assert rotate_left([1, 2, 3, 4, 5, 6, 7, 8, 9, 10],5,2)==[6, 7, 8, 9, 10, 1, 2]": {
      "result": false,
      "time": 0.13745403289794922,
      "error": null
    }
  },
  "passed": false,
  "accuracy": 0.0
}