{
  "code": "def find_demlo(s):\n    demlo = \"\"\n    for i in range(1, len(s)):\n        demlo += str(int(s[i]) * int(s[i - 1]))\n    return demlo\n",
  "results": {
    "assert find_demlo(\"111111\") == '12345654321'": {
      "result": false,
      "time": 0.11562895774841309,
      "error": null
    },
    "assert find_demlo(\"1111\") == '1234321'": {
      "result": false,
      "time": 0.12124204635620117,
      "error": null
    },
    "assert find_demlo(\"13333122222\") == '123456789101110987654321'": {
      "result": false,
      "time": 0.11264824867248535,
      "error": null
    }
  },
  "passed": false,
  "accuracy": 0.0
}