{
  "code": "def volume_cylinder(r, h):\n\n    return 3.1416 * r * h\n",
  "results": {
    "assert volume_cylinder(10,5)==1570.7500000000002": {
      "result": false,
      "time": 0.10350370407104492,
      "error": null
    },
    "assert volume_cylinder(4,5)==251.32000000000002": {
      "result": false,
      "time": 0.10730791091918945,
      "error": null
    },
    "assert volume_cylinder(4,10)==502.64000000000004": {
      "result": false,
      "time": 0.12103533744812012,
      "error": null
    }
  },
  "passed": false,
  "accuracy": 0.0
}