{
  "code": "def volume_cylinder(r, h):\n    pi = 3.141592653589793\n    return pi * r**2 * h\n",
  "results": {
    "assert volume_cylinder(10,5)==1570.7500000000002": {
      "result": false,
      "time": 0.145965576171875,
      "error": null
    },
    "assert volume_cylinder(4,5)==251.32000000000002": {
      "result": false,
      "time": 0.13955402374267578,
      "error": null
    },
    "assert volume_cylinder(4,10)==502.64000000000004": {
      "result": false,
      "time": 0.13405203819274902,
      "error": null
    }
  },
  "passed": false,
  "accuracy": 0.0
}