{
  "code": "def largest_triangle(a, b):\n    if a > b:\n        return a\n    else:\n        return b\n",
  "results": {
    "assert largest_triangle(4,2)==10.392304845413264": {
      "result": false,
      "time": 0.11434245109558105,
      "error": null
    },
    "assert largest_triangle(5,7)==4.639421805988064": {
      "result": false,
      "time": 0.10751724243164062,
      "error": null
    },
    "assert largest_triangle(9,1)==105.2220865598093": {
      "result": false,
      "time": 0.11372542381286621,
      "error": null
    }
  },
  "passed": false,
  "accuracy": 0.0
}