{
  "code": "def bell_number(n):\n\n    if n == 1:\n        return 1\n    elif n == 2:\n        return 2\n    else:\n        return bell_number(n - 1) + bell_number(n - 2)\n",
  "results": {
    "assert bell_number(2)==2": {
      "result": true,
      "time": 0.11838269233703613,
      "error": null
    },
    "assert bell_number(10)==115975": {
      "result": false,
      "time": 0.12737202644348145,
      "error": null
    },
    "assert bell_number(56)==6775685320645824322581483068371419745979053216268760300": {
      "result": false,
      "time": 10.08803105354309,
      "error": "Timeout"
    }
  },
  "passed": false,
  "accuracy": 0.3333333333333333
}