{
  "code": "def lateralsuface_cylinder(r, h):\n    return 2 * (r * h)\n",
  "results": {
    "assert lateralsuface_cylinder(10,5)==314.15000000000003": {
      "result": false,
      "time": 0.10232234001159668,
      "error": null
    },
    "assert lateralsuface_cylinder(4,5)==125.66000000000001": {
      "result": false,
      "time": 0.10796856880187988,
      "error": null
    },
    "assert lateralsuface_cylinder(4,10)==251.32000000000002": {
      "result": false,
      "time": 0.11183571815490723,
      "error": null
    }
  },
  "passed": false,
  "accuracy": 0.0
}