{
  "code": "def volume_cylinder(r, h):\n    return (r * h) / 2\n",
  "results": {
    "assert volume_cylinder(10,5)==1570.7500000000002": {
      "result": false,
      "time": 0.12132000923156738,
      "error": null
    },
    "assert volume_cylinder(4,5)==251.32000000000002": {
      "result": false,
      "time": 0.12711238861083984,
      "error": null
    },
    "assert volume_cylinder(4,10)==502.64000000000004": {
      "result": false,
      "time": 0.13550806045532227,
      "error": null
    }
  },
  "passed": false,
  "accuracy": 0.0
}