{
  "code": "def volume_sphere(r):\n    \"\"\"Calculates the volume of a sphere with radius r.\"\"\"\n    return 4 / 3 * 3.14159 * r**3\n",
  "results": {
    "assert volume_sphere(10)==4188.790204786391": {
      "result": false,
      "time": 0.12843966484069824,
      "error": null
    },
    "assert volume_sphere(25)==65449.84694978735": {
      "result": false,
      "time": 0.13028836250305176,
      "error": null
    },
    "assert volume_sphere(20)==33510.32163829113": {
      "result": false,
      "time": 0.12807273864746094,
      "error": null
    }
  },
  "passed": false,
  "accuracy": 0.0
}