{
  "code": "def harmonic_sum(n):\n    return sum([1 / i for i in range(1, n + 1)])\n",
  "results": {
    "assert harmonic_sum(7) == 2.5928571428571425": {
      "result": true,
      "time": 0.11023378372192383,
      "error": null
    },
    "assert harmonic_sum(4) == 2.083333333333333": {
      "result": true,
      "time": 0.1074361801147461,
      "error": null
    },
    "assert harmonic_sum(19) == 3.547739657143682": {
      "result": true,
      "time": 0.10399746894836426,
      "error": null
    }
  },
  "passed": true,
  "accuracy": 1.0
}