{
  "code": "def area_pentagon(a):\n    return (a * 5) / 2\n",
  "results": {
    "assert area_pentagon(5)==43.01193501472417": {
      "result": false,
      "time": 0.10809469223022461,
      "error": null
    },
    "assert area_pentagon(10)==172.0477400588967": {
      "result": false,
      "time": 0.11070108413696289,
      "error": null
    },
    "assert area_pentagon(15)==387.10741513251753": {
      "result": false,
      "time": 0.1133415699005127,
      "error": null
    }
  },
  "passed": false,
  "accuracy": 0.0
}