{
  "code": "def area_polygon(s, l):\n\n    return (s * l) / 2\n",
  "results": {
    "assert area_polygon(4,20)==400.00000000000006": {
      "result": false,
      "time": 0.11107778549194336,
      "error": null
    },
    "assert area_polygon(10,15)==1731.1969896610804": {
      "result": false,
      "time": 0.11750388145446777,
      "error": null
    },
    "assert area_polygon(9,7)==302.90938549487214": {
      "result": false,
      "time": 0.11181068420410156,
      "error": null
    }
  },
  "passed": false,
  "accuracy": 0.0
}