{
  "code": "def volume_sphere(r):\n    return 4 * math.pi * r**2\n",
  "results": {
    "assert volume_sphere(10)==4188.790204786391": {
      "result": false,
      "time": 0.16266584396362305,
      "error": null
    },
    "assert volume_sphere(25)==65449.84694978735": {
      "result": false,
      "time": 0.1620628833770752,
      "error": null
    },
    "assert volume_sphere(20)==33510.32163829113": {
      "result": false,
      "time": 0.162064790725708,
      "error": null
    }
  },
  "passed": false,
  "accuracy": 0.0
}