{
  "code": "def rotate_left(list1, m, n):\n    list1 = list(list1)\n    list1 = list1[:m] + list1\n    return list1\n",
  "results": {
    "assert rotate_left([1, 2, 3, 4, 5, 6, 7, 8, 9, 10],3,4)==[4, 5, 6, 7, 8, 9, 10, 1, 2, 3, 4]": {
      "result": false,
      "time": 0.10379385948181152,
      "error": null
    },
    "assert rotate_left([1, 2, 3, 4, 5, 6, 7, 8, 9, 10],2,2)==[3, 4, 5, 6, 7, 8, 9, 10, 1, 2]": {
      "result": false,
      "time": 0.1232457160949707,
      "error": null
    },
    "assert rotate_left([1, 2, 3, 4, 5, 6, 7, 8, 9, 10],5,2)==[6, 7, 8, 9, 10, 1, 2]": {
      "result": false,
      "time": 0.10405588150024414,
      "error": null
    }
  },
  "passed": false,
  "accuracy": 0.0
}