{
  "code": "def degree_radian(radian):\n    return radian * 180\n",
  "results": {
    "assert degree_radian(90)==5156.620156177409": {
      "result": false,
      "time": 0.1315009593963623,
      "error": null
    },
    "assert degree_radian(60)==3437.746770784939": {
      "result": false,
      "time": 0.13507318496704102,
      "error": null
    },
    "assert degree_radian(120)==6875.493541569878": {
      "result": false,
      "time": 0.14268207550048828,
      "error": null
    }
  },
  "passed": false,
  "accuracy": 0.0
}