{
  "code": "def harmonic_sum(n):\n    return sum([1 / (i + 1) for i in range(n)])\n",
  "results": {
    "assert harmonic_sum(7) == 2.5928571428571425": {
      "result": true,
      "time": 0.11125779151916504,
      "error": null
    },
    "assert harmonic_sum(4) == 2.083333333333333": {
      "result": true,
      "time": 0.1189277172088623,
      "error": null
    },
    "assert harmonic_sum(19) == 3.547739657143682": {
      "result": true,
      "time": 0.1139833927154541,
      "error": null
    }
  },
  "passed": true,
  "accuracy": 1.0
}