{
  "code": "def max_sum(arr, n):\n    max_sum = 0\n    for i in range(n):\n        pass\n    return max_sum\n",
  "results": {
    "assert max_sum([1, 15, 51, 45, 33, 100, 12, 18, 9], 9) == 194": {
      "result": false,
      "time": 0.12017369270324707,
      "error": null
    },
    "assert max_sum([80, 60, 30, 40, 20, 10], 6) == 210": {
      "result": false,
      "time": 0.11935019493103027,
      "error": null
    },
    "assert max_sum([2, 3 ,14, 16, 21, 23, 29, 30], 8) == 138": {
      "result": false,
      "time": 0.11955857276916504,
      "error": null
    }
  },
  "passed": false,
  "accuracy": 0.0
}