{
  "code": "def angle_complex(a, b):\n    return (a + b) / (a - b)\n",
  "results": {
    "assert angle_complex(0,1j)==1.5707963267948966 ": {
      "result": false,
      "time": 0.11649155616760254,
      "error": null
    },
    "assert angle_complex(2,1j)==0.4636476090008061": {
      "result": false,
      "time": 0.12404656410217285,
      "error": null
    },
    "assert angle_complex(0,2j)==1.5707963267948966": {
      "result": false,
      "time": 0.14349913597106934,
      "error": null
    }
  },
  "passed": false,
  "accuracy": 0.0
}