{
  "code": "def area_pentagon(a):\n    return (a * (a + 1)) / 2\n",
  "results": {
    "assert area_pentagon(5)==43.01193501472417": {
      "result": false,
      "time": 0.1045987606048584,
      "error": null
    },
    "assert area_pentagon(10)==172.0477400588967": {
      "result": false,
      "time": 0.11334824562072754,
      "error": null
    },
    "assert area_pentagon(15)==387.10741513251753": {
      "result": false,
      "time": 0.10951495170593262,
      "error": null
    }
  },
  "passed": false,
  "accuracy": 0.0
}