{
  "code": "def find_demlo(s):\n\n    demlo = 0\n    for i in range(len(s)):\n        if s[i] == \"1\":\n            demlo += 1\n    return demlo\n",
  "results": {
    "assert find_demlo(\"111111\") == '12345654321'": {
      "result": false,
      "time": 0.1192939281463623,
      "error": null
    },
    "assert find_demlo(\"1111\") == '1234321'": {
      "result": false,
      "time": 0.1188201904296875,
      "error": null
    },
    "assert find_demlo(\"13333122222\") == '123456789101110987654321'": {
      "result": false,
      "time": 0.10949063301086426,
      "error": null
    }
  },
  "passed": false,
  "accuracy": 0.0
}