{
  "code": "def cube_nums(nums):\n    return [x**3 for x in nums]\n",
  "results": {
    "assert cube_nums([1, 2, 3, 4, 5, 6, 7, 8, 9, 10])==[1, 8, 27, 64, 125, 216, 343, 512, 729, 1000]": {
      "result": true,
      "time": 0.12248849868774414,
      "error": null
    },
    "assert cube_nums([10,20,30])==([1000, 8000, 27000])": {
      "result": true,
      "time": 0.13493704795837402,
      "error": null
    },
    "assert cube_nums([12,15])==([1728, 3375])": {
      "result": true,
      "time": 0.1275782585144043,
      "error": null
    }
  },
  "passed": true,
  "accuracy": 1.0
}