{
  "code": "def volume_sphere(r):\n    return 4 / 3 * 3.14159 * r**3\n",
  "results": {
    "assert volume_sphere(10)==4188.790204786391": {
      "result": false,
      "time": 0.09891343116760254,
      "error": null
    },
    "assert volume_sphere(25)==65449.84694978735": {
      "result": false,
      "time": 0.0959787368774414,
      "error": null
    },
    "assert volume_sphere(20)==33510.32163829113": {
      "result": false,
      "time": 0.09953069686889648,
      "error": null
    }
  },
  "passed": false,
  "accuracy": 0.0
}