{
  "code": "def surfacearea_sphere(r):\n    return 4 * r**2\n",
  "results": {
    "assert surfacearea_sphere(10)==1256.6370614359173": {
      "result": false,
      "time": 0.1345837116241455,
      "error": null
    },
    "assert surfacearea_sphere(15)==2827.4333882308138": {
      "result": false,
      "time": 0.1349945068359375,
      "error": null
    },
    "assert surfacearea_sphere(20)==5026.548245743669": {
      "result": false,
      "time": 0.1280534267425537,
      "error": null
    }
  },
  "passed": false,
  "accuracy": 0.0
}