{
  "code": "def surfacearea_sphere(r):\n    return 4 * r\n",
  "results": {
    "assert surfacearea_sphere(10)==1256.6370614359173": {
      "result": false,
      "time": 0.1675264835357666,
      "error": null
    },
    "assert surfacearea_sphere(15)==2827.4333882308138": {
      "result": false,
      "time": 0.17453503608703613,
      "error": null
    },
    "assert surfacearea_sphere(20)==5026.548245743669": {
      "result": false,
      "time": 0.15650177001953125,
      "error": null
    }
  },
  "passed": false,
  "accuracy": 0.0
}