{
  "code": "def lateralsuface_cylinder(r, h):\n    return (2 * r * h) + (2 * r * h) + (2 * r * h)\n",
  "results": {
    "assert lateralsuface_cylinder(10,5)==314.15000000000003": {
      "result": false,
      "time": 0.10173296928405762,
      "error": null
    },
    "assert lateralsuface_cylinder(4,5)==125.66000000000001": {
      "result": false,
      "time": 0.10504436492919922,
      "error": null
    },
    "assert lateralsuface_cylinder(4,10)==251.32000000000002": {
      "result": false,
      "time": 0.11090874671936035,
      "error": null
    }
  },
  "passed": false,
  "accuracy": 0.0
}