{
  "code": "def volume_cylinder(r, h):\n    return r * h\n",
  "results": {
    "assert volume_cylinder(10,5)==1570.7500000000002": {
      "result": false,
      "time": 0.13146686553955078,
      "error": null
    },
    "assert volume_cylinder(4,5)==251.32000000000002": {
      "result": false,
      "time": 0.1437852382659912,
      "error": null
    },
    "assert volume_cylinder(4,10)==502.64000000000004": {
      "result": false,
      "time": 0.14078688621520996,
      "error": null
    }
  },
  "passed": false,
  "accuracy": 0.0
}