{
  "code": "def harmonic_sum(n):\n    return sum(range(1, n + 1))\n",
  "results": {
    "assert harmonic_sum(7) == 2.5928571428571425": {
      "result": false,
      "time": 0.11476445198059082,
      "error": null
    },
    "assert harmonic_sum(4) == 2.083333333333333": {
      "result": false,
      "time": 0.14330244064331055,
      "error": null
    },
    "assert harmonic_sum(19) == 3.547739657143682": {
      "result": false,
      "time": 0.13221955299377441,
      "error": null
    }
  },
  "passed": false,
  "accuracy": 0.0
}