{
  "code": "def angle_complex(a, b):\n    return math.atan2(a, b)\n",
  "results": {
    "assert angle_complex(0,1j)==1.5707963267948966 ": {
      "result": false,
      "time": 0.1302962303161621,
      "error": null
    },
    "assert angle_complex(2,1j)==0.4636476090008061": {
      "result": false,
      "time": 0.11604166030883789,
      "error": null
    },
    "assert angle_complex(0,2j)==1.5707963267948966": {
      "result": false,
      "time": 0.1098787784576416,
      "error": null
    }
  },
  "passed": false,
  "accuracy": 0.0
}