{
  "code": "def set_to_tuple(s):\n    return tuple(s)\n",
  "results": {
    "assert set_to_tuple({1, 2, 3, 4, 5}) == (1, 2, 3, 4, 5)": {
      "result": true,
      "time": 0.11378288269042969,
      "error": null
    },
    "assert set_to_tuple({6, 7, 8, 9, 10, 11}) == (6, 7, 8, 9, 10, 11)": {
      "result": true,
      "time": 0.12510943412780762,
      "error": null
    },
    "assert set_to_tuple({12, 13, 14, 15, 16}) == (12, 13, 14, 15, 16)": {
      "result": false,
      "time": 0.14059662818908691,
      "error": null
    }
  },
  "passed": false,
  "accuracy": 0.6666666666666666
}