{
  "code": "def find_demlo(s):\n    if len(s) == 1:\n        return s\n    else:\n        return find_demlo(s[1:])\n",
  "results": {
    "assert find_demlo(\"111111\") == '12345654321'": {
      "result": false,
      "time": 0.136915922164917,
      "error": null
    },
    "assert find_demlo(\"1111\") == '1234321'": {
      "result": false,
      "time": 0.1224069595336914,
      "error": null
    },
    "assert find_demlo(\"13333122222\") == '123456789101110987654321'": {
      "result": false,
      "time": 0.1261608600616455,
      "error": null
    }
  },
  "passed": false,
  "accuracy": 0.0
}