{
  "code": "def surfacearea_cone(r, h):\n    return (r * h) / 2\n",
  "results": {
    "assert surfacearea_cone(5,12)==282.7433388230814": {
      "result": false,
      "time": 0.1348273754119873,
      "error": null
    },
    "assert surfacearea_cone(10,15)==880.5179353159282": {
      "result": false,
      "time": 0.1356501579284668,
      "error": null
    },
    "assert surfacearea_cone(19,17)==2655.923961165254": {
      "result": false,
      "time": 0.13541603088378906,
      "error": null
    }
  },
  "passed": false,
  "accuracy": 0.0
}