{
  "code": "def volume_cylinder(r, h):\n    return 3.141 * r * h\n",
  "results": {
    "assert volume_cylinder(10,5)==1570.7500000000002": {
      "result": false,
      "time": 0.1182703971862793,
      "error": null
    },
    "assert volume_cylinder(4,5)==251.32000000000002": {
      "result": false,
      "time": 0.12343144416809082,
      "error": null
    },
    "assert volume_cylinder(4,10)==502.64000000000004": {
      "result": false,
      "time": 0.22565150260925293,
      "error": null
    }
  },
  "passed": false,
  "accuracy": 0.0
}