{
  "code": "def surfacearea_sphere(r):\n    return 4 * r\n",
  "results": {
    "assert surfacearea_sphere(10)==1256.6370614359173": {
      "result": false,
      "time": 0.1573495864868164,
      "error": null
    },
    "assert surfacearea_sphere(15)==2827.4333882308138": {
      "result": false,
      "time": 0.15579795837402344,
      "error": null
    },
    "assert surfacearea_sphere(20)==5026.548245743669": {
      "result": false,
      "time": 0.15690898895263672,
      "error": null
    }
  },
  "passed": false,
  "accuracy": 0.0
}