{
  "code": "def area_polygon(s, l):\n    return (s * l) / 2\n",
  "results": {
    "assert area_polygon(4,20)==400.00000000000006": {
      "result": false,
      "time": 0.12163090705871582,
      "error": null
    },
    "assert area_polygon(10,15)==1731.1969896610804": {
      "result": false,
      "time": 0.15336394309997559,
      "error": null
    },
    "assert area_polygon(9,7)==302.90938549487214": {
      "result": false,
      "time": 0.12252473831176758,
      "error": null
    }
  },
  "passed": false,
  "accuracy": 0.0
}