{
  "code": "def shell_sort(my_list):\n    for gap in range(len(my_list) // 2, 0, -1):\n        for i in range(gap, len(my_list)):\n            my_list[i] = my_list[i] + my_list[i - gap]\n    return my_list\n",
  "results": {
    "assert shell_sort([12, 23, 4, 5, 3, 2, 12, 81, 56, 95]) == [2, 3, 4, 5, 12, 12, 23, 56, 81, 95]": {
      "result": false,
      "time": 0.12059378623962402,
      "error": null
    },
    "assert shell_sort([24, 22, 39, 34, 87, 73, 68]) == [22, 24, 34, 39, 68, 73, 87]": {
      "result": false,
      "time": 0.1109318733215332,
      "error": null
    },
    "assert shell_sort([32, 30, 16, 96, 82, 83, 74]) == [16, 30, 32, 74, 82, 83, 96]": {
      "result": false,
      "time": 0.11910080909729004,
      "error": null
    }
  },
  "passed": false,
  "accuracy": 0.0
}