{
  "code": "def parabola_vertex(a, b, c):\n    return (-b / 2 * a, -c / 2 * a)\n",
  "results": {
    "assert parabola_vertex(5,3,2)==(-0.3, 1.55)": {
      "result": false,
      "time": 0.12796306610107422,
      "error": null
    },
    "assert parabola_vertex(9,8,4)==(-0.4444444444444444, 2.2222222222222223)": {
      "result": false,
      "time": 0.14791131019592285,
      "error": null
    },
    "assert parabola_vertex(2,4,6)==(-1.0, 4.0)": {
      "result": false,
      "time": 0.14768409729003906,
      "error": null
    }
  },
  "passed": false,
  "accuracy": 0.0
}