{
  "code": "def volume_cone(r, h):\n    return (r * h) / 2\n",
  "results": {
    "assert volume_cone(5,12)==314.15926535897927": {
      "result": false,
      "time": 0.12402796745300293,
      "error": null
    },
    "assert volume_cone(10,15)==1570.7963267948965": {
      "result": false,
      "time": 0.13535594940185547,
      "error": null
    },
    "assert volume_cone(19,17)==6426.651371693521": {
      "result": false,
      "time": 0.12184858322143555,
      "error": null
    }
  },
  "passed": false,
  "accuracy": 0.0
}