{
  "code": "def func(nums, k):\n    nums.sort()\n    nums = nums[:k]\n    nums.sort()\n    return nums\n",
  "results": {
    "assert func([[1, 2, 6], [1, 3, 4, 5, 7, 8], [1, 3, 5, 6, 8, 9], [2, 5, 7, 11], [1, 4, 7, 8, 12]],3)==[5, 7, 1]": {
      "result": false,
      "time": 0.18369436264038086,
      "error": null
    },
    "assert func([[1, 2, 6], [1, 3, 4, 5, 7, 8], [1, 3, 5, 6, 8, 9], [2, 5, 7, 11], [1, 4, 7, 8, 12]],1)==[1]": {
      "result": false,
      "time": 0.2113807201385498,
      "error": null
    },
    "assert func([[1, 2, 6], [1, 3, 4, 5, 7, 8], [1, 3, 5, 6, 8, 9], [2, 5, 7, 11], [1, 4, 7, 8, 12]],5)==[6, 5, 7, 8, 1]": {
      "result": false,
      "time": 0.22355437278747559,
      "error": null
    }
  },
  "passed": false,
  "accuracy": 0.0
}