{
  "code": "def lateralsuface_cylinder(r, h):\n    return 2 * math.pi * r * h\n",
  "results": {
    "assert lateralsuface_cylinder(10,5)==314.15000000000003": {
      "result": false,
      "time": 0.11403226852416992,
      "error": null
    },
    "assert lateralsuface_cylinder(4,5)==125.66000000000001": {
      "result": false,
      "time": 0.10915064811706543,
      "error": null
    },
    "assert lateralsuface_cylinder(4,10)==251.32000000000002": {
      "result": false,
      "time": 0.10424280166625977,
      "error": null
    }
  },
  "passed": false,
  "accuracy": 0.0
}