{
  "code": "def volume_cone(r, h):\n    return 1 / 3 * pi * r**2 * h\n",
  "results": {
    "assert volume_cone(5,12)==314.15926535897927": {
      "result": false,
      "time": 0.1709592342376709,
      "error": null
    },
    "assert volume_cone(10,15)==1570.7963267948965": {
      "result": false,
      "time": 0.40730929374694824,
      "error": null
    },
    "assert volume_cone(19,17)==6426.651371693521": {
      "result": false,
      "time": 0.4046187400817871,
      "error": null
    }
  },
  "passed": false,
  "accuracy": 0.0
}