{
  "code": "def degree_radian(radian):\n    return radian * 180 / math.pi\n",
  "results": {
    "assert degree_radian(90)==5156.620156177409": {
      "result": false,
      "time": 0.12681937217712402,
      "error": null
    },
    "assert degree_radian(60)==3437.746770784939": {
      "result": false,
      "time": 0.1354665756225586,
      "error": null
    },
    "assert degree_radian(120)==6875.493541569878": {
      "result": false,
      "time": 0.12823486328125,
      "error": null
    }
  },
  "passed": false,
  "accuracy": 0.0
}