{
  "code": "def re_order(A):\n\n    # Your code here\n    return A\n",
  "results": {
    "assert re_order([6, 0, 8, 2, 3, 0, 4, 0, 1]) == [6, 8, 2, 3, 4, 1, 0, 0, 0]": {
      "result": false,
      "time": 0.11554121971130371,
      "error": null
    },
    "assert re_order([4, 0, 2, 7, 0, 9, 0, 12, 0]) == [4, 2, 7, 9, 12, 0, 0, 0, 0]": {
      "result": false,
      "time": 0.10486388206481934,
      "error": null
    },
    "assert re_order([3, 11, 0, 74, 14, 0, 1, 0, 2]) == [3, 11, 74, 14, 1, 2, 0, 0, 0]": {
      "result": false,
      "time": 0.11686372756958008,
      "error": null
    }
  },
  "passed": false,
  "accuracy": 0.0
}