{
  "code": "def count_X(tup, x):\n    return sum([1 for i in tup if i == x])\n",
  "results": {
    "assert count_X((10, 8, 5, 2, 10, 15, 10, 8, 5, 8, 8, 2),4) == 0": {
      "result": true,
      "time": 0.16611957550048828,
      "error": null
    },
    "assert count_X((10, 8, 5, 2, 10, 15, 10, 8, 5, 8, 8, 2),10) == 3": {
      "result": true,
      "time": 0.16215229034423828,
      "error": null
    },
    "assert count_X((10, 8, 5, 2, 10, 15, 10, 8, 5, 8, 8, 2),8) == 4": {
      "result": true,
      "time": 0.16485333442687988,
      "error": null
    }
  },
  "passed": true,
  "accuracy": 1.0
}