{
  "code": "def volume_cone(r, h):\n    # r is the radius and h is the height\n    return 0.5 * r**2 * h\n",
  "results": {
    "assert volume_cone(5,12)==314.15926535897927": {
      "result": false,
      "time": 0.10448455810546875,
      "error": null
    },
    "assert volume_cone(10,15)==1570.7963267948965": {
      "result": false,
      "time": 0.11812376976013184,
      "error": null
    },
    "assert volume_cone(19,17)==6426.651371693521": {
      "result": false,
      "time": 0.12222123146057129,
      "error": null
    }
  },
  "passed": false,
  "accuracy": 0.0
}