{
  "code": "def degree_radian(radian):\n    return radian * 180\n",
  "results": {
    "assert degree_radian(90)==5156.620156177409": {
      "result": false,
      "time": 0.13431620597839355,
      "error": null
    },
    "assert degree_radian(60)==3437.746770784939": {
      "result": false,
      "time": 0.11568427085876465,
      "error": null
    },
    "assert degree_radian(120)==6875.493541569878": {
      "result": false,
      "time": 0.13086318969726562,
      "error": null
    }
  },
  "passed": false,
  "accuracy": 0.0
}