{
  "code": "def volume_sphere(r):\n    return 4 * 3.141 * r**3\n",
  "results": {
    "assert volume_sphere(10)==4188.790204786391": {
      "result": false,
      "time": 0.1445004940032959,
      "error": null
    },
    "assert volume_sphere(25)==65449.84694978735": {
      "result": false,
      "time": 0.3934164047241211,
      "error": null
    },
    "assert volume_sphere(20)==33510.32163829113": {
      "result": false,
      "time": 0.1940014362335205,
      "error": null
    }
  },
  "passed": false,
  "accuracy": 0.0
}