{
  "code": "def find_exponentio(test_tup1, test_tup2):\n    result = []\n    for i in range(len(test_tup1)):\n        for j in range(len(test_tup2)):\n            if test_tup1[i] == test_tup2[j]:\n                result.append(test_tup1[i] * test_tup2[j])\n    return result\n",
  "results": {
    "assert find_exponentio((10, 4, 5, 6), (5, 6, 7, 5)) == (100000, 4096, 78125, 7776)": {
      "result": false,
      "time": 0.11666035652160645,
      "error": null
    },
    "assert find_exponentio((11, 5, 6, 7), (6, 7, 8, 6)) == (1771561, 78125, 1679616, 117649)": {
      "result": false,
      "time": 0.12453722953796387,
      "error": null
    },
    "assert find_exponentio((12, 6, 7, 8), (7, 8, 9, 7)) == (35831808, 1679616, 40353607, 2097152)": {
      "result": false,
      "time": 0.12834644317626953,
      "error": null
    }
  },
  "passed": false,
  "accuracy": 0.0
}