{
  "code": "def heap_queue_smallest(nums, n):\n    if n == 0:\n        pass\n    else:\n        return nums\n",
  "results": {
    "assert heap_queue_smallest( [25, 35, 22, 85, 14, 65, 75, 25, 58],3)==[14, 22, 25] ": {
      "result": false,
      "time": 0.12747859954833984,
      "error": null
    },
    "assert heap_queue_smallest( [25, 35, 22, 85, 14, 65, 75, 25, 58],2)==[14, 22]": {
      "result": false,
      "time": 0.12434148788452148,
      "error": null
    },
    "assert heap_queue_smallest( [25, 35, 22, 85, 14, 65, 75, 22, 58],5)==[14, 22, 22, 25, 35]": {
      "result": false,
      "time": 0.15788626670837402,
      "error": null
    }
  },
  "passed": false,
  "accuracy": 0.0
}