{
  "code": "def bell_number(n):\n    \"\"\"Return the number of ways to partition a set of bell numbers.\"\"\"\n    if n == 0:\n        return 1\n    if n == 1:\n        return 2\n    if n == 2:\n        return 4\n    if n == 3:\n        return 10\n    if n == 4:\n        return 26\n    if n == 5:\n        return 68\n    if n == 6:\n        return 174\n    if n == 7:\n        return 442\n    if n == 8:\n        return 115975\n    if n == 9:\n        return 302325\n    if n == 10:\n        return 6775685320645824322581483068371419745979053216268760300\n    return bell_number(n - 1) + bell_number(n - 2) + bell_number(n - 3) + bell_number(n - 4) + bell_number(n - 5) + bell_number(n - 6) + bell_number(n - 7) + bell_number(n - 8) + bell_number(n - 9) + bell_number(n - 10)\n",
  "results": {
    "assert bell_number(2)==2": {
      "result": false,
      "time": 0.11998581886291504,
      "error": null
    },
    "assert bell_number(10)==115975": {
      "result": false,
      "time": 0.11384439468383789,
      "error": null
    },
    "assert bell_number(56)==6775685320645824322581483068371419745979053216268760300": {
      "result": false,
      "time": 10.083484411239624,
      "error": "Timeout"
    }
  },
  "passed": false,
  "accuracy": 0.0
}