{
  "code": "def angle_complex(a, b):\n    return math.atan2(a, b)\n",
  "results": {
    "assert angle_complex(0,1j)==1.5707963267948966 ": {
      "result": false,
      "time": 0.15348029136657715,
      "error": null
    },
    "assert angle_complex(2,1j)==0.4636476090008061": {
      "result": false,
      "time": 0.1199336051940918,
      "error": null
    },
    "assert angle_complex(0,2j)==1.5707963267948966": {
      "result": false,
      "time": 0.10115766525268555,
      "error": null
    }
  },
  "passed": false,
  "accuracy": 0.0
}