{
  "code": "def volume_cone(r, h):\n    return (r * h) / 2\n",
  "results": {
    "assert volume_cone(5,12)==314.15926535897927": {
      "result": false,
      "time": 0.3694636821746826,
      "error": null
    },
    "assert volume_cone(10,15)==1570.7963267948965": {
      "result": false,
      "time": 0.1753699779510498,
      "error": null
    },
    "assert volume_cone(19,17)==6426.651371693521": {
      "result": false,
      "time": 0.18055319786071777,
      "error": null
    }
  },
  "passed": false,
  "accuracy": 0.0
}