{
  "code": "def volume_sphere(r):\n    return 4 * r\n",
  "results": {
    "assert volume_sphere(10)==4188.790204786391": {
      "result": false,
      "time": 0.15225648880004883,
      "error": null
    },
    "assert volume_sphere(25)==65449.84694978735": {
      "result": false,
      "time": 0.15531349182128906,
      "error": null
    },
    "assert volume_sphere(20)==33510.32163829113": {
      "result": false,
      "time": 0.15659737586975098,
      "error": null
    }
  },
  "passed": false,
  "accuracy": 0.0
}