{
  "code": "def area_pentagon(a):\n    return (a * (a + 1)) / 2\n",
  "results": {
    "assert area_pentagon(5)==43.01193501472417": {
      "result": false,
      "time": 0.12714338302612305,
      "error": null
    },
    "assert area_pentagon(10)==172.0477400588967": {
      "result": false,
      "time": 0.1200408935546875,
      "error": null
    },
    "assert area_pentagon(15)==387.10741513251753": {
      "result": false,
      "time": 0.15146994590759277,
      "error": null
    }
  },
  "passed": false,
  "accuracy": 0.0
}