{
  "code": "def find_demlo(s):\n    demlo = \"\"\n    for i in range(len(s)):\n        demlo += s[i]\n    return demlo\n",
  "results": {
    "assert find_demlo(\"111111\") == '12345654321'": {
      "result": false,
      "time": 0.13551902770996094,
      "error": null
    },
    "assert find_demlo(\"1111\") == '1234321'": {
      "result": false,
      "time": 0.1286487579345703,
      "error": null
    },
    "assert find_demlo(\"13333122222\") == '123456789101110987654321'": {
      "result": false,
      "time": 0.1527092456817627,
      "error": null
    }
  },
  "passed": false,
  "accuracy": 0.0
}