{
  "code": "def heap_replace(heap, a):\n    if len(heap) == 0:\n        return heap\n    if a < heap[0]:\n        heap[0] = a\n        heapify(heap, 0, len(heap) - 1)\n    return heap\n",
  "results": {
    "assert heap_replace( [25, 44, 68, 21, 39, 23, 89],21)==[21, 25, 23, 44, 39, 68, 89]": {
      "result": false,
      "time": 0.10977053642272949,
      "error": null
    },
    "assert heap_replace([25, 44, 68, 21, 39, 23, 89],110)== [23, 25, 68, 44, 39, 110, 89]": {
      "result": false,
      "time": 0.11962604522705078,
      "error": null
    },
    "assert heap_replace([25, 44, 68, 21, 39, 23, 89],500)==[23, 25, 68, 44, 39, 500, 89]": {
      "result": false,
      "time": 0.11607646942138672,
      "error": null
    }
  },
  "passed": false,
  "accuracy": 0.0
}