{
  "code": "def lateralsuface_cylinder(r, h):\n    return (r * h) / 2\n",
  "results": {
    "assert lateralsuface_cylinder(10,5)==314.15000000000003": {
      "result": false,
      "time": 0.11486673355102539,
      "error": null
    },
    "assert lateralsuface_cylinder(4,5)==125.66000000000001": {
      "result": false,
      "time": 0.12244677543640137,
      "error": null
    },
    "assert lateralsuface_cylinder(4,10)==251.32000000000002": {
      "result": false,
      "time": 0.12474298477172852,
      "error": null
    }
  },
  "passed": false,
  "accuracy": 0.0
}