{
  "code": "def surfacearea_cone(r, h):\n    return (3.14 * r * h) / 2\n",
  "results": {
    "assert surfacearea_cone(5,12)==282.7433388230814": {
      "result": false,
      "time": 0.10306358337402344,
      "error": null
    },
    "assert surfacearea_cone(10,15)==880.5179353159282": {
      "result": false,
      "time": 0.12564539909362793,
      "error": null
    },
    "assert surfacearea_cone(19,17)==2655.923961165254": {
      "result": false,
      "time": 0.11351943016052246,
      "error": null
    }
  },
  "passed": false,
  "accuracy": 0.0
}