{
  "code": "def degree_radian(radian):\n    return radian * 180 / math.pi\n",
  "results": {
    "assert degree_radian(90)==5156.620156177409": {
      "result": false,
      "time": 0.1503596305847168,
      "error": null
    },
    "assert degree_radian(60)==3437.746770784939": {
      "result": false,
      "time": 0.13881707191467285,
      "error": null
    },
    "assert degree_radian(120)==6875.493541569878": {
      "result": false,
      "time": 0.12268710136413574,
      "error": null
    }
  },
  "passed": false,
  "accuracy": 0.0
}