{
  "code": "def area_polygon(s, l):\n    return (s * l) / 2\n",
  "results": {
    "assert area_polygon(4,20)==400.00000000000006": {
      "result": false,
      "time": 0.1290738582611084,
      "error": null
    },
    "assert area_polygon(10,15)==1731.1969896610804": {
      "result": false,
      "time": 0.13004016876220703,
      "error": null
    },
    "assert area_polygon(9,7)==302.90938549487214": {
      "result": false,
      "time": 0.1539318561553955,
      "error": null
    }
  },
  "passed": false,
  "accuracy": 0.0
}