{
  "code": "def larg_nnum(list1, n):\n\n    list2 = []\n    for i in range(len(list1)):\n        if i >= n:\n            list2.append(list1[i])\n    return list2\n",
  "results": {
    "assert larg_nnum([10, 20, 50, 70, 90, 20, 50, 40, 60, 80, 100],2)==[100,90]": {
      "result": false,
      "time": 0.10187935829162598,
      "error": null
    },
    "assert larg_nnum([10, 20, 50, 70, 90, 20, 50, 40, 60, 80, 100],5)==[100,90,80,70,60]": {
      "result": false,
      "time": 0.11910247802734375,
      "error": null
    },
    "assert larg_nnum([10, 20, 50, 70, 90, 20, 50, 40, 60, 80, 100],3)==[100,90,80]": {
      "result": false,
      "time": 0.1186215877532959,
      "error": null
    }
  },
  "passed": false,
  "accuracy": 0.0
}