{
  "code": "def freq_count(list1):\n    freq = {}\n    for num in list1:\n        if num in freq:\n            freq[num] += 1\n        else:\n            freq[num] = 1\n    return freq\n",
  "results": {
    "assert freq_count([10,10,10,10,20,20,20,20,40,40,50,50,30])==({10: 4, 20: 4, 40: 2, 50: 2, 30: 1}) ": {
      "result": true,
      "time": 0.13411736488342285,
      "error": null
    },
    "assert freq_count([1,2,3,4,3,2,4,1,3,1,4])==({1:3, 2:2,3:3,4:3}) ": {
      "result": true,
      "time": 0.1243581771850586,
      "error": null
    },
    "assert freq_count([5,6,7,4,9,10,4,5,6,7,9,5])==({10:1,5:3,6:2,7:2,4:2,9:2}) ": {
      "result": true,
      "time": 0.11527705192565918,
      "error": null
    }
  },
  "passed": true,
  "accuracy": 1.0
}