{
  "code": "def angle_complex(a, b):\n    return math.atan2(a, b)\n",
  "results": {
    "assert angle_complex(0,1j)==1.5707963267948966 ": {
      "result": false,
      "time": 0.11159467697143555,
      "error": null
    },
    "assert angle_complex(2,1j)==0.4636476090008061": {
      "result": false,
      "time": 0.11482048034667969,
      "error": null
    },
    "assert angle_complex(0,2j)==1.5707963267948966": {
      "result": false,
      "time": 0.10762643814086914,
      "error": null
    }
  },
  "passed": false,
  "accuracy": 0.0
}