{
  "code": "def surfacearea_sphere(r):\n    return 4 * math.pi * r**2\n",
  "results": {
    "assert surfacearea_sphere(10)==1256.6370614359173": {
      "result": false,
      "time": 0.12904119491577148,
      "error": null
    },
    "assert surfacearea_sphere(15)==2827.4333882308138": {
      "result": false,
      "time": 0.13044404983520508,
      "error": null
    },
    "assert surfacearea_sphere(20)==5026.548245743669": {
      "result": false,
      "time": 0.12814640998840332,
      "error": null
    }
  },
  "passed": false,
  "accuracy": 0.0
}