{
  "code": "def tri(n):\n    if n == 0:\n        return [1]\n    trib = [1, 3]\n    if n == 1:\n        return trib\n    for i in range(2, n + 1):\n        if i % 2 == 0:\n            next_val = 1 + i // 2\n        else:\n            next_val = trib[i - 1] + trib[i - 2] + (1 + (i + 1) // 2 if i + 1 <= n else 1 + (i + 1) // 2)\n        trib.append(next_val)\n    return trib",
  "results": {
    "assert tri(4) == [1, 3, 2.0, 8.0, 3.0]": {
      "result": true,
      "time": 0.032746315002441406,
      "error": null
    },
    "assert tri(27) == [1, 3, 2.0, 8.0, 3.0, 15.0, 4.0, 24.0, 5.0, 35.0, 6.0, 48.0, 7.0, 63.0, 8.0, 80.0, 9.0, 99.0, 10.0, 120.0, 11.0, 143.0, 12.0, 168.0, 13.0, 195.0, 14.0, 224.0]": {
      "result": true,
      "time": 0.029044628143310547,
      "error": null
    },
    "assert tri(13) == [1, 3, 2.0, 8.0, 3.0, 15.0, 4.0, 24.0, 5.0, 35.0, 6.0, 48.0, 7.0, 63.0]": {
      "result": true,
      "time": 0.029938936233520508,
      "error": null
    },
    "assert tri(40) == [1, 3, 2.0, 8.0, 3.0, 15.0, 4.0, 24.0, 5.0, 35.0, 6.0, 48.0, 7.0, 63.0, 8.0, 80.0, 9.0, 99.0, 10.0, 120.0, 11.0, 143.0, 12.0, 168.0, 13.0, 195.0, 14.0, 224.0, 15.0, 255.0, 16.0, 288.0, 17.0, 323.0, 18.0, 360.0, 19.0, 399.0, 20.0, 440.0, 21.0]": {
      "result": true,
      "time": 0.029307126998901367,
      "error": null
    },
    "assert tri(7) == [1, 3, 2.0, 8.0, 3.0, 15.0, 4.0, 24.0]": {
      "result": true,
      "time": 0.02741265296936035,
      "error": null
    },
    "assert tri(18) == [1, 3, 2.0, 8.0, 3.0, 15.0, 4.0, 24.0, 5.0, 35.0, 6.0, 48.0, 7.0, 63.0, 8.0, 80.0, 9.0, 99.0, 10.0]": {
      "result": true,
      "time": 0.029893875122070312,
      "error": null
    },
    "assert tri(50) == [1, 3, 2.0, 8.0, 3.0, 15.0, 4.0, 24.0, 5.0, 35.0, 6.0, 48.0, 7.0, 63.0, 8.0, 80.0, 9.0, 99.0, 10.0, 120.0, 11.0, 143.0, 12.0, 168.0, 13.0, 195.0, 14.0, 224.0, 15.0, 255.0, 16.0, 288.0, 17.0, 323.0, 18.0, 360.0, 19.0, 399.0, 20.0, 440.0, 21.0, 483.0, 22.0, 528.0, 23.0, 575.0, 24.0, 624.0, 25.0, 675.0, 26.0]": {
      "result": true,
      "time": 0.027502775192260742,
      "error": null
    },
    "assert tri(22) == [1, 3, 2.0, 8.0, 3.0, 15.0, 4.0, 24.0, 5.0, 35.0, 6.0, 48.0, 7.0, 63.0, 8.0, 80.0, 9.0, 99.0, 10.0, 120.0, 11.0, 143.0, 12.0]": {
      "result": true,
      "time": 0.028056621551513672,
      "error": null
    },
    "assert tri(47) == [1, 3, 2.0, 8.0, 3.0, 15.0, 4.0, 24.0, 5.0, 35.0, 6.0, 48.0, 7.0, 63.0, 8.0, 80.0, 9.0, 99.0, 10.0, 120.0, 11.0, 143.0, 12.0, 168.0, 13.0, 195.0, 14.0, 224.0, 15.0, 255.0, 16.0, 288.0, 17.0, 323.0, 18.0, 360.0, 19.0, 399.0, 20.0, 440.0, 21.0, 483.0, 22.0, 528.0, 23.0, 575.0, 24.0, 624.0]": {
      "result": true,
      "time": 0.02962350845336914,
      "error": null
    },
    "assert tri(25) == [1, 3, 2.0, 8.0, 3.0, 15.0, 4.0, 24.0, 5.0, 35.0, 6.0, 48.0, 7.0, 63.0, 8.0, 80.0, 9.0, 99.0, 10.0, 120.0, 11.0, 143.0, 12.0, 168.0, 13.0, 195.0]": {
      "result": true,
      "time": 0.02816009521484375,
      "error": null
    },
    "assert tri(16) == [1, 3, 2.0, 8.0, 3.0, 15.0, 4.0, 24.0, 5.0, 35.0, 6.0, 48.0, 7.0, 63.0, 8.0, 80.0, 9.0]": {
      "result": true,
      "time": 0.028992176055908203,
      "error": null
    },
    "assert tri(41) == [1, 3, 2.0, 8.0, 3.0, 15.0, 4.0, 24.0, 5.0, 35.0, 6.0, 48.0, 7.0, 63.0, 8.0, 80.0, 9.0, 99.0, 10.0, 120.0, 11.0, 143.0, 12.0, 168.0, 13.0, 195.0, 14.0, 224.0, 15.0, 255.0, 16.0, 288.0, 17.0, 323.0, 18.0, 360.0, 19.0, 399.0, 20.0, 440.0, 21.0, 483.0]": {
      "result": true,
      "time": 0.029068946838378906,
      "error": null
    },
    "assert tri(19) == [1, 3, 2.0, 8.0, 3.0, 15.0, 4.0, 24.0, 5.0, 35.0, 6.0, 48.0, 7.0, 63.0, 8.0, 80.0, 9.0, 99.0, 10.0, 120.0]": {
      "result": true,
      "time": 0.030637502670288086,
      "error": null
    },
    "assert tri(43) == [1, 3, 2.0, 8.0, 3.0, 15.0, 4.0, 24.0, 5.0, 35.0, 6.0, 48.0, 7.0, 63.0, 8.0, 80.0, 9.0, 99.0, 10.0, 120.0, 11.0, 143.0, 12.0, 168.0, 13.0, 195.0, 14.0, 224.0, 15.0, 255.0, 16.0, 288.0, 17.0, 323.0, 18.0, 360.0, 19.0, 399.0, 20.0, 440.0, 21.0, 483.0, 22.0, 528.0]": {
      "result": true,
      "time": 0.026527881622314453,
      "error": null
    },
    "assert tri(6) == [1, 3, 2.0, 8.0, 3.0, 15.0, 4.0]": {
      "result": true,
      "time": 0.02640700340270996,
      "error": null
    },
    "assert tri(49) == [1, 3, 2.0, 8.0, 3.0, 15.0, 4.0, 24.0, 5.0, 35.0, 6.0, 48.0, 7.0, 63.0, 8.0, 80.0, 9.0, 99.0, 10.0, 120.0, 11.0, 143.0, 12.0, 168.0, 13.0, 195.0, 14.0, 224.0, 15.0, 255.0, 16.0, 288.0, 17.0, 323.0, 18.0, 360.0, 19.0, 399.0, 20.0, 440.0, 21.0, 483.0, 22.0, 528.0, 23.0, 575.0, 24.0, 624.0, 25.0, 675.0]": {
      "result": true,
      "time": 0.030820846557617188,
      "error": null
    },
    "assert tri(14) == [1, 3, 2.0, 8.0, 3.0, 15.0, 4.0, 24.0, 5.0, 35.0, 6.0, 48.0, 7.0, 63.0, 8.0]": {
      "result": true,
      "time": 0.02751898765563965,
      "error": null
    },
    "assert tri(32) == [1, 3, 2.0, 8.0, 3.0, 15.0, 4.0, 24.0, 5.0, 35.0, 6.0, 48.0, 7.0, 63.0, 8.0, 80.0, 9.0, 99.0, 10.0, 120.0, 11.0, 143.0, 12.0, 168.0, 13.0, 195.0, 14.0, 224.0, 15.0, 255.0, 16.0, 288.0, 17.0]": {
      "result": true,
      "time": 0.027187585830688477,
      "error": null
    },
    "assert tri(30) == [1, 3, 2.0, 8.0, 3.0, 15.0, 4.0, 24.0, 5.0, 35.0, 6.0, 48.0, 7.0, 63.0, 8.0, 80.0, 9.0, 99.0, 10.0, 120.0, 11.0, 143.0, 12.0, 168.0, 13.0, 195.0, 14.0, 224.0, 15.0, 255.0, 16.0]": {
      "result": true,
      "time": 0.027821779251098633,
      "error": null
    },
    "assert tri(20) == [1, 3, 2.0, 8.0, 3.0, 15.0, 4.0, 24.0, 5.0, 35.0, 6.0, 48.0, 7.0, 63.0, 8.0, 80.0, 9.0, 99.0, 10.0, 120.0, 11.0]\n\n    # Check some edge cases that are easy to work out by hand.": {
      "result": true,
      "time": 0.028409481048583984,
      "error": null
    },
    "assert tri(26) == [1, 3, 2.0, 8.0, 3.0, 15.0, 4.0, 24.0, 5.0, 35.0, 6.0, 48.0, 7.0, 63.0, 8.0, 80.0, 9.0, 99.0, 10.0, 120.0, 11.0, 143.0, 12.0, 168.0, 13.0, 195.0, 14.0]": {
      "result": true,
      "time": 0.029587268829345703,
      "error": null
    },
    "assert tri(45) == [1, 3, 2.0, 8.0, 3.0, 15.0, 4.0, 24.0, 5.0, 35.0, 6.0, 48.0, 7.0, 63.0, 8.0, 80.0, 9.0, 99.0, 10.0, 120.0, 11.0, 143.0, 12.0, 168.0, 13.0, 195.0, 14.0, 224.0, 15.0, 255.0, 16.0, 288.0, 17.0, 323.0, 18.0, 360.0, 19.0, 399.0, 20.0, 440.0, 21.0, 483.0, 22.0, 528.0, 23.0, 575.0]": {
      "result": true,
      "time": 0.029664278030395508,
      "error": null
    },
    "assert tri(0) == [1]": {
      "result": true,
      "time": 0.02989816665649414,
      "error": null
    },
    "assert tri(37) == [1, 3, 2.0, 8.0, 3.0, 15.0, 4.0, 24.0, 5.0, 35.0, 6.0, 48.0, 7.0, 63.0, 8.0, 80.0, 9.0, 99.0, 10.0, 120.0, 11.0, 143.0, 12.0, 168.0, 13.0, 195.0, 14.0, 224.0, 15.0, 255.0, 16.0, 288.0, 17.0, 323.0, 18.0, 360.0, 19.0, 399.0]": {
      "result": true,
      "time": 0.029946565628051758,
      "error": null
    },
    "assert tri(15) == [1, 3, 2.0, 8.0, 3.0, 15.0, 4.0, 24.0, 5.0, 35.0, 6.0, 48.0, 7.0, 63.0, 8.0, 80.0]": {
      "result": true,
      "time": 0.02802443504333496,
      "error": null
    },
    "assert tri(46) == [1, 3, 2.0, 8.0, 3.0, 15.0, 4.0, 24.0, 5.0, 35.0, 6.0, 48.0, 7.0, 63.0, 8.0, 80.0, 9.0, 99.0, 10.0, 120.0, 11.0, 143.0, 12.0, 168.0, 13.0, 195.0, 14.0, 224.0, 15.0, 255.0, 16.0, 288.0, 17.0, 323.0, 18.0, 360.0, 19.0, 399.0, 20.0, 440.0, 21.0, 483.0, 22.0, 528.0, 23.0, 575.0, 24.0]": {
      "result": true,
      "time": 0.030763864517211914,
      "error": null
    },
    "assert tri(31) == [1, 3, 2.0, 8.0, 3.0, 15.0, 4.0, 24.0, 5.0, 35.0, 6.0, 48.0, 7.0, 63.0, 8.0, 80.0, 9.0, 99.0, 10.0, 120.0, 11.0, 143.0, 12.0, 168.0, 13.0, 195.0, 14.0, 224.0, 15.0, 255.0, 16.0, 288.0]": {
      "result": true,
      "time": 0.027158498764038086,
      "error": null
    },