{
  "code": "def rounded_avg(n, m):\n    if n > m:\n        return -1\n    average = round((n + m) / 2)\n    return bin(average)",
  "results": {
    "assert rounded_avg(7, 1) == -1": {
      "result": true,
      "time": 0.030438899993896484,
      "error": null
    },
    "assert rounded_avg(201, 228) == '0b11010110'": {
      "result": true,
      "time": 0.03833937644958496,
      "error": null
    },
    "assert rounded_avg(565, 856) == '0b1011000110'": {
      "result": true,
      "time": 0.03154802322387695,
      "error": null
    },
    "assert rounded_avg(3, 3) == '0b11'": {
      "result": true,
      "time": 0.030398845672607422,
      "error": null
    },
    "assert rounded_avg(2, 5) == '0b100'": {
      "result": true,
      "time": 0.027724742889404297,
      "error": null
    },
    "assert rounded_avg(7, 2) == -1": {
      "result": true,
      "time": 0.03429603576660156,
      "error": null
    },
    "assert rounded_avg(2, 3) == '0b10'": {
      "result": true,
      "time": 0.032377004623413086,
      "error": null
    },
    "assert rounded_avg(361, 495) == '0b110101100'": {
      "result": true,
      "time": 0.034035444259643555,
      "error": null
    },
    "assert rounded_avg(187, 545) == '0b101101110'": {
      "result": true,
      "time": 0.03820061683654785,
      "error": null
    },
    "assert rounded_avg(2, 2) == '0b10'": {
      "result": true,
      "time": 0.030022144317626953,
      "error": null
    },
    "assert rounded_avg(10, 7) == -1": {
      "result": true,
      "time": 0.03070974349975586,
      "error": null
    },
    "assert rounded_avg(969, 973) == '0b1111001011'": {
      "result": true,
      "time": 0.03297543525695801,
      "error": null
    },
    "assert rounded_avg(10, 2) == -1": {
      "result": true,
      "time": 0.032379865646362305,
      "error": null
    },
    "assert rounded_avg(1000, 992) == -1": {
      "result": true,
      "time": 0.03393292427062988,
      "error": null
    },
    "assert rounded_avg(9, 12) == '0b1010'": {
      "result": true,
      "time": 0.031938791275024414,
      "error": null
    },
    "assert rounded_avg(1000, 997) == -1": {
      "result": true,
      "time": 0.035041093826293945,
      "error": null
    },
    "assert rounded_avg(350,902) == \"0b1001110010\"": {
      "result": true,
      "time": 0.031629085540771484,
      "error": null
    },
    "assert rounded_avg(3, 5) == '0b100'": {
      "result": true,
      "time": 0.032038211822509766,
      "error": null
    },
    "assert rounded_avg(5, 5) == \"0b101\"": {
      "result": true,
      "time": 0.03914952278137207,
      "error": null
    },
    "assert rounded_avg(365, 492) == '0b110101100'": {
      "result": true,
      "time": 0.036212921142578125,
      "error": null
    },
    "assert rounded_avg(357, 500) == '0b110101100'": {
      "result": true,
      "time": 0.03676414489746094,
      "error": null
    },
    "assert rounded_avg(6, 10) == '0b1000'": {
      "result": true,
      "time": 0.029947280883789062,
      "error": null
    },
    "assert rounded_avg(1, 5) == \"0b11\"": {
      "result": true,
      "time": 0.034201860427856445,
      "error": null
    },
    "assert rounded_avg(5, 17) == '0b1011'": {
      "result": true,
      "time": 0.03333163261413574,
      "error": null
    },
    "assert rounded_avg(4, 8) == '0b110'": {
      "result": true,
      "time": 0.032266855239868164,
      "error": null
    },
    "assert rounded_avg(194, 238) == '0b11011000'": {
      "result": true,
      "time": 0.03194761276245117,
      "error": null
    },
    "assert rounded_avg(348, 904) == '0b1001110010'": {
      "result": true,
      "time": 0.030508995056152344,
      "error": null
    },
    "assert rounded_avg(198, 229) == '0b11010110'": {
      "result": true,
      "time": 0.02820587158203125,
      "error": null
    },
    "assert rounded_avg(2, 6) == '0b100'": {
      "result": true,
      "time": 0.029524803161621094,
      "error": null
    },
    "assert rounded_avg(959, 976) == '0b1111001000'": {
      "result": true,
      "time": 0.02953338623046875,
      "error": null
    },
    "assert rounded_avg(7, 13) == \"0b1010\"": {
      "result": true,
      "time": 0.031032085418701172,
      "error": null
    },
    "assert rounded_avg(555, 849) == '0b1010111110'": {
      "result": true,
      "time": 0.029741525650024414,
      "error": null
    },
    "assert rounded_avg(5, 5) == '0b101'": {
      "result": true,
      "time": 0.032318115234375,
      "error": null
    },
    "assert rounded_avg(349, 902) == '0b1001110010'": {
      "result": true,
      "time": 0.02875041961669922,
      "error": null
    },
    "assert rounded_avg(966, 977) == '0b1111001100'": {
      "result": true,
      "time": 0.027628660202026367,
      "error": null
    },
    "assert rounded_avg(965, 980) == '0b1111001100'": {
      "result": true,
      "time": 0.028218507766723633,
      "error": null
    },
    "assert rounded_avg(193, 237) == '0b11010111'": {
      "result": true,
      "time": 0.0287473201751709,
      "error": null
    },
    "assert rounded_avg(960, 972) == '0b1111000110'": {
      "result": true,
      "time": 0.02635979652404785,
      "error": null
    },
    "assert rounded_avg(992, 1001) == '0b1111100100'": {
      "result": true,
      "time": 0.029665708541870117,
      "error": null
    },
    "assert rounded_avg(186, 549) == '0b101110000'": {
      "result": true,
      "time": 0.03226518630981445,
      "error": null
    },
    "assert rounded_avg(367, 500) == '0b110110010'": {
      "result": true,
      "time": 0.032544851303100586,
      "error": null
    },
    "assert rounded_avg(5, 3) == -1": {
      "result": true,
      "time": 0.0313572883605957,
      "error": null
    },
    "assert rounded_avg(362,496) == \"0b110101101\"": {
      "result": true,
      "time": 0.030927658081054688,
      "error": null
    },
    "assert rounded_avg(6, 4) == -1": {
      "result": true,
      "time": 0.028804779052734375,
      "error": null
    },
    "assert rounded_avg(357, 498) == '0b110101100'": {
      "result": true,
      "time": 0.028295516967773438,
      "error": null
    },
    "assert rounded_avg(1, 1) == '0b1'": {
      "result": true,
      "time": 0.025953054428100586,
      "error": null
    },
    "assert rounded_avg(197, 237) == '0b11011001'": {
      "result": true,
      "time": 0.030121803283691406,
      "error": null
    },
    "assert rounded_avg(365, 501) == '0b110110001'": {
      "result": true,
      "time": 0.024454116821289062,
      "error": null
    },
    "assert rounded_avg(3, 6) == '0b100'": {
      "result": true,
      "time": 0.030063152313232422,
      "error": null
    },
    "assert rounded_avg(7, 9) == '0b1000'": {
      "result": true,
      "time": 0.028383493423461914,
      "error": null
    },
    "assert rounded_avg(359, 491) == '0b110101001'": {
      "result": true,
      "time": 0.024955272674560547,
      "error": null
    },
    "assert rounded_avg(11, 18) == '0b1110'": {
      "result": true,
      "time": 0.03037095069885254,
      "error": null
    },
    "assert rounded_avg(197, 232) == '0b11010110'": {
      "result": true,
      "time": 0.030475378036499023,
      "error": null
    },
    "assert rounded_avg(189, 544) == '0b101101110'": {
      "result": true,
      "time": 0.03378558158874512,
      "error": null
    },
    "assert rounded_avg(4, 5) == '0b100'": {
      "result": true,
      "time": 0.0297393798828125,
      "error": null
    },
    "assert rounded_avg(347, 905) == '0b1001110010'": {
      "result": true,
      "time": 0.032973289489746094,
      "error": null
    },
    "assert rounded_avg(183, 546) == '0b101101100'": {
      "result": true,
      "time": 0.028298616409301758,
      "error": null
    },
    "assert rounded_avg(359, 495) == '0b110101011'": {
      "result": true,
      "time": 0.030218124389648438,
      "error": null
    },