{
  "code": "def iscube(a):\n    if a == 0:\n        return True\n    cube_root = round(abs(a) ** (1/3))\n    return cube_root ** 3 == abs(a)",
  "results": {
    "assert iscube(68921) == True": {
      "result": true,
      "time": 0.032665252685546875,
      "error": null
    },
    "assert iscube(1000000) == True": {
      "result": true,
      "time": 0.02849102020263672,
      "error": null
    },
    "assert iscube(205379) == True": {
      "result": true,
      "time": 0.02950000762939453,
      "error": null
    },
    "assert iscube(216) == True": {
      "result": true,
      "time": 0.029098033905029297,
      "error": null
    },
    "assert iscube(314432) == True": {
      "result": true,
      "time": 0.0319368839263916,
      "error": null
    },
    "assert iscube(274625) == True": {
      "result": true,
      "time": 0.032244205474853516,
      "error": null
    },
    "assert iscube(157464) == True": {
      "result": true,
      "time": 0.03238201141357422,
      "error": null
    },
    "assert iscube(941192) == True": {
      "result": true,
      "time": 0.028412342071533203,
      "error": null
    },
    "assert iscube(178) == False": {
      "result": true,
      "time": 0.027834653854370117,
      "error": null
    },
    "assert iscube(250047) == True": {
      "result": true,
      "time": 0.02837395668029785,
      "error": null
    },
    "assert iscube(3) == False": {
      "result": true,
      "time": 0.03025341033935547,
      "error": null
    },
    "assert iscube(179) == False": {
      "result": true,
      "time": 0.03137040138244629,
      "error": null
    },
    "assert iscube(857375) == True": {
      "result": true,
      "time": 0.032984018325805664,
      "error": null
    },
    "assert iscube(512) == True": {
      "result": true,
      "time": 0.03227853775024414,
      "error": null
    },
    "assert iscube(405224) == True": {
      "result": true,
      "time": 0.031632184982299805,
      "error": null
    },
    "assert iscube(176) == False": {
      "result": true,
      "time": 0.030341625213623047,
      "error": null
    },
    "assert iscube(238328) == True": {
      "result": true,
      "time": 0.03393054008483887,
      "error": null
    },
    "assert iscube(1) == True, \"First test error: \" + str(iscube(1))": {
      "result": true,
      "time": 0.030317068099975586,
      "error": null
    },
    "assert iscube(1000) == True": {
      "result": true,
      "time": 0.02807450294494629,
      "error": null
    },
    "assert iscube(4913) == True": {
      "result": true,
      "time": 0.031136274337768555,
      "error": null
    },
    "assert iscube(373248) == True": {
      "result": true,
      "time": 0.026265382766723633,
      "error": null
    },
    "assert iscube(262144) == True": {
      "result": true,
      "time": 0.029441356658935547,
      "error": null
    },
    "assert iscube(2) == False, \"Second test error: \" + str(iscube(2))": {
      "result": true,
      "time": 0.02927231788635254,
      "error": null
    },
    "assert iscube(0) == True, \"1st edge test error: \" + str(iscube(0))": {
      "result": true,
      "time": 0.029860973358154297,
      "error": null
    },
    "assert iscube(2197) == True": {
      "result": true,
      "time": 0.028393983840942383,
      "error": null
    },
    "assert iscube(2744) == True": {
      "result": true,
      "time": 0.029065370559692383,
      "error": null
    },
    "assert iscube(175) == False": {
      "result": true,
      "time": 0.029766321182250977,
      "error": null
    },
    "assert iscube(103823) == True": {
      "result": true,
      "time": 0.02945733070373535,
      "error": null
    },
    "assert iscube(13824) == True": {
      "result": true,
      "time": 0.0315852165222168,
      "error": null
    },
    "assert iscube(474552) == True": {
      "result": true,
      "time": 0.028977155685424805,
      "error": null
    },
    "assert iscube(658503) == True": {
      "result": true,
      "time": 0.03558993339538574,
      "error": null
    },
    "assert iscube(636056) == True": {
      "result": true,
      "time": 0.027622699737548828,
      "error": null
    },
    "assert iscube(5) == False": {
      "result": true,
      "time": 0.032874345779418945,
      "error": null
    },
    "assert iscube(4) == False": {
      "result": true,
      "time": 0.029188156127929688,
      "error": null
    },
    "assert iscube(21952) == True": {
      "result": true,
      "time": 0.032622337341308594,
      "error": null
    },
    "assert iscube(42875) == True": {
      "result": true,
      "time": 0.03501582145690918,
      "error": null
    },
    "assert iscube(681472) == True": {
      "result": true,
      "time": 0.028722524642944336,
      "error": null
    },
    "assert iscube(1) == True": {
      "result": true,
      "time": 0.03040790557861328,
      "error": null
    },
    "assert iscube(884736) == True": {
      "result": true,
      "time": 0.029633283615112305,
      "error": null
    },
    "assert iscube(12167) == True": {
      "result": true,
      "time": 0.03027200698852539,
      "error": null
    },
    "assert iscube(180) == False, \"Fifth test error: \" + str(iscube(180))": {
      "result": true,
      "time": 0.031397342681884766,
      "error": null
    },
    "assert iscube(1000) == True, \"Sixth test error: \" + str(iscube(1000))\n\n\n    # Check some edge cases that are easy to work out by hand.": {
      "result": true,
      "time": 0.02989649772644043,
      "error": null
    },
    "assert iscube(729) == True": {
      "result": true,
      "time": 0.03385329246520996,
      "error": null
    },
    "assert iscube(753571) == True": {
      "result": true,
      "time": 0.029120922088623047,
      "error": null
    },
    "assert iscube(54872) == True": {
      "result": true,
      "time": 0.029525279998779297,
      "error": null
    },
    "assert iscube(1331) == True": {
      "result": true,
      "time": 0.032418012619018555,
      "error": null
    },
    "assert iscube(185193) == True": {
      "result": true,
      "time": 0.03263688087463379,
      "error": null
    },
    "assert iscube(438976) == True": {
      "result": true,
      "time": 0.029523611068725586,
      "error": null
    },
    "assert iscube(180) == False": {
      "result": true,
      "time": 0.03281688690185547,
      "error": null
    },
    "assert iscube(7) == False": {
      "result": true,
      "time": 0.029239892959594727,
      "error": null
    },
    "assert iscube(8) == True": {
      "result": true,
      "time": 0.03393363952636719,
      "error": null
    },
    "assert iscube(2) == False": {
      "result": true,
      "time": 0.027794837951660156,
      "error": null
    },
    "assert iscube(1729) == False, \"2nd edge test error: \" + str(iscube(1728))": {
      "result": true,
      "time": 0.033828020095825195,
      "error": null
    },
    "assert iscube(493039) == True": {
      "result": true,
      "time": 0.03269815444946289,
      "error": null
    },
    "assert iscube(729000) == True": {
      "result": true,
      "time": 0.030885696411132812,
      "error": null
    },
    "assert iscube(328509) == True": {
      "result": true,
      "time": 0.031227588653564453,
      "error": null
    },
    "assert iscube(85184) == True": {
      "result": true,
      "time": 0.029458999633789062,
      "error": null
    },
    "assert iscube(704969) == True": {
      "result": true,
      "time": 0.0286257266998291,
      "error": null
    },
    "assert iscube(287496) == True": {
      "result": true,
      "time": 0.030517101287841797,
      "error": null
    },
    "assert iscube(15625) == True": {
      "result": true,
      "time": 0.03307700157165527,
      "error": null
    },
    "assert iscube(3375) == True": {
      "result": true,
      "time": 0.03041863441467285,
      "error": null
    },
    "assert iscube(226981) == True": {
      "result": true,