{
  "code": "def string_sequence(n: int) -> str:\n    return ' '.join(map(str, range(n + 1)))",
  "results": {
    "assert string_sequence(25) == '0 1 2 3 4 5 6 7 8 9 10 11 12 13 14 15 16 17 18 19 20 21 22 23 24 25'": {
      "result": true,
      "time": 0.029411792755126953,
      "error": null
    },
    "assert string_sequence(1) == '0 1'": {
      "result": true,
      "time": 0.02762293815612793,
      "error": null
    },
    "assert string_sequence(15) == '0 1 2 3 4 5 6 7 8 9 10 11 12 13 14 15'": {
      "result": true,
      "time": 0.033699750900268555,
      "error": null
    },
    "assert string_sequence(13) == '0 1 2 3 4 5 6 7 8 9 10 11 12 13'": {
      "result": true,
      "time": 0.02744889259338379,
      "error": null
    },
    "assert string_sequence(46) == '0 1 2 3 4 5 6 7 8 9 10 11 12 13 14 15 16 17 18 19 20 21 22 23 24 25 26 27 28 29 30 31 32 33 34 35 36 37 38 39 40 41 42 43 44 45 46'": {
      "result": true,
      "time": 0.0324101448059082,
      "error": null
    },
    "assert string_sequence(37) == '0 1 2 3 4 5 6 7 8 9 10 11 12 13 14 15 16 17 18 19 20 21 22 23 24 25 26 27 28 29 30 31 32 33 34 35 36 37'": {
      "result": true,
      "time": 0.026042461395263672,
      "error": null
    },
    "assert string_sequence(35) == '0 1 2 3 4 5 6 7 8 9 10 11 12 13 14 15 16 17 18 19 20 21 22 23 24 25 26 27 28 29 30 31 32 33 34 35'": {
      "result": true,
      "time": 0.02536916732788086,
      "error": null
    },
    "assert string_sequence(0) == '0'": {
      "result": true,
      "time": 0.0281374454498291,
      "error": null
    },
    "assert string_sequence(34) == '0 1 2 3 4 5 6 7 8 9 10 11 12 13 14 15 16 17 18 19 20 21 22 23 24 25 26 27 28 29 30 31 32 33 34'": {
      "result": true,
      "time": 0.03736424446105957,
      "error": null
    },
    "assert string_sequence(47) == '0 1 2 3 4 5 6 7 8 9 10 11 12 13 14 15 16 17 18 19 20 21 22 23 24 25 26 27 28 29 30 31 32 33 34 35 36 37 38 39 40 41 42 43 44 45 46 47'": {
      "result": true,
      "time": 0.03167104721069336,
      "error": null
    },
    "assert string_sequence(48) == '0 1 2 3 4 5 6 7 8 9 10 11 12 13 14 15 16 17 18 19 20 21 22 23 24 25 26 27 28 29 30 31 32 33 34 35 36 37 38 39 40 41 42 43 44 45 46 47 48'": {
      "result": true,
      "time": 0.027453899383544922,
      "error": null
    },
    "assert string_sequence(23) == '0 1 2 3 4 5 6 7 8 9 10 11 12 13 14 15 16 17 18 19 20 21 22 23'": {
      "result": true,
      "time": 0.02998185157775879,
      "error": null
    },
    "assert string_sequence(29) == '0 1 2 3 4 5 6 7 8 9 10 11 12 13 14 15 16 17 18 19 20 21 22 23 24 25 26 27 28 29'": {
      "result": true,
      "time": 0.034156084060668945,
      "error": null
    },
    "assert string_sequence(6) == '0 1 2 3 4 5 6'": {
      "result": true,
      "time": 0.028490543365478516,
      "error": null
    },
    "assert string_sequence(30) == '0 1 2 3 4 5 6 7 8 9 10 11 12 13 14 15 16 17 18 19 20 21 22 23 24 25 26 27 28 29 30'": {
      "result": true,
      "time": 0.025629520416259766,
      "error": null
    },
    "assert string_sequence(44) == '0 1 2 3 4 5 6 7 8 9 10 11 12 13 14 15 16 17 18 19 20 21 22 23 24 25 26 27 28 29 30 31 32 33 34 35 36 37 38 39 40 41 42 43 44'": {
      "result": true,
      "time": 0.02919936180114746,
      "error": null
    },
    "assert string_sequence(31) == '0 1 2 3 4 5 6 7 8 9 10 11 12 13 14 15 16 17 18 19 20 21 22 23 24 25 26 27 28 29 30 31'": {
      "result": true,
      "time": 0.03150057792663574,
      "error": null
    },
    "assert string_sequence(22) == '0 1 2 3 4 5 6 7 8 9 10 11 12 13 14 15 16 17 18 19 20 21 22'": {
      "result": true,
      "time": 0.027359485626220703,
      "error": null
    },
    "assert string_sequence(36) == '0 1 2 3 4 5 6 7 8 9 10 11 12 13 14 15 16 17 18 19 20 21 22 23 24 25 26 27 28 29 30 31 32 33 34 35 36'": {
      "result": true,
      "time": 0.027562856674194336,
      "error": null
    },
    "assert string_sequence(5) == '0 1 2 3 4 5'": {
      "result": true,
      "time": 0.02622389793395996,
      "error": null
    },
    "assert string_sequence(26) == '0 1 2 3 4 5 6 7 8 9 10 11 12 13 14 15 16 17 18 19 20 21 22 23 24 25 26'": {
      "result": true,
      "time": 0.031476736068725586,
      "error": null
    },
    "assert string_sequence(21) == '0 1 2 3 4 5 6 7 8 9 10 11 12 13 14 15 16 17 18 19 20 21'": {
      "result": true,
      "time": 0.028339385986328125,
      "error": null
    },
    "assert string_sequence(33) == '0 1 2 3 4 5 6 7 8 9 10 11 12 13 14 15 16 17 18 19 20 21 22 23 24 25 26 27 28 29 30 31 32 33'": {
      "result": true,
      "time": 0.029523849487304688,
      "error": null
    },
    "assert string_sequence(20) == '0 1 2 3 4 5 6 7 8 9 10 11 12 13 14 15 16 17 18 19 20'": {
      "result": true,
      "time": 0.0276339054107666,
      "error": null
    },
    "assert string_sequence(43) == '0 1 2 3 4 5 6 7 8 9 10 11 12 13 14 15 16 17 18 19 20 21 22 23 24 25 26 27 28 29 30 31 32 33 34 35 36 37 38 39 40 41 42 43'": {
      "result": true,
      "time": 0.027327537536621094,
      "error": null
    },
    "assert string_sequence(8) == '0 1 2 3 4 5 6 7 8'": {
      "result": true,
      "time": 0.03013324737548828,
      "error": null
    },
    "assert string_sequence(27) == '0 1 2 3 4 5 6 7 8 9 10 11 12 13 14 15 16 17 18 19 20 21 22 23 24 25 26 27'": {
      "result": true,
      "time": 0.028687238693237305,
      "error": null
    },
    "assert string_sequence(24) == '0 1 2 3 4 5 6 7 8 9 10 11 12 13 14 15 16 17 18 19 20 21 22 23 24'": {
      "result": true,
      "time": 0.02838730812072754,
      "error": null
    },
    "assert string_sequence(38) == '0 1 2 3 4 5 6 7 8 9 10 11 12 13 14 15 16 17 18 19 20 21 22 23 24 25 26 27 28 29 30 31 32 33 34 35 36 37 38'": {
      "result": true,
      "time": 0.02903437614440918,
      "error": null
    },
    "assert string_sequence(49) == '0 1 2 3 4 5 6 7 8 9 10 11 12 13 14 15 16 17 18 19 20 21 22 23 24 25 26 27 28 29 30 31 32 33 34 35 36 37 38 39 40 41 42 43 44 45 46 47 48 49'": {
      "result": true,
      "time": 0.03331756591796875,
      "error": null
    },
    "assert string_sequence(45) == '0 1 2 3 4 5 6 7 8 9 10 11 12 13 14 15 16 17 18 19 20 21 22 23 24 25 26 27 28 29 30 31 32 33 34 35 36 37 38 39 40 41 42 43 44 45'": {
      "result": true,
      "time": 0.028807640075683594,
      "error": null
    },
    "assert string_sequence(42) == '0 1 2 3 4 5 6 7 8 9 10 11 12 13 14 15 16 17 18 19 20 21 22 23 24 25 26 27 28 29 30 31 32 33 34 35 36 37 38 39 40 41 42'": {
      "result": true,
      "time": 0.02790522575378418,
      "error": null
    },
    "assert string_sequence(18) == '0 1 2 3 4 5 6 7 8 9 10 11 12 13 14 15 16 17 18'": {
      "result": true,
      "time": 0.028577327728271484,
      "error": null
    },
    "assert string_sequence(10) == '0 1 2 3 4 5 6 7 8 9 10'": {
      "result": true,
      "time": 0.028409242630004883,
      "error": null
    },
    "assert string_sequence(28) == '0 1 2 3 4 5 6 7 8 9 10 11 12 13 14 15 16 17 18 19 20 21 22 23 24 25 26 27 28'": {
      "result": true,
      "time": 0.0277554988861084,
      "error": null
    },
    "assert string_sequence(16) == '0 1 2 3 4 5 6 7 8 9 10 11 12 13 14 15 16'": {
      "result": true,
      "time": 0.029531002044677734,
      "error": null
    },
    "assert string_sequence(14) == '0 1 2 3 4 5 6 7 8 9 10 11 12 13 14'": {
      "result": true,
      "time": 0.025815486907958984,
      "error": null
    },
    "assert string_sequence(12) == '0 1 2 3 4 5 6 7 8 9 10 11 12'": {
      "result": true,
      "time": 0.029816150665283203,
      "error": null
    },
    "assert string_sequence(39) == '0 1 2 3 4 5 6 7 8 9 10 11 12 13 14 15 16 17 18 19 20 21 22 23 24 25 26 27 28 29 30 31 32 33 34 35 36 37 38 39'": {
      "result": true,
      "time": 0.029349327087402344,
      "error": null
    },