{
  "code": "def starts_one_ends(n):\n    if n == 1:\n        return 1\n    total = 0\n    # Numbers starting with 1\n    start_with_one = 10 ** (n - 1)\n    # Numbers ending with 1\n    end_with_one = 10 ** (n - 1)\n    # Numbers starting and ending with 1 (to avoid double counting)\n    both = 10 ** (n - 2) if n >= 2 else 1\n    total = start_with_one + end_with_one - both\n    return total",
  "results": {
    "assert starts_one_ends(12) == 180000000000": {
      "result": false,
      "time": 0.029236555099487305,
      "error": null
    },
    "assert starts_one_ends(2) == 18": {
      "result": false,
      "time": 0.03405022621154785,
      "error": null
    },
    "assert starts_one_ends(14) == 18000000000000": {
      "result": false,
      "time": 0.03206682205200195,
      "error": null
    },
    "assert starts_one_ends(3) == 180": {
      "result": false,
      "time": 0.028188705444335938,
      "error": null
    },
    "assert starts_one_ends(19) == 1800000000000000000": {
      "result": false,
      "time": 0.03262066841125488,
      "error": null
    },
    "assert starts_one_ends(1) == 1": {
      "result": true,
      "time": 0.033995628356933594,
      "error": null
    },
    "assert starts_one_ends(8) == 18000000": {
      "result": false,
      "time": 0.027632713317871094,
      "error": null
    },
    "assert starts_one_ends(13) == 1800000000000": {
      "result": false,
      "time": 0.028624773025512695,
      "error": null
    },
    "assert starts_one_ends(16) == 1800000000000000": {
      "result": false,
      "time": 0.02985239028930664,
      "error": null
    },
    "assert starts_one_ends(11) == 18000000000": {
      "result": false,
      "time": 0.028598785400390625,
      "error": null
    },
    "assert starts_one_ends(17) == 18000000000000000": {
      "result": false,
      "time": 0.028954267501831055,
      "error": null
    },
    "assert starts_one_ends(4) == 1800": {
      "result": false,
      "time": 0.030317306518554688,
      "error": null
    },
    "assert starts_one_ends(20) == 18000000000000000000": {
      "result": false,
      "time": 0.02780771255493164,
      "error": null
    },
    "assert starts_one_ends(9) == 180000000": {
      "result": false,
      "time": 0.028858184814453125,
      "error": null
    },
    "assert starts_one_ends(6) == 180000": {
      "result": false,
      "time": 0.029958009719848633,
      "error": null
    },
    "assert starts_one_ends(15) == 180000000000000": {
      "result": false,
      "time": 0.03319501876831055,
      "error": null
    },
    "assert starts_one_ends(5) == 18000": {
      "result": false,
      "time": 0.03428387641906738,
      "error": null
    },
    "assert starts_one_ends(18) == 180000000000000000": {
      "result": false,
      "time": 0.029804706573486328,
      "error": null
    },
    "assert starts_one_ends(5) == 18000\n\n    # Check some edge cases that are easy to work out by hand.": {
      "result": false,
      "time": 0.02858877182006836,
      "error": null
    },
    "assert starts_one_ends(7) == 1800000": {
      "result": false,
      "time": 0.030243873596191406,
      "error": null
    },
    "assert starts_one_ends(10) == 1800000000": {
      "result": false,
      "time": 0.03181028366088867,
      "error": null
    }
  },
  "passed": false,
  "accuracy": 0.047619047619047616,
  "general_error": "",
  "has_testcase_error": false
}