{
  "code": "def car_race_collision(n: int):\n    return n * n",
  "results": {
    "assert car_race_collision(79) == 6241": {
      "result": true,
      "time": 0.03699684143066406,
      "error": null
    },
    "assert car_race_collision(125) == 15625": {
      "result": true,
      "time": 0.031197071075439453,
      "error": null
    },
    "assert car_race_collision(169) == 28561": {
      "result": true,
      "time": 0.03252768516540527,
      "error": null
    },
    "assert car_race_collision(195) == 38025": {
      "result": true,
      "time": 0.0347440242767334,
      "error": null
    },
    "assert car_race_collision(85) == 7225": {
      "result": true,
      "time": 0.0345611572265625,
      "error": null
    },
    "assert car_race_collision(199) == 39601": {
      "result": true,
      "time": 0.03270101547241211,
      "error": null
    },
    "assert car_race_collision(77) == 5929": {
      "result": true,
      "time": 0.030033111572265625,
      "error": null
    },
    "assert car_race_collision(108) == 11664": {
      "result": true,
      "time": 0.03004622459411621,
      "error": null
    },
    "assert car_race_collision(23) == 529": {
      "result": true,
      "time": 0.029010772705078125,
      "error": null
    },
    "assert car_race_collision(8) == 64": {
      "result": true,
      "time": 0.02937602996826172,
      "error": null
    },
    "assert car_race_collision(78) == 6084": {
      "result": true,
      "time": 0.030603885650634766,
      "error": null
    },
    "assert car_race_collision(10) == 100": {
      "result": true,
      "time": 0.032811880111694336,
      "error": null
    },
    "assert car_race_collision(155) == 24025": {
      "result": true,
      "time": 0.026267051696777344,
      "error": null
    },
    "assert car_race_collision(16) == 256": {
      "result": true,
      "time": 0.029282331466674805,
      "error": null
    },
    "assert car_race_collision(7) == 49": {
      "result": true,
      "time": 0.031109333038330078,
      "error": null
    },
    "assert car_race_collision(156) == 24336": {
      "result": true,
      "time": 0.03077554702758789,
      "error": null
    },
    "assert car_race_collision(164) == 26896": {
      "result": true,
      "time": 0.02875494956970215,
      "error": null
    },
    "assert car_race_collision(56) == 3136": {
      "result": true,
      "time": 0.028790950775146484,
      "error": null
    },
    "assert car_race_collision(17) == 289": {
      "result": true,
      "time": 0.029176950454711914,
      "error": null
    },
    "assert car_race_collision(106) == 11236": {
      "result": true,
      "time": 0.03167223930358887,
      "error": null
    },
    "assert car_race_collision(157) == 24649": {
      "result": true,
      "time": 0.029587984085083008,
      "error": null
    },
    "assert car_race_collision(14) == 196": {
      "result": true,
      "time": 0.027787446975708008,
      "error": null
    },
    "assert car_race_collision(13) == 169": {
      "result": true,
      "time": 0.03088092803955078,
      "error": null
    },
    "assert car_race_collision(99) == 9801": {
      "result": true,
      "time": 0.026541948318481445,
      "error": null
    },
    "assert car_race_collision(88) == 7744": {
      "result": true,
      "time": 0.030132055282592773,
      "error": null
    },
    "assert car_race_collision(123) == 15129": {
      "result": true,
      "time": 0.031467437744140625,
      "error": null
    },
    "assert car_race_collision(45) == 2025": {
      "result": true,
      "time": 0.029742956161499023,
      "error": null
    },
    "assert car_race_collision(41) == 1681": {
      "result": true,
      "time": 0.029363632202148438,
      "error": null
    },
    "assert car_race_collision(103) == 10609": {
      "result": true,
      "time": 0.03301596641540527,
      "error": null
    },
    "assert car_race_collision(63) == 3969": {
      "result": true,
      "time": 0.02962970733642578,
      "error": null
    },
    "assert car_race_collision(37) == 1369": {
      "result": true,
      "time": 0.030801773071289062,
      "error": null
    },
    "assert car_race_collision(60) == 3600": {
      "result": true,
      "time": 0.03275418281555176,
      "error": null
    },
    "assert car_race_collision(139) == 19321": {
      "result": true,
      "time": 0.028210878372192383,
      "error": null
    },
    "assert car_race_collision(100) == 10000": {
      "result": true,
      "time": 0.030455827713012695,
      "error": null
    },
    "assert car_race_collision(39) == 1521": {
      "result": true,
      "time": 0.03038954734802246,
      "error": null
    },
    "assert car_race_collision(133) == 17689": {
      "result": true,
      "time": 0.03256654739379883,
      "error": null
    },
    "assert car_race_collision(191) == 36481": {
      "result": true,
      "time": 0.037467002868652344,
      "error": null
    },
    "assert car_race_collision(174) == 30276": {
      "result": true,
      "time": 0.03090381622314453,
      "error": null
    },
    "assert car_race_collision(66) == 4356": {
      "result": true,
      "time": 0.02839970588684082,
      "error": null
    },
    "assert car_race_collision(48) == 2304": {
      "result": true,
      "time": 0.03077983856201172,
      "error": null
    },
    "assert car_race_collision(72) == 5184": {
      "result": true,
      "time": 0.03144717216491699,
      "error": null
    },
    "assert car_race_collision(185) == 34225": {
      "result": true,
      "time": 0.03128695487976074,
      "error": null
    },
    "assert car_race_collision(111) == 12321": {
      "result": true,
      "time": 0.0356900691986084,
      "error": null
    },
    "assert car_race_collision(97) == 9409": {
      "result": true,
      "time": 0.033356428146362305,
      "error": null
    },
    "assert car_race_collision(81) == 6561": {
      "result": true,
      "time": 0.03867149353027344,
      "error": null
    },
    "assert car_race_collision(102) == 10404": {
      "result": true,
      "time": 0.03267383575439453,
      "error": null
    },
    "assert car_race_collision(178) == 31684": {
      "result": true,
      "time": 0.03057074546813965,
      "error": null
    },
    "assert car_race_collision(180) == 32400": {
      "result": true,
      "time": 0.03251051902770996,
      "error": null
    },
    "assert car_race_collision(42) == 1764": {
      "result": true,
      "time": 0.029906272888183594,
      "error": null
    },
    "assert car_race_collision(183) == 33489": {
      "result": true,
      "time": 0.02917027473449707,
      "error": null
    },
    "assert car_race_collision(5) == 25": {
      "result": true,
      "time": 0.031043052673339844,
      "error": null
    },
    "assert car_race_collision(134) == 17956": {
      "result": true,
      "time": 0.0295870304107666,
      "error": null
    },
    "assert car_race_collision(31) == 961": {
      "result": true,
      "time": 0.02499699592590332,
      "error": null
    },
    "assert car_race_collision(146) == 21316": {
      "result": true,
      "time": 0.03244757652282715,
      "error": null
    },
    "assert car_race_collision(136) == 18496": {
      "result": true,
      "time": 0.030165433883666992,
      "error": null
    },
    "assert car_race_collision(166) == 27556": {
      "result": true,
      "time": 0.02987051010131836,
      "error": null
    },
    "assert car_race_collision(118) == 13924": {
      "result": true,
      "time": 0.028491497039794922,
      "error": null
    },
    "assert car_race_collision(70) == 4900": {
      "result": true,
      "time": 0.0303800106048584,
      "error": null
    },
    "assert car_race_collision(121) == 14641": {
      "result": true,
      "time": 0.03333711624145508,
      "error": null
    },
    "assert car_race_collision(149) == 22201": {
      "result": true,
      "time": 0.030157804489135742,