{
  "code": "def choose_num(x, y):\n    start = min(x, y)\n    end = max(x, y)\n    for num in range(end, start - 1, -1):\n        if num % 2 == 0:\n            return num\n    return -1",
  "results": {
    "assert choose_num(4249, 4823) == 4822": {
      "result": true,
      "time": 0.028343677520751953,
      "error": null
    },
    "assert choose_num(5373, 4639) == -1": {
      "result": false,
      "time": 0.028168916702270508,
      "error": null
    },
    "assert choose_num(31, 6) == -1": {
      "result": false,
      "time": 0.031058311462402344,
      "error": null
    },
    "assert choose_num(37, 13023) == 13022": {
      "result": true,
      "time": 0.030194759368896484,
      "error": null
    },
    "assert choose_num(34, 13247) == 13246": {
      "result": true,
      "time": 0.02905559539794922,
      "error": null
    },
    "assert choose_num(29, 15) == -1": {
      "result": false,
      "time": 0.026520252227783203,
      "error": null
    },
    "assert choose_num(3, 9) == 8": {
      "result": true,
      "time": 0.026218891143798828,
      "error": null
    },
    "assert choose_num(12, 15) == 14": {
      "result": true,
      "time": 0.027106761932373047,
      "error": null
    },
    "assert choose_num(4, 4) == 4": {
      "result": true,
      "time": 0.0279998779296875,
      "error": null
    },
    "assert choose_num(550, 543) == -1": {
      "result": false,
      "time": 0.029031753540039062,
      "error": null
    },
    "assert choose_num(7, 34) == 34": {
      "result": true,
      "time": 0.031156063079833984,
      "error": null
    },
    "assert choose_num(6, 11) == 10": {
      "result": true,
      "time": 0.03059077262878418,
      "error": null
    },
    "assert choose_num(3, 12) == 12": {
      "result": true,
      "time": 0.030257463455200195,
      "error": null
    },
    "assert choose_num(23, 10) == -1": {
      "result": false,
      "time": 0.03594565391540527,
      "error": null
    },
    "assert choose_num(32, 11) == -1": {
      "result": false,
      "time": 0.029683351516723633,
      "error": null
    },
    "assert choose_num(18, 16) == -1": {
      "result": false,
      "time": 0.03085017204284668,
      "error": null
    },
    "assert choose_num(27, 10) == -1\n\n    # Check some edge cases that are easy to work out by hand.": {
      "result": false,
      "time": 0.030690431594848633,
      "error": null
    },
    "assert choose_num(8, 15) == 14": {
      "result": true,
      "time": 0.033377647399902344,
      "error": null
    },
    "assert choose_num(545, 546) == 546": {
      "result": true,
      "time": 0.027965307235717773,
      "error": null
    },
    "assert choose_num(547, 549) == 548": {
      "result": true,
      "time": 0.029248476028442383,
      "error": null
    },
    "assert choose_num(9, 28) == 28": {
      "result": true,
      "time": 0.02787613868713379,
      "error": null
    },
    "assert choose_num(34, 12634) == 12634": {
      "result": true,
      "time": 0.029924631118774414,
      "error": null
    },
    "assert choose_num(550, 542) == -1": {
      "result": false,
      "time": 0.02992105484008789,
      "error": null
    },
    "assert choose_num(7, 19) == 18": {
      "result": true,
      "time": 0.029088497161865234,
      "error": null
    },
    "assert choose_num(2, 9) == 8": {
      "result": true,
      "time": 0.030818939208984375,
      "error": null
    },
    "assert choose_num(4, 2) == -1": {
      "result": false,
      "time": 0.029254436492919922,
      "error": null
    },
    "assert choose_num(11, 10) == -1": {
      "result": false,
      "time": 0.028363466262817383,
      "error": null
    },
    "assert choose_num(542, 543) == 542": {
      "result": true,
      "time": 0.027840137481689453,
      "error": null
    },
    "assert choose_num(11, 11) == -1": {
      "result": true,
      "time": 0.03059244155883789,
      "error": null
    },
    "assert choose_num(5234, 5233) == -1": {
      "result": false,
      "time": 0.0340116024017334,
      "error": null
    },
    "assert choose_num(17, 13) == -1": {
      "result": false,
      "time": 0.030657052993774414,
      "error": null
    },
    "assert choose_num(28, 6) == -1": {
      "result": false,
      "time": 0.02532362937927246,
      "error": null
    },
    "assert choose_num(36, 12359) == 12358": {
      "result": true,
      "time": 0.03534698486328125,
      "error": null
    },
    "assert choose_num(547, 542) == -1": {
      "result": false,
      "time": 0.034119606018066406,
      "error": null
    },
    "assert choose_num(4292, 5649) == 5648": {
      "result": true,
      "time": 0.027699708938598633,
      "error": null
    },
    "assert choose_num(31, 13152) == 13152": {
      "result": true,
      "time": 0.03628182411193848,
      "error": null
    },
    "assert choose_num(4796, 5300) == 5300": {
      "result": true,
      "time": 0.02987504005432129,
      "error": null
    },
    "assert choose_num(29, 12690) == 12690": {
      "result": true,
      "time": 0.028671741485595703,
      "error": null
    },
    "assert choose_num(9, 11) == 10": {
      "result": true,
      "time": 0.03430342674255371,
      "error": null
    },
    "assert choose_num(4637, 5993) == 5992": {
      "result": true,
      "time": 0.028600692749023438,
      "error": null
    },
    "assert choose_num(36, 11801) == 11800": {
      "result": true,
      "time": 0.027570009231567383,
      "error": null
    },
    "assert choose_num(27, 6) == -1": {
      "result": false,
      "time": 0.03494572639465332,
      "error": null
    },
    "assert choose_num(548, 542) == -1": {
      "result": false,
      "time": 0.036835670471191406,
      "error": null
    },
    "assert choose_num(11, 30) == 30": {
      "result": true,
      "time": 0.03289055824279785,
      "error": null
    },
    "assert choose_num(31, 13214) == 13214": {
      "result": true,
      "time": 0.034380435943603516,
      "error": null
    },
    "assert choose_num(32, 13283) == 13282": {
      "result": true,
      "time": 0.03203320503234863,
      "error": null
    },
    "assert choose_num(4494, 4861) == 4860": {
      "result": true,
      "time": 0.03246712684631348,
      "error": null
    },
    "assert choose_num(9, 27) == 26": {
      "result": true,
      "time": 0.035370826721191406,
      "error": null
    },
    "assert choose_num(13, 12) == -1": {
      "result": false,
      "time": 0.030268192291259766,
      "error": null
    },
    "assert choose_num(8, 31) == 30": {
      "result": true,
      "time": 0.029269695281982422,
      "error": null
    },
    "assert choose_num(14, 9) == -1": {
      "result": false,
      "time": 0.0318295955657959,
      "error": null
    },
    "assert choose_num(7, 11) == 10": {
      "result": true,
      "time": 0.02856278419494629,
      "error": null
    },
    "assert choose_num(36, 11976) == 11976": {
      "result": true,
      "time": 0.03226041793823242,
      "error": null
    },
    "assert choose_num(10, 29) == 28": {
      "result": true,
      "time": 0.028926372528076172,
      "error": null
    },
    "assert choose_num(17, 15) == -1": {
      "result": false,
      "time": 0.029966115951538086,
      "error": null
    },
    "assert choose_num(13, 9) == -1": {
      "result": false,
      "time": 0.031992435455322266,
      "error": null
    },
    "assert choose_num(547, 548) == 548": {
      "result": true,
      "time": 0.027306556701660156,
      "error": null
    },
    "assert choose_num(10, 14) == 14": {
      "result": true,
      "time": 0.029091835021972656,
      "error": null
    },
    "assert choose_num(549, 549) == -1": {
      "result": true,
      "time": 0.033357858657836914,
      "error": null
    },
    "assert choose_num(542, 547) == 546": {
      "result": true,
      "time": 0.03157305717468262,
      "error": null
    },
    "assert choose_num(541, 542) == 542": {
      "result": true,