{
  "code": "import math\n\ndef special_factorial(n):\n    result = 1\n    for i in range(1, n + 1):\n        result *= math.factorial(i)\n    return result",
  "results": {
    "assert special_factorial(7) == 125411328000": {
      "result": true,
      "time": 0.0518338680267334,
      "error": null
    },
    "assert special_factorial(9) == 1834933472251084800000": {
      "result": true,
      "time": 0.048773765563964844,
      "error": null
    },
    "assert special_factorial(1) == 1, \"Test 1\"": {
      "result": true,
      "time": 0.04651761054992676,
      "error": null
    },
    "assert special_factorial(3) == 12": {
      "result": true,
      "time": 0.04598259925842285,
      "error": null
    },
    "assert special_factorial(10) == 6658606584104736522240000000": {
      "result": true,
      "time": 0.054306745529174805,
      "error": null
    },
    "assert special_factorial(12) == 127313963299399416749559771247411200000000000": {
      "result": true,
      "time": 0.04547739028930664,
      "error": null
    },
    "assert special_factorial(4) == 288": {
      "result": true,
      "time": 0.05016326904296875,
      "error": null
    },
    "assert special_factorial(1) == 1": {
      "result": true,
      "time": 0.04923582077026367,
      "error": null
    },
    "assert special_factorial(6) == 24883200": {
      "result": true,
      "time": 0.053050994873046875,
      "error": null
    },
    "assert special_factorial(8) == 5056584744960000": {
      "result": true,
      "time": 0.052927494049072266,
      "error": null
    },
    "assert special_factorial(5) == 34560": {
      "result": true,
      "time": 0.04984021186828613,
      "error": null
    },
    "assert special_factorial(4) == 288, \"Test 4\"": {
      "result": true,
      "time": 0.04615926742553711,
      "error": null
    },
    "assert special_factorial(2) == 2": {
      "result": true,
      "time": 0.05192279815673828,
      "error": null
    },
    "assert special_factorial(5) == 34560, \"Test 5\"": {
      "result": true,
      "time": 0.05790853500366211,
      "error": null
    },
    "assert special_factorial(11) == 265790267296391946810949632000000000": {
      "result": true,
      "time": 0.05207180976867676,
      "error": null
    },
    "assert special_factorial(7) == 125411328000, \"Test 7\"\n\n    # Check some edge cases that are easy to work out by hand.": {
      "result": true,
      "time": 0.04716849327087402,
      "error": null
    }
  },
  "passed": true,
  "accuracy": 1.0,
  "general_error": "",
  "has_testcase_error": false
}