{
  "code": "import math\n\ndef sum_squares(lst):\n    rounded = [math.ceil(num) for num in lst]\n    squared = [num ** 2 for num in rounded]\n    return sum(squared)",
  "results": {
    "assert sum_squares([9434, 10144]) == 191901092": {
      "result": true,
      "time": 0.052050113677978516,
      "error": null
    },
    "assert sum_squares([5.997, 6, 3]) == 81": {
      "result": true,
      "time": 0.04866170883178711,
      "error": null
    },
    "assert sum_squares([3.327, 2, 7]) == 69": {
      "result": true,
      "time": 0.05323052406311035,
      "error": null
    },
    "assert sum_squares([0.018, 14.66, 13.014, 15.188]) == 678": {
      "result": true,
      "time": 0.04380464553833008,
      "error": null
    },
    "assert sum_squares([9574, 10213]) == 195966845": {
      "result": true,
      "time": 0.05065608024597168,
      "error": null
    },
    "assert sum_squares([9165, 10377]) == 191679354": {
      "result": true,
      "time": 0.0475921630859375,
      "error": null
    },
    "assert sum_squares([-4.222, 3.751, 10.595]) == 153": {
      "result": true,
      "time": 0.04389190673828125,
      "error": null
    },
    "assert sum_squares([-5.714, 22.497, 14.173, 22.134]) == 1308": {
      "result": true,
      "time": 0.04860544204711914,
      "error": null
    },
    "assert sum_squares([1, 1, 1]) == 3": {
      "result": true,
      "time": 0.046790122985839844,
      "error": null
    },
    "assert sum_squares([1, 1, 2]) == 6": {
      "result": true,
      "time": 0.05212211608886719,
      "error": null
    },
    "assert sum_squares([3, 7, 2]) == 62": {
      "result": true,
      "time": 0.04758739471435547,
      "error": null
    },
    "assert sum_squares([-3, 6, 5]) == 70": {
      "result": true,
      "time": 0.0504910945892334,
      "error": null
    },
    "assert sum_squares([-4.95, 2, 5]) == 45": {
      "result": true,
      "time": 0.04917287826538086,
      "error": null
    },
    "assert sum_squares([9277, 9545]) == 177169754": {
      "result": true,
      "time": 0.045342445373535156,
      "error": null
    },
    "assert sum_squares([2.01, 6.193, 1]) == 59": {
      "result": true,
      "time": 0.04683566093444824,
      "error": null
    },
    "assert sum_squares([-1]) == 1": {
      "result": true,
      "time": 0.047692298889160156,
      "error": null
    },
    "assert sum_squares([1, 8, 1, 2]) == 70": {
      "result": true,
      "time": 0.043561458587646484,
      "error": null
    },
    "assert sum_squares([2, 1, 10, 7]) == 154": {
      "result": true,
      "time": 0.048477888107299805,
      "error": null
    },
    "assert sum_squares([1.457, 7, 8]) == 117": {
      "result": true,
      "time": 0.04808330535888672,
      "error": null
    },
    "assert sum_squares([1.05, 6.88, 5]) == 78": {
      "result": true,
      "time": 0.046686649322509766,
      "error": null
    },
    "assert sum_squares([5.855, 4.571, 3]) == 70": {
      "result": true,
      "time": 0.04716610908508301,
      "error": null
    },
    "assert sum_squares([103, 4, 15, 3]) == 10859": {
      "result": true,
      "time": 0.04947400093078613,
      "error": null
    },
    "assert sum_squares([-2.854, 12.651, 18.252, 22.792]) == 1063": {
      "result": true,
      "time": 0.046965837478637695,
      "error": null
    },
    "assert sum_squares([0.156, 2.708, 1.964]) == 14": {
      "result": true,
      "time": 0.04449772834777832,
      "error": null
    },
    "assert sum_squares([102, 1, 16, 3]) == 10670": {
      "result": true,
      "time": 0.051911354064941406,
      "error": null
    },
    "assert sum_squares([-2.192, 6.531, 7.947]) == 117": {
      "result": true,
      "time": 0.051835060119628906,
      "error": null
    },
    "assert sum_squares([2.169, 7, 1]) == 59": {
      "result": true,
      "time": 0.05261039733886719,
      "error": null
    },
    "assert sum_squares([2.872, 3, 5]) == 43": {
      "result": true,
      "time": 0.049147605895996094,
      "error": null
    },
    "assert sum_squares([-6, 5, 1]) == 62": {
      "result": true,
      "time": 0.05023980140686035,
      "error": null
    },
    "assert sum_squares([2.178, 2.152, 5]) == 43": {
      "result": true,
      "time": 0.048933982849121094,
      "error": null
    },
    "assert sum_squares([0.29, 1.85, 7.406]) == 69": {
      "result": true,
      "time": 0.050696611404418945,
      "error": null
    },
    "assert sum_squares([1,2,3])==14": {
      "result": true,
      "time": 0.050438642501831055,
      "error": null
    },
    "assert sum_squares([3.808, 1, 2]) == 21": {
      "result": true,
      "time": 0.04719805717468262,
      "error": null
    },
    "assert sum_squares([10899, 9187]) == 203189170": {
      "result": true,
      "time": 0.04728364944458008,
      "error": null
    },
    "assert sum_squares([0, 5, 2]) == 29": {
      "result": true,
      "time": 0.047304630279541016,
      "error": null
    },
    "assert sum_squares([-3, 4, 3]) == 34": {
      "result": true,
      "time": 0.04694366455078125,
      "error": null
    },
    "assert sum_squares([1,3,5,7])==84": {
      "result": true,
      "time": 0.054650068283081055,
      "error": null
    },
    "assert sum_squares([100,1,15,2])==10230": {
      "result": true,
      "time": 0.0485842227935791,
      "error": null
    },
    "assert sum_squares([5, 1, 5, 12]) == 195": {
      "result": true,
      "time": 0.04925942420959473,
      "error": null
    },
    "assert sum_squares([-2.286, 12.406, 13.124, 15.17]) == 625": {
      "result": true,
      "time": 0.045551300048828125,
      "error": null
    },
    "assert sum_squares([10530, 10750]) == 226443400": {
      "result": true,
      "time": 0.04925131797790527,
      "error": null
    },
    "assert sum_squares([1, 3, 4, 7]) == 75": {
      "result": true,
      "time": 0.05240464210510254,
      "error": null
    },
    "assert sum_squares([2.414, 6, 7]) == 94": {
      "result": true,
      "time": 0.04860258102416992,
      "error": null
    },
    "assert sum_squares([6.717, 7.781, 2]) == 117": {
      "result": true,
      "time": 0.052231550216674805,
      "error": null
    },
    "assert sum_squares([-1.25, 6, 4]) == 53": {
      "result": true,
      "time": 0.047297000885009766,
      "error": null
    },
    "assert sum_squares([2, 2, 4]) == 24": {
      "result": true,
      "time": 0.04558730125427246,
      "error": null
    },
    "assert sum_squares([1.4,4.2,0])==29": {
      "result": true,
      "time": 0.04687929153442383,
      "error": null
    },
    "assert sum_squares([-1, 3, 4]) == 26": {
      "result": true,
      "time": 0.051717281341552734,
      "error": null
    },
    "assert sum_squares([2.501, 1.394, 5]) == 38": {
      "result": true,
      "time": 0.05060696601867676,
      "error": null
    },
    "assert sum_squares([-3.736, 7.572, 3.736]) == 89": {
      "result": true,
      "time": 0.04709362983703613,
      "error": null
    },
    "assert sum_squares([3.534, 3, 6]) == 61": {
      "result": true,
      "time": 0.044634342193603516,
      "error": null
    },
    "assert sum_squares([1, 6, 2]) == 41": {
      "result": true,
      "time": 0.048139333724975586,
      "error": null
    },
    "assert sum_squares([1, 3, 5, 3]) == 44": {
      "result": true,
      "time": 0.04337501525878906,
      "error": null
    },
    "assert sum_squares([-1,1,0])==2": {
      "result": true,
      "time": 0.04960274696350098,
      "error": null
    },
    "assert sum_squares([97, 1, 10, 3]) == 9519": {
      "result": true,
      "time": 0.04852914810180664,
      "error": null
    },
    "assert sum_squares([3.706, 1, 8]) == 81": {
      "result": true,
      "time": 0.04872775077819824,
      "error": null
    },
    "assert sum_squares([2.427, 2.41, 1]) == 19": {
      "result": true,
      "time": 0.0442500114440918,
      "error": null
    },
    "assert sum_squares([98, 4, 18, 5]) == 9969": {
      "result": true,