{
  "code": "def solution(lst):\n    return sum(num for i, num in enumerate(lst) if i % 2 == 0 and num % 2 != 0)",
  "results": {
    "assert solution([29, 9, 22, 322]) == 29": {
      "result": true,
      "time": 0.027173280715942383,
      "error": null
    },
    "assert solution([8, 6, 12, 5]) == 0": {
      "result": true,
      "time": 0.02786993980407715,
      "error": null
    },
    "assert solution([7, 11, 6, 4]) == 7": {
      "result": true,
      "time": 0.026553869247436523,
      "error": null
    },
    "assert solution([6, 7]) == 0": {
      "result": true,
      "time": 0.02887701988220215,
      "error": null
    },
    "assert solution([2, 10, 7, 6]) == 7": {
      "result": true,
      "time": 0.02927541732788086,
      "error": null
    },
    "assert solution([9, 14]) == 9": {
      "result": true,
      "time": 0.029613733291625977,
      "error": null
    },
    "assert solution([4, 8, 13]) == 13": {
      "result": true,
      "time": 0.026878833770751953,
      "error": null
    },
    "assert solution([5, 8, 12]) == 5": {
      "result": true,
      "time": 0.02874469757080078,
      "error": null
    },
    "assert solution([35, 14, 19, 323]) == 54": {
      "result": true,
      "time": 0.030209064483642578,
      "error": null
    },
    "assert solution([5, 3, 8, 1, 6]) == 5": {
      "result": true,
      "time": 0.030688047409057617,
      "error": null
    },
    "assert solution([33, 16, 28, 27]) == 33": {
      "result": true,
      "time": 0.02894878387451172,
      "error": null
    },
    "assert solution([29, 16, 21, 325]) == 50": {
      "result": true,
      "time": 0.027274370193481445,
      "error": null
    },
    "assert solution([1, 13, 9, 4]) == 10": {
      "result": true,
      "time": 0.02940511703491211,
      "error": null
    },
    "assert solution([9, 5]) == 9": {
      "result": true,
      "time": 0.026856660842895508,
      "error": null
    },
    "assert solution([25, 17, 22, 29]) == 25": {
      "result": true,
      "time": 0.03030252456665039,
      "error": null
    },
    "assert solution([29, 17, 25, 34]) == 54": {
      "result": true,
      "time": 0.028090238571166992,
      "error": null
    },
    "assert solution([30, 14, 27, 319]) == 27": {
      "result": true,
      "time": 0.030756711959838867,
      "error": null
    },
    "assert solution([6, 3, 1, 1, 7]) == 8": {
      "result": true,
      "time": 0.02901625633239746,
      "error": null
    },
    "assert solution([10, 7]) == 0": {
      "result": true,
      "time": 0.02812957763671875,
      "error": null
    },
    "assert solution([8, 13, 10, 1]) == 0": {
      "result": true,
      "time": 0.029053688049316406,
      "error": null
    },
    "assert solution([10, 5]) == 0": {
      "result": true,
      "time": 0.028944015502929688,
      "error": null
    },
    "assert solution([31, 13, 20, 323]) == 31": {
      "result": true,
      "time": 0.02965998649597168,
      "error": null
    },
    "assert solution([6, 2, 13]) == 13": {
      "result": true,
      "time": 0.0269925594329834,
      "error": null
    },
    "assert solution([8, 8]) == 0": {
      "result": true,
      "time": 0.030176401138305664,
      "error": null
    },
    "assert solution([1, 3, 3, 6]) == 4": {
      "result": true,
      "time": 0.03714108467102051,
      "error": null
    },
    "assert solution([3, 6]) == 3": {
      "result": true,
      "time": 0.0279843807220459,
      "error": null
    },
    "assert solution([7, 3, 6, 8, 4]) == 7": {
      "result": true,
      "time": 0.029234886169433594,
      "error": null
    },
    "assert solution([26, 11, 29, 325]) == 29": {
      "result": true,
      "time": 0.028272151947021484,
      "error": null
    },
    "assert solution([3, 13, 2, 9]) == 3\n\n    # Check some edge cases that are easy to work out by hand.": {
      "result": true,
      "time": 0.030077457427978516,
      "error": null
    },
    "assert solution([7, 9, 7, 11]) == 14": {
      "result": true,
      "time": 0.028859615325927734,
      "error": null
    },
    "assert solution([31, 11, 21, 27]) == 52": {
      "result": true,
      "time": 0.03270363807678223,
      "error": null
    },
    "assert solution([7, 17, 1, 4]) == 8": {
      "result": true,
      "time": 0.031639814376831055,
      "error": null
    },
    "assert solution([4, 3, 5, 6, 4]) == 5": {
      "result": true,
      "time": 0.02888202667236328,
      "error": null
    },
    "assert solution([3, 3, 2, 1, 3]) == 6": {
      "result": true,
      "time": 0.030982255935668945,
      "error": null
    },
    "assert solution([7, 3, 2, 4]) == 7": {
      "result": true,
      "time": 0.038660287857055664,
      "error": null
    },
    "assert solution([1, 2, 4, 1, 8]) == 1": {
      "result": true,
      "time": 0.02714395523071289,
      "error": null
    },
    "assert solution([3, 12, 7, 14]) == 10": {
      "result": true,
      "time": 0.02809739112854004,
      "error": null
    },
    "assert solution([5, 16, 3, 12]) == 8": {
      "result": true,
      "time": 0.027837276458740234,
      "error": null
    },
    "assert solution([7, 4, 5]) == 12": {
      "result": true,
      "time": 0.029169082641601562,
      "error": null
    },
    "assert solution([4, 4, 8, 2]) == 0": {
      "result": true,
      "time": 0.02936577796936035,
      "error": null
    },
    "assert solution([7, 6, 5, 5]) == 12": {
      "result": true,
      "time": 0.03520488739013672,
      "error": null
    },
    "assert solution([26, 14, 28, 324]) == 0": {
      "result": true,
      "time": 0.030455589294433594,
      "error": null
    },
    "assert solution([34, 13, 23, 36]) == 23": {
      "result": true,
      "time": 0.030610322952270508,
      "error": null
    },
    "assert solution([29, 17, 18, 34]) == 29": {
      "result": true,
      "time": 0.030075788497924805,
      "error": null
    },
    "assert solution([31, 17, 28, 318]) == 31": {
      "result": true,
      "time": 0.027496814727783203,
      "error": null
    },
    "assert solution([7, 16, 7, 9]) == 14": {
      "result": true,
      "time": 0.03121781349182129,
      "error": null
    },
    "assert solution([30, 12, 18, 27]) == 0": {
      "result": true,
      "time": 0.030343294143676758,
      "error": null
    },
    "assert solution([3, 3, 3, 3, 3]) == 9": {
      "result": true,
      "time": 0.026636600494384766,
      "error": null
    },
    "assert solution([4, 15, 5, 9]) == 5": {
      "result": true,
      "time": 0.029944658279418945,
      "error": null
    },
    "assert solution([8, 4, 8, 2, 1]) == 1": {
      "result": true,
      "time": 0.028847694396972656,
      "error": null
    },
    "assert solution([35, 16, 28, 30]) == 35": {
      "result": true,
      "time": 0.028468608856201172,
      "error": null
    },
    "assert solution([4, 7]) == 0": {
      "result": true,
      "time": 0.03180956840515137,
      "error": null
    },
    "assert solution([27, 18, 21, 32]) == 48": {
      "result": true,
      "time": 0.029844045639038086,
      "error": null
    },
    "assert solution([6, 10]) == 0": {
      "result": true,
      "time": 0.029306650161743164,
      "error": null
    },
    "assert solution([10, 7, 6, 4]) == 0": {
      "result": true,
      "time": 0.03124833106994629,
      "error": null
    },
    "assert solution([10, 12, 4, 1]) == 0": {
      "result": true,
      "time": 0.028214693069458008,
      "error": null
    },
    "assert solution([6, 6, 3, 7, 3]) == 6": {
      "result": true,
      "time": 0.03618335723876953,
      "error": null
    },
    "assert solution([27, 14, 21, 29]) == 48": {
      "result": true,
      "time": 0.026654720306396484,
      "error": null
    },
    "assert solution([7, 15, 1, 10]) == 8": {
      "result": true,
      "time": 0.030620574951171875,
      "error": null
    },
    "assert solution([30, 8, 26, 325]) == 0": {
      "result": true,
      "time": 0.02952885627746582,