{
  "code": "def fibfib(n: int) -> int:\n    if n == 0 or n == 1:\n        return 0\n    elif n == 2:\n        return 1\n    a, b, c = 0, 0, 1\n    for _ in range(3, n + 1):\n        a, b, c = b, c, a + b + c\n    return c",
  "results": {
    "assert fibfib(4) == 2": {
      "result": true,
      "time": 0.032720327377319336,
      "error": null
    },
    "assert fibfib(27) == 2555757": {
      "result": true,
      "time": 0.03132367134094238,
      "error": null
    },
    "assert fibfib(15) == 1705": {
      "result": true,
      "time": 0.027957677841186523,
      "error": null
    },
    "assert fibfib(14) == 927": {
      "result": true,
      "time": 0.03266501426696777,
      "error": null
    },
    "assert fibfib(13) == 504": {
      "result": true,
      "time": 0.03150653839111328,
      "error": null
    },
    "assert fibfib(12) == 274": {
      "result": true,
      "time": 0.03158140182495117,
      "error": null
    },
    "assert fibfib(28) == 4700770": {
      "result": true,
      "time": 0.0322573184967041,
      "error": null
    },
    "assert fibfib(8) == 24": {
      "result": true,
      "time": 0.031187057495117188,
      "error": null
    },
    "assert fibfib(17) == 5768": {
      "result": true,
      "time": 0.02695941925048828,
      "error": null
    },
    "assert fibfib(25) == 755476": {
      "result": true,
      "time": 0.030579805374145508,
      "error": null
    },
    "assert fibfib(26) == 1389537": {
      "result": true,
      "time": 0.03115987777709961,
      "error": null
    },
    "assert fibfib(29) == 8646064": {
      "result": true,
      "time": 0.032305002212524414,
      "error": null
    },
    "assert fibfib(19) == 19513": {
      "result": true,
      "time": 0.029412031173706055,
      "error": null
    },
    "assert fibfib(5) == 4": {
      "result": true,
      "time": 0.0348515510559082,
      "error": null
    },
    "assert fibfib(6) == 7": {
      "result": true,
      "time": 0.03203296661376953,
      "error": null
    },
    "assert fibfib(18) == 10609": {
      "result": true,
      "time": 0.027447938919067383,
      "error": null
    },
    "assert fibfib(9) == 44": {
      "result": true,
      "time": 0.026876211166381836,
      "error": null
    },
    "assert fibfib(1) == 0": {
      "result": true,
      "time": 0.03382229804992676,
      "error": null
    },
    "assert fibfib(16) == 3136": {
      "result": true,
      "time": 0.029149770736694336,
      "error": null
    },
    "assert fibfib(10) == 81": {
      "result": true,
      "time": 0.03026437759399414,
      "error": null
    },
    "assert fibfib(20) == 35890": {
      "result": true,
      "time": 0.029956579208374023,
      "error": null
    },
    "assert fibfib(0) == 0": {
      "result": true,
      "time": 0.03324532508850098,
      "error": null
    },
    "assert fibfib(21) == 66012": {
      "result": true,
      "time": 0.02749156951904297,
      "error": null
    },
    "assert fibfib(30) == 15902591": {
      "result": true,
      "time": 0.032013893127441406,
      "error": null
    },
    "assert fibfib(11) == 149": {
      "result": true,
      "time": 0.0331113338470459,
      "error": null
    },
    "assert fibfib(7) == 13": {
      "result": true,
      "time": 0.029570817947387695,
      "error": null
    },
    "assert fibfib(2) == 1": {
      "result": true,
      "time": 0.028395414352416992,
      "error": null
    },
    "assert fibfib(22) == 121415": {
      "result": true,
      "time": 0.027520418167114258,
      "error": null
    },
    "assert fibfib(24) == 410744": {
      "result": true,
      "time": 0.030179977416992188,
      "error": null
    },
    "assert fibfib(3) == 1": {
      "result": true,
      "time": 0.030309200286865234,
      "error": null
    }
  },
  "passed": true,
  "accuracy": 1.0,
  "general_error": "",
  "has_testcase_error": false
}