{
  "code": "def fib4(n: int):\n    if n == 0 or n == 1 or n == 3:\n        return 0\n    elif n == 2:\n        return 2\n    \n    fib = [0] * (n + 1)\n    fib[2] = 2\n    \n    for i in range(4, n + 1):\n        fib[i] = fib[i-1] + fib[i-2] + fib[i-3] + fib[i-4]\n    \n    return fib[n]",
  "results": {
    "assert fib4(90) == 6564155744179952341356968": {
      "result": true,
      "time": 0.03190302848815918,
      "error": null
    },
    "assert fib4(48) == 7027941791676": {
      "result": true,
      "time": 0.026678085327148438,
      "error": null
    },
    "assert fib4(95) == 174670928672918843046473740": {
      "result": true,
      "time": 0.027123689651489258,
      "error": null
    },
    "assert fib4(6) == 8": {
      "result": true,
      "time": 0.027608871459960938,
      "error": null
    },
    "assert fib4(31) == 100389016": {
      "result": true,
      "time": 0.027438640594482422,
      "error": null
    },
    "assert fib4(16) == 5328": {
      "result": true,
      "time": 0.02806234359741211,
      "error": null
    },
    "assert fib4(36) == 2671332512": {
      "result": true,
      "time": 0.02734851837158203,
      "error": null
    },
    "assert fib4(50) == 26112283777288": {
      "result": true,
      "time": 0.029314041137695312,
      "error": null
    },
    "assert fib4(4) == 2": {
      "result": true,
      "time": 0.026861190795898438,
      "error": null
    },
    "assert fib4(15) == 2764": {
      "result": true,
      "time": 0.026123762130737305,
      "error": null
    },
    "assert fib4(98) == 1250966502919879120640717716": {
      "result": true,
      "time": 0.02915024757385254,
      "error": null
    },
    "assert fib4(25) == 1957204": {
      "result": true,
      "time": 0.027032852172851562,
      "error": null
    },
    "assert fib4(82) == 34443880418283540493826": {
      "result": true,
      "time": 0.041127920150756836,
      "error": null
    },
    "assert fib4(55) == 694842876205932": {
      "result": true,
      "time": 0.025491952896118164,
      "error": null
    },
    "assert fib4(72) == 48643920250633737730": {
      "result": true,
      "time": 0.03218412399291992,
      "error": null
    },
    "assert fib4(56) == 1339352707109744": {
      "result": true,
      "time": 0.029824495315551758,
      "error": null
    },
    "assert fib4(38) == 9925323044": {
      "result": true,
      "time": 0.02756023406982422,
      "error": null
    },
    "assert fib4(20) == 73552": {
      "result": true,
      "time": 0.0343172550201416,
      "error": null
    },
    "assert fib4(23) == 526768": {
      "result": true,
      "time": 0.03670620918273926,
      "error": null
    },
    "assert fib4(58) == 4976358513292148": {
      "result": true,
      "time": 0.029425859451293945,
      "error": null
    },
    "assert fib4(30) == 52080824": {
      "result": true,
      "time": 0.03136920928955078,
      "error": null
    },
    "assert fib4(67) == 1828044717908083822": {
      "result": true,
      "time": 0.029247283935546875,
      "error": null
    },
    "assert fib4(75) == 348380324456838586684": {
      "result": true,
      "time": 0.02923440933227539,
      "error": null
    },
    "assert fib4(17) == 10270": {
      "result": true,
      "time": 0.030673503875732422,
      "error": null
    },
    "assert fib4(74) == 180736250708388495690": {
      "result": true,
      "time": 0.030564546585083008,
      "error": null
    },
    "assert fib4(29) == 27019014": {
      "result": true,
      "time": 0.034482717514038086,
      "error": null
    },
    "assert fib4(97) == 648988991706202294407873694": {
      "result": true,
      "time": 0.02931523323059082,
      "error": null
    },
    "assert fib4(49) == 13546793363542": {
      "result": true,
      "time": 0.02870941162109375,
      "error": null
    },
    "assert fib4(76) == 671524666429406262592": {
      "result": true,
      "time": 0.0313107967376709,
      "error": null
    },
    "assert fib4(22) == 273282": {
      "result": true,
      "time": 0.030366897583007812,
      "error": null
    },
    "assert fib4(64) == 255247656741676658": {
      "result": true,
      "time": 0.03058481216430664,
      "error": null
    },
    "assert fib4(79) == 4809357057697235769150": {
      "result": true,
      "time": 0.033251285552978516,
      "error": null
    },
    "assert fib4(5) == 4": {
      "result": true,
      "time": 0.033846139907836914,
      "error": null
    },
    "assert fib4(26) == 3772632": {
      "result": true,
      "time": 0.030336618423461914,
      "error": null
    },
    "assert fib4(39) == 19131675294": {
      "result": true,
      "time": 0.02738332748413086,
      "error": null
    },
    "assert fib4(54) == 360477579991610": {
      "result": true,
      "time": 0.026289939880371094,
      "error": null
    },
    "assert fib4(7) == 14": {
      "result": true,
      "time": 0.027751684188842773,
      "error": null
    },
    "assert fib4(96) == 336689040332208585492454928": {
      "result": true,
      "time": 0.02844405174255371,
      "error": null
    },
    "assert fib4(19) == 38158": {
      "result": true,
      "time": 0.027719736099243164,
      "error": null
    },
    "assert fib4(59) == 9592239446592686": {
      "result": true,
      "time": 0.02941298484802246,
      "error": null
    },
    "assert fib4(45) == 981302949796": {
      "result": true,
      "time": 0.03134965896606445,
      "error": null
    },
    "assert fib4(37) == 5149158974": {
      "result": true,
      "time": 0.02909708023071289,
      "error": null
    },
    "assert fib4(42) == 137018135298": {
      "result": true,
      "time": 0.03856658935546875,
      "error": null
    },
    "assert fib4(43) == 264110947552": {
      "result": true,
      "time": 0.029900550842285156,
      "error": null
    },
    "assert fib4(93) == 47011480492525468175029672": {
      "result": true,
      "time": 0.02577662467956543,
      "error": null
    },
    "assert fib4(12) == 386": {
      "result": true,
      "time": 0.028311967849731445,
      "error": null
    },
    "assert fib4(14) == 1434": {
      "result": true,
      "time": 0.028884410858154297,
      "error": null
    },
    "assert fib4(78) == 2495046654202812132420": {
      "result": true,
      "time": 0.032861948013305664,
      "error": null
    },
    "assert fib4(77) == 1294405412608178787454": {
      "result": true,
      "time": 0.03131890296936035,
      "error": null
    },
    "assert fib4(83) == 66392714182364268855232": {
      "result": true,
      "time": 0.030267953872680664,
      "error": null
    },
    "assert fib4(87) == 916545069043324623948942": {
      "result": true,
      "time": 0.03058147430419922,
      "error": null
    },
    "assert fib4(89) == 3405418776501538656143990": {
      "result": true,
      "time": 0.02785325050354004,
      "error": null
    },
    "assert fib4(85) == 246681808823124970931012": {
      "result": true,
      "time": 0.030513286590576172,
      "error": null
    },
    "assert fib4(66) == 948371435605898616": {
      "result": true,
      "time": 0.0355381965637207,
      "error": null
    },
    "assert fib4(81) == 17869142915445859640640": {
      "result": true,
      "time": 0.029619693756103516,
      "error": null
    },
    "assert fib4(1) == 0": {
      "result": true,
      "time": 0.031184911727905273,
      "error": null
    },
    "assert fib4(40) == 36877489824": {
      "result": true,
      "time": 0.02824568748474121,
      "error": null
    },
    "assert fib4(2) == 2": {
      "result": true,
      "time": 0.03161883354187012,
      "error": null
    },
    "assert fib4(57) == 2581685349984862": {
      "result": true,
      "time": 0.028795957565307617,
      "error": null
    },
    "assert fib4(35) == 1385860764": {
      "result": true,
      "time": 0.029997825622558594,
      "error": null
    },
    "assert fib4(44) == 509090219810": {
      "result": true,