{
  "code": "def add_elements(arr, k):\n    first_k_elements = arr[:k]\n    filtered_elements = [x for x in first_k_elements if 0 <= x <= 99]\n    return sum(filtered_elements)",
  "results": {
    "assert add_elements([16, 26, 4, 94, 5, 10, 5, 12, 5], 5) == 145": {
      "result": true,
      "time": 0.031360626220703125,
      "error": null
    },
    "assert add_elements([115, 17, 2, 4311, 1, 9, 5, 9, 14], 3) == 19": {
      "result": true,
      "time": 0.030622005462646484,
      "error": null
    },
    "assert add_elements([113, 23, 5, 3725, 1, 1, 2, 9, 6], 8) == 41": {
      "result": true,
      "time": 0.034143686294555664,
      "error": null
    },
    "assert add_elements([15, 19, 6, 90, 6, 2, 7, 13, 10], 9) == 168": {
      "result": true,
      "time": 0.032640933990478516,
      "error": null
    },
    "assert add_elements([5, 0, -6, 40, 55, 72, 87, 92, 95], 7) == 253": {
      "result": false,
      "time": 0.02880382537841797,
      "error": null
    },
    "assert add_elements([3], 4) == 3": {
      "result": true,
      "time": 0.028993844985961914,
      "error": null
    },
    "assert add_elements([111, 118, 3, 3448, 7, 8], 1) == 0": {
      "result": true,
      "time": 0.028640270233154297,
      "error": null
    },
    "assert add_elements([8, 21, 1, 91, 5, 10, 9, 10, 6], 7) == 145": {
      "result": true,
      "time": 0.026479005813598633,
      "error": null
    },
    "assert add_elements([13, 18, 4, 92, 8, 2, 8, 6, 5], 5) == 135": {
      "result": true,
      "time": 0.029177188873291016,
      "error": null
    },
    "assert add_elements([1], 3) == 1": {
      "result": true,
      "time": 0.031212329864501953,
      "error": null
    },
    "assert add_elements([5], 1) == 5": {
      "result": true,
      "time": 0.03360414505004883,
      "error": null
    },
    "assert add_elements([15, 20, 8, 91, 6, 2, 6, 11, 10], 8) == 159": {
      "result": true,
      "time": 0.03023052215576172,
      "error": null
    },
    "assert add_elements([107, 120, 6, 4699, 7, 11], 4) == 6": {
      "result": true,
      "time": 0.030489683151245117,
      "error": null
    },
    "assert add_elements([5, 1, -8, 40, 58, 73, 84, 86, 96], 8) == 339": {
      "result": false,
      "time": 0.029698610305786133,
      "error": null
    },
    "assert add_elements([4], 3) == 4": {
      "result": true,
      "time": 0.03161883354187012,
      "error": null
    },
    "assert add_elements([115, 18, 4, 3479, 9, 9, 11, 10, 5], 6) == 40": {
      "result": true,
      "time": 0.032006025314331055,
      "error": null
    },
    "assert add_elements([16, 22, 1, 86, 10, 8, 7, 4, 10], 4) == 125": {
      "result": true,
      "time": 0.031751394271850586,
      "error": null
    },
    "assert add_elements([2], 6) == 2": {
      "result": true,
      "time": 0.033365488052368164,
      "error": null
    },
    "assert add_elements([6, 1, -3, 44, 59, 74, 86, 84, 95], 1) == 6": {
      "result": true,
      "time": 0.034813642501831055,
      "error": null
    },
    "assert add_elements([113, 122, 2, 4948, 10, 3], 4) == 2": {
      "result": true,
      "time": 0.03347182273864746,
      "error": null
    },
    "assert add_elements([6, 19, 8, 95, 7, 3, 6, 10, 14], 9) == 168": {
      "result": true,
      "time": 0.0328974723815918,
      "error": null
    },
    "assert add_elements([115, 24, 6, 3856, 5, 1, 4, 12, 14], 9) == 66": {
      "result": true,
      "time": 0.034526824951171875,
      "error": null
    },
    "assert add_elements([110, 16, 5, 4445, 7, 4, 6, 9, 12], 8) == 47": {
      "result": true,
      "time": 0.03142571449279785,
      "error": null
    },
    "assert add_elements([14, 20, 7, 93, 5, 7, 11, 11, 6], 6) == 146": {
      "result": true,
      "time": 0.03116774559020996,
      "error": null
    },
    "assert add_elements([10, 23, 2, 94, 5, 3, 11, 8, 8], 6) == 137": {
      "result": true,
      "time": 0.03695821762084961,
      "error": null
    },
    "assert add_elements([116, 26, 8, 3200, 10, 9, 2, 10, 7], 2) == 26": {
      "result": true,
      "time": 0.030267000198364258,
      "error": null
    },
    "assert add_elements([3, -5, -6, 37, 61, 74, 82, 87, 102], 4) == 29": {
      "result": false,
      "time": 0.033226966857910156,
      "error": null
    },
    "assert add_elements([5, -3, -8, 43, 56, 73, 91, 83, 97], 2) == 2": {
      "result": false,
      "time": 0.03213810920715332,
      "error": null
    },
    "assert add_elements([1, -6, -3, 38, 55, 73, 85, 86, 100], 7) == 243": {
      "result": false,
      "time": 0.03261542320251465,
      "error": null
    },
    "assert add_elements([109, 16, 3, 4057, 7, 2, 9, 4, 9], 3) == 19": {
      "result": true,
      "time": 0.03171396255493164,
      "error": null
    },
    "assert add_elements([4, 2, 2, 42, 57, 81, 86, 91, 94], 4) == 50": {
      "result": true,
      "time": 0.030797481536865234,
      "error": null
    },
    "assert add_elements([4, 1, -8, 37, 55, 76, 83, 84, 99], 3) == -3": {
      "result": false,
      "time": 0.031363487243652344,
      "error": null
    },
    "assert add_elements([3, -5, -6, 44, 58, 72, 90, 85, 102], 7) == 256": {
      "result": false,
      "time": 0.0274655818939209,
      "error": null
    },
    "assert add_elements([116, 19, 2, 3934, 3, 5, 6, 13, 14], 6) == 29": {
      "result": true,
      "time": 0.03578329086303711,
      "error": null
    },
    "assert add_elements([11, 24, 1, 92, 1, 4, 8, 13, 12], 1) == 11": {
      "result": true,
      "time": 0.030616283416748047,
      "error": null
    },
    "assert add_elements([6, -6, -6, 41, 56, 73, 83, 83, 94], 1) == 6": {
      "result": true,
      "time": 0.031061410903930664,
      "error": null
    },
    "assert add_elements([109, 117, 7, 3709, 10, 3], 3) == 7": {
      "result": true,
      "time": 0.03334212303161621,
      "error": null
    },
    "assert add_elements([115, 122, 6, 4698, 10, 7], 5) == 16": {
      "result": true,
      "time": 0.03181099891662598,
      "error": null
    },
    "assert add_elements([107, 124, 8, 4426, 5, 9], 6) == 22": {
      "result": true,
      "time": 0.026857376098632812,
      "error": null
    },
    "assert add_elements([11, 19, 8, 92, 9, 8, 3, 3, 9], 5) == 139": {
      "result": true,
      "time": 0.03231000900268555,
      "error": null
    },
    "assert add_elements([3, -2, -8, 39, 56, 76, 84, 85, 101], 5) == 88": {
      "result": false,
      "time": 0.034713029861450195,
      "error": null
    },
    "assert add_elements([16, 22, 4, 91, 8, 7, 4, 11, 11], 2) == 38": {
      "result": true,
      "time": 0.02981281280517578,
      "error": null
    },
    "assert add_elements([116, 18, 5, 3825, 7, 4, 5, 3, 12], 8) == 42": {
      "result": true,
      "time": 0.03132224082946777,
      "error": null
    },
    "assert add_elements([4, 1, -5, 40, 61, 78, 82, 87, 101], 7) == 261": {
      "result": false,
      "time": 0.03139638900756836,
      "error": null
    },
    "assert add_elements([15, 19, 3, 94, 9, 11, 4, 11, 11], 9) == 177": {
      "result": true,
      "time": 0.033803462982177734,
      "error": null
    },
    "assert add_elements([110, 125, 4, 3428, 1, 4], 7) == 9": {
      "result": true,
      "time": 0.03032827377319336,
      "error": null
    },
    "assert add_elements([107, 22, 1, 3540, 4, 1, 5, 7, 14], 7) == 33": {
      "result": true,
      "time": 0.033014535903930664,
      "error": null
    },
    "assert add_elements([10, 19, 7, 91, 5, 8, 4, 7, 11], 8) == 151": {
      "result": true,
      "time": 0.028799057006835938,
      "error": null
    },
    "assert add_elements([5], 3) == 5": {
      "result": true,
      "time": 0.031281232833862305,
      "error": null
    },
    "assert add_elements([2, -1, -4, 44, 60, 74, 91, 89, 101], 3) == -3": {
      "result": false,
      "time": 0.0281524658203125,
      "error": null
    },
    "assert add_elements([114, 124, 1, 3460, 8, 3], 2) == 0": {
      "result": true,
      "time": 0.03413558006286621,