{
  "code": "def add(lst):\n    return sum([num for idx, num in enumerate(lst) if idx % 2 != 0 and num % 2 == 0])",
  "results": {
    "assert add([3, 1, 9, 6]) == 6": {
      "result": true,
      "time": 0.026307106018066406,
      "error": null
    },
    "assert add([5, 2, 10, 3]) == 2": {
      "result": true,
      "time": 0.0284576416015625,
      "error": null
    },
    "assert add([4, 4, 6, 8]) == 12\n\n    # Check some edge cases that are easy to work out by hand.": {
      "result": true,
      "time": 0.02971363067626953,
      "error": null
    },
    "assert add([6, 92]) == 92": {
      "result": true,
      "time": 0.02583146095275879,
      "error": null
    },
    "assert add([6, 88]) == 88": {
      "result": true,
      "time": 0.026438236236572266,
      "error": null
    },
    "assert add([6, 3, 6, 11]) == 0": {
      "result": true,
      "time": 0.02755284309387207,
      "error": null
    },
    "assert add([2, 1, 10, 12]) == 12": {
      "result": true,
      "time": 0.02666330337524414,
      "error": null
    },
    "assert add([8, 1, 9, 9, 1, 124]) == 124": {
      "result": true,
      "time": 0.026528120040893555,
      "error": null
    },
    "assert add([3, 10, 9, 8, 1, 122]) == 140": {
      "result": true,
      "time": 0.02552008628845215,
      "error": null
    },
    "assert add([1, 1, 5, 4, 3, 124]) == 128": {
      "result": true,
      "time": 0.026340484619140625,
      "error": null
    },
    "assert add([6, 3, 8, 2]) == 2": {
      "result": true,
      "time": 0.02894735336303711,
      "error": null
    },
    "assert add([5, 4, 2, 12]) == 16": {
      "result": true,
      "time": 0.02505779266357422,
      "error": null
    },
    "assert add([4, 86]) == 86": {
      "result": true,
      "time": 0.026182889938354492,
      "error": null
    },
    "assert add([9, 89]) == 0": {
      "result": true,
      "time": 0.028184175491333008,
      "error": null
    },
    "assert add([7, 89]) == 0": {
      "result": true,
      "time": 0.02793264389038086,
      "error": null
    },
    "assert add([7, 8, 2, 8, 5, 119]) == 16": {
      "result": true,
      "time": 0.026707172393798828,
      "error": null
    },
    "assert add([1, 87]) == 0": {
      "result": true,
      "time": 0.028333425521850586,
      "error": null
    },
    "assert add([4, 4, 1, 8, 6, 125]) == 12": {
      "result": true,
      "time": 0.028438091278076172,
      "error": null
    },
    "assert add([2, 4, 11, 8, 6, 123]) == 12": {
      "result": true,
      "time": 0.030488967895507812,
      "error": null
    },
    "assert add([6, 4, 6, 3]) == 4": {
      "result": true,
      "time": 0.027405738830566406,
      "error": null
    },
    "assert add([9, 93]) == 0": {
      "result": true,
      "time": 0.028566360473632812,
      "error": null
    },
    "assert add([9, 87]) == 0": {
      "result": true,
      "time": 0.0278780460357666,
      "error": null
    },
    "assert add([4, 0, 6, 7]) == 0": {
      "result": true,
      "time": 0.028523921966552734,
      "error": null
    },
    "assert add([9, 3, 8, 2]) == 2": {
      "result": true,
      "time": 0.02829122543334961,
      "error": null
    },
    "assert add([8, 7, 5, 6, 2, 127]) == 6": {
      "result": true,
      "time": 0.027148008346557617,
      "error": null
    },
    "assert add([3, 8, 5, 4, 4, 121]) == 12": {
      "result": true,
      "time": 0.027634859085083008,
      "error": null
    },
    "assert add([5, 5, 9, 9]) == 0": {
      "result": true,
      "time": 0.02669358253479004,
      "error": null
    },
    "assert add([4, 5, 6, 7, 2, 122]) == 122": {
      "result": true,
      "time": 0.027089834213256836,
      "error": null
    },
    "assert add([6, 3, 1, 6]) == 6": {
      "result": true,
      "time": 0.02878427505493164,
      "error": null
    },
    "assert add([7, 1, 8, 12]) == 12": {
      "result": true,
      "time": 0.026439428329467773,
      "error": null
    },
    "assert add([3, 87]) == 0": {
      "result": true,
      "time": 0.02660226821899414,
      "error": null
    },
    "assert add([5, 9, 1, 3, 6, 125]) == 0": {
      "result": true,
      "time": 0.02672576904296875,
      "error": null
    },
    "assert add([8, 83]) == 0": {
      "result": true,
      "time": 0.025885343551635742,
      "error": null
    },
    "assert add([4, 1, 8, 6]) == 6": {
      "result": true,
      "time": 0.028989553451538086,
      "error": null
    },
    "assert add([5, 3, 5, 12]) == 12": {
      "result": true,
      "time": 0.029419660568237305,
      "error": null
    },
    "assert add([5, 5, 5, 9]) == 0": {
      "result": true,
      "time": 0.028980731964111328,
      "error": null
    },
    "assert add([6, 4, 9, 12, 1, 122]) == 138": {
      "result": true,
      "time": 0.030334949493408203,
      "error": null
    },
    "assert add([7, 88]) == 88": {
      "result": true,
      "time": 0.027306795120239258,
      "error": null
    },
    "assert add([4, 8, 9, 6, 2, 121]) == 14": {
      "result": true,
      "time": 0.028965234756469727,
      "error": null
    },
    "assert add([3, 88]) == 88": {
      "result": true,
      "time": 0.029462575912475586,
      "error": null
    },
    "assert add([5, 8, 10, 8, 7, 117]) == 16": {
      "result": true,
      "time": 0.026756763458251953,
      "error": null
    },
    "assert add([5, 2, 5, 6]) == 8": {
      "result": true,
      "time": 0.027997970581054688,
      "error": null
    },
    "assert add([3, 3, 11, 8]) == 8": {
      "result": true,
      "time": 0.02902984619140625,
      "error": null
    },
    "assert add([1, 9, 11, 10, 3, 118]) == 128": {
      "result": true,
      "time": 0.030339479446411133,
      "error": null
    },
    "assert add([5, 85]) == 0": {
      "result": true,
      "time": 0.02593708038330078,
      "error": null
    },
    "assert add([4, 84]) == 84": {
      "result": true,
      "time": 0.027356624603271484,
      "error": null
    },
    "assert add([2, 85]) == 0": {
      "result": true,
      "time": 0.026869773864746094,
      "error": null
    },
    "assert add([9, 3, 9, 2]) == 2": {
      "result": true,
      "time": 0.029672622680664062,
      "error": null
    },
    "assert add([8, 5, 8, 3]) == 0": {
      "result": true,
      "time": 0.02633357048034668,
      "error": null
    },
    "assert add([7, 5, 1, 11, 4, 120]) == 120": {
      "result": true,
      "time": 0.027045249938964844,
      "error": null
    },
    "assert add([2, 10, 1, 5, 1, 127]) == 10": {
      "result": true,
      "time": 0.02851557731628418,
      "error": null
    },
    "assert add([7, 2, 10, 5]) == 2": {
      "result": true,
      "time": 0.026708364486694336,
      "error": null
    },
    "assert add([8, 2, 2, 8]) == 10": {
      "result": true,
      "time": 0.026571989059448242,
      "error": null
    },
    "assert add([4, 5, 10, 9]) == 0": {
      "result": true,
      "time": 0.02645254135131836,
      "error": null
    },
    "assert add([9, 91]) == 0": {
      "result": true,
      "time": 0.027856826782226562,
      "error": null
    },
    "assert add([6, 3, 9, 12]) == 12": {
      "result": true,
      "time": 0.028363704681396484,
      "error": null
    },
    "assert add([4, 88]) == 88": {
      "result": true,
      "time": 0.026373863220214844,
      "error": null
    },
    "assert add([2, 3, 1, 11]) == 0": {
      "result": true,
      "time": 0.025828123092651367,
      "error": null
    },
    "assert add([8, 84]) == 84": {
      "result": true,
      "time": 0.025902986526489258,
      "error": null
    },
    "assert add([6, 9, 7, 8, 2, 124]) == 132": {
      "result": true,
      "time": 0.026064395904541016,
      "error": null
    },
    "assert add([2, 84]) == 84": {
      "result": true,
      "time": 0.026610851287841797,
      "error": null
    },
    "assert add([8, 91]) == 0": {
      "result": true,
      "time": 0.030413389205932617,
      "error": null
    },