{
  "code": "from typing import List\n\ndef has_close_elements(numbers: List[float], threshold: float) -> bool:\n    numbers_sorted = sorted(numbers)\n    for i in range(len(numbers_sorted) - 1):\n        if abs(numbers_sorted[i] - numbers_sorted[i+1]) < threshold:\n            return True\n    return False",
  "results": {
    "assert has_close_elements([4.88, 7.89, 3.67, 5.68, 4.88], 2.06) == True": {
      "result": true,
      "time": 0.12929248809814453,
      "error": null
    },
    "assert has_close_elements([3.2, 2.38, 8.15, 6.82, 7.64, 1.09], 0.3617420469176341) == False": {
      "result": true,
      "time": 0.11375188827514648,
      "error": null
    },
    "assert has_close_elements([1.01, 2.06, 6.72, 8.86, 8.3, 1.48], 1.91) == True": {
      "result": true,
      "time": 0.09433746337890625,
      "error": null
    },
    "assert has_close_elements([1.0, 2.0, 3.9, 4.0, 5.0, 2.2], 0.3) == True": {
      "result": true,
      "time": 0.09277915954589844,
      "error": null
    },
    "assert has_close_elements([3.26, 1.07, 7.95, 8.07, 7.15, 4.9], 2.86) == True": {
      "result": true,
      "time": 0.0959773063659668,
      "error": null
    },
    "assert has_close_elements([1.81, 6.92, 8.55, 9.5, 3.57], 5.9) == True": {
      "result": true,
      "time": 0.1109170913696289,
      "error": null
    },
    "assert has_close_elements([6.9, 2.21, 7.1, 3.79, 4.04], 0.396996215155218) == True": {
      "result": true,
      "time": 0.09005093574523926,
      "error": null
    },
    "assert has_close_elements([1.54, 4.43, 7.01, 6.17, 10.01], 0.2314054295285396) == False": {
      "result": true,
      "time": 0.1523270606994629,
      "error": null
    },
    "assert has_close_elements([6.07, 2.35, 3.41, 7.98, 2.12, 4.52], 5.15) == True": {
      "result": true,
      "time": 0.08726692199707031,
      "error": null
    },
    "assert has_close_elements([3.18, 5.84, 3.87, 7.15, 8.43], 1.44) == True": {
      "result": true,
      "time": 0.09879040718078613,
      "error": null
    },
    "assert has_close_elements([2.77, 1.01, 1.32, 9.39, 6.21], 5.39) == True": {
      "result": true,
      "time": 0.09707021713256836,
      "error": null
    },
    "assert has_close_elements([5.33, 2.33, 1.36, 1.54, 6.95], 0.07523209090543603) == False": {
      "result": true,
      "time": 0.11920738220214844,
      "error": null
    },
    "assert has_close_elements([3.06, 7.17, 7.8, 3.14, 9.9, 3.32], 0.15562526330040638) == True": {
      "result": true,
      "time": 0.08759427070617676,
      "error": null
    },
    "assert has_close_elements([2.35, 3.12, 1.26, 4.93, 8.6, 2.24], 0.22075974625982897) == True": {
      "result": true,
      "time": 0.09308266639709473,
      "error": null
    },
    "assert has_close_elements([6.9, 3.28, 6.53, 9.09, 9.27], 0.27823425350535214) == True": {
      "result": true,
      "time": 0.06909322738647461,
      "error": null
    },
    "assert has_close_elements([6.58, 2.5, 8.69, 9.82, 9.86], 1.77) == True": {
      "result": true,
      "time": 0.09632468223571777,
      "error": null
    },
    "assert has_close_elements([5.4, 6.12, 6.47, 8.31, 1.75, 5.74], 2.76) == True": {
      "result": true,
      "time": 0.12144708633422852,
      "error": null
    },
    "assert has_close_elements([1.41, 1.47, 5.8, 5.5, 9.64], 0.4422265315774656) == True": {
      "result": true,
      "time": 0.11238455772399902,
      "error": null
    },
    "assert has_close_elements([4.47, 3.29, 8.27, 4.83, 3.2], 2.53) == True": {
      "result": true,
      "time": 0.06857442855834961,
      "error": null
    },
    "assert has_close_elements([2.92, 6.36, 8.63, 3.92, 8.74, 5.18], 0.8508754629067022) == True": {
      "result": true,
      "time": 0.08868575096130371,
      "error": null
    },
    "assert has_close_elements([5.74, 3.9, 5.02, 1.13, 9.57, 5.45], 1.09) == True": {
      "result": true,
      "time": 0.09827756881713867,
      "error": null
    },
    "assert has_close_elements([6.37, 7.95, 9.41, 7.57, 2.66], 2.27) == True": {
      "result": true,
      "time": 0.11382412910461426,
      "error": null
    },
    "assert has_close_elements([6.8, 7.7, 7.97, 9.22, 1.04], 0.5420385167082946) == True": {
      "result": true,
      "time": 0.11338448524475098,
      "error": null
    },
    "assert has_close_elements([1.1, 2.2, 3.1, 4.1, 5.1], 0.5) == False": {
      "result": true,
      "time": 0.1047067642211914,
      "error": null
    },
    "assert has_close_elements([4.07, 4.35, 4.03, 8.01, 9.69, 7.45], 0.4062541056462473) == True": {
      "result": true,
      "time": 0.1132352352142334,
      "error": null
    },
    "assert has_close_elements([4.72, 1.92, 3.55, 3.94, 1.4, 1.93], 3.6) == True": {
      "result": true,
      "time": 0.09614253044128418,
      "error": null
    },
    "assert has_close_elements([1.0, 2.0, 5.9, 4.0, 5.0], 0.95) == True": {
      "result": true,
      "time": 0.11370229721069336,
      "error": null
    },
    "assert has_close_elements([2.74, 2.59, 8.75, 2.64, 3.41, 6.83], 0.47037584760808515) == True": {
      "result": true,
      "time": 0.11102056503295898,
      "error": null
    },
    "assert has_close_elements([4.55, 3.22, 2.64, 7.89, 4.11, 7.23], 5.08) == True": {
      "result": true,
      "time": 0.11237263679504395,
      "error": null
    },
    "assert has_close_elements([1.65, 3.51, 4.77, 4.7, 9.45, 4.71], 1.74) == True": {
      "result": true,
      "time": 0.07780003547668457,
      "error": null
    },
    "assert has_close_elements([2.67, 2.26, 3.14, 1.9, 2.88], 0.05407902838980738) == False": {
      "result": true,
      "time": 0.09627413749694824,
      "error": null
    },
    "assert has_close_elements([1.13, 7.18, 6.73, 4.67, 6.32, 5.25], 4.08) == True": {
      "result": true,
      "time": 0.15119481086730957,
      "error": null
    },
    "assert has_close_elements([6.03, 6.9, 5.3, 4.65, 7.97], 0.7606715861237912) == True": {
      "result": true,
      "time": 0.0908815860748291,
      "error": null
    },
    "assert has_close_elements([5.72, 4.52, 8.45, 1.43, 4.88, 7.28], 0.6213126721754707) == True": {
      "result": true,
      "time": 0.10762977600097656,
      "error": null
    },
    "assert has_close_elements([3.22, 7.97, 3.43, 2.69, 3.66, 7.9], 3.98) == True": {
      "result": true,
      "time": 0.11945772171020508,
      "error": null
    },
    "assert has_close_elements([1.12, 1.1, 1.8, 1.42, 10.81, 2.61], 1.43) == True": {
      "result": true,
      "time": 0.1458444595336914,
      "error": null
    },
    "assert has_close_elements([5.52, 7.52, 2.2, 4.41, 5.02, 5.9], 4.09) == True": {
      "result": true,
      "time": 0.09394717216491699,
      "error": null
    },
    "assert has_close_elements([3.37, 3.0, 1.92, 9.63, 2.6], 0.6269462195500632) == True": {
      "result": true,
      "time": 0.10556817054748535,
      "error": null
    },
    "assert has_close_elements([1.84, 6.19, 1.07, 6.85, 10.02], 0.06327986170932154) == False": {
      "result": true,
      "time": 0.10837674140930176,
      "error": null
    },
    "assert has_close_elements([6.78, 5.17, 2.34, 3.59, 9.96, 7.42], 4.52) == True": {
      "result": true,
      "time": 0.1343832015991211,
      "error": null
    },
    "assert has_close_elements([2.71, 6.22, 2.09, 3.25, 1.78], 4.42) == True": {
      "result": true,
      "time": 0.08920884132385254,
      "error": null
    },
    "assert has_close_elements([5.69, 4.54, 3.55, 8.95, 9.95, 5.06], 3.37) == True": {
      "result": true,
      "time": 0.07801151275634766,
      "error": null
    },
    "assert has_close_elements([2.69, 7.45, 2.68, 3.48, 7.09], 4.18) == True": {
      "result": true,
      "time": 0.11687183380126953,
      "error": null
    },
    "assert has_close_elements([4.74, 3.86, 1.63, 2.89, 5.88], 0.28615090391667286) == False": {
      "result": true,
      "time": 0.09273433685302734,
      "error": null
    },