{
  "code": "def common(l1: list, l2: list):\n    common_elements = sorted(list(set(l1) & set(l2)))\n    return common_elements",
  "results": {
    "assert common([6, 5, 7, 10], [8, 4]) == []": {
      "result": true,
      "time": 0.027678489685058594,
      "error": null
    },
    "assert common([6, 3, 2, 37, 657, 2, 6], [5, 9, 1, 6, 4, 654, 125]) == [6]": {
      "result": true,
      "time": 0.030365467071533203,
      "error": null
    },
    "assert common([1, 6, 5, 9], [1, 6, 1]) == [1, 6]": {
      "result": true,
      "time": 0.027132272720336914,
      "error": null
    },
    "assert common([8, 7, 6, 13], [7, 2]) == [7]": {
      "result": true,
      "time": 0.029017925262451172,
      "error": null
    },
    "assert common([1, 1, 3, 11], [5, 3, 2]) == [3]": {
      "result": true,
      "time": 0.03228116035461426,
      "error": null
    },
    "assert common([7, 8, 6, 11], [4, 5, 9]) == []": {
      "result": true,
      "time": 0.032910823822021484,
      "error": null
    },
    "assert common([1, 6, 5, 34, 651, 3, 3], [7, 8, 1, 7, 9, 653, 121]) == [1]": {
      "result": true,
      "time": 0.02934575080871582,
      "error": null
    },
    "assert common([6, 6, 4, 12], [3, 1]) == []": {
      "result": true,
      "time": 0.02837848663330078,
      "error": null
    },
    "assert common([6, 1, 5, 36, 648, 1, 6], [3, 4, 2, 1, 12, 654, 123]) == [1]": {
      "result": true,
      "time": 0.02731776237487793,
      "error": null
    },
    "assert common([6, 3, 7, 6], [3, 5, 7]) == [3, 7]": {
      "result": true,
      "time": 0.0267181396484375,
      "error": null
    },
    "assert common([4, 8, 2, 9], [3, 1]) == []": {
      "result": true,
      "time": 0.029814481735229492,
      "error": null
    },
    "assert common([3, 5, 5, 8], [7, 6]) == []": {
      "result": true,
      "time": 0.03245258331298828,
      "error": null
    },
    "assert common([1, 8, 3, 4], [8, 7, 6]) == [8]": {
      "result": true,
      "time": 0.027395248413085938,
      "error": null
    },
    "assert common([5, 2, 6, 30, 650, 7, 3], [7, 10, 2, 4, 4, 651, 126]) == [2, 7]": {
      "result": true,
      "time": 0.029606342315673828,
      "error": null
    },
    "assert common([4, 6, 6, 7], [8, 6, 9]) == [6]": {
      "result": true,
      "time": 0.029221057891845703,
      "error": null
    },
    "assert common([3, 7, 6, 3], [2, 4, 5]) == []": {
      "result": true,
      "time": 0.03342580795288086,
      "error": null
    },
    "assert common([7, 4, 3, 10], [3, 1]) == [3]": {
      "result": true,
      "time": 0.02889227867126465,
      "error": null
    },
    "assert common([3, 3, 1, 4], [4, 6, 4]) == [4]": {
      "result": true,
      "time": 0.027997970581054688,
      "error": null
    },
    "assert common([4, 5, 2, 5], [1, 7, 5]) == [5]": {
      "result": true,
      "time": 0.0292818546295166,
      "error": null
    },
    "assert common([5, 3, 4, 35, 652, 1, 1], [9, 6, 2, 8, 6, 653, 122]) == []": {
      "result": true,
      "time": 0.0306854248046875,
      "error": null
    },
    "assert common([3, 1, 6, 11], [6, 6]) == [6]": {
      "result": true,
      "time": 0.027759313583374023,
      "error": null
    },
    "assert common([7, 4, 7, 13], [8, 4]) == [4]": {
      "result": true,
      "time": 0.029718637466430664,
      "error": null
    },
    "assert common([4, 4, 4, 34, 652, 5, 10], [8, 2, 1, 4, 5, 652, 117]) == [4, 5, 652]": {
      "result": true,
      "time": 0.02902984619140625,
      "error": null
    },
    "assert common([2, 8, 3, 29, 650, 1, 7], [3, 6, 2, 3, 7, 652, 116]) == [2, 3, 7]": {
      "result": true,
      "time": 0.029248952865600586,
      "error": null
    },
    "assert common([5, 8, 7, 3], [6, 4]) == []": {
      "result": true,
      "time": 0.03008437156677246,
      "error": null
    },
    "assert common([2, 2, 1, 29, 650, 4, 2], [3, 10, 6, 2, 11, 651, 119]) == [2]": {
      "result": true,
      "time": 0.029361248016357422,
      "error": null
    },
    "assert common([3, 3, 2, 30, 656, 3, 4], [6, 11, 2, 4, 4, 652, 123]) == [2, 4]": {
      "result": true,
      "time": 0.03140902519226074,
      "error": null
    },
    "assert common([6, 1, 4, 33, 651, 4, 3], [4, 10, 1, 10, 12, 657, 126]) == [1, 4]": {
      "result": true,
      "time": 0.024049043655395508,
      "error": null
    },
    "assert common([6, 6, 4, 5], [3, 3, 8]) == []": {
      "result": true,
      "time": 0.02829456329345703,
      "error": null
    },
    "assert common([5, 5, 4, 34, 648, 5, 5], [3, 7, 6, 2, 10, 648, 116]) == [648]": {
      "result": true,
      "time": 0.029019594192504883,
      "error": null
    },
    "assert common([2, 1, 7, 9], [6, 3]) == []": {
      "result": true,
      "time": 0.02987074851989746,
      "error": null
    },
    "assert common([4, 1, 4, 12], [5, 1, 7]) == [1]": {
      "result": true,
      "time": 0.031202316284179688,
      "error": null
    },
    "assert common([7, 6, 3, 9], [6, 5]) == [6]": {
      "result": true,
      "time": 0.03474283218383789,
      "error": null
    },
    "assert common([2, 3, 3, 9], [5, 2]) == [2]": {
      "result": true,
      "time": 0.02945113182067871,
      "error": null
    },
    "assert common([1, 4, 1, 32, 657, 7, 6], [4, 10, 2, 2, 4, 650, 124]) == [4]": {
      "result": true,
      "time": 0.030157089233398438,
      "error": null
    },
    "assert common([8, 3, 4, 10], [8, 7]) == [8]": {
      "result": true,
      "time": 0.02852320671081543,
      "error": null
    },
    "assert common([4, 3, 2, 8], [3, 2, 4]) == [2, 3, 4]": {
      "result": true,
      "time": 0.032999277114868164,
      "error": null
    },
    "assert common([5, 2, 2, 30, 654, 5, 1], [3, 3, 2, 10, 6, 657, 126]) == [2]": {
      "result": true,
      "time": 0.029275894165039062,
      "error": null
    },
    "assert common([2, 7, 4, 3], [8, 7, 5]) == [7]": {
      "result": true,
      "time": 0.026020050048828125,
      "error": null
    },
    "assert common([4, 5, 7, 12], [7, 1]) == [7]": {
      "result": true,
      "time": 0.031456947326660156,
      "error": null
    },
    "assert common([9, 3, 7, 4], [4, 2, 4]) == [4]": {
      "result": true,
      "time": 0.031009912490844727,
      "error": null
    },
    "assert common([3, 1, 3, 10], [3, 3, 9]) == [3]": {
      "result": true,
      "time": 0.03241086006164551,
      "error": null
    },
    "assert common([4, 4, 1, 37, 654, 7, 5], [3, 11, 2, 6, 9, 656, 120]) == []": {
      "result": true,
      "time": 0.02630925178527832,
      "error": null
    },
    "assert common([2, 6, 2, 8], [5, 2]) == [2]": {
      "result": true,
      "time": 0.027564525604248047,
      "error": null
    },
    "assert common([2, 4, 3, 12], [4, 5, 6]) == [4]": {
      "result": true,
      "time": 0.031091928482055664,
      "error": null
    },
    "assert common([4, 4, 7, 8], [4, 4, 9]) == [4]": {
      "result": true,
      "time": 0.02980327606201172,
      "error": null
    },
    "assert common([1, 6, 6, 12], [6, 2, 9]) == [6]": {
      "result": true,
      "time": 0.03104543685913086,
      "error": null
    },
    "assert common([2, 7, 1, 4], [1, 2, 1]) == [1, 2]": {
      "result": true,
      "time": 0.03160691261291504,
      "error": null
    },
    "assert common([2, 5, 6, 32, 649, 3, 9], [8, 6, 1, 4, 4, 658, 117]) == [6]": {
      "result": true,
      "time": 0.031140804290771484,
      "error": null
    },
    "assert common([2, 1, 5, 37, 657, 7, 1], [4, 9, 3, 1, 12, 649, 122]) == [1]": {
      "result": true,
      "time": 0.032227516174316406,
      "error": null
    },
    "assert common([5, 5, 7, 7], [5, 2]) == [5]": {
      "result": true,
      "time": 0.030058622360229492,
      "error": null
    },
    "assert common([5, 3, 2, 8], [3, 2]) == [2, 3]": {
      "result": true,
      "time": 0.02997756004333496,
      "error": null
    },
    "assert common([5, 4, 5, 32, 655, 6, 2], [2, 10, 4, 2, 14, 656, 117]) == [2, 4]": {
      "result": true,
      "time": 0.03307604789733887,