{
  "code": "def derivative(xs):\n    return [i * coeff for i, coeff in enumerate(xs) if i != 0]",
  "results": {
    "assert derivative([1, 2, 3, 1, 10]) == [2, 6, 3, 40]": {
      "result": true,
      "time": 0.028017759323120117,
      "error": null
    },
    "assert derivative([7, 5, 4, 2, 7]) == [5, 8, 6, 28]": {
      "result": true,
      "time": 0.029258251190185547,
      "error": null
    },
    "assert derivative([6, 7, 1]) == [7, 2]": {
      "result": true,
      "time": 0.028911828994750977,
      "error": null
    },
    "assert derivative([6, 4, 7]) == [4, 14]": {
      "result": true,
      "time": 0.030473947525024414,
      "error": null
    },
    "assert derivative([2, 1, 2]) == [1, 4]": {
      "result": true,
      "time": 0.026749849319458008,
      "error": null
    },
    "assert derivative([7, 7, 1, 1, 6]) == [7, 2, 3, 24]": {
      "result": true,
      "time": 0.029949665069580078,
      "error": null
    },
    "assert derivative([2, 1, 4, 8, 10]) == [1, 8, 24, 40]": {
      "result": true,
      "time": 0.026333332061767578,
      "error": null
    },
    "assert derivative([3, 7, 6, 1, 8]) == [7, 12, 3, 32]": {
      "result": true,
      "time": 0.0293581485748291,
      "error": null
    },
    "assert derivative([5, 6, 5]) == [6, 10]": {
      "result": true,
      "time": 0.028654813766479492,
      "error": null
    },
    "assert derivative([1, 5, 3, 5, 9]) == [5, 6, 15, 36]": {
      "result": true,
      "time": 0.026753664016723633,
      "error": null
    },
    "assert derivative([2, 5, 5, 5, 6]) == [5, 10, 15, 24]": {
      "result": true,
      "time": 0.0303952693939209,
      "error": null
    },
    "assert derivative([3, 1, 2, 4, 5]) == [1, 4, 12, 20]": {
      "result": true,
      "time": 0.02772998809814453,
      "error": null
    },
    "assert derivative([3, 2, 3, 9, 3]) == [2, 6, 27, 12]": {
      "result": true,
      "time": 0.026110410690307617,
      "error": null
    },
    "assert derivative([1, 1, 1, 2, 6]) == [1, 2, 6, 24]": {
      "result": true,
      "time": 0.029656171798706055,
      "error": null
    },
    "assert derivative([4, 4, 3, 6, 10]) == [4, 6, 18, 40]": {
      "result": true,
      "time": 0.025136470794677734,
      "error": null
    },
    "assert derivative([2, 2, 1, 1, 9]) == [2, 2, 3, 36]": {
      "result": true,
      "time": 0.02985095977783203,
      "error": null
    },
    "assert derivative([6, 7, 4]) == [7, 8]": {
      "result": true,
      "time": 0.029638290405273438,
      "error": null
    },
    "assert derivative([8, 5, 3, 1, 4]) == [5, 6, 3, 16]": {
      "result": true,
      "time": 0.03086566925048828,
      "error": null
    },
    "assert derivative([4, 2, 3, 8, 1]) == [2, 6, 24, 4]": {
      "result": true,
      "time": 0.02776956558227539,
      "error": null
    },
    "assert derivative([5, 7, 3]) == [7, 6]": {
      "result": true,
      "time": 0.02603888511657715,
      "error": null
    },
    "assert derivative([6, 7, 2]) == [7, 4]": {
      "result": true,
      "time": 0.03094482421875,
      "error": null
    },
    "assert derivative([5, 5, 2, 5, 6]) == [5, 4, 15, 24]": {
      "result": true,
      "time": 0.02797675132751465,
      "error": null
    },
    "assert derivative([4, 4, 4, 1, 5]) == [4, 8, 3, 20]": {
      "result": true,
      "time": 0.028537988662719727,
      "error": null
    },
    "assert derivative([4, 1, 4, 6, 4]) == [1, 8, 18, 16]": {
      "result": true,
      "time": 0.02723240852355957,
      "error": null
    },
    "assert derivative([1, 6, 5, 4, 2]) == [6, 10, 12, 8]": {
      "result": true,
      "time": 0.029440641403198242,
      "error": null
    },
    "assert derivative([2, 4, 5]) == [4, 10]": {
      "result": true,
      "time": 0.030460357666015625,
      "error": null
    },
    "assert derivative([5, 6, 2, 5, 3]) == [6, 4, 15, 12]": {
      "result": true,
      "time": 0.027843713760375977,
      "error": null
    },
    "assert derivative([2, 6, 1]) == [6, 2]": {
      "result": true,
      "time": 0.031113862991333008,
      "error": null
    },
    "assert derivative([8, 7, 2]) == [7, 4]": {
      "result": true,
      "time": 0.028496503829956055,
      "error": null
    },
    "assert derivative([4, 3, 3, 8, 9]) == [3, 6, 24, 36]": {
      "result": true,
      "time": 0.02720332145690918,
      "error": null
    },
    "assert derivative([4, 5, 3]) == [5, 6]": {
      "result": true,
      "time": 0.030303239822387695,
      "error": null
    },
    "assert derivative([6, 6, 4, 1, 4]) == [6, 8, 3, 16]": {
      "result": true,
      "time": 0.029198169708251953,
      "error": null
    },
    "assert derivative([6, 3, 5, 2, 7]) == [3, 10, 6, 28]": {
      "result": true,
      "time": 0.02875208854675293,
      "error": null
    },
    "assert derivative([1, 2, 3]) == [2, 6]": {
      "result": true,
      "time": 0.0304257869720459,
      "error": null
    },
    "assert derivative([6, 3, 2]) == [3, 4]": {
      "result": true,
      "time": 0.03009176254272461,
      "error": null
    },
    "assert derivative([3, 4, 5, 2, 2]) == [4, 10, 6, 8]": {
      "result": true,
      "time": 0.03219103813171387,
      "error": null
    },
    "assert derivative([6, 7, 6]) == [7, 12]": {
      "result": true,
      "time": 0.02550339698791504,
      "error": null
    },
    "assert derivative([2, 4, 5, 4, 1]) == [4, 10, 12, 4]": {
      "result": true,
      "time": 0.027592182159423828,
      "error": null
    },
    "assert derivative([1, 7, 7]) == [7, 14]": {
      "result": true,
      "time": 0.027812480926513672,
      "error": null
    },
    "assert derivative([5, 2, 2, 3, 7]) == [2, 4, 9, 28]": {
      "result": true,
      "time": 0.03208446502685547,
      "error": null
    },
    "assert derivative([6, 3, 2, 2, 9]) == [3, 4, 6, 36]": {
      "result": true,
      "time": 0.029508352279663086,
      "error": null
    },
    "assert derivative([6, 2, 2]) == [2, 4]": {
      "result": true,
      "time": 0.029764413833618164,
      "error": null
    },
    "assert derivative([7, 3, 6, 4, 6]) == [3, 12, 12, 24]": {
      "result": true,
      "time": 0.031006574630737305,
      "error": null
    },
    "assert derivative([4, 3, 1]) == [3, 2]": {
      "result": true,
      "time": 0.03139305114746094,
      "error": null
    },
    "assert derivative([6, 5, 6, 3, 3]) == [5, 12, 9, 12]": {
      "result": true,
      "time": 0.02989029884338379,
      "error": null
    },
    "assert derivative([5, 2, 6, 7, 8]) == [2, 12, 21, 32]": {
      "result": true,
      "time": 0.029597997665405273,
      "error": null
    },
    "assert derivative([1, 1, 5]) == [1, 10]": {
      "result": true,
      "time": 0.030701875686645508,
      "error": null
    },
    "assert derivative([4, 4, 2]) == [4, 4]": {
      "result": true,
      "time": 0.025958776473999023,
      "error": null
    },
    "assert derivative([5, 6, 5, 1, 3]) == [6, 10, 3, 12]": {
      "result": true,
      "time": 0.02651190757751465,
      "error": null
    },
    "assert derivative([1]) == []": {
      "result": true,
      "time": 0.02834796905517578,
      "error": null
    },
    "assert derivative([5, 4, 6]) == [4, 12]": {
      "result": true,
      "time": 0.027280092239379883,
      "error": null
    },
    "assert derivative([7, 3, 5, 5, 7]) == [3, 10, 15, 28]": {
      "result": true,
      "time": 0.029307126998901367,
      "error": null
    },
    "assert derivative([1, 2, 1]) == [2, 2]": {
      "result": true,
      "time": 0.029143095016479492,
      "error": null
    },
    "assert derivative([4, 1, 4, 5, 3]) == [1, 8, 15, 12]": {
      "result": true,
      "time": 0.02803206443786621,
      "error": null
    },
    "assert derivative([1, 6, 1]) == [6, 2]": {
      "result": true,
      "time": 0.028624773025512695,
      "error": null
    },
    "assert derivative([2, 2, 2]) == [2, 4]": {
      "result": true,
      "time": 0.030713558197021484,
      "error": null
    },