{
  "code": "def change_base(x: int, base: int) -> str:\n    if x == 0:\n        return '0'\n    digits = []\n    while x > 0:\n        digits.append(str(x % base))\n        x = x // base\n    return ''.join(reversed(digits))",
  "results": {
    "assert change_base(4253, 6) == '31405'": {
      "result": true,
      "time": 0.032108306884765625,
      "error": null
    },
    "assert change_base(490, 6) == '2134'": {
      "result": true,
      "time": 0.028756141662597656,
      "error": null
    },
    "assert change_base(2175, 7) == '6225'": {
      "result": true,
      "time": 0.03217625617980957,
      "error": null
    },
    "assert change_base(3158, 8) == '6126'": {
      "result": true,
      "time": 0.02586197853088379,
      "error": null
    },
    "assert change_base(402, 2) == '110010010'": {
      "result": true,
      "time": 0.030800819396972656,
      "error": null
    },
    "assert change_base(5951, 8) == '13477'": {
      "result": true,
      "time": 0.030745983123779297,
      "error": null
    },
    "assert change_base(5401, 6) == '41001'": {
      "result": true,
      "time": 0.0322721004486084,
      "error": null
    },
    "assert change_base(4972, 8) == '11554'": {
      "result": true,
      "time": 0.027826786041259766,
      "error": null
    },
    "assert change_base(3984, 6) == '30240'": {
      "result": true,
      "time": 0.02950596809387207,
      "error": null
    },
    "assert change_base(3547, 6) == '24231'": {
      "result": true,
      "time": 0.031162738800048828,
      "error": null
    },
    "assert change_base(7, 2) == \"111\"": {
      "result": true,
      "time": 0.02791738510131836,
      "error": null
    },
    "assert change_base(5798, 8) == '13246'": {
      "result": true,
      "time": 0.028591156005859375,
      "error": null
    },
    "assert change_base(8, 3) == \"22\"": {
      "result": true,
      "time": 0.02946639060974121,
      "error": null
    },
    "assert change_base(4930, 2) == '1001101000010'": {
      "result": true,
      "time": 0.03136634826660156,
      "error": null
    },
    "assert change_base(16, 2) == \"10000\"": {
      "result": true,
      "time": 0.031106948852539062,
      "error": null
    },
    "assert change_base(6140, 9) == '8372'": {
      "result": true,
      "time": 0.030674219131469727,
      "error": null
    },
    "assert change_base(3980, 2) == '111110001100'": {
      "result": true,
      "time": 0.029395103454589844,
      "error": null
    },
    "assert change_base(4039, 7) == '14530'": {
      "result": true,
      "time": 0.0291750431060791,
      "error": null
    },
    "assert change_base(1054, 5) == '13204'": {
      "result": true,
      "time": 0.031177520751953125,
      "error": null
    },
    "assert change_base(1839, 7) == '5235'": {
      "result": true,
      "time": 0.03143024444580078,
      "error": null
    },
    "assert change_base(213, 2) == '11010101'": {
      "result": true,
      "time": 0.03105640411376953,
      "error": null
    },
    "assert change_base(650, 5) == '10100'": {
      "result": true,
      "time": 0.0309906005859375,
      "error": null
    },
    "assert change_base(6675, 4) == '1220103'": {
      "result": true,
      "time": 0.0319366455078125,
      "error": null
    },
    "assert change_base(2968, 4) == '232120'": {
      "result": true,
      "time": 0.030672550201416016,
      "error": null
    },
    "assert change_base(2878, 7) == '11251'": {
      "result": true,
      "time": 0.03618597984313965,
      "error": null
    },
    "assert change_base(2362, 2) == '100100111010'": {
      "result": true,
      "time": 0.028316974639892578,
      "error": null
    },
    "assert change_base(6821, 4) == '1222211'": {
      "result": true,
      "time": 0.030479907989501953,
      "error": null
    },
    "assert change_base(3431, 6) == '23515'": {
      "result": true,
      "time": 0.03134346008300781,
      "error": null
    },
    "assert change_base(803, 9) == '1082'": {
      "result": true,
      "time": 0.031085968017578125,
      "error": null
    },
    "assert change_base(9239, 4) == '2100113'": {
      "result": true,
      "time": 0.03252577781677246,
      "error": null
    },
    "assert change_base(8345, 8) == '20231'": {
      "result": true,
      "time": 0.03245735168457031,
      "error": null
    },
    "assert change_base(4409, 9) == '6038'": {
      "result": true,
      "time": 0.02839207649230957,
      "error": null
    },
    "assert change_base(9784, 3) == '111102101'": {
      "result": true,
      "time": 0.028793811798095703,
      "error": null
    },
    "assert change_base(967, 4) == '33013'": {
      "result": true,
      "time": 0.030034303665161133,
      "error": null
    },
    "assert change_base(4983, 5) == '124413'": {
      "result": true,
      "time": 0.03208613395690918,
      "error": null
    },
    "assert change_base(624, 3) == '212010'": {
      "result": true,
      "time": 0.03032994270324707,
      "error": null
    },
    "assert change_base(2739, 4) == '222303'": {
      "result": true,
      "time": 0.03238964080810547,
      "error": null
    },
    "assert change_base(3244, 9) == '4404'": {
      "result": true,
      "time": 0.030772924423217773,
      "error": null
    },
    "assert change_base(5364, 3) == '21100200'": {
      "result": true,
      "time": 0.027554035186767578,
      "error": null
    },
    "assert change_base(1125, 8) == '2145'": {
      "result": true,
      "time": 0.029714584350585938,
      "error": null
    },
    "assert change_base(9135, 5) == '243020'": {
      "result": true,
      "time": 0.029425621032714844,
      "error": null
    },
    "assert change_base(1083, 4) == '100323'": {
      "result": true,
      "time": 0.029039621353149414,
      "error": null
    },
    "assert change_base(729, 4) == '23121'": {
      "result": true,
      "time": 0.03069019317626953,
      "error": null
    },
    "assert change_base(6813, 2) == '1101010011101'": {
      "result": true,
      "time": 0.030345439910888672,
      "error": null
    },
    "assert change_base(1002, 4) == '33222'": {
      "result": true,
      "time": 0.03202414512634277,
      "error": null
    },
    "assert change_base(8845, 2) == '10001010001101'": {
      "result": true,
      "time": 0.027509689331054688,
      "error": null
    },
    "assert change_base(9431, 8) == '22327'": {
      "result": true,
      "time": 0.027860641479492188,
      "error": null
    },
    "assert change_base(5567, 3) == '21122012'": {
      "result": true,
      "time": 0.0301358699798584,
      "error": null
    },
    "assert change_base(1393, 3) == '1220121'": {
      "result": true,
      "time": 0.028894901275634766,
      "error": null
    },
    "assert change_base(606, 6) == '2450'": {
      "result": true,
      "time": 0.03079962730407715,
      "error": null
    },
    "assert change_base(2581, 6) == '15541'": {
      "result": true,
      "time": 0.03008246421813965,
      "error": null
    },
    "assert change_base(6325, 2) == '1100010110101'": {
      "result": true,
      "time": 0.0297088623046875,
      "error": null
    },
    "assert change_base(4273, 2) == '1000010110001'": {
      "result": true,
      "time": 0.03152322769165039,
      "error": null
    },
    "assert change_base(7136, 7) == '26543'": {
      "result": true,
      "time": 0.028716325759887695,
      "error": null
    },
    "assert change_base(9106, 3) == '110111021'": {
      "result": true,
      "time": 0.03199267387390137,
      "error": null
    },
    "assert change_base(6227, 2) == '1100001010011'": {
      "result": true,
      "time": 0.029583454132080078,
      "error": null
    },
    "assert change_base(2947, 7) == '11410'": {
      "result": true,
      "time": 0.02971625328063965,
      "error": null
    },
    "assert change_base(1273, 7) == '3466'": {
      "result": true,
      "time": 0.028342247009277344,
      "error": null
    },