{
  "code": "def string_xor(a: str, b: str) -> str:\n    return ''.join(str(int(c1) ^ int(c2)) for c1, c2 in zip(a, b))",
  "results": {
    "assert string_xor('9899538', '0376864') == '1111111'": {
      "result": false,
      "time": 0.031240224838256836,
      "error": null
    },
    "assert string_xor('969623', '400762') == '111111'": {
      "result": false,
      "time": 0.03058767318725586,
      "error": null
    },
    "assert string_xor('188', '13905421') == '011'": {
      "result": false,
      "time": 0.033722877502441406,
      "error": null
    },
    "assert string_xor('9', '6') == '1'": {
      "result": false,
      "time": 0.033041954040527344,
      "error": null
    },
    "assert string_xor('78657', '1224857') == '11111'": {
      "result": false,
      "time": 0.02863478660583496,
      "error": null
    },
    "assert string_xor('580832803496', '965967940') == '111111111'": {
      "result": false,
      "time": 0.029819726943969727,
      "error": null
    },
    "assert string_xor('828885', '745813') == '111011'": {
      "result": false,
      "time": 0.028827667236328125,
      "error": null
    },
    "assert string_xor('9970115', '917398033') == '0101111'": {
      "result": false,
      "time": 0.02928757667541504,
      "error": null
    },
    "assert string_xor('71241', '7116729') == '00111'": {
      "result": false,
      "time": 0.029111862182617188,
      "error": null
    },
    "assert string_xor('564339962', '449') == '111'": {
      "result": false,
      "time": 0.03289151191711426,
      "error": null
    },
    "assert string_xor('111000', '101010') == '010010'": {
      "result": true,
      "time": 0.028525590896606445,
      "error": null
    },
    "assert string_xor('7709390', '47300796') == '1011111'": {
      "result": false,
      "time": 0.030084609985351562,
      "error": null
    },
    "assert string_xor('55807480', '832') == '111'": {
      "result": false,
      "time": 0.02982950210571289,
      "error": null
    },
    "assert string_xor('8', '4') == '1'": {
      "result": false,
      "time": 0.028192758560180664,
      "error": null
    },
    "assert string_xor('56057', '4625439') == '10101'": {
      "result": false,
      "time": 0.03313493728637695,
      "error": null
    },
    "assert string_xor('8', '3') == '1'": {
      "result": false,
      "time": 0.03148603439331055,
      "error": null
    },
    "assert string_xor('43059110372', '017') == '111'": {
      "result": false,
      "time": 0.030445575714111328,
      "error": null
    },
    "assert string_xor('3', '3') == '0'": {
      "result": true,
      "time": 0.029615163803100586,
      "error": null
    },
    "assert string_xor('9573751', '75368805939') == '1011111'": {
      "result": false,
      "time": 0.03134799003601074,
      "error": null
    },
    "assert string_xor('5', '4') == '1'": {
      "result": true,
      "time": 0.030827760696411133,
      "error": null
    },
    "assert string_xor('3354233639', '09534218574') == '1101111111'": {
      "result": false,
      "time": 0.028520822525024414,
      "error": null
    },
    "assert string_xor('302502', '55997103') == '111111'": {
      "result": false,
      "time": 0.027316570281982422,
      "error": null
    },
    "assert string_xor('63454936', '348894740') == '11111111'": {
      "result": false,
      "time": 0.028794288635253906,
      "error": null
    },
    "assert string_xor('4231', '393022564') == '1101'": {
      "result": false,
      "time": 0.028867721557617188,
      "error": null
    },
    "assert string_xor('262', '88203') == '110'": {
      "result": false,
      "time": 0.02988147735595703,
      "error": null
    },
    "assert string_xor('2', '1') == '1'": {
      "result": false,
      "time": 0.030380725860595703,
      "error": null
    },
    "assert string_xor('0', '0') == '0'": {
      "result": true,
      "time": 0.028790950775146484,
      "error": null
    },
    "assert string_xor('062', '421') == '111'": {
      "result": false,
      "time": 0.029587507247924805,
      "error": null
    },
    "assert string_xor('047134191178', '059757641') == '011111110'": {
      "result": false,
      "time": 0.03113412857055664,
      "error": null
    },
    "assert string_xor('81716', '73979') == '11111'": {
      "result": false,
      "time": 0.03190875053405762,
      "error": null
    },
    "assert string_xor('4', '3') == '1'": {
      "result": false,
      "time": 0.029997587203979492,
      "error": null
    },
    "assert string_xor('087055037', '185352') == '101101'": {
      "result": false,
      "time": 0.03162360191345215,
      "error": null
    },
    "assert string_xor('446018', '2463876') == '100111'": {
      "result": false,
      "time": 0.030627012252807617,
      "error": null
    },
    "assert string_xor('5', '9') == '1'": {
      "result": false,
      "time": 0.028140544891357422,
      "error": null
    },
    "assert string_xor('966', '709') == '111'": {
      "result": false,
      "time": 0.027533769607543945,
      "error": null
    },
    "assert string_xor('740979023', '722542442') == '011111111'": {
      "result": false,
      "time": 0.03130340576171875,
      "error": null
    },
    "assert string_xor('45138778', '911') == '110'": {
      "result": false,
      "time": 0.026120901107788086,
      "error": null
    },
    "assert string_xor('8', '8') == '0'": {
      "result": true,
      "time": 0.027060747146606445,
      "error": null
    },
    "assert string_xor('09325353248', '91364') == '11011'": {
      "result": false,
      "time": 0.02858877182006836,
      "error": null
    },
    "assert string_xor('4', '5') == '1'": {
      "result": true,
      "time": 0.030231475830078125,
      "error": null
    },
    "assert string_xor('5646686', '345080742') == '1111111'": {
      "result": false,
      "time": 0.025894880294799805,
      "error": null
    },
    "assert string_xor('9753739', '294') == '111'": {
      "result": false,
      "time": 0.0242617130279541,
      "error": null
    },
    "assert string_xor('1891385', '765985') == '111111'": {
      "result": false,
      "time": 0.027680158615112305,
      "error": null
    },
    "assert string_xor('978782669', '48854526') == '11011110'": {
      "result": false,
      "time": 0.029537677764892578,
      "error": null
    },
    "assert string_xor('143632', '98540370') == '111111'": {
      "result": false,
      "time": 0.02963709831237793,
      "error": null
    },
    "assert string_xor('0101', '0000') == '0101'": {
      "result": true,
      "time": 0.035146474838256836,
      "error": null
    },
    "assert string_xor('9', '7') == '1'": {
      "result": false,
      "time": 0.027684688568115234,
      "error": null
    },
    "assert string_xor('4', '8') == '1'": {
      "result": false,
      "time": 0.031123638153076172,
      "error": null
    },
    "assert string_xor('0', '9') == '1'": {
      "result": false,
      "time": 0.027778148651123047,
      "error": null
    },
    "assert string_xor('7', '8') == '1'": {
      "result": false,
      "time": 0.030669212341308594,
      "error": null
    },
    "assert string_xor('0596148', '368805') == '111111'": {
      "result": false,
      "time": 0.02734827995300293,
      "error": null
    },
    "assert string_xor('02019515907', '87905461167') == '11111111110'": {
      "result": false,
      "time": 0.02762746810913086,
      "error": null
    },
    "assert string_xor('581505516', '940241') == '111111'": {
      "result": false,
      "time": 0.031023263931274414,
      "error": null
    },
    "assert string_xor('934724', '63870') == '10101'": {
      "result": false,
      "time": 0.028287649154663086,
      "error": null
    },
    "assert string_xor('7936', '5693') == '1111'": {
      "result": false,
      "time": 0.02608323097229004,
      "error": null
    },
    "assert string_xor('163', '213854') == '110'": {
      "result": false,