{
  "code": "def truncate_number(number: float) -> float:\n    return number - int(number)",
  "results": {
    "assert truncate_number(3.952) == 0.952": {
      "result": true,
      "time": 0.029393672943115234,
      "error": null
    },
    "assert abs(truncate_number(1.33) - 0.33) < 1e-6": {
      "result": true,
      "time": 0.02814173698425293,
      "error": null
    },
    "assert truncate_number(3.452) == 0.452": {
      "result": false,
      "time": 0.02968740463256836,
      "error": null
    },
    "assert truncate_number(5.473) == 0.473": {
      "result": false,
      "time": 0.030106067657470703,
      "error": null
    },
    "assert truncate_number(1.767) == 0.767": {
      "result": false,
      "time": 0.029971599578857422,
      "error": null
    },
    "assert truncate_number(7.378) == 0.378": {
      "result": false,
      "time": 0.029926061630249023,
      "error": null
    },
    "assert truncate_number(4.914) == 0.914": {
      "result": false,
      "time": 0.029150724411010742,
      "error": null
    },
    "assert truncate_number(5.029) == 0.029": {
      "result": false,
      "time": 0.03209733963012695,
      "error": null
    },
    "assert truncate_number(2.996) == 0.996": {
      "result": true,
      "time": 0.02766561508178711,
      "error": null
    },
    "assert truncate_number(1.661) == 0.661": {
      "result": true,
      "time": 0.028936386108398438,
      "error": null
    },
    "assert truncate_number(8.827) == 0.827": {
      "result": true,
      "time": 0.03155159950256348,
      "error": null
    },
    "assert truncate_number(7.001) == 0.001": {
      "result": false,
      "time": 0.029100894927978516,
      "error": null
    },
    "assert truncate_number(6.826) == 0.826": {
      "result": false,
      "time": 0.030376195907592773,
      "error": null
    },
    "assert truncate_number(8.419) == 0.419": {
      "result": false,
      "time": 0.026273727416992188,
      "error": null
    },
    "assert truncate_number(4.261) == 0.261": {
      "result": false,
      "time": 0.026955842971801758,
      "error": null
    },
    "assert truncate_number(3.908) == 0.908": {
      "result": false,
      "time": 0.02595067024230957,
      "error": null
    },
    "assert truncate_number(5.276) == 0.276": {
      "result": false,
      "time": 0.029282093048095703,
      "error": null
    },
    "assert truncate_number(7.062) == 0.062": {
      "result": false,
      "time": 0.028258085250854492,
      "error": null
    },
    "assert truncate_number(6.094) == 0.094": {
      "result": false,
      "time": 0.027638912200927734,
      "error": null
    },
    "assert truncate_number(7.798) == 0.798": {
      "result": true,
      "time": 0.02831125259399414,
      "error": null
    },
    "assert truncate_number(6.191) == 0.191": {
      "result": false,
      "time": 0.027712583541870117,
      "error": null
    },
    "assert truncate_number(3.904) == 0.904": {
      "result": false,
      "time": 0.02686786651611328,
      "error": null
    },
    "assert truncate_number(3.225) == 0.225": {
      "result": false,
      "time": 0.031531333923339844,
      "error": null
    },
    "assert truncate_number(8.878) == 0.878": {
      "result": false,
      "time": 0.03097987174987793,
      "error": null
    },
    "assert truncate_number(6.471) == 0.471": {
      "result": false,
      "time": 0.032698869705200195,
      "error": null
    },
    "assert abs(truncate_number(123.456) - 0.456) < 1e-6": {
      "result": true,
      "time": 0.03245139122009277,
      "error": null
    },
    "assert truncate_number(5.246) == 0.246": {
      "result": false,
      "time": 0.03149867057800293,
      "error": null
    },
    "assert truncate_number(8.588) == 0.588": {
      "result": false,
      "time": 0.03288578987121582,
      "error": null
    },
    "assert truncate_number(3.719) == 0.719": {
      "result": false,
      "time": 0.029497623443603516,
      "error": null
    },
    "assert truncate_number(2.856) == 0.856": {
      "result": false,
      "time": 0.029053211212158203,
      "error": null
    },
    "assert truncate_number(7.997) == 0.997": {
      "result": false,
      "time": 0.029728174209594727,
      "error": null
    },
    "assert truncate_number(5.168) == 0.168": {
      "result": false,
      "time": 0.030712127685546875,
      "error": null
    },
    "assert truncate_number(7.194) == 0.194": {
      "result": false,
      "time": 0.028665781021118164,
      "error": null
    },
    "assert truncate_number(3.194) == 0.194": {
      "result": false,
      "time": 0.031354665756225586,
      "error": null
    },
    "assert truncate_number(6.558) == 0.558": {
      "result": false,
      "time": 0.028484106063842773,
      "error": null
    },
    "assert truncate_number(8.631) == 0.631": {
      "result": false,
      "time": 0.0281980037689209,
      "error": null
    },
    "assert truncate_number(4.046) == 0.046": {
      "result": false,
      "time": 0.028803110122680664,
      "error": null
    },
    "assert truncate_number(3.505) == 0.505": {
      "result": false,
      "time": 0.028442859649658203,
      "error": null
    },
    "assert truncate_number(6.05) == 0.05": {
      "result": false,
      "time": 0.027818679809570312,
      "error": null
    },
    "assert truncate_number(6.333) == 0.333": {
      "result": false,
      "time": 0.02825641632080078,
      "error": null
    },
    "assert truncate_number(1.689) == 0.689": {
      "result": false,
      "time": 0.028481245040893555,
      "error": null
    },
    "assert truncate_number(7.733) == 0.733": {
      "result": false,
      "time": 0.0314943790435791,
      "error": null
    },
    "assert truncate_number(3.416) == 0.416": {
      "result": false,
      "time": 0.030363798141479492,
      "error": null
    },
    "assert truncate_number(7.299) == 0.299": {
      "result": false,
      "time": 0.02830672264099121,
      "error": null
    },
    "assert truncate_number(2.561) == 0.561": {
      "result": false,
      "time": 0.02700638771057129,
      "error": null
    },
    "assert truncate_number(1.319) == 0.319": {
      "result": false,
      "time": 0.027819395065307617,
      "error": null
    },
    "assert truncate_number(7.768) == 0.768": {
      "result": false,
      "time": 0.034923553466796875,
      "error": null
    },
    "assert truncate_number(7.016) == 0.016": {
      "result": false,
      "time": 0.029185771942138672,
      "error": null
    },
    "assert truncate_number(4.441) == 0.441": {
      "result": false,
      "time": 0.028386831283569336,
      "error": null
    },
    "assert truncate_number(8.66) == 0.66": {
      "result": false,
      "time": 0.0258023738861084,
      "error": null
    },
    "assert truncate_number(8.957) == 0.957": {
      "result": false,
      "time": 0.0306549072265625,
      "error": null
    },
    "assert truncate_number(8.788) == 0.788": {
      "result": false,
      "time": 0.03205227851867676,
      "error": null
    },
    "assert truncate_number(2.918) == 0.918": {
      "result": false,
      "time": 0.03254365921020508,
      "error": null
    },
    "assert truncate_number(8.063) == 0.063": {
      "result": false,
      "time": 0.029928922653198242,
      "error": null
    },
    "assert truncate_number(7.545) == 0.545": {
      "result": false,
      "time": 0.03045964241027832,
      "error": null
    },
    "assert truncate_number(1.338) == 0.338": {
      "result": false,
      "time": 0.03444337844848633,
      "error": null
    },
    "assert truncate_number(6.424) == 0.424": {
      "result": false,
      "time": 0.02855086326599121,
      "error": null
    },
    "assert truncate_number(1.657) == 0.657": {
      "result": true,
      "time": 0.030554771423339844,
      "error": null
    },
    "assert truncate_number(2.584) == 0.584": {
      "result": false,
      "time": 0.029764175415039062,
      "error": null
    },