{
  "code": "def closest_integer(value):\n    num = float(value)\n    if num >= 0:\n        return int(num + 0.5)\n    else:\n        return int(num - 0.5)",
  "results": {
    "assert closest_integer(\"396630.07482315193744715\") == 396630": {
      "result": true,
      "time": 0.027956008911132812,
      "error": null
    },
    "assert closest_integer(\"400421550.6045760047304053\") == 400421551": {
      "result": true,
      "time": 0.03508567810058594,
      "error": null
    },
    "assert closest_integer(\"7474101960.9946621112548985\") == 7474101961": {
      "result": true,
      "time": 0.025668621063232422,
      "error": null
    },
    "assert closest_integer(\"20.2284164882780635\") == 20": {
      "result": true,
      "time": 0.03275132179260254,
      "error": null
    },
    "assert closest_integer(\"79430.17924732795127563\") == 79430": {
      "result": true,
      "time": 0.030548810958862305,
      "error": null
    },
    "assert closest_integer(\"79.29738\") == 79": {
      "result": true,
      "time": 0.03200054168701172,
      "error": null
    },
    "assert closest_integer(\"281040.6070070426978076\") == 281041": {
      "result": true,
      "time": 0.03296399116516113,
      "error": null
    },
    "assert closest_integer(\"-10.7668049208854797\") == -11": {
      "result": true,
      "time": 0.027072906494140625,
      "error": null
    },
    "assert closest_integer(\"70.7148103668424428\") == 71": {
      "result": true,
      "time": 0.029314041137695312,
      "error": null
    },
    "assert closest_integer(\"7752780.5410381165130523\") == 7752781": {
      "result": true,
      "time": 0.02958822250366211,
      "error": null
    },
    "assert closest_integer(\"7170.16745005290685966\") == 7170": {
      "result": true,
      "time": 0.029815196990966797,
      "error": null
    },
    "assert closest_integer(\"170.6921985077015881\") == 171": {
      "result": true,
      "time": 0.03459286689758301,
      "error": null
    },
    "assert closest_integer(\"54538150.6638877369321192\") == 54538151": {
      "result": true,
      "time": 0.02894425392150879,
      "error": null
    },
    "assert closest_integer(\"810.05084880400338965\") == 810": {
      "result": true,
      "time": 0.030359983444213867,
      "error": null
    },
    "assert closest_integer(\"5510.8938181386660865\") == 5511": {
      "result": true,
      "time": 0.0293731689453125,
      "error": null
    },
    "assert closest_integer(\"5589713.\") == 5589713": {
      "result": true,
      "time": 0.03514361381530762,
      "error": null
    },
    "assert closest_integer(\"0.9093998495250931\") == 1": {
      "result": true,
      "time": 0.027033567428588867,
      "error": null
    },
    "assert closest_integer(\"90050.4404481408550571\") == 90050": {
      "result": true,
      "time": 0.029131650924682617,
      "error": null
    },
    "assert closest_integer(\".55\") == 1": {
      "result": true,
      "time": 0.029068470001220703,
      "error": null
    },
    "assert closest_integer(\"20.9952573487089358\") == 21": {
      "result": true,
      "time": 0.030231475830078125,
      "error": null
    },
    "assert closest_integer(\"4.1\") == 4": {
      "result": true,
      "time": 0.029042720794677734,
      "error": null
    },
    "assert closest_integer(\"304510.07731976168722998\") == 304510": {
      "result": true,
      "time": 0.027662038803100586,
      "error": null
    },
    "assert closest_integer(\"920.5503068267302647\") == 921": {
      "result": true,
      "time": 0.029698848724365234,
      "error": null
    },
    "assert closest_integer(\"50.5108701326835627\") == 51": {
      "result": true,
      "time": 0.033478736877441406,
      "error": null
    },
    "assert closest_integer(\"8090.2130747773426992\") == 8090": {
      "result": true,
      "time": 0.028984785079956055,
      "error": null
    },
    "assert closest_integer(\"5420.6753885072984122\") == 5421": {
      "result": true,
      "time": 0.026456594467163086,
      "error": null
    },
    "assert closest_integer(\"2127780.6194993537705912\") == 2127781": {
      "result": true,
      "time": 0.028843164443969727,
      "error": null
    },
    "assert closest_integer(\".23\") == 0": {
      "result": true,
      "time": 0.026150226593017578,
      "error": null
    },
    "assert closest_integer(\"58720.6576278790833077\") == 58721": {
      "result": true,
      "time": 0.030252456665039062,
      "error": null
    },
    "assert closest_integer(\"6130.863753701502481\") == 6131": {
      "result": true,
      "time": 0.0280916690826416,
      "error": null
    },
    "assert closest_integer(\"9556050.7817362719643586\") == 9556051": {
      "result": true,
      "time": 0.03254246711730957,
      "error": null
    },
    "assert closest_integer(\"20.287830685087748\") == 20": {
      "result": true,
      "time": 0.030504941940307617,
      "error": null
    },
    "assert closest_integer(\"2002770.9156885375054495\") == 2002771": {
      "result": true,
      "time": 0.03170061111450195,
      "error": null
    },
    "assert closest_integer(\"60.4151789292601701\") == 60": {
      "result": true,
      "time": 0.028476953506469727,
      "error": null
    },
    "assert closest_integer(\"188164680.8625164010892828\") == 188164681": {
      "result": true,
      "time": 0.028786897659301758,
      "error": null
    },
    "assert closest_integer(\"2510.8534760249415141\") == 2511": {
      "result": true,
      "time": 0.029041051864624023,
      "error": null
    },
    "assert closest_integer(\"-15.5\") == -16, \"Test 3\"": {
      "result": true,
      "time": 0.033766746520996094,
      "error": null
    },
    "assert closest_integer(\"396.\") == 396": {
      "result": true,
      "time": 0.027995824813842773,
      "error": null
    },
    "assert closest_integer(\"80.18362563426599365\") == 80": {
      "result": true,
      "time": 0.030728816986083984,
      "error": null
    },
    "assert closest_integer(\"965180090.27865264317516414\") == 965180090": {
      "result": true,
      "time": 0.031348466873168945,
      "error": null
    },
    "assert closest_integer(\"32950.12731759775110685\") == 32950": {
      "result": true,
      "time": 0.028493404388427734,
      "error": null
    },
    "assert closest_integer(\"335640.43815039154886604\") == 335640": {
      "result": true,
      "time": 0.02712106704711914,
      "error": null
    },
    "assert closest_integer(\"20.\") == 20": {
      "result": true,
      "time": 0.029387474060058594,
      "error": null
    },
    "assert closest_integer(\"184964420.27548611693624514\") == 184964420": {
      "result": true,
      "time": 0.03342628479003906,
      "error": null
    },
    "assert closest_integer(\"9682550.8652164441655846\") == 9682551": {
      "result": true,
      "time": 0.03189396858215332,
      "error": null
    },
    "assert closest_integer(\"60.6541701356105623\") == 61": {
      "result": true,
      "time": 0.03190469741821289,
      "error": null
    },
    "assert closest_integer(\".917694\") == 1": {
      "result": true,
      "time": 0.034226179122924805,
      "error": null
    },
    "assert closest_integer(\"420.3730741094554919\") == 420": {
      "result": true,
      "time": 0.028923988342285156,
      "error": null
    },
    "assert closest_integer(\".73\") == 1": {
      "result": true,
      "time": 0.03340029716491699,
      "error": null
    },
    "assert closest_integer(\"8.26\") == 8": {
      "result": true,
      "time": 0.030870914459228516,
      "error": null
    },
    "assert closest_integer(\"568882230.3460506747741575\") == 568882230": {
      "result": true,
      "time": 0.02979874610900879,
      "error": null
    },
    "assert closest_integer(\"9909140.22019882247107447\") == 9909140": {
      "result": true,
      "time": 0.03237557411193848,
      "error": null
    },