{
  "code": "def sum_to_n(n: int) -> int:\n    return (n * (n + 1)) // 2",
  "results": {
    "assert sum_to_n(720) == 259560": {
      "result": true,
      "time": 0.027290821075439453,
      "error": null
    },
    "assert sum_to_n(609) == 185745": {
      "result": true,
      "time": 0.026240825653076172,
      "error": null
    },
    "assert sum_to_n(479) == 114960": {
      "result": true,
      "time": 0.02628302574157715,
      "error": null
    },
    "assert sum_to_n(191) == 18336": {
      "result": true,
      "time": 0.028615713119506836,
      "error": null
    },
    "assert sum_to_n(950) == 451725": {
      "result": true,
      "time": 0.029499530792236328,
      "error": null
    },
    "assert sum_to_n(1) == 1": {
      "result": true,
      "time": 0.028795719146728516,
      "error": null
    },
    "assert sum_to_n(709) == 251695": {
      "result": true,
      "time": 0.029727935791015625,
      "error": null
    },
    "assert sum_to_n(867) == 376278": {
      "result": true,
      "time": 0.02769756317138672,
      "error": null
    },
    "assert sum_to_n(379) == 72010": {
      "result": true,
      "time": 0.029189109802246094,
      "error": null
    },
    "assert sum_to_n(813) == 330891": {
      "result": true,
      "time": 0.029185771942138672,
      "error": null
    },
    "assert sum_to_n(990) == 490545": {
      "result": true,
      "time": 0.030417442321777344,
      "error": null
    },
    "assert sum_to_n(224) == 25200": {
      "result": true,
      "time": 0.028887271881103516,
      "error": null
    },
    "assert sum_to_n(774) == 299925": {
      "result": true,
      "time": 0.029349803924560547,
      "error": null
    },
    "assert sum_to_n(981) == 481671": {
      "result": true,
      "time": 0.027617692947387695,
      "error": null
    },
    "assert sum_to_n(891) == 397386": {
      "result": true,
      "time": 0.02668619155883789,
      "error": null
    },
    "assert sum_to_n(676) == 228826": {
      "result": true,
      "time": 0.02646040916442871,
      "error": null
    },
    "assert sum_to_n(20) == 210": {
      "result": true,
      "time": 0.03531789779663086,
      "error": null
    },
    "assert sum_to_n(281) == 39621": {
      "result": true,
      "time": 0.029033660888671875,
      "error": null
    },
    "assert sum_to_n(987) == 487578": {
      "result": true,
      "time": 0.030916452407836914,
      "error": null
    },
    "assert sum_to_n(982) == 482653": {
      "result": true,
      "time": 0.03249025344848633,
      "error": null
    },
    "assert sum_to_n(570) == 162735": {
      "result": true,
      "time": 0.02896261215209961,
      "error": null
    },
    "assert sum_to_n(507) == 128778": {
      "result": true,
      "time": 0.028565645217895508,
      "error": null
    },
    "assert sum_to_n(877) == 385003": {
      "result": true,
      "time": 0.02576923370361328,
      "error": null
    },
    "assert sum_to_n(30) == 465": {
      "result": true,
      "time": 0.030649423599243164,
      "error": null
    },
    "assert sum_to_n(957) == 458403": {
      "result": true,
      "time": 0.02756667137145996,
      "error": null
    },
    "assert sum_to_n(318) == 50721": {
      "result": true,
      "time": 0.02529454231262207,
      "error": null
    },
    "assert sum_to_n(666) == 222111": {
      "result": true,
      "time": 0.03551816940307617,
      "error": null
    },
    "assert sum_to_n(896) == 401856": {
      "result": true,
      "time": 0.03807687759399414,
      "error": null
    },
    "assert sum_to_n(594) == 176715": {
      "result": true,
      "time": 0.029137849807739258,
      "error": null
    },
    "assert sum_to_n(343) == 58996": {
      "result": true,
      "time": 0.029987573623657227,
      "error": null
    },
    "assert sum_to_n(714) == 255255": {
      "result": true,
      "time": 0.0271451473236084,
      "error": null
    },
    "assert sum_to_n(497) == 123753": {
      "result": true,
      "time": 0.03122115135192871,
      "error": null
    },
    "assert sum_to_n(718) == 258121": {
      "result": true,
      "time": 0.0309751033782959,
      "error": null
    },
    "assert sum_to_n(391) == 76636": {
      "result": true,
      "time": 0.025756120681762695,
      "error": null
    },
    "assert sum_to_n(60) == 1830": {
      "result": true,
      "time": 0.034726858139038086,
      "error": null
    },
    "assert sum_to_n(550) == 151525": {
      "result": true,
      "time": 0.024432659149169922,
      "error": null
    },
    "assert sum_to_n(707) == 250278": {
      "result": true,
      "time": 0.02980327606201172,
      "error": null
    },
    "assert sum_to_n(304) == 46360": {
      "result": true,
      "time": 0.028065919876098633,
      "error": null
    },
    "assert sum_to_n(54) == 1485": {
      "result": true,
      "time": 0.02844715118408203,
      "error": null
    },
    "assert sum_to_n(336) == 56616": {
      "result": true,
      "time": 0.026552200317382812,
      "error": null
    },
    "assert sum_to_n(161) == 13041": {
      "result": true,
      "time": 0.027441978454589844,
      "error": null
    },
    "assert sum_to_n(176) == 15576": {
      "result": true,
      "time": 0.028893232345581055,
      "error": null
    },
    "assert sum_to_n(361) == 65341": {
      "result": true,
      "time": 0.027184724807739258,
      "error": null
    },
    "assert sum_to_n(209) == 21945": {
      "result": true,
      "time": 0.028882503509521484,
      "error": null
    },
    "assert sum_to_n(547) == 149878": {
      "result": true,
      "time": 0.032998085021972656,
      "error": null
    },
    "assert sum_to_n(271) == 36856": {
      "result": true,
      "time": 0.03131222724914551,
      "error": null
    },
    "assert sum_to_n(6) == 21": {
      "result": true,
      "time": 0.033560991287231445,
      "error": null
    },
    "assert sum_to_n(670) == 224785": {
      "result": true,
      "time": 0.030780553817749023,
      "error": null
    },
    "assert sum_to_n(99) == 4950": {
      "result": true,
      "time": 0.031706809997558594,
      "error": null
    },
    "assert sum_to_n(964) == 465130": {
      "result": true,
      "time": 0.028336048126220703,
      "error": null
    },
    "assert sum_to_n(159) == 12720": {
      "result": true,
      "time": 0.02841782569885254,
      "error": null
    },
    "assert sum_to_n(972) == 472878": {
      "result": true,
      "time": 0.025661945343017578,
      "error": null
    },
    "assert sum_to_n(260) == 33930": {
      "result": true,
      "time": 0.026311397552490234,
      "error": null
    },
    "assert sum_to_n(426) == 90951": {
      "result": true,
      "time": 0.031159639358520508,
      "error": null
    },
    "assert sum_to_n(945) == 446985": {
      "result": true,
      "time": 0.02957439422607422,
      "error": null
    },
    "assert sum_to_n(261) == 34191": {
      "result": true,
      "time": 0.02859187126159668,
      "error": null
    },
    "assert sum_to_n(302) == 45753": {
      "result": true,
      "time": 0.02825450897216797,
      "error": null
    },
    "assert sum_to_n(247) == 30628": {
      "result": true,
      "time": 0.030328989028930664,
      "error": null
    },
    "assert sum_to_n(704) == 248160": {
      "result": true,
      "time": 0.02839040756225586,
      "error": null
    },
    "assert sum_to_n(637) == 203203": {
      "result": true,
      "time": 0.027729272842407227,
      "error": null
    },
    "assert sum_to_n(705) == 248865": {
      "result": true,
      "time": 0.02865004539489746,
      "error": null
    },
    "assert sum_to_n(904) == 409060": {
      "result": true,
      "time": 0.030774354934692383,
      "error": null
    },
    "assert sum_to_n(100) == 5050": {
      "result": true,
      "time": 0.027677297592163086,
      "error": null
    },
    "assert sum_to_n(89) == 4005": {
      "result": true,
      "time": 0.03172636032104492,