{
  "code": "import math\n\ndef f(n):\n    result = []\n    for i in range(1, n+1):\n        if i % 2 == 0:\n            result.append(math.factorial(i))\n        else:\n            result.append(sum(range(1, i+1)))\n    return result",
  "results": {
    "assert f(15) == [1, 2, 6, 24, 15, 720, 28, 40320, 45, 3628800, 66, 479001600, 91, 87178291200, 120]": {
      "result": true,
      "time": 0.04393911361694336,
      "error": null
    },
    "assert f(24) == [1, 2, 6, 24, 15, 720, 28, 40320, 45, 3628800, 66, 479001600, 91, 87178291200, 120, 20922789888000, 153, 6402373705728000, 190, 2432902008176640000, 231, 1124000727777607680000, 276, 620448401733239439360000]": {
      "result": true,
      "time": 0.04877018928527832,
      "error": null
    },
    "assert f(2) == [1, 2]": {
      "result": true,
      "time": 0.04802560806274414,
      "error": null
    },
    "assert f(10) == [1, 2, 6, 24, 15, 720, 28, 40320, 45, 3628800]": {
      "result": true,
      "time": 0.05505990982055664,
      "error": null
    },
    "assert f(21) == [1, 2, 6, 24, 15, 720, 28, 40320, 45, 3628800, 66, 479001600, 91, 87178291200, 120, 20922789888000, 153, 6402373705728000, 190, 2432902008176640000, 231]": {
      "result": true,
      "time": 0.05603814125061035,
      "error": null
    },
    "assert f(27) == [1, 2, 6, 24, 15, 720, 28, 40320, 45, 3628800, 66, 479001600, 91, 87178291200, 120, 20922789888000, 153, 6402373705728000, 190, 2432902008176640000, 231, 1124000727777607680000, 276, 620448401733239439360000, 325, 403291461126605635584000000, 378]": {
      "result": true,
      "time": 0.044740915298461914,
      "error": null
    },
    "assert f(4) == [1, 2, 6, 24]": {
      "result": true,
      "time": 0.0517885684967041,
      "error": null
    },
    "assert f(16) == [1, 2, 6, 24, 15, 720, 28, 40320, 45, 3628800, 66, 479001600, 91, 87178291200, 120, 20922789888000]": {
      "result": true,
      "time": 0.05063009262084961,
      "error": null
    },
    "assert f(8) == [1, 2, 6, 24, 15, 720, 28, 40320]": {
      "result": true,
      "time": 0.047559261322021484,
      "error": null
    },
    "assert f(25) == [1, 2, 6, 24, 15, 720, 28, 40320, 45, 3628800, 66, 479001600, 91, 87178291200, 120, 20922789888000, 153, 6402373705728000, 190, 2432902008176640000, 231, 1124000727777607680000, 276, 620448401733239439360000, 325]": {
      "result": true,
      "time": 0.04817819595336914,
      "error": null
    },
    "assert f(3) == [1, 2, 6]": {
      "result": true,
      "time": 0.04704117774963379,
      "error": null
    },
    "assert f(29) == [1, 2, 6, 24, 15, 720, 28, 40320, 45, 3628800, 66, 479001600, 91, 87178291200, 120, 20922789888000, 153, 6402373705728000, 190, 2432902008176640000, 231, 1124000727777607680000, 276, 620448401733239439360000, 325, 403291461126605635584000000, 378, 304888344611713860501504000000, 435]": {
      "result": true,
      "time": 0.04955554008483887,
      "error": null
    },
    "assert f(30) == [1, 2, 6, 24, 15, 720, 28, 40320, 45, 3628800, 66, 479001600, 91, 87178291200, 120, 20922789888000, 153, 6402373705728000, 190, 2432902008176640000, 231, 1124000727777607680000, 276, 620448401733239439360000, 325, 403291461126605635584000000, 378, 304888344611713860501504000000, 435, 265252859812191058636308480000000]": {
      "result": true,
      "time": 0.055239200592041016,
      "error": null
    },
    "assert f(18) == [1, 2, 6, 24, 15, 720, 28, 40320, 45, 3628800, 66, 479001600, 91, 87178291200, 120, 20922789888000, 153, 6402373705728000]": {
      "result": true,
      "time": 0.04760241508483887,
      "error": null
    },
    "assert f(12) == [1, 2, 6, 24, 15, 720, 28, 40320, 45, 3628800, 66, 479001600]": {
      "result": true,
      "time": 0.0486445426940918,
      "error": null
    },
    "assert f(9) == [1, 2, 6, 24, 15, 720, 28, 40320, 45]": {
      "result": true,
      "time": 0.052721500396728516,
      "error": null
    },
    "assert f(6) == [1, 2, 6, 24, 15, 720]": {
      "result": true,
      "time": 0.056813716888427734,
      "error": null
    },
    "assert f(26) == [1, 2, 6, 24, 15, 720, 28, 40320, 45, 3628800, 66, 479001600, 91, 87178291200, 120, 20922789888000, 153, 6402373705728000, 190, 2432902008176640000, 231, 1124000727777607680000, 276, 620448401733239439360000, 325, 403291461126605635584000000]": {
      "result": true,
      "time": 0.052971839904785156,
      "error": null
    },
    "assert f(14) == [1, 2, 6, 24, 15, 720, 28, 40320, 45, 3628800, 66, 479001600, 91, 87178291200]": {
      "result": true,
      "time": 0.04847121238708496,
      "error": null
    },
    "assert f(13) == [1, 2, 6, 24, 15, 720, 28, 40320, 45, 3628800, 66, 479001600, 91]": {
      "result": true,
      "time": 0.05176520347595215,
      "error": null
    },
    "assert f(1) == [1]": {
      "result": true,
      "time": 0.046939849853515625,
      "error": null
    },
    "assert f(22) == [1, 2, 6, 24, 15, 720, 28, 40320, 45, 3628800, 66, 479001600, 91, 87178291200, 120, 20922789888000, 153, 6402373705728000, 190, 2432902008176640000, 231, 1124000727777607680000]": {
      "result": true,
      "time": 0.05433297157287598,
      "error": null
    },
    "assert f(17) == [1, 2, 6, 24, 15, 720, 28, 40320, 45, 3628800, 66, 479001600, 91, 87178291200, 120, 20922789888000, 153]": {
      "result": true,
      "time": 0.05697011947631836,
      "error": null
    },
    "assert f(20) == [1, 2, 6, 24, 15, 720, 28, 40320, 45, 3628800, 66, 479001600, 91, 87178291200, 120, 20922789888000, 153, 6402373705728000, 190, 2432902008176640000]": {
      "result": true,
      "time": 0.0530087947845459,
      "error": null
    },
    "assert f(19) == [1, 2, 6, 24, 15, 720, 28, 40320, 45, 3628800, 66, 479001600, 91, 87178291200, 120, 20922789888000, 153, 6402373705728000, 190]": {
      "result": true,
      "time": 0.052152395248413086,
      "error": null
    },
    "assert f(11) == [1, 2, 6, 24, 15, 720, 28, 40320, 45, 3628800, 66]": {
      "result": true,
      "time": 0.049571990966796875,
      "error": null
    },
    "assert f(23) == [1, 2, 6, 24, 15, 720, 28, 40320, 45, 3628800, 66, 479001600, 91, 87178291200, 120, 20922789888000, 153, 6402373705728000, 190, 2432902008176640000, 231, 1124000727777607680000, 276]": {
      "result": true,
      "time": 0.056310176849365234,
      "error": null
    },
    "assert f(5) == [1, 2, 6, 24, 15]": {
      "result": true,
      "time": 0.0526890754699707,
      "error": null
    },
    "assert f(7) == [1, 2, 6, 24, 15, 720, 28]": {
      "result": true,
      "time": 0.055864810943603516,
      "error": null
    },
    "assert f(28) == [1, 2, 6, 24, 15, 720, 28, 40320, 45, 3628800, 66, 479001600, 91, 87178291200, 120, 20922789888000, 153, 6402373705728000, 190, 2432902008176640000, 231, 1124000727777607680000, 276, 620448401733239439360000, 325, 403291461126605635584000000, 378, 304888344611713860501504000000]": {
      "result": true,
      "time": 0.04779696464538574,
      "error": null
    }
  },
  "passed": true,
  "accuracy": 1.0,
  "general_error": "",
  "has_testcase_error": false
}