{
  "code": "def unique_digits(x):\n    def has_even_digit(num):\n        for digit in str(num):\n            if int(digit) % 2 == 0:\n                return True\n        return False\n    \n    result = [num for num in x if not has_even_digit(num)]\n    result.sort()\n    return result",
  "results": {
    "assert unique_digits([132, 100, 32]) == []": {
      "result": true,
      "time": 0.031207799911499023,
      "error": null
    },
    "assert unique_digits([13201, 1832, 113, 153]) == [113, 153]": {
      "result": true,
      "time": 0.03325200080871582,
      "error": null
    },
    "assert unique_digits([16, 29, 1817, 5]) == [5]": {
      "result": true,
      "time": 0.02898883819580078,
      "error": null
    },
    "assert unique_digits([18, 29, 1203, 4]) == []": {
      "result": true,
      "time": 0.025530338287353516,
      "error": null
    },
    "assert unique_digits([11957, 2956, 106, 146]) == [11957]": {
      "result": true,
      "time": 0.028665781021118164,
      "error": null
    },
    "assert unique_digits([11648, 1283, 106, 154]) == []": {
      "result": true,
      "time": 0.026401281356811523,
      "error": null
    },
    "assert unique_digits([13, 38, 1398, 5]) == [5, 13]": {
      "result": true,
      "time": 0.028955698013305664,
      "error": null
    },
    "assert unique_digits([138, 104, 35]) == [35]": {
      "result": true,
      "time": 0.029008865356445312,
      "error": null
    },
    "assert unique_digits([11330, 1632, 109, 146]) == []": {
      "result": true,
      "time": 0.02825474739074707,
      "error": null
    },
    "assert unique_digits([139, 102, 33]) == [33, 139]": {
      "result": true,
      "time": 0.027901887893676758,
      "error": null
    },
    "assert unique_digits([12495, 2236, 115, 146]) == [115]": {
      "result": true,
      "time": 0.02877211570739746,
      "error": null
    },
    "assert unique_digits([135, 99, 26]) == [99, 135]": {
      "result": true,
      "time": 0.028323888778686523,
      "error": null
    },
    "assert unique_digits([150, 323, 2227, 14]) == []": {
      "result": true,
      "time": 0.02959465980529785,
      "error": null
    },
    "assert unique_digits([152, 325, 2236, 9]) == [9]": {
      "result": true,
      "time": 0.026322364807128906,
      "error": null
    },
    "assert unique_digits([12263, 2608, 106, 153]) == [153]": {
      "result": true,
      "time": 0.02800154685974121,
      "error": null
    },
    "assert unique_digits([11838, 1681, 114, 152]) == []": {
      "result": true,
      "time": 0.030315399169921875,
      "error": null
    },
    "assert unique_digits([131, 103, 27]) == [131]": {
      "result": true,
      "time": 0.028776168823242188,
      "error": null
    },
    "assert unique_digits([12144, 2080, 111, 149]) == [111]": {
      "result": true,
      "time": 0.028794288635253906,
      "error": null
    },
    "assert unique_digits([15, 37, 668, 3]) == [3, 15, 37]": {
      "result": true,
      "time": 0.03008580207824707,
      "error": null
    },
    "assert unique_digits([11706, 2681, 115, 149]) == [115]": {
      "result": true,
      "time": 0.02858734130859375,
      "error": null
    },
    "assert unique_digits([157, 328, 2400, 12]) == [157]": {
      "result": true,
      "time": 0.03084588050842285,
      "error": null
    },
    "assert unique_digits([154, 326, 2275, 5]) == [5]": {
      "result": true,
      "time": 0.024234294891357422,
      "error": null
    },
    "assert unique_digits([12563, 2453, 106, 150]) == []": {
      "result": true,
      "time": 0.02870917320251465,
      "error": null
    },
    "assert unique_digits([154, 319, 854, 8]) == [319]": {
      "result": true,
      "time": 0.028496742248535156,
      "error": null
    },
    "assert unique_digits([155, 327, 606, 8]) == [155]": {
      "result": true,
      "time": 0.02922534942626953,
      "error": null
    },
    "assert unique_digits([137, 102, 31]) == [31, 137]": {
      "result": true,
      "time": 0.030730009078979492,
      "error": null
    },
    "assert unique_digits([151, 321, 686, 13]) == [13, 151]": {
      "result": true,
      "time": 0.03069329261779785,
      "error": null
    },
    "assert unique_digits([133, 108, 33]) == [33, 133]": {
      "result": true,
      "time": 0.030614137649536133,
      "error": null
    },
    "assert unique_digits([12592, 1020, 115, 148]) == [115]": {
      "result": true,
      "time": 0.02713632583618164,
      "error": null
    },
    "assert unique_digits([156, 322, 761, 7]) == [7]": {
      "result": true,
      "time": 0.028949737548828125,
      "error": null
    },
    "assert unique_digits([140, 107, 26]) == []": {
      "result": true,
      "time": 0.02806568145751953,
      "error": null
    },
    "assert unique_digits([139, 108, 27]) == [139]": {
      "result": true,
      "time": 0.02769327163696289,
      "error": null
    },
    "assert unique_digits([13, 34, 2003, 6]) == [13]": {
      "result": true,
      "time": 0.027184486389160156,
      "error": null
    },
    "assert unique_digits([137, 103, 29]) == [137]": {
      "result": true,
      "time": 0.028322219848632812,
      "error": null
    },
    "assert unique_digits([132, 98, 29]) == []": {
      "result": true,
      "time": 0.029747962951660156,
      "error": null
    },
    "assert unique_digits([10, 30, 2076, 3]) == [3]": {
      "result": true,
      "time": 0.02950882911682129,
      "error": null
    },
    "assert unique_digits([155, 323, 1014, 6]) == [155]": {
      "result": true,
      "time": 0.029962778091430664,
      "error": null
    },
    "assert unique_digits([130, 105, 31]) == [31]": {
      "result": true,
      "time": 0.029543161392211914,
      "error": null
    },
    "assert unique_digits([12296, 2695, 107, 152]) == []": {
      "result": true,
      "time": 0.027222156524658203,
      "error": null
    },
    "assert unique_digits([147, 322, 2180, 15]) == [15]": {
      "result": true,
      "time": 0.027498722076416016,
      "error": null
    },
    "assert unique_digits([147, 324, 1561, 10]) == []": {
      "result": true,
      "time": 0.02702951431274414,
      "error": null
    },
    "assert unique_digits([132, 108, 27]) == []": {
      "result": true,
      "time": 0.03176474571228027,
      "error": null
    },
    "assert unique_digits([136, 99, 26]) == [99]": {
      "result": true,
      "time": 0.028231382369995117,
      "error": null
    },
    "assert unique_digits([157, 319, 842, 13]) == [13, 157, 319]": {
      "result": true,
      "time": 0.03139901161193848,
      "error": null
    },
    "assert unique_digits([151, 325, 963, 8]) == [151]": {
      "result": true,
      "time": 0.02790975570678711,
      "error": null
    },
    "assert unique_digits([12, 36, 1972, 2]) == []": {
      "result": true,
      "time": 0.031116485595703125,
      "error": null
    },
    "assert unique_digits([133, 105, 30]) == [133]": {
      "result": true,
      "time": 0.025908708572387695,
      "error": null
    },
    "assert unique_digits([12590, 2103, 108, 149]) == []": {
      "result": true,
      "time": 0.02750086784362793,
      "error": null
    },
    "assert unique_digits([153, 322, 1603, 11]) == [11, 153]": {
      "result": true,
      "time": 0.0291903018951416,
      "error": null
    },
    "assert unique_digits([15, 28, 2033, 4]) == [15]": {
      "result": true,
      "time": 0.03019881248474121,
      "error": null
    },
    "assert unique_digits([19, 35, 1750, 2]) == [19, 35]": {
      "result": true,
      "time": 0.027930736541748047,
      "error": null
    },
    "assert unique_digits([132, 108, 33]) == [33]": {
      "result": true,
      "time": 0.029844284057617188,
      "error": null
    },
    "assert unique_digits([152, 323, 1422, 10]) == []": {
      "result": true,
      "time": 0.026616334915161133,
      "error": null
    },
    "assert unique_digits([151, 328, 1473, 9]) == [9, 151]": {
      "result": true,