{
  "code": "def triangle_area(a, h):\n    return 0.5 * a * h",
  "results": {
    "assert triangle_area(10, 7) == 35.0": {
      "result": true,
      "time": 0.029730796813964844,
      "error": null
    },
    "assert triangle_area(5, 7) == 17.5": {
      "result": true,
      "time": 0.03186845779418945,
      "error": null
    },
    "assert triangle_area(9, 3) == 13.5": {
      "result": true,
      "time": 0.02616715431213379,
      "error": null
    },
    "assert triangle_area(13, 8) == 52.0": {
      "result": true,
      "time": 0.03051924705505371,
      "error": null
    },
    "assert triangle_area(4, 4) == 8.0": {
      "result": true,
      "time": 0.030289888381958008,
      "error": null
    },
    "assert triangle_area(9, 8) == 36.0": {
      "result": true,
      "time": 0.030589818954467773,
      "error": null
    },
    "assert triangle_area(7, 7) == 24.5": {
      "result": true,
      "time": 0.03553295135498047,
      "error": null
    },
    "assert triangle_area(11, 8) == 44.0": {
      "result": true,
      "time": 0.029723167419433594,
      "error": null
    },
    "assert triangle_area(10, 12) == 60.0": {
      "result": true,
      "time": 0.03260445594787598,
      "error": null
    },
    "assert triangle_area(6, 1) == 3.0": {
      "result": true,
      "time": 0.03669428825378418,
      "error": null
    },
    "assert triangle_area(9, 9) == 40.5": {
      "result": true,
      "time": 0.028601408004760742,
      "error": null
    },
    "assert triangle_area(15, 4) == 30.0": {
      "result": true,
      "time": 0.027527332305908203,
      "error": null
    },
    "assert triangle_area(10, 5) == 25.0": {
      "result": true,
      "time": 0.027606964111328125,
      "error": null
    },
    "assert triangle_area(5, 3) == 7.5": {
      "result": true,
      "time": 0.03007197380065918,
      "error": null
    },
    "assert triangle_area(6, 2) == 6.0": {
      "result": true,
      "time": 0.03161907196044922,
      "error": null
    },
    "assert triangle_area(7, 12) == 42.0": {
      "result": true,
      "time": 0.02843165397644043,
      "error": null
    },
    "assert triangle_area(3, 2) == 3.0": {
      "result": true,
      "time": 0.028986215591430664,
      "error": null
    },
    "assert triangle_area(9, 6) == 27.0": {
      "result": true,
      "time": 0.03009819984436035,
      "error": null
    },
    "assert triangle_area(5, 2) == 5.0": {
      "result": true,
      "time": 0.031540632247924805,
      "error": null
    },
    "assert triangle_area(8, 7) == 28.0": {
      "result": true,
      "time": 0.02999424934387207,
      "error": null
    },
    "assert triangle_area(10, 8) == 40.0": {
      "result": true,
      "time": 0.02814459800720215,
      "error": null
    },
    "assert triangle_area(4, 6) == 12.0": {
      "result": true,
      "time": 0.029209136962890625,
      "error": null
    },
    "assert triangle_area(6, 8) == 24.0": {
      "result": true,
      "time": 0.02783370018005371,
      "error": null
    },
    "assert triangle_area(8, 10) == 40.0": {
      "result": true,
      "time": 0.029082536697387695,
      "error": null
    },
    "assert triangle_area(2, 3) == 3.0": {
      "result": true,
      "time": 0.032161712646484375,
      "error": null
    },
    "assert triangle_area(13, 5) == 32.5": {
      "result": true,
      "time": 0.029282808303833008,
      "error": null
    },
    "assert triangle_area(8, 8) == 32.0": {
      "result": true,
      "time": 0.03011465072631836,
      "error": null
    },
    "assert triangle_area(7, 3) == 10.5": {
      "result": true,
      "time": 0.031239986419677734,
      "error": null
    },
    "assert triangle_area(10, 10) == 50.0": {
      "result": true,
      "time": 0.030366182327270508,
      "error": null
    },
    "assert triangle_area(5, 4) == 10.0": {
      "result": true,
      "time": 0.025496244430541992,
      "error": null
    },
    "assert triangle_area(3, 4) == 6.0": {
      "result": true,
      "time": 0.02439713478088379,
      "error": null
    },
    "assert triangle_area(6, 12) == 36.0": {
      "result": true,
      "time": 0.028760671615600586,
      "error": null
    },
    "assert triangle_area(13, 10) == 65.0": {
      "result": true,
      "time": 0.0267026424407959,
      "error": null
    },
    "assert triangle_area(2, 2) == 2.0": {
      "result": true,
      "time": 0.03126382827758789,
      "error": null
    },
    "assert triangle_area(10, 3) == 15.0": {
      "result": true,
      "time": 0.03151106834411621,
      "error": null
    },
    "assert triangle_area(4, 2) == 4.0": {
      "result": true,
      "time": 0.027977943420410156,
      "error": null
    },
    "assert triangle_area(3, 5) == 7.5": {
      "result": true,
      "time": 0.02680802345275879,
      "error": null
    },
    "assert triangle_area(2, 4) == 4.0": {
      "result": true,
      "time": 0.03238034248352051,
      "error": null
    },
    "assert triangle_area(13, 11) == 71.5": {
      "result": true,
      "time": 0.027215003967285156,
      "error": null
    },
    "assert triangle_area(6, 5) == 15.0": {
      "result": true,
      "time": 0.03750300407409668,
      "error": null
    },
    "assert triangle_area(5, 9) == 22.5": {
      "result": true,
      "time": 0.032672882080078125,
      "error": null
    },
    "assert triangle_area(7, 1) == 3.5": {
      "result": true,
      "time": 0.029906511306762695,
      "error": null
    },
    "assert triangle_area(5, 5) == 12.5": {
      "result": true,
      "time": 0.02974843978881836,
      "error": null
    },
    "assert triangle_area(7, 8) == 28.0": {
      "result": true,
      "time": 0.031456947326660156,
      "error": null
    },
    "assert triangle_area(13, 6) == 39.0": {
      "result": true,
      "time": 0.03060126304626465,
      "error": null
    },
    "assert triangle_area(6, 3) == 9.0": {
      "result": true,
      "time": 0.03114771842956543,
      "error": null
    },
    "assert triangle_area(15, 11) == 82.5": {
      "result": true,
      "time": 0.030119895935058594,
      "error": null
    },
    "assert triangle_area(8, 13) == 52.0": {
      "result": true,
      "time": 0.03086400032043457,
      "error": null
    },
    "assert triangle_area(1, 7) == 3.5": {
      "result": true,
      "time": 0.03288578987121582,
      "error": null
    },
    "assert triangle_area(4, 7) == 14.0": {
      "result": true,
      "time": 0.02904343605041504,
      "error": null
    },
    "assert triangle_area(1, 6) == 3.0": {
      "result": true,
      "time": 0.030027151107788086,
      "error": null
    },
    "assert triangle_area(5, 13) == 32.5": {
      "result": true,
      "time": 0.02850627899169922,
      "error": null
    },
    "assert triangle_area(15, 13) == 97.5": {
      "result": true,
      "time": 0.031245946884155273,
      "error": null
    },
    "assert triangle_area(9, 12) == 54.0": {
      "result": true,
      "time": 0.02562713623046875,
      "error": null
    },
    "assert triangle_area(3, 8) == 12.0": {
      "result": true,
      "time": 0.028052330017089844,
      "error": null
    },
    "assert triangle_area(7, 10) == 35.0": {
      "result": true,
      "time": 0.03141212463378906,
      "error": null
    },
    "assert triangle_area(4, 1) == 2.0": {
      "result": true,
      "time": 0.02846980094909668,
      "error": null
    },
    "assert triangle_area(1, 5) == 2.5": {
      "result": true,
      "time": 0.027213096618652344,
      "error": null
    },
    "assert triangle_area(7, 5) == 17.5": {
      "result": true,
      "time": 0.03352189064025879,
      "error": null
    },
    "assert triangle_area(4, 5) == 10.0": {
      "result": true,
      "time": 0.030606985092163086,
      "error": null
    },
    "assert triangle_area(7, 4) == 14.0": {
      "result": true,
      "time": 0.0318601131439209,
      "error": null
    },
    "assert triangle_area(3, 7) == 10.5": {
      "result": true,