{
  "code": "def rotate_left(nums, n, k):\n    return nums[n:] + nums[:n]\n",
  "results": {
    "assert rotate_left([1, 2, 3, 4, 5, 6, 7, 8, 9, 10],3,4)==[4, 5, 6, 7, 8, 9, 10, 1, 2, 3, 4]": {
      "result": false,
      "time": 0.17993879318237305,
      "error": null
    },
    "assert rotate_left([1, 2, 3, 4, 5, 6, 7, 8, 9, 10],2,2)==[3, 4, 5, 6, 7, 8, 9, 10, 1, 2]": {
      "result": true,
      "time": 0.17655158042907715,
      "error": null
    },
    "assert rotate_left([1, 2, 3, 4, 5, 6, 7, 8, 9, 10],5,2)==[6, 7, 8, 9, 10, 1, 2]": {
      "result": false,
      "time": 0.17525219917297363,
      "error": null
    }
  },
  "passed": false,
  "accuracy": 0.3333333333333333,
  "general_error": null,
  "has_testcase_error": false
}