{
  "code": "def frequency_lists(test_list):\n    res = {}\n    for i in test_list:\n        for j in i:\n            if j in res:\n                res[j] += 1\n            else:\n                res[j] = 1\n    return res\n",
  "results": {
    "assert frequency_lists([[1, 2, 3, 2], [4, 5, 6, 2], [7, 8, 9, 5]])=={1: 1, 2: 3, 3: 1, 4: 1, 5: 2, 6: 1, 7: 1, 8: 1, 9: 1}": {
      "result": true,
      "time": 0.17763066291809082,
      "error": null
    },
    "assert frequency_lists([[1,2,3,4],[5,6,7,8],[9,10,11,12]])=={1: 1, 2: 1, 3: 1, 4: 1, 5: 1, 6: 1, 7: 1, 8: 1, 9: 1,10:1,11:1,12:1}": {
      "result": true,
      "time": 0.1765305995941162,
      "error": null
    },
    "assert frequency_lists([[20,30,40,17],[18,16,14,13],[10,20,30,40]])=={20:2,30:2,40:2,17: 1,18:1, 16: 1,14: 1,13: 1, 10: 1}": {
      "result": true,
      "time": 0.17644548416137695,
      "error": null
    }
  },
  "passed": true,
  "accuracy": 1.0,
  "general_error": null,
  "has_testcase_error": false
}