{
  "code": "import heapq as hq\n\n\ndef merge_sorted_list(list1, list2, list3):\n    merged_list = []\n    for i in list1:\n        hq.heappush(merged_list, i)\n    for i in list2:\n        hq.heappush(merged_list, i)\n    for i in list3:\n        hq.heappush(merged_list, i)\n    return merged_list\n",
  "results": {
    "assert merge_sorted_list([25, 24, 15, 4, 5, 29, 110],[19, 20, 11, 56, 25, 233, 154],[24, 26, 54, 48])==[4, 5, 11, 15, 19, 20, 24, 24, 25, 25, 26, 29, 48, 54, 56, 110, 154, 233]": {
      "result": false,
      "time": 0.18518996238708496,
      "error": null
    },
    "assert merge_sorted_list([1, 3, 5, 6, 8, 9], [2, 5, 7, 11], [1, 4, 7, 8, 12])==[1, 1, 2, 3, 4, 5, 5, 6, 7, 7, 8, 8, 9, 11, 12]": {
      "result": false,
      "time": 0.18033981323242188,
      "error": null
    },
    "assert merge_sorted_list([18, 14, 10, 9, 8, 7, 9, 3, 2, 4, 1],[25, 35, 22, 85, 14, 65, 75, 25, 58],[12, 74, 9, 50, 61, 41])==[1, 2, 3, 4, 7, 8, 9, 9, 9, 10, 12, 14, 14, 18, 22, 25, 25, 35, 41, 50, 58, 61, 65, 74, 75, 85]": {
      "result": false,
      "time": 0.17996501922607422,
      "error": null
    }
  },
  "passed": false,
  "accuracy": 0.0,
  "general_error": null,
  "has_testcase_error": false
}