{
  "code": "def bell_number(n):\n    bell_num = 1\n    for i in range(n):\n        bell_num = bell_num\n    return bell_num\n",
  "results": {
    "assert bell_number(2)==2": {
      "result": false,
      "time": 0.07892608642578125,
      "error": null
    },
    "assert bell_number(10)==115975": {
      "result": false,
      "time": 0.07686734199523926,
      "error": null
    },
    "assert bell_number(56)==6775685320645824322581483068371419745979053216268760300": {
      "result": false,
      "time": 0.08058047294616699,
      "error": null
    }
  },
  "passed": false,
  "accuracy": 0.0,
  "general_error": null,
  "has_testcase_error": false
}