{
  "code": "def flatten_list(lst):\n    flat_list = []\n    for i in lst:\n        if type(i) == list:\n            flat_list.extend(flatten_list(i))\n        else:\n            flat_list.append(i)\n    return flat_list\n",
  "results": {
    "assert flatten_list([0, 10, [20, 30], 40, 50, [60, 70, 80], [90, 100, 110, 120]])==[0, 10, 20, 30, 40, 50, 60, 70, 80, 90, 100, 110, 120]": {
      "result": true,
      "time": 0.07369804382324219,
      "error": null
    },
    "assert flatten_list([[10, 20], [40], [30, 56, 25], [10, 20], [33], [40]])==[10, 20, 40, 30, 56, 25, 10, 20, 33, 40]": {
      "result": true,
      "time": 0.08053970336914062,
      "error": null
    },
    "assert flatten_list([[1,2,3], [4,5,6], [10,11,12], [7,8,9]])==[1, 2, 3, 4, 5, 6, 10, 11, 12, 7, 8, 9]": {
      "result": true,
      "time": 0.07278180122375488,
      "error": null
    }
  },
  "passed": true,
  "accuracy": 1.0,
  "general_error": null,
  "has_testcase_error": false
}