{
  "code": "def rotate_left(list1, m, n):\n    list1 = list1[m:] + list1[:m]\n    return list1\n",
  "results": {
    "assert rotate_left([1, 2, 3, 4, 5, 6, 7, 8, 9, 10],3,4)==[4, 5, 6, 7, 8, 9, 10, 1, 2, 3, 4]": {
      "result": false,
      "time": 0.12860989570617676,
      "error": null
    },
    "assert rotate_left([1, 2, 3, 4, 5, 6, 7, 8, 9, 10],2,2)==[3, 4, 5, 6, 7, 8, 9, 10, 1, 2]": {
      "result": true,
      "time": 0.1291201114654541,
      "error": null
    },
    "assert rotate_left([1, 2, 3, 4, 5, 6, 7, 8, 9, 10],5,2)==[6, 7, 8, 9, 10, 1, 2]": {
      "result": false,
      "time": 0.12369632720947266,
      "error": null
    }
  },
  "passed": false,
  "accuracy": 0.3333333333333333,
  "general_error": null,
  "has_testcase_error": false
}