{
  "code": "def surfacearea_cone(r, h):\n    return (3.14 * r * h) / 2\n",
  "results": {
    "assert surfacearea_cone(5,12)==282.7433388230814": {
      "result": false,
      "time": 0.11809182167053223,
      "error": null
    },
    "assert surfacearea_cone(10,15)==880.5179353159282": {
      "result": false,
      "time": 0.11431217193603516,
      "error": null
    },
    "assert surfacearea_cone(19,17)==2655.923961165254": {
      "result": false,
      "time": 0.1331329345703125,
      "error": null
    }
  },
  "passed": false,
  "accuracy": 0.0,
  "general_error": null,
  "has_testcase_error": false
}