{
  "code": "def distance_lat_long(slat, slon, elat, elon):\n    return (slat - elat) ** 2\n",
  "results": {
    "assert distance_lat_long(23.5,67.5,25.5,69.5)==12179.372041317429": {
      "result": false,
      "time": 0.12257671356201172,
      "error": null
    },
    "assert distance_lat_long(10.5,20.5,30.5,40.5)==6069.397933300514": {
      "result": false,
      "time": 0.1240549087524414,
      "error": null
    },
    "assert distance_lat_long(10,20,30,40)==6783.751974994595": {
      "result": false,
      "time": 0.1370561122894287,
      "error": null
    }
  },
  "passed": false,
  "accuracy": 0.0,
  "general_error": null,
  "has_testcase_error": false
}