{
  "code": "def search(lst):\n    frequency = {}\n    for num in lst:\n        if num in frequency:\n            frequency[num] += 1\n        else:\n            frequency[num] = 1\n    max_valid = -1\n    for num in frequency:\n        if frequency[num] >= num:\n            if num > max_valid:\n                max_valid = num\n    return max_valid",
  "results": {
    "assert search([5, 5, 5, 5, 1]) == 1": {
      "result": true,
      "time": 0.052229881286621094,
      "error": null
    },
    "assert search([4, 1, 4, 1, 4, 4]) == 4": {
      "result": true,
      "time": 0.05358171463012695,
      "error": null
    },
    "assert search([3, 3]) == -1": {
      "result": true,
      "time": 0.052073001861572266,
      "error": null
    },
    "assert search([8, 8, 8, 8, 8, 8, 8, 8]) == 8": {
      "result": true,
      "time": 0.0512843132019043,
      "error": null
    },
    "assert search([2, 3, 3, 2, 2]) == 2": {
      "result": true,
      "time": 0.05091261863708496,
      "error": null
    },
    "assert search([2, 7, 8, 8, 4, 8, 7, 3, 9, 6, 5, 10, 4, 3, 6, 7, 1, 7, 4, 10, 8, 1]) == 1": {
      "result": true,
      "time": 0.05015254020690918,
      "error": null
    },
    "assert search([3, 2, 8, 2]) == 2": {
      "result": true,
      "time": 0.05384087562561035,
      "error": null
    },
    "assert search([6, 7, 1, 8, 8, 10, 5, 8, 5, 3, 10]) == 1": {
      "result": true,
      "time": 0.04869699478149414,
      "error": null
    },
    "assert search([8, 8, 3, 6, 5, 6, 4]) == -1": {
      "result": true,
      "time": 0.049397945404052734,
      "error": null
    },
    "assert search([6, 9, 6, 7, 1, 4, 7, 1, 8, 8, 9, 8, 10, 10, 8, 4, 10, 4, 10, 1, 2, 9, 5, 7, 9]) == 1": {
      "result": true,
      "time": 0.05401325225830078,
      "error": null
    },
    "assert search([1, 9, 10, 1, 3]) == 1": {
      "result": true,
      "time": 0.05239701271057129,
      "error": null
    },
    "assert search([6, 9, 7, 5, 8, 7, 5, 3, 7, 5, 10, 10, 3, 6, 10, 2, 8, 6, 5, 4, 9, 5, 3, 10]) == 5": {
      "result": true,
      "time": 0.054227590560913086,
      "error": null
    },
    "assert search([1]) == 1": {
      "result": true,
      "time": 0.051839351654052734,
      "error": null
    },
    "assert search([8, 8, 10, 6, 4, 3, 5, 8, 2, 4, 2, 8, 4, 6, 10, 4, 2, 1, 10, 2, 1, 1, 5]) == 4": {
      "result": true,
      "time": 0.05132746696472168,
      "error": null
    },
    "assert search([2, 10, 4, 8, 2, 10, 5, 1, 2, 9, 5, 5, 6, 3, 8, 6, 4, 10]) == 2": {
      "result": true,
      "time": 0.05275225639343262,
      "error": null
    },
    "assert search([1, 6, 10, 1, 6, 9, 10, 8, 6, 8, 7, 3]) == 1": {
      "result": true,
      "time": 0.05380082130432129,
      "error": null
    },
    "assert search([9, 2, 4, 1, 5, 1, 5, 2, 5, 7, 7, 7, 3, 10, 1, 5, 4, 2, 8, 4, 1, 9, 10, 7, 10, 2, 8, 10, 9, 4]) == 4": {
      "result": true,
      "time": 0.05255579948425293,
      "error": null
    },
    "assert search([2, 6, 4, 2, 8, 7, 5, 6, 4, 10, 4, 6, 3, 7, 8, 8, 3, 1, 4, 2, 2, 10, 7]) == 4": {
      "result": true,
      "time": 0.052716970443725586,
      "error": null
    },
    "assert search([9, 8, 6, 10, 2, 6, 10, 2, 7, 8, 10, 3, 8, 2, 6, 2, 3, 1]) == 2": {
      "result": true,
      "time": 0.0532078742980957,
      "error": null
    },
    "assert search([5, 5, 3, 9, 5, 6, 3, 2, 8, 5, 6, 10, 10, 6, 8, 4, 10, 7, 7, 10, 8]) == -1": {
      "result": true,
      "time": 0.0510711669921875,
      "error": null
    },
    "assert search([10]) == -1": {
      "result": true,
      "time": 0.04901313781738281,
      "error": null
    },
    "assert search([9, 7, 7, 2, 4, 7, 2, 10, 9, 7, 5, 7, 2]) == 2": {
      "result": true,
      "time": 0.05119919776916504,
      "error": null
    },
    "assert search([5, 4, 10, 2, 1, 1, 10, 3, 6, 1, 8]) == 1": {
      "result": true,
      "time": 0.05048990249633789,
      "error": null
    },
    "assert search([7, 9, 9, 9, 3, 4, 1, 5, 9, 1, 2, 1, 1, 10, 7, 5, 6, 7, 6, 7, 7, 6]) == 1": {
      "result": true,
      "time": 0.050486087799072266,
      "error": null
    },
    "assert search([3, 10, 10, 9, 2]) == -1": {
      "result": true,
      "time": 0.04926133155822754,
      "error": null
    }
  },
  "passed": true,
  "accuracy": 1.0,
  "general_error": null,
  "has_testcase_error": false,
  "stats": {
    "start_time": "2025-05-26 20:34:48",
    "guidance_input_tokens": 647,
    "guidance_output_tokens": 0,
    "end_time": "2025-05-26 20:34:52",
    "duration": "0:00:03.692480"
  },
  "retry": 0,
  "random_seed": 379
}