{
  "code": "def shell_sort(arr):\n    n = len(arr)\n    gap = n // 2\n",
  "results": {
    "assert shell_sort([12, 23, 4, 5, 3, 2, 12, 81, 56, 95]) == [2, 3, 4, 5, 12, 12, 23, 56, 81, 95]": {
      "result": false,
      "time": 0.16584324836730957,
      "error": null
    },
    "assert shell_sort([24, 22, 39, 34, 87, 73, 68]) == [22, 24, 34, 39, 68, 73, 87]": {
      "result": false,
      "time": 0.18098211288452148,
      "error": null
    },
    "assert shell_sort([32, 30, 16, 96, 82, 83, 74]) == [16, 30, 32, 74, 82, 83, 96]": {
      "result": false,
      "time": 0.1764388084411621,
      "error": null
    }
  },
  "passed": false,
  "accuracy": 0.0,
  "general_error": null,
  "has_testcase_error": false
}