{
  "code": "def find_exponentio(tup1, tup2):\n    return tuple(a**b for a, b in zip(tup1, tup2))\n",
  "results": {
    "assert find_exponentio((10, 4, 5, 6), (5, 6, 7, 5)) == (100000, 4096, 78125, 7776)": {
      "result": true,
      "time": 1.1231751441955566,
      "error": null
    },
    "assert find_exponentio((11, 5, 6, 7), (6, 7, 8, 6)) == (1771561, 78125, 1679616, 117649)": {
      "result": true,
      "time": 1.2376604080200195,
      "error": null
    },
    "assert find_exponentio((12, 6, 7, 8), (7, 8, 9, 7)) == (35831808, 1679616, 40353607, 2097152)": {
      "result": true,
      "time": 1.103410005569458,
      "error": null
    }
  },
  "passed": true,
  "accuracy": 1.0,
  "general_error": null,
  "has_testcase_error": false
}