{
  "code": "def rotate_left(lst, n, k):\n    return lst[n:] + lst[:n]\n",
  "results": {
    "assert rotate_left([1, 2, 3, 4, 5, 6, 7, 8, 9, 10],3,4)==[4, 5, 6, 7, 8, 9, 10, 1, 2, 3, 4]": {
      "result": false,
      "time": 0.09509968757629395,
      "error": null
    },
    "assert rotate_left([1, 2, 3, 4, 5, 6, 7, 8, 9, 10],2,2)==[3, 4, 5, 6, 7, 8, 9, 10, 1, 2]": {
      "result": true,
      "time": 0.09182858467102051,
      "error": null
    },
    "assert rotate_left([1, 2, 3, 4, 5, 6, 7, 8, 9, 10],5,2)==[6, 7, 8, 9, 10, 1, 2]": {
      "result": false,
      "time": 0.09046196937561035,
      "error": null
    }
  },
  "passed": false,
  "accuracy": 0.3333333333333333,
  "general_error": null,
  "has_testcase_error": false
}